INFO-FLOW: Workspace D:/IITMadrasICS/1-2/EE5332Project/float/proj_float5/solution1 opened at Sat May 01 16:10:49 +0530 2021
Execute     ap_set_clock -name default -period 10 -default=false 
INFO: [SYN 201-201] Setting up clock 'default' with a period of 10ns.
Execute     ap_set_clock -name default -uncertainty 1.25 
INFO: [SYN 201-201] Setting up clock 'default' with an uncertainty of 1.25ns.
Execute     set_part xc7z020-clg400-1 
Execute       create_platform xc7z020-clg400-1 -board  
DBG:HLSDevice: Trying to load device library: D:/Xilinx/Vitis_HLS/2021.1\lib\win64.o\librdi_hlsvwrap.dll
DBG:HLSDevice: first parts/arch.xml in RDI_DATADIR: D:/Xilinx/Vivado/2021.1/data/parts/arch.xml
DBG:HLSDevice: init success
Execute         source D:/Xilinx/Vitis_HLS/2021.1/common/technology/xilinx/DSP48/dsp48.hlp 
Execute         source D:/Xilinx/Vitis_HLS/2021.1/common/technology/xilinx/DSP48/zynq_dsp48e1.hlp 
INFO: [HLS 200-1611] Setting target device to 'xc7z020-clg400-1'
Command       create_platform done; 0.452 sec.
Execute       source D:/Xilinx/Vitis_HLS/2021.1/common/technology/xilinx/common/xilinx.gen 
Execute         source D:/Xilinx/Vitis_HLS/2021.1/common/technology/xilinx/interface/plb46.gen 
Execute         source D:/Xilinx/Vitis_HLS/2021.1/common/technology/xilinx/interface/axi4.gen 
Execute         source D:/Xilinx/Vitis_HLS/2021.1/common/technology/xilinx/interface/nativeAXI4.gen 
Execute           source D:/Xilinx/Vitis_HLS/2021.1/common/technology/xilinx/interface/saxilite.gen 
Execute           source D:/Xilinx/Vitis_HLS/2021.1/common/technology/xilinx/interface/maxi.gen 
Execute         source D:/Xilinx/Vitis_HLS/2021.1/common/technology/xilinx/scripts/xilinxcoregen.gen 
Execute         source D:/Xilinx/Vitis_HLS/2021.1/common/technology/xilinx/interface/XilEDKCoreGen.gen 
Execute         source D:/Xilinx/Vitis_HLS/2021.1/common/technology/xilinx/ip/dds_compiler.gen 
Execute         source D:/Xilinx/Vitis_HLS/2021.1/common/technology/xilinx/ip/util.gen 
Execute         source D:/Xilinx/Vitis_HLS/2021.1/common/technology/xilinx/ip/xfft.gen 
Execute         source D:/Xilinx/Vitis_HLS/2021.1/common/technology/xilinx/ip/xfir.gen 
Execute         source D:/Xilinx/Vitis_HLS/2021.1/common/technology/xilinx/DSP48/dsp48.gen 
Command       ap_source done; 0.132 sec.
Execute       ap_part_info -name xc7z020-clg400-1 -data info 
Execute       config_compile -quiet -complex-mul-dsp=0 
Command     set_part done; 0.61 sec.
Execute     send_msg_by_id INFO @200-1505@%s%s  vivado 
INFO: [HLS 200-1505] Using flow_target 'vivado'
Execute     get_config_interface -m_axi_latency 
Execute     get_config_interface -m_axi_alignment_byte_size 
Execute     get_config_interface -m_axi_max_widen_bitwidth 
Execute     get_config_interface -default_interface 
Execute     get_config_rtl -register_reset_num 
Execute     send_msg_by_id INFO @200-1464@%s config_export -format=ip_catalog 
INFO: [HLS 200-1464] Running solution command: config_export -format=ip_catalog
Execute     config_export -format=ip_catalog 
Execute     send_msg_by_id INFO @200-1464@%s config_export -rtl=verilog 
INFO: [HLS 200-1464] Running solution command: config_export -rtl=verilog
Execute     config_export -rtl=verilog 
Command   open_solution done; 0.665 sec.
Execute   set_part xc7z020clg400-1 
INFO: [HLS 200-1510] Running: set_part xc7z020clg400-1 
Execute     create_platform xc7z020clg400-1 -board  
Execute       source D:/Xilinx/Vitis_HLS/2021.1/common/technology/xilinx/DSP48/dsp48.hlp 
Execute       source D:/Xilinx/Vitis_HLS/2021.1/common/technology/xilinx/DSP48/zynq_dsp48e1.hlp 
Execute     source D:/Xilinx/Vitis_HLS/2021.1/common/technology/xilinx/common/xilinx.gen 
Execute       source D:/Xilinx/Vitis_HLS/2021.1/common/technology/xilinx/interface/plb46.gen 
Execute       source D:/Xilinx/Vitis_HLS/2021.1/common/technology/xilinx/interface/axi4.gen 
Execute       source D:/Xilinx/Vitis_HLS/2021.1/common/technology/xilinx/interface/nativeAXI4.gen 
Execute         source D:/Xilinx/Vitis_HLS/2021.1/common/technology/xilinx/interface/saxilite.gen 
Execute         source D:/Xilinx/Vitis_HLS/2021.1/common/technology/xilinx/interface/maxi.gen 
Execute       source D:/Xilinx/Vitis_HLS/2021.1/common/technology/xilinx/scripts/xilinxcoregen.gen 
Execute       source D:/Xilinx/Vitis_HLS/2021.1/common/technology/xilinx/interface/XilEDKCoreGen.gen 
Execute       source D:/Xilinx/Vitis_HLS/2021.1/common/technology/xilinx/ip/dds_compiler.gen 
Execute       source D:/Xilinx/Vitis_HLS/2021.1/common/technology/xilinx/ip/util.gen 
Execute       source D:/Xilinx/Vitis_HLS/2021.1/common/technology/xilinx/ip/xfft.gen 
Execute       source D:/Xilinx/Vitis_HLS/2021.1/common/technology/xilinx/ip/xfir.gen 
Execute       source D:/Xilinx/Vitis_HLS/2021.1/common/technology/xilinx/DSP48/dsp48.gen 
Command     ap_source done; 0.104 sec.
Execute     ap_part_info -name xc7z020-clg400-1 -data info 
Execute     config_compile -quiet -complex-mul-dsp=0 
Command   set_part done; 0.136 sec.
Execute   create_clock -period 10 -name default 
INFO: [HLS 200-1510] Running: create_clock -period 10 -name default 
Execute   config_export -format ip_catalog -rtl verilog 
INFO: [HLS 200-1510] Running: config_export -format ip_catalog -rtl verilog 
Execute   set_clock_uncertainty 1.25 
INFO: [HLS 200-1510] Running: set_clock_uncertainty 1.25 
Execute   source ./proj_float5/solution1/directives.tcl 
Execute     set_directive_top -name conv2d conv2d 
INFO: [HLS 200-1510] Running: set_directive_top -name conv2d conv2d 
Execute     set_directive_pipeline -II 1 conv2d/COL_SLIDE 
INFO: [HLS 200-1510] Running: set_directive_pipeline -II 1 conv2d/COL_SLIDE 
Execute     set_directive_array_partition -type complete -dim 0 conv2d kernel_in 
INFO: [HLS 200-1510] Running: set_directive_array_partition -type complete -dim 0 conv2d kernel_in 
Execute   csynth_design 
INFO: [HLS 200-1510] Running: csynth_design 
Execute     get_config_compile -effort 
Execute     get_config_compile -enable_clang39 
Execute     get_config_compile -g 
Execute     get_config_compile -hw_syn 
Execute     get_config_compile -ng 
Execute     get_config_compile -opt_fp 
Execute     get_config_compile -skip_cdt 
Execute     get_config_compile -skip_syncheck 
Execute     get_config_compile -skip_transform 
Execute     get_config_compile -pre_tcl 
Execute     get_config_compile -keep_printf 
Execute     elaborate -effort=medium -skip_syncheck=0 -keep_printf=0 -skip_cdt=0 -skip_transform=0 -ng=0 -g=0 -opt_fp=0 -from_csynth_design=1 
INFO: [HLS 200-111] Finished File checks and directory preparation: CPU user time: 0 seconds. CPU system time: 0 seconds. Elapsed time: 0.053 seconds; current allocated memory: 1007.153 MB.
INFO: [HLS 200-10] Analyzing design file 'twodconv.cpp' ... 
INFO-FLOW: Compiling one TU...
Execute       get_config_compile -pragma_strict_mode 
INFO-FLOW: Handling twodconv.cpp as C++
Execute       ap_part_info -name xc7z020-clg400-1 -data info 
INFO-FLOW: Running: GCC PP 39
INFO-FLOW: Source preprocessing
Execute       ap_eval exec -ignorestderr D:/Xilinx/Vitis_HLS/2021.1/win64/tools/clang-3.9-csynth/bin/clang twodconv.cpp -foptimization-record-file=D:/IITMadrasICS/1-2/EE5332Project/float/proj_float5/solution1/.autopilot/db/clang.twodconv.cpp.diag.yml -mllvm -pass-remarks-missed=reflow|pasta|unroll -mllvm -pass-remarks=reflow|pasta|unroll|inline -fno-limit-debug-info --sysroot D:/Xilinx/Vitis_HLS/2021.1/tps/mingw/6.2.0/win64.o/nt -fhls -fno-exceptions -E -fno-math-errno -c -emit-llvm -mllvm -disable-llvm-optzns -Werror=implicit-function-declaration -Werror=implicit-hls-streams -Werror=return-type -Wpragmas -Wunused-parameter -fno-threadsafe-statics -fno-use-cxa-atexit -std=gnu++14 -target fpga64-xilinx-mingw32 -fno-threadsafe-statics -fno-use-cxa-atexit -I D:/Xilinx/Vitis_HLS/2021.1/common/technology/autopilot/39 -D__VITIS_HLS__ -DAESL_SYN -D__SYNTHESIS__ -D__HLS_SYN__ -I D:/Xilinx/Vitis_HLS/2021.1/common/technology/autopilot -I D:/Xilinx/Vitis_HLS/2021.1/common/technology/autopilot/ap_sysc -include etc/autopilot_ssdm_op.h -D__DSP48E1__ -I /usr/include/x86_64-linux-gnu -o D:/IITMadrasICS/1-2/EE5332Project/float/proj_float5/solution1/.autopilot/db/twodconv.pp.0.cpp -hls-platform-db-name=D:/Xilinx/Vitis_HLS/2021.1/common/technology/xilinx/common/platform.db -hls-platform-name=zynq_slow > D:/IITMadrasICS/1-2/EE5332Project/float/proj_float5/solution1/.autopilot/db/clang.twodconv.cpp.out.log 2> D:/IITMadrasICS/1-2/EE5332Project/float/proj_float5/solution1/.autopilot/db/clang.twodconv.cpp.err.log 
Command       ap_eval done; 0.231 sec.
INFO-FLOW: Done: GCC PP 39 time: 0.2 seconds per iteration
Execute       set_directive_top conv2d -name=conv2d 
Execute       source D:/Xilinx/Vitis_HLS/2021.1/tps/tcl/tcllib1.11.1/yaml/huddle.tcl 
Execute       source D:/Xilinx/Vitis_HLS/2021.1/tps/tcl/tcllib1.11.1/yaml/json2huddle.tcl 
Execute         source D:/Xilinx/Vitis_HLS/2021.1/tps/tcl/tcllib1.11.1/try/try.tcl 
Execute       list_core -type functional_unit 
Execute       ap_eval exec -ignorestderr D:/Xilinx/Vitis_HLS/2021.1/win64/tools/clang-3.9-csynth/bin/clang -foptimization-record-file=D:/IITMadrasICS/1-2/EE5332Project/float/proj_float5/solution1/.autopilot/db/clang.diag.yml -mllvm -pass-remarks-missed=reflow|pasta|unroll -mllvm -pass-remarks=reflow|pasta|unroll|inline -fsyntax-only -fhls -target fpga64-xilinx-linux-gnu D:/IITMadrasICS/1-2/EE5332Project/float/proj_float5/solution1/.autopilot/db/twodconv.pp.0.cpp -hls-platform-db-name=D:/Xilinx/Vitis_HLS/2021.1/common/technology/xilinx/common/platform.db -hls-platform-name=zynq_slow > D:/IITMadrasICS/1-2/EE5332Project/float/proj_float5/solution1/.autopilot/db/clang.out.log 2> D:/IITMadrasICS/1-2/EE5332Project/float/proj_float5/solution1/.autopilot/db/clang.err.log 
Command       ap_eval done; 0.539 sec.
WARNING: [HLS 207-5528] Ignore interface attribute or pragma which is not used in top function: twodconv.cpp:25:9
Execute       clang_tidy xilinx-systemc-detector D:/IITMadrasICS/1-2/EE5332Project/float/proj_float5/solution1/.autopilot/db/twodconv.pp.0.cpp std=gnu++14 -target fpga  -directive=D:/IITMadrasICS/1-2/EE5332Project/float/proj_float5/solution1/.autopilot/db/.systemc_flag 
INFO-FLOW: exec D:/Xilinx/Vitis_HLS/2021.1/win64/tools/clang-3.9-csynth/bin/clang-tidy -header-filter=.* --checks=-*,xilinx-systemc-detector -import-directive=D:/IITMadrasICS/1-2/EE5332Project/float/proj_float5/solution1/.autopilot/db/.systemc_flag -fix-errors D:/IITMadrasICS/1-2/EE5332Project/float/proj_float5/solution1/.autopilot/db/twodconv.pp.0.cpp -- -std=gnu++14 -target fpga -fhls -ferror-limit=0
Command       clang_tidy done; 0.524 sec.
INFO-FLOW: Running: clang-tidy CDT preprocess 39
Execute       clang_tidy xilinx-directive2pragma D:/IITMadrasICS/1-2/EE5332Project/float/proj_float5/solution1/.autopilot/db/twodconv.pp.0.cpp std=gnu++14 -target fpga  -directive=D:/IITMadrasICS/1-2/EE5332Project/float/proj_float5/solution1/.autopilot/db/all.directive.json 
INFO-FLOW: exec D:/Xilinx/Vitis_HLS/2021.1/win64/tools/clang-3.9-csynth/bin/clang-tidy -header-filter=.* --checks=-*,xilinx-directive2pragma -import-directive=D:/IITMadrasICS/1-2/EE5332Project/float/proj_float5/solution1/.autopilot/db/all.directive.json -fix-errors D:/IITMadrasICS/1-2/EE5332Project/float/proj_float5/solution1/.autopilot/db/twodconv.pp.0.cpp -- -std=gnu++14 -target fpga -fhls -ferror-limit=0
Command       clang_tidy done; 0.717 sec.
Execute       clang_tidy xilinx-constantarray-param,xilinx-remove-assert D:/IITMadrasICS/1-2/EE5332Project/float/proj_float5/solution1/.autopilot/db/twodconv.pp.0.cpp std=gnu++14 -target fpga  
INFO-FLOW: exec D:/Xilinx/Vitis_HLS/2021.1/win64/tools/clang-3.9-csynth/bin/clang-tidy -header-filter=.* --checks=-*,xilinx-constantarray-param,xilinx-remove-assert -fix-errors D:/IITMadrasICS/1-2/EE5332Project/float/proj_float5/solution1/.autopilot/db/twodconv.pp.0.cpp -- -std=gnu++14 -target fpga -fhls -ferror-limit=0
Command       clang_tidy done; 0.689 sec.
INFO-FLOW: Done: clang-tidy CDT preprocess 39 time: 1.4 seconds per iteration
INFO-FLOW: Calling xilinx-label-all-loops ... 
INFO-FLOW: Calling xilinx-aggregate-on-hls-vector ... 
Execute       clang_tidy -errorcheck xilinx-label-all-loops,xilinx-aggregate-on-hls-vector,,xilinx-warn-mayneed-no-ctor-attribute D:/IITMadrasICS/1-2/EE5332Project/float/proj_float5/solution1/.autopilot/db/twodconv.pp.0.cpp std=gnu++14 -target fpga  
Execute         ap_eval exec -ignorestderr D:/Xilinx/Vitis_HLS/2021.1/win64/tools/clang-3.9-csynth/bin/clang-tidy -export-fixes=D:/IITMadrasICS/1-2/EE5332Project/float/proj_float5/solution1/.autopilot/db/clang-tidy.twodconv.pp.0.cpp.diag.yml -header-filter=.* --checks=-*,xilinx-label-all-loops,xilinx-aggregate-on-hls-vector,,xilinx-warn-mayneed-no-ctor-attribute -fix-errors D:/IITMadrasICS/1-2/EE5332Project/float/proj_float5/solution1/.autopilot/db/twodconv.pp.0.cpp -- -std=gnu++14 -target fpga -fhls -ferror-limit=0 > D:/IITMadrasICS/1-2/EE5332Project/float/proj_float5/solution1/.autopilot/db/clang-tidy.twodconv.pp.0.cpp.out.log 2> D:/IITMadrasICS/1-2/EE5332Project/float/proj_float5/solution1/.autopilot/db/clang-tidy.twodconv.pp.0.cpp.err.log 
Command         ap_eval done; 0.802 sec.
Execute         source D:/Xilinx/Vitis_HLS/2021.1/tps/tcl/tcllib1.11.1/yaml/yaml.tcl 
Command       clang_tidy done; 0.821 sec.
Execute       get_config_dataflow -strict_mode 
Execute       ap_eval exec -ignorestderr D:/Xilinx/Vitis_HLS/2021.1/win64/tools/clang-3.9-csynth/bin/xilinx-dataflow-lawyer -export-fixes=D:/IITMadrasICS/1-2/EE5332Project/float/proj_float5/solution1/.autopilot/db/xilinx-dataflow-lawyer.twodconv.pp.0.cpp.diag.yml D:/IITMadrasICS/1-2/EE5332Project/float/proj_float5/solution1/.autopilot/db/twodconv.pp.0.cpp -- -std=gnu++14 -target fpga -fhls -ferror-limit=0 -fstrict-dataflow > D:/IITMadrasICS/1-2/EE5332Project/float/proj_float5/solution1/.autopilot/db/xilinx-dataflow-lawyer.twodconv.pp.0.cpp.out.log 2> D:/IITMadrasICS/1-2/EE5332Project/float/proj_float5/solution1/.autopilot/db/xilinx-dataflow-lawyer.twodconv.pp.0.cpp.err.log 
Command       ap_eval done; 0.375 sec.
Execute       ap_part_info -name xc7z020-clg400-1 -data info 
INFO-FLOW: compiling source code to llvm bc
Execute       ap_eval exec -ignorestderr D:/Xilinx/Vitis_HLS/2021.1/win64/tools/clang-3.9-csynth/bin/clang -foptimization-record-file=D:/IITMadrasICS/1-2/EE5332Project/float/proj_float5/solution1/.autopilot/db/clang.twodconv.pp.0.cpp.diag.yml -mllvm -pass-remarks-missed=reflow|pasta|unroll -mllvm -pass-remarks=reflow|pasta|unroll|inline -fno-limit-debug-info -fhls -flto -fno-exceptions -Wno-error=c++11-narrowing D:/IITMadrasICS/1-2/EE5332Project/float/proj_float5/solution1/.autopilot/db/twodconv.pp.0.cpp -fno-math-errno -c -emit-llvm -mllvm -disable-llvm-optzns -Werror=implicit-function-declaration -Werror=implicit-hls-streams -Werror=return-type -Wpragmas -Wunused-parameter -fno-threadsafe-statics -fno-use-cxa-atexit -std=gnu++14 -target fpga64-xilinx-linux-gnu -D__VITIS_HLS__ -DAESL_SYN -D__SYNTHESIS__ -D__HLS_SYN__ -I D:/Xilinx/Vitis_HLS/2021.1/common/technology/autopilot -I D:/Xilinx/Vitis_HLS/2021.1/common/technology/autopilot/ap_sysc -include etc/autopilot_ssdm_op.h -D__DSP48E1__ -g -o D:/IITMadrasICS/1-2/EE5332Project/float/proj_float5/solution1/.autopilot/db/twodconv.bc -hls-platform-db-name=D:/Xilinx/Vitis_HLS/2021.1/common/technology/xilinx/common/platform.db -hls-platform-name=zynq_slow > D:/IITMadrasICS/1-2/EE5332Project/float/proj_float5/solution1/.autopilot/db/clang.twodconv.pp.0.cpp.out.log 2> D:/IITMadrasICS/1-2/EE5332Project/float/proj_float5/solution1/.autopilot/db/clang.twodconv.pp.0.cpp.err.log 
Command       ap_eval done; 0.489 sec.
WARNING: [HLS 207-5301] unused parameter 'print': D:/Xilinx/Vitis_HLS/2021.1/common/technology/autopilot\ap_int_base.h:792:16
INFO: [HLS 200-111] Finished Source Code Analysis and Preprocessing: CPU user time: 1 seconds. CPU system time: 0 seconds. Elapsed time: 4.499 seconds; current allocated memory: 117.362 MB.
INFO-FLOW: Linking Debug ...
INFO-FLOW: Linking dut bc code.
Execute       run_link_or_opt -out D:/IITMadrasICS/1-2/EE5332Project/float/proj_float5/solution1/.autopilot/db/a.g.ld.0.bc -args  "D:/IITMadrasICS/1-2/EE5332Project/float/proj_float5/solution1/.autopilot/db/twodconv.g.bc"  
Execute         ap_eval exec -ignorestderr D:/Xilinx/Vitis_HLS/2021.1/win64/tools/clang-3.9-csynth/bin/llvm-link D:/IITMadrasICS/1-2/EE5332Project/float/proj_float5/solution1/.autopilot/db/twodconv.g.bc -o D:/IITMadrasICS/1-2/EE5332Project/float/proj_float5/solution1/.autopilot/db/a.g.ld.0.bc > D:/IITMadrasICS/1-2/EE5332Project/float/proj_float5/solution1/.autopilot/db/llvm-link.a.g.ld.0.bc.out.log 2> D:/IITMadrasICS/1-2/EE5332Project/float/proj_float5/solution1/.autopilot/db/llvm-link.a.g.ld.0.bc.err.log 
INFO-FLOW: 
Execute       run_link_or_opt -opt -out D:/IITMadrasICS/1-2/EE5332Project/float/proj_float5/solution1/.autopilot/db/a.g.ld.1.lower.bc -args D:/IITMadrasICS/1-2/EE5332Project/float/proj_float5/solution1/.autopilot/db/a.g.ld.0.bc -reflow-lower-math-intrinsics 
Execute         ap_eval exec -ignorestderr D:/Xilinx/Vitis_HLS/2021.1/win64/tools/clang-3.9-csynth/bin/opt -pass-remarks-missed=reflow|pasta|unroll -pass-remarks=reflow|pasta|unroll|inline -pass-remarks-output=D:/IITMadrasICS/1-2/EE5332Project/float/proj_float5/solution1/.autopilot/db/opt.a.g.ld.1.lower.bc.diag.yml D:/IITMadrasICS/1-2/EE5332Project/float/proj_float5/solution1/.autopilot/db/a.g.ld.0.bc -reflow-lower-math-intrinsics -o D:/IITMadrasICS/1-2/EE5332Project/float/proj_float5/solution1/.autopilot/db/a.g.ld.1.lower.bc > D:/IITMadrasICS/1-2/EE5332Project/float/proj_float5/solution1/.autopilot/db/opt.a.g.ld.1.lower.bc.out.log 2> D:/IITMadrasICS/1-2/EE5332Project/float/proj_float5/solution1/.autopilot/db/opt.a.g.ld.1.lower.bc.err.log 
INFO-FLOW: 
INFO-FLOW: Linking math bc lib
Execute       run_link_or_opt -out D:/IITMadrasICS/1-2/EE5332Project/float/proj_float5/solution1/.autopilot/db/a.g.ld.2.m1.bc -args D:/IITMadrasICS/1-2/EE5332Project/float/proj_float5/solution1/.autopilot/db/a.g.ld.1.lower.bc -only-needed D:/Xilinx/Vitis_HLS/2021.1/win64/lib/libhlsm_39.bc D:/Xilinx/Vitis_HLS/2021.1/win64/lib/libhlsmc++_39.bc 
Execute         ap_eval exec -ignorestderr D:/Xilinx/Vitis_HLS/2021.1/win64/tools/clang-3.9-csynth/bin/llvm-link D:/IITMadrasICS/1-2/EE5332Project/float/proj_float5/solution1/.autopilot/db/a.g.ld.1.lower.bc -only-needed D:/Xilinx/Vitis_HLS/2021.1/win64/lib/libhlsm_39.bc D:/Xilinx/Vitis_HLS/2021.1/win64/lib/libhlsmc++_39.bc -o D:/IITMadrasICS/1-2/EE5332Project/float/proj_float5/solution1/.autopilot/db/a.g.ld.2.m1.bc > D:/IITMadrasICS/1-2/EE5332Project/float/proj_float5/solution1/.autopilot/db/llvm-link.a.g.ld.2.m1.bc.out.log 2> D:/IITMadrasICS/1-2/EE5332Project/float/proj_float5/solution1/.autopilot/db/llvm-link.a.g.ld.2.m1.bc.err.log 
Command         ap_eval done; 2.324 sec.
INFO-FLOW: 
Command       run_link_or_opt done; 2.326 sec.
Execute       run_link_or_opt -opt -out D:/IITMadrasICS/1-2/EE5332Project/float/proj_float5/solution1/.autopilot/db/a.g.ld.3.fpc.bc -args D:/IITMadrasICS/1-2/EE5332Project/float/proj_float5/solution1/.autopilot/db/a.g.ld.2.m1.bc -reflow-globaldce -hls-top-function-name=conv2d -reflow-float-conversion 
Execute         ap_eval exec -ignorestderr D:/Xilinx/Vitis_HLS/2021.1/win64/tools/clang-3.9-csynth/bin/opt -pass-remarks-missed=reflow|pasta|unroll -pass-remarks=reflow|pasta|unroll|inline -pass-remarks-output=D:/IITMadrasICS/1-2/EE5332Project/float/proj_float5/solution1/.autopilot/db/opt.a.g.ld.3.fpc.bc.diag.yml D:/IITMadrasICS/1-2/EE5332Project/float/proj_float5/solution1/.autopilot/db/a.g.ld.2.m1.bc -reflow-globaldce -hls-top-function-name=conv2d -reflow-float-conversion -o D:/IITMadrasICS/1-2/EE5332Project/float/proj_float5/solution1/.autopilot/db/a.g.ld.3.fpc.bc > D:/IITMadrasICS/1-2/EE5332Project/float/proj_float5/solution1/.autopilot/db/opt.a.g.ld.3.fpc.bc.out.log 2> D:/IITMadrasICS/1-2/EE5332Project/float/proj_float5/solution1/.autopilot/db/opt.a.g.ld.3.fpc.bc.err.log 
Command         ap_eval done; 0.906 sec.
INFO-FLOW: 
Command       run_link_or_opt done; 0.908 sec.
Execute       run_link_or_opt -out D:/IITMadrasICS/1-2/EE5332Project/float/proj_float5/solution1/.autopilot/db/a.g.ld.4.m2.bc -args D:/IITMadrasICS/1-2/EE5332Project/float/proj_float5/solution1/.autopilot/db/a.g.ld.3.fpc.bc -only-needed D:/Xilinx/Vitis_HLS/2021.1/win64/lib/libfloatconversion_39.bc 
Execute         ap_eval exec -ignorestderr D:/Xilinx/Vitis_HLS/2021.1/win64/tools/clang-3.9-csynth/bin/llvm-link D:/IITMadrasICS/1-2/EE5332Project/float/proj_float5/solution1/.autopilot/db/a.g.ld.3.fpc.bc -only-needed D:/Xilinx/Vitis_HLS/2021.1/win64/lib/libfloatconversion_39.bc -o D:/IITMadrasICS/1-2/EE5332Project/float/proj_float5/solution1/.autopilot/db/a.g.ld.4.m2.bc > D:/IITMadrasICS/1-2/EE5332Project/float/proj_float5/solution1/.autopilot/db/llvm-link.a.g.ld.4.m2.bc.out.log 2> D:/IITMadrasICS/1-2/EE5332Project/float/proj_float5/solution1/.autopilot/db/llvm-link.a.g.ld.4.m2.bc.err.log 
INFO-FLOW: 
Execute       run_link_or_opt -opt -out D:/IITMadrasICS/1-2/EE5332Project/float/proj_float5/solution1/.autopilot/db/a.g.ld.5.gdce.bc -args D:/IITMadrasICS/1-2/EE5332Project/float/proj_float5/solution1/.autopilot/db/a.g.ld.4.m2.bc -reflow-globaldce -hls-top-function-name=conv2d 
Execute         ap_eval exec -ignorestderr D:/Xilinx/Vitis_HLS/2021.1/win64/tools/clang-3.9-csynth/bin/opt -pass-remarks-missed=reflow|pasta|unroll -pass-remarks=reflow|pasta|unroll|inline -pass-remarks-output=D:/IITMadrasICS/1-2/EE5332Project/float/proj_float5/solution1/.autopilot/db/opt.a.g.ld.5.gdce.bc.diag.yml D:/IITMadrasICS/1-2/EE5332Project/float/proj_float5/solution1/.autopilot/db/a.g.ld.4.m2.bc -reflow-globaldce -hls-top-function-name=conv2d -o D:/IITMadrasICS/1-2/EE5332Project/float/proj_float5/solution1/.autopilot/db/a.g.ld.5.gdce.bc > D:/IITMadrasICS/1-2/EE5332Project/float/proj_float5/solution1/.autopilot/db/opt.a.g.ld.5.gdce.bc.out.log 2> D:/IITMadrasICS/1-2/EE5332Project/float/proj_float5/solution1/.autopilot/db/opt.a.g.ld.5.gdce.bc.err.log 
INFO-FLOW: 
Execute       get_solution -flow_target 
Execute       get_config_export -xo 
Execute       get_config_export -format 
Execute       get_config_rtl -module_prefix 
Execute       get_config_interface -default_slave_interface 
Execute       get_solution -flow_target 
Execute       get_config_export -xo 
Execute       get_config_export -format 
Execute       get_config_interface -m_axi_offset 
Execute       get_config_interface -m_axi_latency 
Execute       get_config_interface -m_axi_alignment_byte_size 
Execute       get_config_interface -m_axi_min_bitwidth 
Execute       get_config_interface -m_axi_max_bitwidth 
Execute       get_config_interface -m_axi_max_widen_bitwidth 
Execute       get_config_interface -m_axi_num_read_outstanding 
Execute       get_config_interface -m_axi_num_write_outstanding 
Execute       get_config_interface -m_axi_max_read_burst_length 
Execute       get_config_interface -m_axi_max_write_burst_length 
Execute       get_config_interface -m_axi_min_bitwidth 
Execute       get_config_interface -m_axi_max_bitwidth 
Execute       get_config_interface -m_axi_latency 
Execute       get_config_interface -m_axi_min_bitwidth 
Execute       get_config_interface -m_axi_max_bitwidth 
Execute       get_config_interface -m_axi_max_widen_bitwidth 
Execute       get_config_interface -m_axi_auto_max_ports 
Execute       get_config_interface -m_axi_num_read_outstanding 
Execute       get_config_interface -m_axi_num_write_outstanding 
Execute       get_config_interface -m_axi_max_read_burst_length 
Execute       get_config_interface -m_axi_max_write_burst_length 
Execute       get_config_interface -s_axilite_data64 
Execute       get_config_compile -instruction_warning_threshold 
Execute       get_config_interface -m_axi_alignment_byte_size 
Execute       get_config_compile -pragma_strict_mode 
Execute       get_config_compile -pipeline_style 
Execute       get_config_array_partition -throughput_driven 
Execute       send_msg_by_id INFO @200-777@%s Vivado 
INFO: [HLS 200-777] Using interface defaults for 'Vivado' flow target.
Execute       is_m_axi_addr64 
INFO-FLOW: Doing LTO.
Execute       ap_eval exec -ignorestderr D:/Xilinx/Vitis_HLS/2021.1/win64/tools/clang-3.9-csynth/bin/clang -foptimization-record-file=D:/IITMadrasICS/1-2/EE5332Project/float/proj_float5/solution1/.autopilot/db/clang.a.g.ld.0.bc.diag.yml -mllvm -pass-remarks-missed=reflow|pasta|unroll -mllvm -pass-remarks=reflow|pasta|unroll|inline -fhls -mllvm -hls-top-function-name=conv2d -mllvm -hls-db-dir -mllvm D:/IITMadrasICS/1-2/EE5332Project/float/proj_float5/solution1/.autopilot/db -emit-llvm -c -target fpga64-xilinx-none -mllvm -xcl-xmlinfo=D:/IITMadrasICS/1-2/EE5332Project/float/proj_float5/solution1/.autopilot/db/kernel.internal.xml -mllvm -top-io-mapping-info=D:/IITMadrasICS/1-2/EE5332Project/float/proj_float5/solution1/.autopilot/db/top-io-fe.xml -mllvm -hls-bitcode-version=3.1 -mllvm -reflow-enable-slave-interface-default-setting=true -mllvm -gen-kernel-xml=false -mllvm -default-maxi-offset=slave -mllvm -maxi-latency=0 -mllvm -hls-maxi-data-size-in-bits=8 -mllvm -hls-maxi-max-data-size-in-bits=1024 -mllvm -hls-max-widen-size-in-bits=0 -mllvm -xcl-kernel-max-mem-ports=0 -mllvm -maxi-read-trans=16 -mllvm -maxi-write-trans=16 -mllvm -maxi-read-burst-len=16 -mllvm -maxi-write-burst-len=16 -mllvm -reflow-enable-saxi-64bits=0 -mllvm -reflow-basic-block-instr-threshhold=200000 -mllvm -assume-maxi-align=0 -mllvm -no-unaligned-maxi-accesses -mllvm -reflow-pipeline-style-llvm-setting=0 -mllvm -reflow-auto-array-partition-mode=default -mllvm -reflow-enable-auto-array-partition=true -mllvm -reflow-aggregate-bitwidth-threshold=4096 -mllvm -reflow-disaggregate-bitwidth-threshold=4096 -mllvm -hls -mllvm -disable-inlined-alloca-merging=true -x ir D:/IITMadrasICS/1-2/EE5332Project/float/proj_float5/solution1/.autopilot/db/a.g.ld.5.gdce.bc -o D:/IITMadrasICS/1-2/EE5332Project/float/proj_float5/solution1/.autopilot/db/a.g.lto.bc -hls-platform-db-name=D:/Xilinx/Vitis_HLS/2021.1/common/technology/xilinx/common/platform.db -hls-platform-name=zynq_slow > D:/IITMadrasICS/1-2/EE5332Project/float/proj_float5/solution1/.autopilot/db/clang.a.g.ld.0.bc.out.log 2> D:/IITMadrasICS/1-2/EE5332Project/float/proj_float5/solution1/.autopilot/db/clang.a.g.ld.0.bc.err.log 
Command       ap_eval done; 0.306 sec.
INFO: [HLS 214-279] Initial Interval estimation mode is set into default.
INFO: [HLS 214-284] Auto array partition mode is set into default.
INFO: [HLS 214-131] Inlining function 'hls::axis<ap_int<32>, 1ul, 1ul, 1ul>::get_user_ptr()' into 'hls::stream<hls::axis<ap_int<32>, 1ul, 1ul, 1ul>, 0>::read()' (D:/Xilinx/Vitis_HLS/2021.1/common/technology/autopilot\ap_axi_sdata.h:293:50)
INFO: [HLS 214-131] Inlining function 'hls::axis<ap_int<32>, 1ul, 1ul, 1ul>::get_dest_ptr()' into 'hls::stream<hls::axis<ap_int<32>, 1ul, 1ul, 1ul>, 0>::read()' (D:/Xilinx/Vitis_HLS/2021.1/common/technology/autopilot\ap_axi_sdata.h:296:25)
INFO: [HLS 214-131] Inlining function 'hls::axis<ap_int<32>, 1ul, 1ul, 1ul>::get_id_ptr()' into 'hls::stream<hls::axis<ap_int<32>, 1ul, 1ul, 1ul>, 0>::read()' (D:/Xilinx/Vitis_HLS/2021.1/common/technology/autopilot\ap_axi_sdata.h:295:67)
INFO: [HLS 214-131] Inlining function 'hls::axis<ap_int<32>, 1ul, 1ul, 1ul>::get_user_ptr()' into 'hls::stream<hls::axis<ap_int<32>, 1ul, 1ul, 1ul>, 0>::read()' (D:/Xilinx/Vitis_HLS/2021.1/common/technology/autopilot\ap_axi_sdata.h:295:36)
INFO: [HLS 214-131] Inlining function 'hls::axis<ap_int<32>, 1ul, 1ul, 1ul>::get_dest_ptr()' into 'hls::stream<hls::axis<ap_int<32>, 1ul, 1ul, 1ul>, 0>::read()' (D:/Xilinx/Vitis_HLS/2021.1/common/technology/autopilot\ap_axi_sdata.h:294:39)
INFO: [HLS 214-131] Inlining function 'hls::axis<ap_int<32>, 1ul, 1ul, 1ul>::get_id_ptr()' into 'hls::stream<hls::axis<ap_int<32>, 1ul, 1ul, 1ul>, 0>::read()' (D:/Xilinx/Vitis_HLS/2021.1/common/technology/autopilot\ap_axi_sdata.h:294:23)
INFO: [HLS 214-131] Inlining function 'ap_int_base<32, true>::operator long long() const' into 'unpack(ap_int<32>)' (twodconv.cpp:6:23)
INFO: [HLS 214-131] Inlining function 'hls::axis<ap_int<32>, 1ul, 1ul, 1ul>::get_user_ptr()' into 'hls::stream<hls::axis<ap_int<32>, 1ul, 1ul, 1ul>, 0>::write(hls::axis<ap_int<32>, 1ul, 1ul, 1ul> const&)' (D:/Xilinx/Vitis_HLS/2021.1/common/technology/autopilot\ap_axi_sdata.h:304:51)
INFO: [HLS 214-131] Inlining function 'hls::axis<ap_int<32>, 1ul, 1ul, 1ul>::get_dest_ptr()' into 'hls::stream<hls::axis<ap_int<32>, 1ul, 1ul, 1ul>, 0>::write(hls::axis<ap_int<32>, 1ul, 1ul, 1ul> const&)' (D:/Xilinx/Vitis_HLS/2021.1/common/technology/autopilot\ap_axi_sdata.h:307:26)
INFO: [HLS 214-131] Inlining function 'hls::axis<ap_int<32>, 1ul, 1ul, 1ul>::get_id_ptr()' into 'hls::stream<hls::axis<ap_int<32>, 1ul, 1ul, 1ul>, 0>::write(hls::axis<ap_int<32>, 1ul, 1ul, 1ul> const&)' (D:/Xilinx/Vitis_HLS/2021.1/common/technology/autopilot\ap_axi_sdata.h:306:68)
INFO: [HLS 214-131] Inlining function 'hls::axis<ap_int<32>, 1ul, 1ul, 1ul>::get_user_ptr()' into 'hls::stream<hls::axis<ap_int<32>, 1ul, 1ul, 1ul>, 0>::write(hls::axis<ap_int<32>, 1ul, 1ul, 1ul> const&)' (D:/Xilinx/Vitis_HLS/2021.1/common/technology/autopilot\ap_axi_sdata.h:306:37)
INFO: [HLS 214-131] Inlining function 'hls::axis<ap_int<32>, 1ul, 1ul, 1ul>::get_dest_ptr()' into 'hls::stream<hls::axis<ap_int<32>, 1ul, 1ul, 1ul>, 0>::write(hls::axis<ap_int<32>, 1ul, 1ul, 1ul> const&)' (D:/Xilinx/Vitis_HLS/2021.1/common/technology/autopilot\ap_axi_sdata.h:305:40)
INFO: [HLS 214-131] Inlining function 'hls::axis<ap_int<32>, 1ul, 1ul, 1ul>::get_id_ptr()' into 'hls::stream<hls::axis<ap_int<32>, 1ul, 1ul, 1ul>, 0>::write(hls::axis<ap_int<32>, 1ul, 1ul, 1ul> const&)' (D:/Xilinx/Vitis_HLS/2021.1/common/technology/autopilot\ap_axi_sdata.h:305:24)
INFO: [HLS 214-131] Inlining function 'hls::stream<hls::axis<ap_int<32>, 1ul, 1ul, 1ul>, 0>::read()' into 'conv2d(hls::stream<hls::axis<ap_int<32>, 1ul, 1ul, 1ul>, 0>&, hls::stream<hls::axis<ap_int<32>, 1ul, 1ul, 1ul>, 0>&, float (*) [5], int)' (twodconv.cpp:57:36)
INFO: [HLS 214-131] Inlining function 'hls::stream<hls::axis<ap_int<32>, 1ul, 1ul, 1ul>, 0>::write(hls::axis<ap_int<32>, 1ul, 1ul, 1ul> const&)' into 'conv2d(hls::stream<hls::axis<ap_int<32>, 1ul, 1ul, 1ul>, 0>&, hls::stream<hls::axis<ap_int<32>, 1ul, 1ul, 1ul>, 0>&, float (*) [5], int)' (twodconv.cpp:93:28)
INFO: [HLS 214-178] Inlining function 'unpack(ap_int<32>)' into 'conv2d(hls::stream<hls::axis<ap_int<32>, 1ul, 1ul, 1ul>, 0>&, hls::stream<hls::axis<ap_int<32>, 1ul, 1ul, 1ul>, 0>&, float (*) [5], int)' (twodconv.cpp:20:0)
INFO: [HLS 214-178] Inlining function 'pack(float)' into 'conv2d(hls::stream<hls::axis<ap_int<32>, 1ul, 1ul, 1ul>, 0>&, hls::stream<hls::axis<ap_int<32>, 1ul, 1ul, 1ul>, 0>&, float (*) [5], int)' (twodconv.cpp:20:0)
INFO: [HLS 214-248] Applying array_partition to 'kernel_in': Complete partitioning on dimension 1. Complete partitioning on dimension 2. (twodconv.cpp:20:0)
INFO: [HLS 214-270] Starting automatic array partition analysis...
INFO-FLOW: DBG:PUTS: copy_raw_kernel_xml ap_link_39: kernel.xml not generated: D:/IITMadrasICS/1-2/EE5332Project/float/proj_float5/solution1/.autopilot/db/kernel.internal.xml
INFO: [HLS 200-111] Finished Compiling Optimization and Transform: CPU user time: 1 seconds. CPU system time: 0 seconds. Elapsed time: 4.814 seconds; current allocated memory: 119.779 MB.
INFO: [HLS 200-111] Finished Checking Pragmas: CPU user time: 0 seconds. CPU system time: 0 seconds. Elapsed time: 0.021 seconds; current allocated memory: 119.780 MB.
Execute       opt_and_import_c a -opt_level=2 -skip_syncheck=0 -ng=0 -keep_printf=0 
Execute         cleanup_all_models 
INFO: [HLS 200-10] Starting code transformations ...
INFO-FLOW: Running Standard Transforms...
Execute         transform -hls -share-std-xform -demangle-name -inline-byval-memcpy -always-inline -promote-dbg-pointer -interface-preproc -mem2reg -scalarrepl -mem2reg -keep-read-access -instcombine -dce -promote-dbg-pointer -bitop-raise -loop-simplify -indvarspre -indvars -loop-simplify -xunroll -constprop -instcombine -simplifycfg -indvars -simplifycfg -dce -globaldce -basicaa -simplifycfg -mem2reg -globalopt -global-constprop -deadargelim -instcombine -simplifycfg -scalarrepl -instcombine -reassociate -licm -simplifycfg -loop-simplify -indvars -instcombine -simplifycfg -mem2reg -loop-simplify -indvars -instcombine -gvn -gvn -instcombine -adce -break-crit-edges -simplifycfg -loop-delete -global-array-opt -dce -dse -adce -find-syn-modules -top conv2d -deadargelim -mem2reg -instcombine -dce -presyn-prepare -auto-rom-infer -interface-preproc -syn-check -check-rec-only -find-region -simplifycfg -func-extr -function-inline -globaldce -mem2reg -instcombine -dce -gvn -globaldce -adce -adse -constprop -instcombine -bit-constprop -instcombine -dce -simplifycfg -bitop-raise -simplifycfg -dce -loop-delete -reassociate -globalopt -global-privatize -mem2reg -dce -global-constprop -pointer-simplify -constprop -dce -func-inst -deadargelim -auto-shift-reg-idiom -promote-dbg-pointer -norm-name D:/IITMadrasICS/1-2/EE5332Project/float/proj_float5/solution1/.autopilot/db/a.g.0.bc -o D:/IITMadrasICS/1-2/EE5332Project/float/proj_float5/solution1/.autopilot/db/a.g.1.bc -f -phase std-opt 
INFO: [HLS 200-111] Finished Standard Transforms: CPU user time: 0 seconds. CPU system time: 0 seconds. Elapsed time: 0.138 seconds; current allocated memory: 126.930 MB.
INFO: [HLS 200-10] Checking synthesizability ...
INFO-FLOW: Checking Synthesizability 1/2..
Execute         transform -hls -syn-check -check-rec-only -scalarrepl -norm-name -dce -mem2reg -instcombine -function-uniquify -directive-preproc -mem2reg -dse -dce -auto-rom-infer -dce -pag -array-normalize -instcombine -dce -array-seg-normalize -instcombine -dce -data-pack -instcombine -dce -inst-simplify -array-flatten -instcombine -dce -array-burst -dce -deadargelim -promote-global-argument -simplifycfg -mem2reg -globaldce -dce -deadargelim -dce -instcombine -function-inline -globaldce -dce -doublePtrSimplify -doublePtrElim -dce -doublePtrSimplify -promote-dbg-pointer -dce -scalarrepl -dse -adse -instcombine -ptrLegalization -simplifycfg -dce -instcombine -pointer-simplify -ptrArgReplace -dce -instcombine -resolve-double-ptr -scalarrepl -norm-name -dce -mem2reg -instcombine -ptrLegalization -simplifycfg -deadargelim -instcombine -dce -inst-simplify -function-uniquify -directive-preproc -mem2reg -dse -dce -globaldce -check-dspbuiltin D:/IITMadrasICS/1-2/EE5332Project/float/proj_float5/solution1/.autopilot/db/a.g.1.bc -o D:/IITMadrasICS/1-2/EE5332Project/float/proj_float5/solution1/.autopilot/db/a.g.2.prechk.bc -f 
INFO-FLOW: Checking Synthesizability 2/2..
Execute         transform -syn-check D:/IITMadrasICS/1-2/EE5332Project/float/proj_float5/solution1/.autopilot/db/a.g.2.prechk.bc -o D:/IITMadrasICS/1-2/EE5332Project/float/proj_float5/solution1/.autopilot/db/a.g.2.bc -f -phase syn-check 
INFO: [HLS 200-111] Finished Checking Synthesizability: CPU user time: 0 seconds. CPU system time: 0 seconds. Elapsed time: 0.168 seconds; current allocated memory: 135.134 MB.
INFO-FLOW: Compiler optimizing ...
INFO-FLOW: Share syncheck's 1.bc for syn flow: copy D:/IITMadrasICS/1-2/EE5332Project/float/proj_float5/solution1/.autopilot/db/a.g.1.bc to D:/IITMadrasICS/1-2/EE5332Project/float/proj_float5/solution1/.autopilot/db/a.o.1.bc
INFO-FLOW: Presyn 1...
Execute         transform -hls -tmp D:/IITMadrasICS/1-2/EE5332Project/float/proj_float5/solution1/.autopilot/db -interface-port-rename -function-uniquify -directive-preproc -mem2reg -dse -dce -scalarrepl -norm-name -deadargelim -mem2reg -instcombine -dce -simplifycfg -auto-rom-infer -dce -function-uniquify -resource-proc -clib-intrinsic-prepare -dce -func-buffer -dce -pag -array-normalize -func-legal -instcombine -gvn -constprop -dce -simplifycfg -mem2reg -globaldce -resolve-double-ptr -dce -deadargelim -dce -instcombine -ptrArgReplace -mem2reg -dce -array-seg-normalize -deadargelim -instcombine -dce -function-uniquify -directive-preproc -mem2reg -dse -dce -pointer-simplify -dce -port-alignment -dce -interface-preproc -data-pack -instcombine -dce -basicaa -aggr-aa -aggrmodref-aa -aggr-aa -gvn -gvn -basicaa -aggr-aa -aggrmodref-aa -aggr-aa -dse -adse -adce -loop-simplify -indvars -instcombine -gvn -loop-simplify -mem2reg -dce -find-region -instcombine -auto-loop-pipeline -inst-simplify -interface-preproc -cfgopt -instcombine -indvars -auto-loop-unroll -loop-simplify -loop-bound -xunroll -constprop -instcombine -simplifycfg -indvars -simplifycfg -dce -globaldce -clean-region -attach-range -gvn -inst-simplify -constprop -simplifycfg -dce -pointer-simplify -dce -globalopt -constprop -dce -array-promote -constprop -dce -ptrArgReplace -mem2reg -simplifycfg -dce -instcombine -dce -array-transform-check -array-reshape -instcombine -simplifycfg -dce -ptrArgReplace -deadargelim -mem2reg -instcombine -simplifycfg -dce -indvars -loop-simplify -loop-bound -xunroll -constprop -instcombine -simplifycfg -indvars -simplifycfg -dce -globaldce -basicaa -aggr-aa -aggrmodref-aa -aggr-aa -dse -duplicate-dataflow-processes -globaldce -instcombine -array-partition -instcombine -simplifycfg -dce -ptrArgReplace -global-constprop -deadargelim -mem2reg -func-legal -dce -global-constprop -deadargelim -mem2reg -simplifycfg -dce -merge-param -deadargelim -globalopt -constprop -dce -array-promote -constprop -dce -ptrArgReplace -mem2reg -simplifycfg -dce -mem-intrinsic-preproc -dce -global-internalize -global-privatize -mem2reg -globaldce -promote-global-argument -ptrArgReplace -mem2reg -dce -globalopt -mergereturn -simplify-global-access -mem2reg -dce -pointer-simplify -dce -functionattrs -basicaa -aggr-aa -aggrmodref-aa -aggr-aa -gvn -gvn -basicaa -aggr-aa -aggrmodref-aa -aggr-aa -dse -adse -adce -dce -norm-name -basicaa -aggr-aa -aggrmodref-aa -aggr-aa -accesses-merge -function-inline -complex-op-raise -inst-simplify -globaldce -func-inst -constprop -instcombine -simplifycfg -dce -func-legal -dce -loop-bound -arraycheck -bitwidthmin2 -bitwidthmin2 -on-by-dataflow -loop-delete -instcombine -simplifycfg -globaldce -dce -gvn -deadargelim -dce -loop-simplify -clean-region -simplifycfg -propagate-stable-arguments -loop-stream -instcombine -simplifycfg -dce -globaldce -duplicate-dataflow-processes -stream-intrinsic-preproc -dce -check-ap-stream -loop-simplify -eliminate-keepreads -extract-dataflow-in-loop -loop-simplify -dce -gvn -deadargelim -dse -duplicate-dataflow-processes -check-dataflow-syntax -legalize-stream-variable -legalize-global -extract-subproc -dce -dead-channel-elimination -canonicalize-gep -globaldce -dce -gvn -hls-dead-arg-elim -deadargelim -directive-preproc -annotate-dataflow-channels -scalar-preprocessing -scalar-propagation2 -deadargelim -globaldce -mem2reg -check-dataflow-channels -function-stream -dce -globaldce -prop-fifo-spec -internal-stream-gen -canonicalize-gep -globaldce -dce -gvn -deadargelim -mergereturn -indvars -loop-simplify -instcombine -array-stream -array-seg-normalize -array-partition -func-legal -instcombine -simplifycfg -dce -bundle-memfifo-ops -deadargelim -function-uniquify -directive-preproc -mem2reg -dse -dce -group-axi-access -licm -simplifycfg -dce -loop-delete -hls-display -norm-name D:/IITMadrasICS/1-2/EE5332Project/float/proj_float5/solution1/.autopilot/db/a.o.1.bc -o D:/IITMadrasICS/1-2/EE5332Project/float/proj_float5/solution1/.autopilot/db/a.o.1.tmp.bc -f 
WARNING: [XFORM 203-803] Dropped interface mode 'ap_auto' on 'kernel_in_0_0' as it is incompatible with its interface mode 's_axilite'.
WARNING: [XFORM 203-803] Dropped interface mode 'ap_auto' on 'kernel_in_0_1' as it is incompatible with its interface mode 's_axilite'.
WARNING: [XFORM 203-803] Dropped interface mode 'ap_auto' on 'kernel_in_0_2' as it is incompatible with its interface mode 's_axilite'.
WARNING: [XFORM 203-803] Dropped interface mode 'ap_auto' on 'kernel_in_0_3' as it is incompatible with its interface mode 's_axilite'.
WARNING: [XFORM 203-803] Dropped interface mode 'ap_auto' on 'kernel_in_0_4' as it is incompatible with its interface mode 's_axilite'.
WARNING: [XFORM 203-803] Dropped interface mode 'ap_auto' on 'kernel_in_1_0' as it is incompatible with its interface mode 's_axilite'.
WARNING: [XFORM 203-803] Dropped interface mode 'ap_auto' on 'kernel_in_1_1' as it is incompatible with its interface mode 's_axilite'.
WARNING: [XFORM 203-803] Dropped interface mode 'ap_auto' on 'kernel_in_1_2' as it is incompatible with its interface mode 's_axilite'.
WARNING: [XFORM 203-803] Dropped interface mode 'ap_auto' on 'kernel_in_1_3' as it is incompatible with its interface mode 's_axilite'.
WARNING: [XFORM 203-803] Dropped interface mode 'ap_auto' on 'kernel_in_1_4' as it is incompatible with its interface mode 's_axilite'.
WARNING: [XFORM 203-803] Dropped interface mode 'ap_auto' on 'kernel_in_2_0' as it is incompatible with its interface mode 's_axilite'.
WARNING: [XFORM 203-803] Dropped interface mode 'ap_auto' on 'kernel_in_2_1' as it is incompatible with its interface mode 's_axilite'.
WARNING: [XFORM 203-803] Dropped interface mode 'ap_auto' on 'kernel_in_2_2' as it is incompatible with its interface mode 's_axilite'.
WARNING: [XFORM 203-803] Dropped interface mode 'ap_auto' on 'kernel_in_2_3' as it is incompatible with its interface mode 's_axilite'.
WARNING: [XFORM 203-803] Dropped interface mode 'ap_auto' on 'kernel_in_2_4' as it is incompatible with its interface mode 's_axilite'.
WARNING: [XFORM 203-803] Dropped interface mode 'ap_auto' on 'kernel_in_3_0' as it is incompatible with its interface mode 's_axilite'.
WARNING: [XFORM 203-803] Dropped interface mode 'ap_auto' on 'kernel_in_3_1' as it is incompatible with its interface mode 's_axilite'.
WARNING: [XFORM 203-803] Dropped interface mode 'ap_auto' on 'kernel_in_3_2' as it is incompatible with its interface mode 's_axilite'.
WARNING: [XFORM 203-803] Dropped interface mode 'ap_auto' on 'kernel_in_3_3' as it is incompatible with its interface mode 's_axilite'.
WARNING: [XFORM 203-803] Dropped interface mode 'ap_auto' on 'kernel_in_3_4' as it is incompatible with its interface mode 's_axilite'.
WARNING: [XFORM 203-803] Dropped interface mode 'ap_auto' on 'kernel_in_4_0' as it is incompatible with its interface mode 's_axilite'.
WARNING: [XFORM 203-803] Dropped interface mode 'ap_auto' on 'kernel_in_4_1' as it is incompatible with its interface mode 's_axilite'.
WARNING: [XFORM 203-803] Dropped interface mode 'ap_auto' on 'kernel_in_4_2' as it is incompatible with its interface mode 's_axilite'.
WARNING: [XFORM 203-803] Dropped interface mode 'ap_auto' on 'kernel_in_4_3' as it is incompatible with its interface mode 's_axilite'.
WARNING: [XFORM 203-803] Dropped interface mode 'ap_auto' on 'kernel_in_4_4' as it is incompatible with its interface mode 's_axilite'.
INFO: [XFORM 203-502] Unrolling all sub-loops inside loop 'COL_SLIDE' (twodconv.cpp:43) in function 'conv2d' for pipelining.
INFO: [HLS 200-489] Unrolling loop 'UPDATE_WINDOW_ROW' (twodconv.cpp:46) in function 'conv2d' completely with a factor of 5.
INFO: [HLS 200-489] Unrolling loop 'UPDATE_WINDOW_COL' (twodconv.cpp:48) in function 'conv2d' completely with a factor of 4.
INFO: [HLS 200-489] Unrolling loop 'UPDATE_BUF' (twodconv.cpp:61) in function 'conv2d' completely with a factor of 4.
INFO: [HLS 200-489] Unrolling loop 'MACi' (twodconv.cpp:37) in function 'conv2d' completely with a factor of 5.
INFO: [HLS 200-489] Unrolling loop 'MACj' (twodconv.cpp:37) in function 'conv2d' completely with a factor of 5.
INFO: [XFORM 203-101] Partitioning array 'line_buf'  in dimension 1 completely.
INFO: [XFORM 203-101] Partitioning array 'window'  in dimension 1 completely.
INFO: [XFORM 203-101] Partitioning array 'window'  in dimension 2 completely.
Command         transform done; 0.884 sec.
INFO-FLOW: Presyn 2...
Execute         transform -hls -keep-callgraph -scalarrepl -mem2reg -port-alignment -attach-range -dce -pipe-mux-gen -indvars -loop-bound -inst-simplify -instcombine -dce -merge-array-access -mem2reg -dce -clean-region -mergereturn -if-conv -instcombine -dce -constprop -basicaa -aggr-aa -aggrmodref-aa -aggr-aa -gvn -gvn -basicaa -aggr-aa -aggrmodref-aa -aggr-aa -dse -adse -adce -scalarrepl -mem2reg -global-constprop -deadargelim -deadargelim -instcombine -dce -simplifycfg -ptrArgReplace -mem2reg -function-inline -globaldce -mem2reg -instcombine -dce -expr-balance -instcombine -dce -bitwidthmin2 -bitwidthmin2 -interface-preproc -directive-preproc -inst-rectify -instcombine -dce -functionattrs -constprop -instcombine -bit-constprop -simplify-global-access -globalopt -globaldce -inst-simplify -instcombine -elimdeaddata -dce -loop-delete -simplifycfg -loop-simplify -auto-burst -barrier -norm-name D:/IITMadrasICS/1-2/EE5332Project/float/proj_float5/solution1/.autopilot/db/a.o.1.tmp.bc -o D:/IITMadrasICS/1-2/EE5332Project/float/proj_float5/solution1/.autopilot/db/a.o.2.bc -f -phase presyn 
INFO: [XFORM 203-11] Balancing expressions in function 'conv2d' (twodconv.cpp:7:47)...3 expression(s) balanced.
INFO: [HLS 200-111] Finished Loop, function and other optimizations: CPU user time: 1 seconds. CPU system time: 0 seconds. Elapsed time: 1.004 seconds; current allocated memory: 165.941 MB.
Execute         get_config_compile -enable_auto_rewind 
Execute         get_config_compile -enable_loop_extract 
INFO-FLOW: Building ssdm...
Execute         transform -hls -function-uniquify -auto-function-inline -globaldce -ptrArgReplace -mem2reg -dce -reset-lda -loop-simplify -indvars -aggr-aa -licm -loop-dep -loop-bound -licm -loop-simplify -flattenloopnest -array-flatten -gvn -instcombine -dce -array-map -dce -func-legal -gvn -adce -instcombine -cfgopt -simplifycfg -loop-simplify -array-burst -promote-global-argument -dce -array-seg-normalize -basicaa -aggrmodref-aa -globalsmodref-aa -aggr-aa -gvn -gvn -basicaa -aggrmodref-aa -globalsmodref-aa -aggr-aa -dse -adse -adce -licm -inst-simplify -dce -globaldce -instcombine -array-stream -eliminate-keepreads -instcombine -dce -deadargelim -doublePtrSimplify -doublePtrElim -dce -doublePtrSimplify -promote-dbg-pointer -dce -scalarrepl -mem2reg -norm-name -mem2reg -instcombine -dse -adse -adce -ptrLegalization -dce -auto-rom-infer -array-flatten -dce -instcombine -check-doubleptr -loop-rot -constprop -cfgopt -simplifycfg -loop-simplify -indvars -pointer-simplify -dce -loop-bound -loop-simplify -loop-preproc -constprop -global-constprop -gvn -mem2reg -instcombine -dce -loop-bound -loop-merge -dce -deadargelim -dce -canonicalize-dataflow -dce -scalar-propagation2 -deadargelim -globaldce -mem2reg -load-elim -read-loop-dep -loop-simplify -loop-extract-inner -directive-preproc -bitwidthmin2 -bitwidthmin2 -read-loop-dep -interface-preproc -directive-preproc -interface-gen -bram-byte-enable -deadargelim -inst-simplify -dce -gvn -mem2reg -instcombine -dce -adse -loop-bound -instcombine -cfgopt -simplifycfg -loop-simplify -clean-region -io-protocol -find-region -mem2reg -bitop-raise -complex-op-raise -inst-simplify -inst-rectify -instcombine -adce -deadargelim -float-op-raise -loop-simplify -phi-opt -bitop-raise -cfgopt -simplifycfg -strip-dead-prototypes -interface-lower -bitop-lower -intrinsic-lower -auto-function-inline -basicaa -aggrmodref-aa -globalsmodref-aa -aggr-aa -inst-simplify -simplifycfg -loop-simplify -mergereturn -inst-simplify -inst-rectify -dce -load-elim -bitop-lower -float-op-raise -fma-raise -loop-rewind -pointer-simplify -dce -cfgopt -dce -loop-bound -loop-dep -read-loop-dep -dce -dyn-mem-reuse -dce -recurrence-min -dce -check-stream -norm-name -legalize -validate-dataflow -inst-clarity -bitwidth -dump-loop-dep-to-ir -check-all-ssdm -cdfg-build D:/IITMadrasICS/1-2/EE5332Project/float/proj_float5/solution1/.autopilot/db/a.o.2.bc -o D:/IITMadrasICS/1-2/EE5332Project/float/proj_float5/solution1/.autopilot/db/a.o.3.bc -f -phase build-ssdm 
INFO: [XFORM 203-541] Flattening a loop nest 'ROW_SLIDE' (twodconv.cpp:41:14) in function 'conv2d'.
INFO: [HLS 200-472] Inferring partial write operation for 'line_buf.0' (twodconv.cpp:66:38)
Command         transform done; 0.143 sec.
INFO: [HLS 200-111] Finished Architecture Synthesis: CPU user time: 0 seconds. CPU system time: 0 seconds. Elapsed time: 0.165 seconds; current allocated memory: 164.418 MB.
INFO-FLOW: Finish building internal data model.
Command       opt_and_import_c done; 1.483 sec.
Command     elaborate done; 10.859 sec.
Execute     ap_eval exec zip -j D:/IITMadrasICS/1-2/EE5332Project/float/proj_float5/solution1/.autopilot/db/dut.hcp $dbDir/a.o.3.bc $dbDir/${topname}.rtl_wrap.cfg.tcl $dbDir/apatb_${topname}.cpp $dbDir/apatb_${topname}_util.cpp $dbDir/apatb_${topname}_ir.ll $dbDir/mapper_${topname}.cpp $dbDir/top-io-fe.xml $dbDir/kernel.internal.xml $workdir/../hls.app 
Command     ap_eval done; 0.148 sec.
Execute     autosyn -from_csynth_design=1 
INFO: [HLS 200-10] Starting hardware synthesis ...
INFO-FLOW: Synthesizing C/C++ design ...
INFO: [HLS 200-10] Synthesizing 'conv2d' ...
Execute       ap_set_top_model conv2d 
Execute       get_model_list conv2d -filter all-wo-channel -topdown 
Execute       preproc_iomode -model conv2d 
Execute       get_model_list conv2d -filter all-wo-channel 
INFO-FLOW: Model list for configure: conv2d
INFO-FLOW: Configuring Module : conv2d ...
Execute       set_default_model conv2d 
Execute       apply_spec_resource_limit conv2d 
INFO-FLOW: Model list for preprocess: conv2d
INFO-FLOW: Preprocessing Module: conv2d ...
Execute       set_default_model conv2d 
Execute       cdfg_preprocess -model conv2d 
Execute       rtl_gen_preprocess conv2d 
INFO-FLOW: Model list for synthesis: conv2d
INFO: [HLS 200-10] ----------------------------------------------------------------
INFO: [HLS 200-42] -- Implementing module 'conv2d' 
INFO: [HLS 200-10] ----------------------------------------------------------------
Execute       set_default_model conv2d 
Execute       schedule -model conv2d 
INFO: [SCHED 204-11] Starting scheduling ...
INFO: [SCHED 204-61] Pipelining loop 'ROW_SLIDE_COL_SLIDE'.
INFO: [HLS 200-1470] Pipelining result : Target II = 1, Final II = 1, Depth = 141, loop 'ROW_SLIDE_COL_SLIDE'
INFO: [SCHED 204-11] Finished scheduling.
Command       schedule done; 0.583 sec.
INFO: [HLS 200-111] Finished Scheduling: CPU user time: 0 seconds. CPU system time: 0 seconds. Elapsed time: 0.864 seconds; current allocated memory: 165.853 MB.
Execute       syn_report -verbosereport -o D:/IITMadrasICS/1-2/EE5332Project/float/proj_float5/solution1/.autopilot/db/conv2d.verbose.sched.rpt 
Execute         AP::get_flow_target_display_name
Execute           get_solution -flow_target 
Command       syn_report done; 0.551 sec.
Execute       db_write -o D:/IITMadrasICS/1-2/EE5332Project/float/proj_float5/solution1/.autopilot/db/conv2d.sched.adb -f 
INFO-FLOW: Finish scheduling conv2d.
Execute       set_default_model conv2d 
Execute       bind -model conv2d 
INFO: [BIND 205-100] Starting micro-architecture generation ...
INFO: [BIND 205-101] Performing variable lifetime analysis.
INFO: [BIND 205-101] Exploring resource sharing.
INFO: [BIND 205-101] Binding ...
INFO: [BIND 205-100] Finished micro-architecture generation.
Command       bind done; 0.407 sec.
INFO: [HLS 200-111] Finished Binding: CPU user time: 1 seconds. CPU system time: 0 seconds. Elapsed time: 1.041 seconds; current allocated memory: 168.104 MB.
Execute       syn_report -verbosereport -o D:/IITMadrasICS/1-2/EE5332Project/float/proj_float5/solution1/.autopilot/db/conv2d.verbose.bind.rpt 
Execute         AP::get_flow_target_display_name
Execute           get_solution -flow_target 
Command       syn_report done; 0.645 sec.
Execute       db_write -o D:/IITMadrasICS/1-2/EE5332Project/float/proj_float5/solution1/.autopilot/db/conv2d.bind.adb -f 
INFO-FLOW: Finish binding conv2d.
Execute       get_model_list conv2d -filter all-wo-channel 
INFO-FLOW: Preprocessing for RTLGen ...
Execute       rtl_gen_preprocess conv2d 
INFO-FLOW: Model list for RTL generation: conv2d
INFO: [HLS 200-10] ----------------------------------------------------------------
INFO: [HLS 200-10] -- Generating RTL for module 'conv2d' 
INFO: [HLS 200-10] ----------------------------------------------------------------
Execute       get_config_rtl -module_prefix 
Execute       get_config_rtl -module_prefix 
Execute       get_config_rtl -module_auto_prefix 
Execute       create_rtl_model conv2d -top_prefix  -sub_prefix conv2d_ -mg_file D:/IITMadrasICS/1-2/EE5332Project/float/proj_float5/solution1/.autopilot/db/conv2d.compgen.tcl 
WARNING: [RTGEN 206-101] Design contains AXI ports. Reset is fixed to synchronous and active low.
INFO: [RTGEN 206-500] Setting interface mode on port 'conv2d/in_stream_V_data_V' to 'axis' (register, both mode).
INFO: [RTGEN 206-500] Setting interface mode on port 'conv2d/in_stream_V_keep_V' to 'axis' (register, both mode).
INFO: [RTGEN 206-500] Setting interface mode on port 'conv2d/in_stream_V_strb_V' to 'axis' (register, both mode).
INFO: [RTGEN 206-500] Setting interface mode on port 'conv2d/in_stream_V_user_V' to 'axis' (register, both mode).
INFO: [RTGEN 206-500] Setting interface mode on port 'conv2d/in_stream_V_last_V' to 'axis' (register, both mode).
INFO: [RTGEN 206-500] Setting interface mode on port 'conv2d/in_stream_V_id_V' to 'axis' (register, both mode).
INFO: [RTGEN 206-500] Setting interface mode on port 'conv2d/in_stream_V_dest_V' to 'axis' (register, both mode).
INFO: [RTGEN 206-500] Setting interface mode on port 'conv2d/out_stream_V_data_V' to 'axis' (register, both mode).
INFO: [RTGEN 206-500] Setting interface mode on port 'conv2d/out_stream_V_keep_V' to 'axis' (register, both mode).
INFO: [RTGEN 206-500] Setting interface mode on port 'conv2d/out_stream_V_strb_V' to 'axis' (register, both mode).
INFO: [RTGEN 206-500] Setting interface mode on port 'conv2d/out_stream_V_user_V' to 'axis' (register, both mode).
INFO: [RTGEN 206-500] Setting interface mode on port 'conv2d/out_stream_V_last_V' to 'axis' (register, both mode).
INFO: [RTGEN 206-500] Setting interface mode on port 'conv2d/out_stream_V_id_V' to 'axis' (register, both mode).
INFO: [RTGEN 206-500] Setting interface mode on port 'conv2d/out_stream_V_dest_V' to 'axis' (register, both mode).
INFO: [RTGEN 206-500] Setting interface mode on port 'conv2d/kernel_in_0_0' to 's_axilite & ap_none'.
INFO: [RTGEN 206-500] Setting interface mode on port 'conv2d/kernel_in_0_1' to 's_axilite & ap_none'.
INFO: [RTGEN 206-500] Setting interface mode on port 'conv2d/kernel_in_0_2' to 's_axilite & ap_none'.
INFO: [RTGEN 206-500] Setting interface mode on port 'conv2d/kernel_in_0_3' to 's_axilite & ap_none'.
INFO: [RTGEN 206-500] Setting interface mode on port 'conv2d/kernel_in_0_4' to 's_axilite & ap_none'.
INFO: [RTGEN 206-500] Setting interface mode on port 'conv2d/kernel_in_1_0' to 's_axilite & ap_none'.
INFO: [RTGEN 206-500] Setting interface mode on port 'conv2d/kernel_in_1_1' to 's_axilite & ap_none'.
INFO: [RTGEN 206-500] Setting interface mode on port 'conv2d/kernel_in_1_2' to 's_axilite & ap_none'.
INFO: [RTGEN 206-500] Setting interface mode on port 'conv2d/kernel_in_1_3' to 's_axilite & ap_none'.
INFO: [RTGEN 206-500] Setting interface mode on port 'conv2d/kernel_in_1_4' to 's_axilite & ap_none'.
INFO: [RTGEN 206-500] Setting interface mode on port 'conv2d/kernel_in_2_0' to 's_axilite & ap_none'.
INFO: [RTGEN 206-500] Setting interface mode on port 'conv2d/kernel_in_2_1' to 's_axilite & ap_none'.
INFO: [RTGEN 206-500] Setting interface mode on port 'conv2d/kernel_in_2_2' to 's_axilite & ap_none'.
INFO: [RTGEN 206-500] Setting interface mode on port 'conv2d/kernel_in_2_3' to 's_axilite & ap_none'.
INFO: [RTGEN 206-500] Setting interface mode on port 'conv2d/kernel_in_2_4' to 's_axilite & ap_none'.
INFO: [RTGEN 206-500] Setting interface mode on port 'conv2d/kernel_in_3_0' to 's_axilite & ap_none'.
INFO: [RTGEN 206-500] Setting interface mode on port 'conv2d/kernel_in_3_1' to 's_axilite & ap_none'.
INFO: [RTGEN 206-500] Setting interface mode on port 'conv2d/kernel_in_3_2' to 's_axilite & ap_none'.
INFO: [RTGEN 206-500] Setting interface mode on port 'conv2d/kernel_in_3_3' to 's_axilite & ap_none'.
INFO: [RTGEN 206-500] Setting interface mode on port 'conv2d/kernel_in_3_4' to 's_axilite & ap_none'.
INFO: [RTGEN 206-500] Setting interface mode on port 'conv2d/kernel_in_4_0' to 's_axilite & ap_none'.
INFO: [RTGEN 206-500] Setting interface mode on port 'conv2d/kernel_in_4_1' to 's_axilite & ap_none'.
INFO: [RTGEN 206-500] Setting interface mode on port 'conv2d/kernel_in_4_2' to 's_axilite & ap_none'.
INFO: [RTGEN 206-500] Setting interface mode on port 'conv2d/kernel_in_4_3' to 's_axilite & ap_none'.
INFO: [RTGEN 206-500] Setting interface mode on port 'conv2d/kernel_in_4_4' to 's_axilite & ap_none'.
INFO: [RTGEN 206-500] Setting interface mode on port 'conv2d/img_size' to 's_axilite & ap_none'.
INFO: [RTGEN 206-500] Setting interface mode on function 'conv2d' to 's_axilite & ap_ctrl_hs'.
WARNING: [RTGEN 206-101] Register 'window_0_1' is power-on initialization.
WARNING: [RTGEN 206-101] Register 'window_0_2' is power-on initialization.
WARNING: [RTGEN 206-101] Register 'window_0_3' is power-on initialization.
WARNING: [RTGEN 206-101] Register 'window_1_1' is power-on initialization.
WARNING: [RTGEN 206-101] Register 'window_1_2' is power-on initialization.
WARNING: [RTGEN 206-101] Register 'window_1_3' is power-on initialization.
WARNING: [RTGEN 206-101] Register 'window_2_1' is power-on initialization.
WARNING: [RTGEN 206-101] Register 'window_2_2' is power-on initialization.
WARNING: [RTGEN 206-101] Register 'window_2_3' is power-on initialization.
WARNING: [RTGEN 206-101] Register 'window_3_1' is power-on initialization.
WARNING: [RTGEN 206-101] Register 'window_3_2' is power-on initialization.
WARNING: [RTGEN 206-101] Register 'window_3_3' is power-on initialization.
WARNING: [RTGEN 206-101] Register 'window_4_1' is power-on initialization.
WARNING: [RTGEN 206-101] Register 'window_4_2' is power-on initialization.
WARNING: [RTGEN 206-101] Register 'window_4_3' is power-on initialization.
WARNING: [RTGEN 206-101] Register 'window_0_4' is power-on initialization.
WARNING: [RTGEN 206-101] Register 'window_1_4' is power-on initialization.
WARNING: [RTGEN 206-101] Register 'window_2_4' is power-on initialization.
WARNING: [RTGEN 206-101] Register 'window_3_4' is power-on initialization.
WARNING: [RTGEN 206-101] Register 'window_4_4' is power-on initialization.
INFO: [RTGEN 206-100] Bundling port 'kernel_in_0_0', 'kernel_in_0_1', 'kernel_in_0_2', 'kernel_in_0_3', 'kernel_in_0_4', 'kernel_in_1_0', 'kernel_in_1_1', 'kernel_in_1_2', 'kernel_in_1_3', 'kernel_in_1_4', 'kernel_in_2_0', 'kernel_in_2_1', 'kernel_in_2_2', 'kernel_in_2_3', 'kernel_in_2_4', 'kernel_in_3_0', 'kernel_in_3_1', 'kernel_in_3_2', 'kernel_in_3_3', 'kernel_in_3_4', 'kernel_in_4_0', 'kernel_in_4_1', 'kernel_in_4_2', 'kernel_in_4_3', 'kernel_in_4_4', 'img_size' and 'return' to AXI-Lite port control.
INFO: [RTGEN 206-104] Estimated max fanout for 'conv2d' is 22139 from HDL expression: (1'b0 == ap_block_pp0_stage0_11001)
INFO: [RTGEN 206-100] Generating core module 'fadd_32ns_32ns_32_5_full_dsp_1': 35 instance(s).
INFO: [RTGEN 206-100] Generating core module 'fmul_32ns_32ns_32_4_max_dsp_1': 25 instance(s).
INFO: [RTGEN 206-100] Generating core module 'mul_32ns_32ns_64_1_1': 1 instance(s).
INFO: [RTGEN 206-100] Finished creating RTL model for 'conv2d'.
Command       create_rtl_model done; 1.701 sec.
INFO: [HLS 200-111] Finished Creating RTL model: CPU user time: 2 seconds. CPU system time: 0 seconds. Elapsed time: 2.512 seconds; current allocated memory: 175.011 MB.
Execute       source D:/IITMadrasICS/1-2/EE5332Project/float/proj_float5/solution1/.autopilot/db/conv2d.rtl_wrap.cfg.tcl 
Execute       gen_rtl conv2d -istop -style xilinx -f -lang vhdl -o D:/IITMadrasICS/1-2/EE5332Project/float/proj_float5/solution1/syn/vhdl/conv2d 
Command       gen_rtl done; 0.344 sec.
Execute       gen_rtl conv2d -istop -style xilinx -f -lang vlog -o D:/IITMadrasICS/1-2/EE5332Project/float/proj_float5/solution1/syn/verilog/conv2d 
Command       gen_rtl done; 0.166 sec.
Execute       syn_report -csynth -model conv2d -o D:/IITMadrasICS/1-2/EE5332Project/float/proj_float5/solution1/syn/report/conv2d_csynth.rpt 
Execute         AP::get_flow_target_display_name
Execute           get_solution -flow_target 
Command       syn_report done; 0.165 sec.
Execute       syn_report -rtlxml -model conv2d -o D:/IITMadrasICS/1-2/EE5332Project/float/proj_float5/solution1/syn/report/conv2d_csynth.xml 
Execute         get_solution -flow_target
Execute           get_solution -flow_target 
Command       syn_report done; 0.15 sec.
Execute       syn_report -verbosereport -model conv2d -o D:/IITMadrasICS/1-2/EE5332Project/float/proj_float5/solution1/.autopilot/db/conv2d.verbose.rpt 
Execute         AP::get_flow_target_display_name
Execute           get_solution -flow_target 
Command       syn_report done; 0.808 sec.
Execute       db_write -model conv2d -f -o D:/IITMadrasICS/1-2/EE5332Project/float/proj_float5/solution1/.autopilot/db/conv2d.adb 
Command       db_write done; 0.237 sec.
Execute       db_write -model conv2d -bindview -o D:/IITMadrasICS/1-2/EE5332Project/float/proj_float5/solution1/.autopilot/db/design.bindinfo.xml 
Command       db_write done; 0.117 sec.
Execute       gen_tb_info conv2d -p D:/IITMadrasICS/1-2/EE5332Project/float/proj_float5/solution1/.autopilot/db -o D:/IITMadrasICS/1-2/EE5332Project/float/proj_float5/solution1/.autopilot/db/conv2d 
Execute       export_constraint_db -f -tool general -o D:/IITMadrasICS/1-2/EE5332Project/float/proj_float5/solution1/.autopilot/db/conv2d.constraint.tcl 
Execute       syn_report -designview -model conv2d -o D:/IITMadrasICS/1-2/EE5332Project/float/proj_float5/solution1/.autopilot/db/conv2d.design.xml 
Command       syn_report done; 0.313 sec.
Execute       syn_report -csynthDesign -model conv2d -o D:/IITMadrasICS/1-2/EE5332Project/float/proj_float5/solution1/syn/report/csynth.rpt 
Execute         AP::get_flow_target_display_name
Execute           get_solution -flow_target 
Execute       get_config_rtl -disable_wave_debug 
Execute       syn_report -wcfg -model conv2d -o D:/IITMadrasICS/1-2/EE5332Project/float/proj_float5/solution1/.autopilot/db/conv2d_dataflow_ana.wcfg 
Execute       syn_report -protoinst -model conv2d -o D:/IITMadrasICS/1-2/EE5332Project/float/proj_float5/solution1/.autopilot/db/conv2d.protoinst 
Execute       get_config_debug -directory 
Execute       sc_get_clocks conv2d 
Execute       get_config_export -vivado_clock 
Execute       get_config_rtl -module_prefix 
Execute       get_config_rtl -module_prefix 
Execute       get_config_rtl -module_auto_prefix 
Execute       sc_get_portdomain conv2d 
INFO-FLOW: Model list for RTL component generation: conv2d
INFO-FLOW: Handling components in module [conv2d] ... 
Execute       source D:/IITMadrasICS/1-2/EE5332Project/float/proj_float5/solution1/.autopilot/db/conv2d.compgen.tcl 
INFO-FLOW: Found component conv2d_fadd_32ns_32ns_32_5_full_dsp_1.
INFO-FLOW: Append model conv2d_fadd_32ns_32ns_32_5_full_dsp_1
INFO-FLOW: Found component conv2d_fmul_32ns_32ns_32_4_max_dsp_1.
INFO-FLOW: Append model conv2d_fmul_32ns_32ns_32_4_max_dsp_1
INFO-FLOW: Found component conv2d_mul_32ns_32ns_64_1_1.
INFO-FLOW: Append model conv2d_mul_32ns_32ns_64_1_1
INFO-FLOW: Found component conv2d_line_buf_0.
INFO-FLOW: Append model conv2d_line_buf_0
INFO-FLOW: Found component conv2d_control_s_axi.
INFO-FLOW: Append model conv2d_control_s_axi
INFO-FLOW: Found component conv2d_regslice_both.
INFO-FLOW: Append model conv2d_regslice_both
INFO-FLOW: Found component conv2d_regslice_both.
INFO-FLOW: Append model conv2d_regslice_both
INFO-FLOW: Found component conv2d_regslice_both.
INFO-FLOW: Append model conv2d_regslice_both
INFO-FLOW: Found component conv2d_regslice_both.
INFO-FLOW: Append model conv2d_regslice_both
INFO-FLOW: Found component conv2d_regslice_both.
INFO-FLOW: Append model conv2d_regslice_both
INFO-FLOW: Found component conv2d_regslice_both.
INFO-FLOW: Append model conv2d_regslice_both
INFO-FLOW: Found component conv2d_regslice_both.
INFO-FLOW: Append model conv2d_regslice_both
INFO-FLOW: Found component conv2d_regslice_both.
INFO-FLOW: Append model conv2d_regslice_both
INFO-FLOW: Found component conv2d_regslice_both.
INFO-FLOW: Append model conv2d_regslice_both
INFO-FLOW: Found component conv2d_regslice_both.
INFO-FLOW: Append model conv2d_regslice_both
INFO-FLOW: Found component conv2d_regslice_both.
INFO-FLOW: Append model conv2d_regslice_both
INFO-FLOW: Found component conv2d_regslice_both.
INFO-FLOW: Append model conv2d_regslice_both
INFO-FLOW: Found component conv2d_regslice_both.
INFO-FLOW: Append model conv2d_regslice_both
INFO-FLOW: Found component conv2d_regslice_both.
INFO-FLOW: Append model conv2d_regslice_both
INFO-FLOW: Append model conv2d
INFO-FLOW: Generating RTL model list ...
INFO-FLOW: All models in this session: conv2d_fadd_32ns_32ns_32_5_full_dsp_1 conv2d_fmul_32ns_32ns_32_4_max_dsp_1 conv2d_mul_32ns_32ns_64_1_1 conv2d_line_buf_0 conv2d_control_s_axi conv2d_regslice_both conv2d_regslice_both conv2d_regslice_both conv2d_regslice_both conv2d_regslice_both conv2d_regslice_both conv2d_regslice_both conv2d_regslice_both conv2d_regslice_both conv2d_regslice_both conv2d_regslice_both conv2d_regslice_both conv2d_regslice_both conv2d_regslice_both conv2d
INFO-FLOW: Generating D:/IITMadrasICS/1-2/EE5332Project/float/proj_float5/solution1/.autopilot/db/autopilot.rtl.models.txt file...
INFO-FLOW: To file: write model conv2d_fadd_32ns_32ns_32_5_full_dsp_1
INFO-FLOW: To file: write model conv2d_fmul_32ns_32ns_32_4_max_dsp_1
INFO-FLOW: To file: write model conv2d_mul_32ns_32ns_64_1_1
INFO-FLOW: To file: write model conv2d_line_buf_0
INFO-FLOW: To file: write model conv2d_control_s_axi
INFO-FLOW: To file: write model conv2d_regslice_both
INFO-FLOW: To file: write model conv2d_regslice_both
INFO-FLOW: To file: write model conv2d_regslice_both
INFO-FLOW: To file: write model conv2d_regslice_both
INFO-FLOW: To file: write model conv2d_regslice_both
INFO-FLOW: To file: write model conv2d_regslice_both
INFO-FLOW: To file: write model conv2d_regslice_both
INFO-FLOW: To file: write model conv2d_regslice_both
INFO-FLOW: To file: write model conv2d_regslice_both
INFO-FLOW: To file: write model conv2d_regslice_both
INFO-FLOW: To file: write model conv2d_regslice_both
INFO-FLOW: To file: write model conv2d_regslice_both
INFO-FLOW: To file: write model conv2d_regslice_both
INFO-FLOW: To file: write model conv2d_regslice_both
INFO-FLOW: To file: write model conv2d
INFO-FLOW: Generating D:/IITMadrasICS/1-2/EE5332Project/float/proj_float5/solution1/.autopilot/db/autopilot.rtl.models.tcl file...
INFO-FLOW: Finished generating RTL model list.


INFO-FLOW: RTL Generation done.
INFO-FLOW: CAS Generation done.
INFO-FLOW: CBC Generation done.
INFO-FLOW: DBG:PROC: ::AESL_AUTOMG::auto_generate_csynth_design
Execute       get_top 
Execute       get_config_export -ipname 
Execute       get_config_export -xo 
Execute       get_config_export -format 
Execute       get_config_rtl -module_auto_prefix 
INFO-FLOW: DBG:PUTS: read_platform_lib D:/IITMadrasICS/1-2/EE5332Project/float/proj_float5/solution1/.autopilot/db/global.setting.tcl
Execute       source D:/Xilinx/Vitis_HLS/2021.1/common/technology/generic/autopilot/common.gen 
Execute         source D:/Xilinx/Vitis_HLS/2021.1/common/technology/generic/autopilot/APCoreGen.gen 
Execute       source D:/Xilinx/Vitis_HLS/2021.1/common/technology/generic/autopilot/op.gen 
Execute       source D:/Xilinx/Vitis_HLS/2021.1/common/technology/generic/autopilot/op_simcore.gen 
Execute       source D:/Xilinx/Vitis_HLS/2021.1/common/technology/generic/autopilot/interface.gen 
Execute       source D:/IITMadrasICS/1-2/EE5332Project/float/proj_float5/solution1/.autopilot/db/global.setting.tcl 
Execute       source D:/Xilinx/Vitis_HLS/2021.1/common/technology/xilinx/common/xilinx.gen 
Execute         source D:/Xilinx/Vitis_HLS/2021.1/common/technology/xilinx/interface/plb46.gen 
Execute         source D:/Xilinx/Vitis_HLS/2021.1/common/technology/xilinx/interface/axi4.gen 
Execute         source D:/Xilinx/Vitis_HLS/2021.1/common/technology/xilinx/interface/nativeAXI4.gen 
Execute           source D:/Xilinx/Vitis_HLS/2021.1/common/technology/xilinx/interface/saxilite.gen 
Execute           source D:/Xilinx/Vitis_HLS/2021.1/common/technology/xilinx/interface/maxi.gen 
Execute         source D:/Xilinx/Vitis_HLS/2021.1/common/technology/xilinx/scripts/xilinxcoregen.gen 
Execute         source D:/Xilinx/Vitis_HLS/2021.1/common/technology/xilinx/interface/XilEDKCoreGen.gen 
Execute         source D:/Xilinx/Vitis_HLS/2021.1/common/technology/xilinx/ip/dds_compiler.gen 
Execute         source D:/Xilinx/Vitis_HLS/2021.1/common/technology/xilinx/ip/util.gen 
Execute         source D:/Xilinx/Vitis_HLS/2021.1/common/technology/xilinx/ip/xfft.gen 
Execute         source D:/Xilinx/Vitis_HLS/2021.1/common/technology/xilinx/ip/xfir.gen 
Execute         source D:/Xilinx/Vitis_HLS/2021.1/common/technology/xilinx/DSP48/dsp48.gen 
INFO-FLOW: DBG:PUTS:   using AESL_AUTOCG::g_clock_period=10.000 (was NA)
INFO-FLOW: DBG:PROC: ::AESL_AUTOMG::generate_ip_cores gen_sim_model='1' gen_fp_models='0' gen_for_export='0' dstSCDir='' dstVhdlDir='D:/IITMadrasICS/1-2/EE5332Project/float/proj_float5/solution1/.autopilot/db/vhdl' dstVlogDir='D:/IITMadrasICS/1-2/EE5332Project/float/proj_float5/solution1/.autopilot/db/vlog' tclDir='D:/IITMadrasICS/1-2/EE5332Project/float/proj_float5/solution1/.autopilot/db' modelList='conv2d_fadd_32ns_32ns_32_5_full_dsp_1
conv2d_fmul_32ns_32ns_32_4_max_dsp_1
conv2d_mul_32ns_32ns_64_1_1
conv2d_line_buf_0
conv2d_control_s_axi
conv2d_regslice_both
conv2d_regslice_both
conv2d_regslice_both
conv2d_regslice_both
conv2d_regslice_both
conv2d_regslice_both
conv2d_regslice_both
conv2d_regslice_both
conv2d_regslice_both
conv2d_regslice_both
conv2d_regslice_both
conv2d_regslice_both
conv2d_regslice_both
conv2d_regslice_both
conv2d
' expOnly='0'
Execute       source D:/IITMadrasICS/1-2/EE5332Project/float/proj_float5/solution1/.autopilot/db/global.setting.tcl 
Execute       ap_part_info -name xc7z020-clg400-1 -data names -quiet 
Execute       ap_part_info -name xc7z020-clg400-1 -data info -quiet 
Execute       source D:/IITMadrasICS/1-2/EE5332Project/float/proj_float5/solution1/.autopilot/db/global.setting.tcl 
Execute       source D:/IITMadrasICS/1-2/EE5332Project/float/proj_float5/solution1/.autopilot/db/global.setting.tcl 
Execute       source D:/IITMadrasICS/1-2/EE5332Project/float/proj_float5/solution1/.autopilot/db/conv2d.compgen.tcl 
INFO: [RTMG 210-278] Implementing memory 'conv2d_line_buf_0_ram (RAM_2P_BRAM)' using block RAMs with power-on initialization.
Execute         ap_part_info -name xc7z020-clg400-1 -data names -quiet 
Execute         ap_part_info -name xc7z020-clg400-1 -data info -quiet 
Execute         source ./control.slave.tcl 
Command       ap_source done; 0.493 sec.
INFO: [HLS 200-111] Finished Generating all RTL models: CPU user time: 2 seconds. CPU system time: 1 seconds. Elapsed time: 3.263 seconds; current allocated memory: 183.039 MB.
INFO-FLOW: DBG:PROC: ::AP::create_csynth_xml outfile=''
INFO-FLOW: Running: create_csynth_xml read xml data
INFO-FLOW: Done: create_csynth_xml read xml data time: 0 seconds per iteration
INFO-FLOW: Running: create_csynth_xml bind info
INFO-FLOW: Done: create_csynth_xml bind info time: 0 seconds per iteration
INFO-FLOW: Running: create_csynth_xml config info
Execute       get_config_op mul -impl 
Execute       get_config_op mul -latency 
Execute       get_config_op mul -precision 
Execute       get_config_op add -impl 
Execute       get_config_op add -latency 
Execute       get_config_op add -precision 
Execute       get_config_op sub -impl 
Execute       get_config_op sub -latency 
Execute       get_config_op sub -precision 
Execute       get_config_op fadd -impl 
Execute       get_config_op fadd -latency 
Execute       get_config_op fadd -precision 
Execute       get_config_op fsub -impl 
Execute       get_config_op fsub -latency 
Execute       get_config_op fsub -precision 
Execute       get_config_op fdiv -impl 
Execute       get_config_op fdiv -latency 
Execute       get_config_op fdiv -precision 
Execute       get_config_op fexp -impl 
Execute       get_config_op fexp -latency 
Execute       get_config_op fexp -precision 
Execute       get_config_op flog -impl 
Execute       get_config_op flog -latency 
Execute       get_config_op flog -precision 
Execute       get_config_op fmul -impl 
Execute       get_config_op fmul -latency 
Execute       get_config_op fmul -precision 
Execute       get_config_op frsqrt -impl 
Execute       get_config_op frsqrt -latency 
Execute       get_config_op frsqrt -precision 
Execute       get_config_op frecip -impl 
Execute       get_config_op frecip -latency 
Execute       get_config_op frecip -precision 
Execute       get_config_op fsqrt -impl 
Execute       get_config_op fsqrt -latency 
Execute       get_config_op fsqrt -precision 
Execute       get_config_op dadd -impl 
Execute       get_config_op dadd -latency 
Execute       get_config_op dadd -precision 
Execute       get_config_op dsub -impl 
Execute       get_config_op dsub -latency 
Execute       get_config_op dsub -precision 
Execute       get_config_op ddiv -impl 
Execute       get_config_op ddiv -latency 
Execute       get_config_op ddiv -precision 
Execute       get_config_op dexp -impl 
Execute       get_config_op dexp -latency 
Execute       get_config_op dexp -precision 
Execute       get_config_op dlog -impl 
Execute       get_config_op dlog -latency 
Execute       get_config_op dlog -precision 
Execute       get_config_op dmul -impl 
Execute       get_config_op dmul -latency 
Execute       get_config_op dmul -precision 
Execute       get_config_op drsqrt -impl 
Execute       get_config_op drsqrt -latency 
Execute       get_config_op drsqrt -precision 
Execute       get_config_op drecip -impl 
Execute       get_config_op drecip -latency 
Execute       get_config_op drecip -precision 
Execute       get_config_op dsqrt -impl 
Execute       get_config_op dsqrt -latency 
Execute       get_config_op dsqrt -precision 
Execute       get_config_op hadd -impl 
Execute       get_config_op hadd -latency 
Execute       get_config_op hadd -precision 
Execute       get_config_op hsub -impl 
Execute       get_config_op hsub -latency 
Execute       get_config_op hsub -precision 
Execute       get_config_op hdiv -impl 
Execute       get_config_op hdiv -latency 
Execute       get_config_op hdiv -precision 
Execute       get_config_op hmul -impl 
Execute       get_config_op hmul -latency 
Execute       get_config_op hmul -precision 
Execute       get_config_op hsqrt -impl 
Execute       get_config_op hsqrt -latency 
Execute       get_config_op hsqrt -precision 
Execute       get_config_op facc -impl 
Execute       get_config_op facc -latency 
Execute       get_config_op facc -precision 
Execute       get_config_op fmacc -impl 
Execute       get_config_op fmacc -latency 
Execute       get_config_op fmacc -precision 
Execute       get_config_op fmadd -impl 
Execute       get_config_op fmadd -latency 
Execute       get_config_op fmadd -precision 
Execute       get_config_storage fifo -auto_srl_max_bits 
Execute       get_config_storage fifo -auto_srl_max_depth 
Execute       get_config_storage fifo -impl 
Execute       get_solution -flow_target 
Execute       get_config_array_partition -complete_threshold 
Execute       get_config_array_partition -throughput_driven 
Execute       get_config_compile -enable_auto_rewind 
Execute       get_config_compile -name_max_length 
Execute       get_config_compile -no_signed_zeros 
Execute       get_config_compile -pipeline_loops 
Execute       get_config_compile -pipeline_style 
Execute       get_config_compile -pragma_strict_mode 
Execute       get_config_compile -pre_tcl 
Execute       get_config_compile -unsafe_math_optimizations 
Execute       get_config_dataflow -default_channel 
Execute       get_config_dataflow -disable_fifo_sizing_opt 
Execute       get_config_dataflow -fifo_depth 
Execute       get_config_dataflow -override_user_fifo_depth 
Execute       get_config_dataflow -scalar_fifo_depth 
Execute       get_config_dataflow -start_fifo_depth 
Execute       get_config_dataflow -strict_mode 
Execute       get_config_dataflow -strict_stable_sync 
Execute       get_config_dataflow -task_level_fifo_depth 
Execute       get_config_debug -directory 
Execute       get_config_debug -enable 
Execute       get_config_export -description 
Execute       get_config_export -disable_deadlock_detection 
Execute       get_config_export -display_name 
Execute       get_config_export -format 
Execute       get_config_export -ip_xdc_file 
Execute       get_config_export -ip_xdc_ooc_file 
Execute       get_config_export -ipname 
Execute       get_config_export -library 
Execute       get_config_export -output 
Execute       get_config_export -rtl 
Execute       get_config_export -taxonomy 
Execute       get_config_export -vendor 
Execute       get_config_export -version 
Execute       get_config_export -vivado_clock 
Execute       get_config_export -vivado_impl_strategy 
Execute       get_config_export -vivado_max_timing_paths 
Execute       get_config_export -vivado_optimization_level 
Execute       get_config_export -vivado_pblock 
Execute       get_config_export -vivado_phys_opt 
Execute       get_config_export -vivado_report_level 
Execute       get_config_export -vivado_synth_design_args 
Execute       get_config_export -vivado_synth_strategy 
Execute       get_config_interface -clock_enable 
Execute       get_config_interface -default_slave_interface 
Execute       get_config_interface -m_axi_addr64 
Execute       get_config_interface -m_axi_alignment_byte_size 
Execute       get_config_interface -m_axi_auto_max_ports 
Execute       get_config_interface -m_axi_buffer_impl 
Execute       get_config_interface -m_axi_conservative_mode 
Execute       get_config_interface -m_axi_flush_mode 
Execute       get_config_interface -m_axi_latency 
Execute       get_config_interface -m_axi_max_bitwidth 
Execute       get_config_interface -m_axi_max_read_burst_length 
Execute       get_config_interface -m_axi_max_widen_bitwidth 
Execute       get_config_interface -m_axi_max_write_burst_length 
Execute       get_config_interface -m_axi_min_bitwidth 
Execute       get_config_interface -m_axi_num_read_outstanding 
Execute       get_config_interface -m_axi_num_write_outstanding 
Execute       get_config_interface -m_axi_offset 
Execute       get_config_interface -register_io 
Execute       get_config_interface -s_axilite_data64 
Execute       get_config_interface -s_axilite_mailbox 
Execute       get_config_interface -s_axilite_status_regs 
Execute       get_config_interface -s_axilite_sw_reset 
Execute       get_config_rtl -header 
Execute       get_config_rtl -kernel_profile 
Execute       get_config_rtl -module_auto_prefix 
Execute       get_config_rtl -module_prefix 
Execute       get_config_rtl -mult_keep_attribute 
Execute       get_config_rtl -register_all_io 
Execute       get_config_rtl -register_reset_num 
Execute       get_config_rtl -reset 
Execute       get_config_rtl -reset_async 
Execute       get_config_rtl -reset_level 
Execute       get_config_schedule -enable_dsp_full_reg 
Execute       get_config_unroll -tripcount_threshold 
INFO-FLOW: Done: create_csynth_xml config info time: 0.1 seconds per iteration
INFO-FLOW: Running: create_csynth_xml write xml
INFO-FLOW: Done: create_csynth_xml write xml time: 0 seconds per iteration
INFO-FLOW: DBG:PUTS:       create_csynth_xml wrote csynth_xml=D:/IITMadrasICS/1-2/EE5332Project/float/proj_float5/solution1/syn/report/csynth.xml
INFO-FLOW: DBG:PROC: ::AP::DESIGN_DATA::generate_json generate_bd_files='0' generate_xo_files='0' modelList='conv2d_fadd_32ns_32ns_32_5_full_dsp_1
conv2d_fmul_32ns_32ns_32_4_max_dsp_1
conv2d_mul_32ns_32ns_64_1_1
conv2d_line_buf_0
conv2d_control_s_axi
conv2d_regslice_both
conv2d_regslice_both
conv2d_regslice_both
conv2d_regslice_both
conv2d_regslice_both
conv2d_regslice_both
conv2d_regslice_both
conv2d_regslice_both
conv2d_regslice_both
conv2d_regslice_both
conv2d_regslice_both
conv2d_regslice_both
conv2d_regslice_both
conv2d_regslice_both
conv2d
' rtl_lang='both' bootstrap_tcl='false' outdir='' outfilename=''
Execute       source D:/IITMadrasICS/1-2/EE5332Project/float/proj_float5/solution1/.autopilot/db/global.setting.tcl 
Execute       source D:/IITMadrasICS/1-2/EE5332Project/float/proj_float5/solution1/.autopilot/db/global.setting.tcl 
Execute       get_solution -flow_target 
Execute       get_config_export -xo 
Execute       get_config_export -format 
Execute       source D:/IITMadrasICS/1-2/EE5332Project/float/proj_float5/solution1/.autopilot/db/top-io-be.tcl 
Execute       source D:/IITMadrasICS/1-2/EE5332Project/float/proj_float5/solution1/.autopilot/db/conv2d.tbgen.tcl 
Execute       source D:/IITMadrasICS/1-2/EE5332Project/float/proj_float5/solution1/.autopilot/db/conv2d.compgen.dataonly.tcl 
Execute       source D:/IITMadrasICS/1-2/EE5332Project/float/proj_float5/solution1/.autopilot/db/conv2d.compgen.dataonly.tcl 
Execute       source D:/IITMadrasICS/1-2/EE5332Project/float/proj_float5/solution1/.autopilot/db/conv2d.rtl_wrap.cfg.tcl 
Execute       source D:/IITMadrasICS/1-2/EE5332Project/float/proj_float5/solution1/.autopilot/db/conv2d.compgen.dataonly.tcl 
Execute       get_config_export -format 
Execute       ap_part_info -name xc7z020-clg400-1 -data names -quiet 
Execute       ap_part_info -name xc7z020-clg400-1 -data info -quiet 
Execute       source D:/IITMadrasICS/1-2/EE5332Project/float/proj_float5/solution1/.autopilot/db/conv2d.tbgen.tcl 
Execute       source D:/IITMadrasICS/1-2/EE5332Project/float/proj_float5/solution1/.autopilot/db/global.setting.tcl 
Execute       ap_part_info -name xc7z020-clg400-1 -data names -quiet 
Execute       ap_part_info -name xc7z020-clg400-1 -data info -quiet 
Execute       get_solution -flow_target 
Execute       get_config_rtl -kernel_profile 
Execute       get_config_rtl -kernel_profile 
Execute       get_config_rtl -stall_sig_gen 
Execute       get_config_rtl -profile 
Execute       source D:/IITMadrasICS/1-2/EE5332Project/float/proj_float5/solution1/.autopilot/db/conv2d.constraint.tcl 
Execute       sc_get_clocks conv2d 
Execute       source D:/IITMadrasICS/1-2/EE5332Project/float/proj_float5/solution1/.autopilot/db/global.setting.tcl 
Execute       get_config_export -ip_xdc_file 
Execute       get_config_export -ip_xdc_ooc_file 
Execute       get_config_debug -directory 
Execute       source D:/IITMadrasICS/1-2/EE5332Project/float/proj_float5/solution1/impl/misc/conv2d_fadd_32ns_32ns_32_4_full_dsp_1_ip.tcl 
Execute       source D:/IITMadrasICS/1-2/EE5332Project/float/proj_float5/solution1/impl/misc/conv2d_fadd_32ns_32ns_32_5_full_dsp_1_ip.tcl 
Execute       source D:/IITMadrasICS/1-2/EE5332Project/float/proj_float5/solution1/impl/misc/conv2d_fmul_32ns_32ns_32_2_max_dsp_1_ip.tcl 
Execute       source D:/IITMadrasICS/1-2/EE5332Project/float/proj_float5/solution1/impl/misc/conv2d_fmul_32ns_32ns_32_4_max_dsp_1_ip.tcl 
INFO-FLOW: DBG:PROC: ::AP::add_csynth_report_sections
INFO-FLOW: DBG:PUTS:       update_csynth_reports json2reportxml
INFO-FLOW: DBG:PUTS:       update_csynth_reports wrote xml
INFO-FLOW: DBG:PUTS:       update_csynth_reports appended to csynth rpt file
INFO: [HLS 200-111] Finished Updating report files: CPU user time: 1 seconds. CPU system time: 0 seconds. Elapsed time: 1.38 seconds; current allocated memory: 188.878 MB.
INFO: [VHDL 208-304] Generating VHDL RTL for conv2d.
INFO: [VLOG 209-307] Generating Verilog RTL for conv2d.
Execute       syn_report -model conv2d -printsummary 
INFO: [HLS 200-790] **** Loop Constraint Status: All loop constraints were satisfied.
INFO: [HLS 200-789] **** Estimated Fmax: 117.51 MHz
Command     autosyn done; 9.006 sec.
Command   csynth_design done; 20.03 sec.
INFO: [HLS 200-111] Finished Command csynth_design CPU user time: 9 seconds. CPU system time: 1 seconds. Elapsed time: 20.065 seconds; current allocated memory: 188.864 MB.
Command ap_source done; 20.958 sec.
Execute cleanup_all 
INFO-FLOW: Workspace D:/IITMadrasICS/1-2/EE5332Project/float/proj_float5/solution1 opened at Sat May 01 16:11:20 +0530 2021
Execute     ap_set_clock -name default -period 10 -default=false 
INFO: [SYN 201-201] Setting up clock 'default' with a period of 10ns.
Execute     ap_set_clock -name default -uncertainty 1.25 
INFO: [SYN 201-201] Setting up clock 'default' with an uncertainty of 1.25ns.
Execute     set_part xc7z020clg400-1 
Execute       create_platform xc7z020clg400-1 -board  
DBG:HLSDevice: Trying to load device library: D:/Xilinx/Vitis_HLS/2021.1\lib\win64.o\librdi_hlsvwrap.dll
DBG:HLSDevice: first parts/arch.xml in RDI_DATADIR: D:/Xilinx/Vivado/2021.1/data/parts/arch.xml
DBG:HLSDevice: init success
Execute         source D:/Xilinx/Vitis_HLS/2021.1/common/technology/xilinx/DSP48/dsp48.hlp 
Execute         source D:/Xilinx/Vitis_HLS/2021.1/common/technology/xilinx/DSP48/zynq_dsp48e1.hlp 
INFO: [HLS 200-1611] Setting target device to 'xc7z020-clg400-1'
Command       create_platform done; 0.426 sec.
Execute       source D:/Xilinx/Vitis_HLS/2021.1/common/technology/xilinx/common/xilinx.gen 
Execute         source D:/Xilinx/Vitis_HLS/2021.1/common/technology/xilinx/interface/plb46.gen 
Execute         source D:/Xilinx/Vitis_HLS/2021.1/common/technology/xilinx/interface/axi4.gen 
Execute         source D:/Xilinx/Vitis_HLS/2021.1/common/technology/xilinx/interface/nativeAXI4.gen 
Execute           source D:/Xilinx/Vitis_HLS/2021.1/common/technology/xilinx/interface/saxilite.gen 
Execute           source D:/Xilinx/Vitis_HLS/2021.1/common/technology/xilinx/interface/maxi.gen 
Execute         source D:/Xilinx/Vitis_HLS/2021.1/common/technology/xilinx/scripts/xilinxcoregen.gen 
Execute         source D:/Xilinx/Vitis_HLS/2021.1/common/technology/xilinx/interface/XilEDKCoreGen.gen 
Execute         source D:/Xilinx/Vitis_HLS/2021.1/common/technology/xilinx/ip/dds_compiler.gen 
Execute         source D:/Xilinx/Vitis_HLS/2021.1/common/technology/xilinx/ip/util.gen 
Execute         source D:/Xilinx/Vitis_HLS/2021.1/common/technology/xilinx/ip/xfft.gen 
Execute         source D:/Xilinx/Vitis_HLS/2021.1/common/technology/xilinx/ip/xfir.gen 
Execute         source D:/Xilinx/Vitis_HLS/2021.1/common/technology/xilinx/DSP48/dsp48.gen 
Command       ap_source done; 0.123 sec.
Execute       ap_part_info -name xc7z020-clg400-1 -data info 
Execute       config_compile -quiet -complex-mul-dsp=0 
Command     set_part done; 0.578 sec.
Execute     send_msg_by_id INFO @200-1505@%s%s  vivado 
INFO: [HLS 200-1505] Using flow_target 'vivado'
Execute     get_config_interface -m_axi_latency 
Execute     get_config_interface -m_axi_alignment_byte_size 
Execute     get_config_interface -m_axi_max_widen_bitwidth 
Execute     get_config_interface -default_interface 
Execute     get_config_rtl -register_reset_num 
Execute     send_msg_by_id INFO @200-1464@%s config_export -format=ip_catalog 
INFO: [HLS 200-1464] Running solution command: config_export -format=ip_catalog
Execute     config_export -format=ip_catalog 
Execute     send_msg_by_id INFO @200-1464@%s config_export -rtl=verilog 
INFO: [HLS 200-1464] Running solution command: config_export -rtl=verilog
Execute     config_export -rtl=verilog 
Command   open_solution done; 0.644 sec.
Execute   set_part xc7z020clg400-1 
INFO: [HLS 200-1510] Running: set_part xc7z020clg400-1 
Execute     create_platform xc7z020clg400-1 -board  
Execute       source D:/Xilinx/Vitis_HLS/2021.1/common/technology/xilinx/DSP48/dsp48.hlp 
Execute       source D:/Xilinx/Vitis_HLS/2021.1/common/technology/xilinx/DSP48/zynq_dsp48e1.hlp 
Execute     source D:/Xilinx/Vitis_HLS/2021.1/common/technology/xilinx/common/xilinx.gen 
Execute       source D:/Xilinx/Vitis_HLS/2021.1/common/technology/xilinx/interface/plb46.gen 
Execute       source D:/Xilinx/Vitis_HLS/2021.1/common/technology/xilinx/interface/axi4.gen 
Execute       source D:/Xilinx/Vitis_HLS/2021.1/common/technology/xilinx/interface/nativeAXI4.gen 
Execute         source D:/Xilinx/Vitis_HLS/2021.1/common/technology/xilinx/interface/saxilite.gen 
Execute         source D:/Xilinx/Vitis_HLS/2021.1/common/technology/xilinx/interface/maxi.gen 
Execute       source D:/Xilinx/Vitis_HLS/2021.1/common/technology/xilinx/scripts/xilinxcoregen.gen 
Execute       source D:/Xilinx/Vitis_HLS/2021.1/common/technology/xilinx/interface/XilEDKCoreGen.gen 
Execute       source D:/Xilinx/Vitis_HLS/2021.1/common/technology/xilinx/ip/dds_compiler.gen 
Execute       source D:/Xilinx/Vitis_HLS/2021.1/common/technology/xilinx/ip/util.gen 
Execute       source D:/Xilinx/Vitis_HLS/2021.1/common/technology/xilinx/ip/xfft.gen 
Execute       source D:/Xilinx/Vitis_HLS/2021.1/common/technology/xilinx/ip/xfir.gen 
Execute       source D:/Xilinx/Vitis_HLS/2021.1/common/technology/xilinx/DSP48/dsp48.gen 
Command     ap_source done; 0.123 sec.
Execute     ap_part_info -name xc7z020-clg400-1 -data info 
Execute     config_compile -quiet -complex-mul-dsp=0 
Command   set_part done; 0.159 sec.
Execute   create_clock -period 10 -name default 
INFO: [HLS 200-1510] Running: create_clock -period 10 -name default 
Execute     ap_set_clock -name default -period 10 -default=false 
INFO: [SYN 201-201] Setting up clock 'default' with a period of 10ns.
Execute   config_export -format ip_catalog -rtl verilog 
INFO: [HLS 200-1510] Running: config_export -format ip_catalog -rtl verilog 
Execute   set_clock_uncertainty 1.25 
INFO: [HLS 200-1510] Running: set_clock_uncertainty 1.25 
Execute   source ./proj_float5/solution1/directives.tcl 
Execute     set_directive_top -name conv2d conv2d 
INFO: [HLS 200-1510] Running: set_directive_top -name conv2d conv2d 
Execute     set_directive_pipeline -II 1 conv2d/COL_SLIDE 
INFO: [HLS 200-1510] Running: set_directive_pipeline -II 1 conv2d/COL_SLIDE 
Execute     set_directive_array_partition -type complete -dim 0 conv2d kernel_in 
INFO: [HLS 200-1510] Running: set_directive_array_partition -type complete -dim 0 conv2d kernel_in 
Execute   export_design -rtl verilog -format ip_catalog 
INFO: [HLS 200-1510] Running: export_design -rtl verilog -format ip_catalog 
Execute     get_config_export -clock_margin 
Execute     get_config_export -custom_script 
Execute     get_config_export -description 
Execute     get_config_export -display_name 
Execute     get_config_export -driver_input_dir 
Execute     get_config_export -ipname 
Execute     get_config_export -library 
Execute     get_config_export -output 
Execute     get_config_export -qor_test 
Execute     get_config_export -sim 
Execute     get_config_export -taxonomy 
Execute     get_config_export -use_ip 
Execute     get_config_export -use_netlist 
Execute     get_config_export -vendor 
Execute     get_config_export -version 
Execute     get_config_export -xo 
Execute     config_export -format=ip_catalog -rtl=verilog 
INFO-FLOW: DBG:PUTS: export_design_wrap: -format ip_catalog -rtl verilog
Execute     source D:/IITMadrasICS/1-2/EE5332Project/float/proj_float5/solution1/.autopilot/db/global.setting.tcl 
Execute     get_config_export -vivado_clock 
Execute     get_top 
Execute     get_config_export -ipname 
Execute     get_config_export -xo 
Execute     get_config_export -format 
Execute     get_config_rtl -module_auto_prefix 
Execute     get_solution -flow_target 
Execute     get_config_export -xo 
Execute     get_config_export -format 
INFO-FLOW: DBG:PUTS:   auto_impl: pack: -export -rtl verilog
INFO-FLOW: DBG:PROC: ::AESL_AUTOIMPL::auto_impl args='-export -rtl verilog'
Execute     source D:/IITMadrasICS/1-2/EE5332Project/float/proj_float5/solution1/.autopilot/db/global.setting.tcl 
INFO: [IMPL 213-8] Exporting RTL as a Vivado IP.
Execute     source D:/IITMadrasICS/1-2/EE5332Project/float/proj_float5/solution1/.autopilot/db/global.setting.tcl 
INFO-FLOW: DBG:PUTS: automg_wrap -export -pcore_version 1.00.a -rtl vlog -tool Vivado -impltomg_flag
INFO-FLOW: DBG:PROC: ::AESL_AUTOMG::auto_generate args='-export -pcore_version 1.00.a -rtl vlog -tool Vivado -impltomg_flag'
INFO-FLOW: DBG:PUTS:     auto_generate -export -pcore_version 1.00.a -rtl vlog -tool Vivado -impltomg_flag
Execute     get_solution -flow_target 
Execute     get_config_export -xo 
Execute     get_config_export -format 
Execute     get_config_export -ip_xdc_file 
Execute     get_config_export -ip_xdc_ooc_file 
Execute     source D:/IITMadrasICS/1-2/EE5332Project/float/proj_float5/solution1/.autopilot/db/global.setting.tcl 
INFO-FLOW: DBG:PUTS: read_platform_lib D:/IITMadrasICS/1-2/EE5332Project/float/proj_float5/solution1/.autopilot/db/global.setting.tcl
Execute     source D:/Xilinx/Vitis_HLS/2021.1/common/technology/generic/autopilot/common.gen 
Execute       source D:/Xilinx/Vitis_HLS/2021.1/common/technology/generic/autopilot/APCoreGen.gen 
Execute     source D:/Xilinx/Vitis_HLS/2021.1/common/technology/generic/autopilot/op.gen 
Execute     source D:/Xilinx/Vitis_HLS/2021.1/common/technology/generic/autopilot/op_simcore.gen 
Execute     source D:/Xilinx/Vitis_HLS/2021.1/common/technology/generic/autopilot/interface.gen 
Execute     source D:/IITMadrasICS/1-2/EE5332Project/float/proj_float5/solution1/.autopilot/db/global.setting.tcl 
Execute     source D:/Xilinx/Vitis_HLS/2021.1/common/technology/xilinx/common/xilinx.gen 
Execute       source D:/Xilinx/Vitis_HLS/2021.1/common/technology/xilinx/interface/plb46.gen 
Execute       source D:/Xilinx/Vitis_HLS/2021.1/common/technology/xilinx/interface/axi4.gen 
Execute       source D:/Xilinx/Vitis_HLS/2021.1/common/technology/xilinx/interface/nativeAXI4.gen 
Execute         source D:/Xilinx/Vitis_HLS/2021.1/common/technology/xilinx/interface/saxilite.gen 
Execute         source D:/Xilinx/Vitis_HLS/2021.1/common/technology/xilinx/interface/maxi.gen 
Execute       source D:/Xilinx/Vitis_HLS/2021.1/common/technology/xilinx/scripts/xilinxcoregen.gen 
Execute       source D:/Xilinx/Vitis_HLS/2021.1/common/technology/xilinx/interface/XilEDKCoreGen.gen 
Execute       source D:/Xilinx/Vitis_HLS/2021.1/common/technology/xilinx/ip/dds_compiler.gen 
Execute       source D:/Xilinx/Vitis_HLS/2021.1/common/technology/xilinx/ip/util.gen 
Execute       source D:/Xilinx/Vitis_HLS/2021.1/common/technology/xilinx/ip/xfft.gen 
Execute       source D:/Xilinx/Vitis_HLS/2021.1/common/technology/xilinx/ip/xfir.gen 
Execute       source D:/Xilinx/Vitis_HLS/2021.1/common/technology/xilinx/DSP48/dsp48.gen 
Command     ap_source done; 0.127 sec.
INFO-FLOW: DBG:PUTS:   using AESL_AUTOCG::g_clock_period=10.000 (was NA)
INFO-FLOW: DBG:PUTS:       initCTypeInfo top_module=conv2d xml_exists=0
Execute     source D:/IITMadrasICS/1-2/EE5332Project/float/proj_float5/solution1/.autopilot/db/conv2d.rtl_wrap.cfg.tcl 
Execute     source D:/IITMadrasICS/1-2/EE5332Project/float/proj_float5/solution1/.autopilot/db/conv2d.rtl_wrap.cfg.tcl 
Execute     source D:/IITMadrasICS/1-2/EE5332Project/float/proj_float5/solution1/.autopilot/db/conv2d.rtl_wrap.cfg.tcl 
Execute     source D:/IITMadrasICS/1-2/EE5332Project/float/proj_float5/solution1/.autopilot/db/conv2d.tbgen.tcl 
Execute     source D:/IITMadrasICS/1-2/EE5332Project/float/proj_float5/solution1/.autopilot/db/conv2d.tbgen.tcl 
Execute     get_config_export -disable_deadlock_detection 
Execute     source D:/IITMadrasICS/1-2/EE5332Project/float/proj_float5/solution1/.autopilot/db/global.setting.tcl 
Execute     source D:/IITMadrasICS/1-2/EE5332Project/float/proj_float5/solution1/.autopilot/db/conv2d.tbgen.tcl 
Execute     get_config_rtl -module_prefix 
INFO-FLOW: DBG:PUTS:       cosim_export_main adding deadlock detection to conv2d
INFO-FLOW: DBG:PUTS: Skipping loadAnalyze_DB, #g_database=40
INFO-FLOW: DBG:PUTS:       generate_json generate_bd_files=0 generate_xo_files=false #modelList=20 #gSsdmPorts=0
INFO-FLOW: DBG:PROC: ::AP::DESIGN_DATA::generate_json generate_bd_files='0' generate_xo_files='false' modelList='conv2d_fadd_32ns_32ns_32_5_full_dsp_1
conv2d_fmul_32ns_32ns_32_4_max_dsp_1
conv2d_mul_32ns_32ns_64_1_1
conv2d_line_buf_0
conv2d_control_s_axi
conv2d_regslice_both
conv2d_regslice_both
conv2d_regslice_both
conv2d_regslice_both
conv2d_regslice_both
conv2d_regslice_both
conv2d_regslice_both
conv2d_regslice_both
conv2d_regslice_both
conv2d_regslice_both
conv2d_regslice_both
conv2d_regslice_both
conv2d_regslice_both
conv2d_regslice_both
conv2d
' rtl_lang='vlog' bootstrap_tcl='false' outdir='' outfilename=''
Execute     source D:/Xilinx/Vitis_HLS/2021.1/tps/tcl/tcllib1.11.1/yaml/huddle.tcl 
Execute     source D:/Xilinx/Vitis_HLS/2021.1/tps/tcl/tcllib1.11.1/yaml/json2huddle.tcl 
Execute       source D:/Xilinx/Vitis_HLS/2021.1/tps/tcl/tcllib1.11.1/try/try.tcl 
Execute     source D:/IITMadrasICS/1-2/EE5332Project/float/proj_float5/solution1/.autopilot/db/global.setting.tcl 
Execute     source D:/IITMadrasICS/1-2/EE5332Project/float/proj_float5/solution1/.autopilot/db/global.setting.tcl 
Execute     get_solution -flow_target 
Execute     get_config_export -xo 
Execute     get_config_export -format 
Execute     source D:/IITMadrasICS/1-2/EE5332Project/float/proj_float5/solution1/.autopilot/db/top-io-be.tcl 
Execute     source D:/IITMadrasICS/1-2/EE5332Project/float/proj_float5/solution1/.autopilot/db/conv2d.tbgen.tcl 
Execute     source D:/IITMadrasICS/1-2/EE5332Project/float/proj_float5/solution1/.autopilot/db/conv2d.compgen.dataonly.tcl 
Execute     source D:/IITMadrasICS/1-2/EE5332Project/float/proj_float5/solution1/.autopilot/db/conv2d.compgen.dataonly.tcl 
Execute     source D:/IITMadrasICS/1-2/EE5332Project/float/proj_float5/solution1/.autopilot/db/conv2d.rtl_wrap.cfg.tcl 
Execute     source D:/IITMadrasICS/1-2/EE5332Project/float/proj_float5/solution1/.autopilot/db/conv2d.compgen.dataonly.tcl 
Execute     get_config_export -format 
Execute     ap_part_info -name xc7z020-clg400-1 -data names -quiet 
Execute     ap_part_info -name xc7z020-clg400-1 -data info -quiet 
Execute     source D:/IITMadrasICS/1-2/EE5332Project/float/proj_float5/solution1/.autopilot/db/conv2d.tbgen.tcl 
Execute     source D:/IITMadrasICS/1-2/EE5332Project/float/proj_float5/solution1/.autopilot/db/global.setting.tcl 
Execute     ap_part_info -name xc7z020-clg400-1 -data names -quiet 
Execute     ap_part_info -name xc7z020-clg400-1 -data info -quiet 
Execute     get_solution -flow_target 
Execute     get_config_rtl -kernel_profile 
Execute     get_config_rtl -kernel_profile 
Execute     get_config_rtl -stall_sig_gen 
Execute     get_config_rtl -profile 
Execute     source D:/IITMadrasICS/1-2/EE5332Project/float/proj_float5/solution1/.autopilot/db/conv2d.constraint.tcl 
Execute     sc_get_clocks conv2d 
Execute     source D:/IITMadrasICS/1-2/EE5332Project/float/proj_float5/solution1/.autopilot/db/global.setting.tcl 
Execute     get_config_export -ip_xdc_file 
Execute     get_config_export -ip_xdc_ooc_file 
Execute     get_config_debug -directory 
Execute     source D:/IITMadrasICS/1-2/EE5332Project/float/proj_float5/solution1/impl/misc/conv2d_fadd_32ns_32ns_32_4_full_dsp_1_ip.tcl 
Execute     source D:/IITMadrasICS/1-2/EE5332Project/float/proj_float5/solution1/impl/misc/conv2d_fadd_32ns_32ns_32_5_full_dsp_1_ip.tcl 
Execute     source D:/IITMadrasICS/1-2/EE5332Project/float/proj_float5/solution1/impl/misc/conv2d_fmul_32ns_32ns_32_2_max_dsp_1_ip.tcl 
Execute     source D:/IITMadrasICS/1-2/EE5332Project/float/proj_float5/solution1/impl/misc/conv2d_fmul_32ns_32ns_32_4_max_dsp_1_ip.tcl 
Execute     get_config_export -disable_deadlock_detection 
Execute     source D:/IITMadrasICS/1-2/EE5332Project/float/proj_float5/solution1/.autopilot/db/global.setting.tcl 
Execute     source D:/IITMadrasICS/1-2/EE5332Project/float/proj_float5/solution1/.autopilot/db/conv2d.tbgen.tcl 
Execute     get_config_rtl -module_prefix 
INFO-FLOW: DBG:PUTS:       cosim_export_main adding deadlock detection to conv2d
INFO-FLOW: DBG:PUTS:       copy ip_driver_dir 1_0 D:/IITMadrasICS/1-2/EE5332Project/float/proj_float5/solution1/.autopilot/db/driver
Execute     get_config_export -format 
INFO-FLOW: DBG:PUTS:       generate_ip_script #gSsdmPorts=0 g_lang=vlog is_sdaccel=false is_sdsoc=true xo_file=
Execute     ap_part_info -name xc7z020-clg400-1 -data names -quiet 
Execute     ap_part_info -name xc7z020-clg400-1 -data info -quiet 
Execute     ap_part_info -name xc7z020-clg400-1 -data names -quiet 
Execute     ap_part_info -name xc7z020-clg400-1 -data info -quiet 
Execute     source D:/IITMadrasICS/1-2/EE5332Project/float/proj_float5/solution1/.autopilot/db/conv2d.compgen.dataonly.tcl 
Execute     source D:/IITMadrasICS/1-2/EE5332Project/float/proj_float5/solution1/.autopilot/db/conv2d.compgen.dataonly.tcl 
Execute     source D:/IITMadrasICS/1-2/EE5332Project/float/proj_float5/solution1/.autopilot/db/conv2d.tbgen.tcl 
Execute     source D:/IITMadrasICS/1-2/EE5332Project/float/proj_float5/solution1/.autopilot/db/conv2d.tbgen.tcl 
Execute     source D:/IITMadrasICS/1-2/EE5332Project/float/proj_float5/solution1/.autopilot/db/conv2d.tbgen.tcl 
Execute     source D:/IITMadrasICS/1-2/EE5332Project/float/proj_float5/solution1/.autopilot/db/conv2d.tbgen.tcl 
Execute     source D:/IITMadrasICS/1-2/EE5332Project/float/proj_float5/solution1/.autopilot/db/conv2d.tbgen.tcl 
Execute     source D:/IITMadrasICS/1-2/EE5332Project/float/proj_float5/solution1/.autopilot/db/conv2d.tbgen.tcl 
Execute     source D:/IITMadrasICS/1-2/EE5332Project/float/proj_float5/solution1/.autopilot/db/conv2d.tbgen.tcl 
Execute     source D:/IITMadrasICS/1-2/EE5332Project/float/proj_float5/solution1/.autopilot/db/global.setting.tcl 
Execute     get_config_debug -directory 
INFO-FLOW: DBG:PUTS:       generate_top_info
INFO-FLOW: DBG:PUTS:       prepArgInfo -> loadAnalyze_DB top_module=conv2d
Execute     source D:/IITMadrasICS/1-2/EE5332Project/float/proj_float5/solution1/.autopilot/db/conv2d.rtl_wrap.cfg.tcl 
Execute     source D:/IITMadrasICS/1-2/EE5332Project/float/proj_float5/solution1/.autopilot/db/conv2d.rtl_wrap.cfg.tcl 
Execute     source D:/IITMadrasICS/1-2/EE5332Project/float/proj_float5/solution1/.autopilot/db/conv2d.rtl_wrap.cfg.tcl 
Execute     source D:/IITMadrasICS/1-2/EE5332Project/float/proj_float5/solution1/.autopilot/db/conv2d.tbgen.tcl 
Execute     source D:/IITMadrasICS/1-2/EE5332Project/float/proj_float5/solution1/.autopilot/db/conv2d.tbgen.tcl 
Execute     ap_part_info -name xc7z020-clg400-1 -data names -quiet 
Execute     ap_part_info -name xc7z020-clg400-1 -data info -quiet 
Execute     source D:/IITMadrasICS/1-2/EE5332Project/float/proj_float5/solution1/.autopilot/db/global.setting.tcl 
Execute     ap_part_info -name xc7z020-clg400-1 -data names -quiet 
Execute     ap_part_info -name xc7z020-clg400-1 -data info -quiet 
Execute     ap_part_info -name xc7z020-clg400-1 -data names -quiet 
Execute     ap_part_info -name xc7z020-clg400-1 -data info -quiet 
Execute     source D:/IITMadrasICS/1-2/EE5332Project/float/proj_float5/solution1/.autopilot/db/conv2d.tbgen.tcl 
Execute     source D:/IITMadrasICS/1-2/EE5332Project/float/proj_float5/solution1/.autopilot/db/global.setting.tcl 
Execute     get_config_export -ip_xdc_ooc_file 
Execute     get_config_export -ip_xdc_file 
Execute     source D:/IITMadrasICS/1-2/EE5332Project/float/proj_float5/solution1/.autopilot/db/conv2d.constraint.tcl 
INFO-FLOW: DBG:PUTS:       generate_ipi_example_script
Execute     ap_part_info -name xc7z020-clg400-1 -data names -quiet 
Execute     ap_part_info -name xc7z020-clg400-1 -data info -quiet 
Execute     ap_part_info -name xc7z020-clg400-1 -data names -quiet 
Execute     ap_part_info -name xc7z020-clg400-1 -data info -quiet 
INFO-FLOW: DBG:PUTS:       generate_syn_sh
Execute     ap_part_info -name xc7z020-clg400-1 -data names -quiet 
Execute     ap_part_info -name xc7z020-clg400-1 -data info -quiet 
Execute     source D:/IITMadrasICS/1-2/EE5332Project/float/proj_float5/solution1/.autopilot/db/global.setting.tcl 
INFO-FLOW: DBG:PUTS:       generate_imp_constraints
Execute     ap_part_info -name xc7z020-clg400-1 -data names -quiet 
Execute     ap_part_info -name xc7z020-clg400-1 -data info -quiet 
Execute     source D:/IITMadrasICS/1-2/EE5332Project/float/proj_float5/solution1/.autopilot/db/conv2d.constraint.tcl 
Execute     source D:/IITMadrasICS/1-2/EE5332Project/float/proj_float5/solution1/.autopilot/db/conv2d.tbgen.tcl 
INFO-FLOW: DBG:PUTS:       delete-temp-dirs (skipped for debug)
Execute     ap_part_info -name xc7z020-clg400-1 -data names -quiet 
Execute     ap_part_info -name xc7z020-clg400-1 -data info -quiet 
INFO-FLOW: DBG:PUTS: read_platform_lib D:/IITMadrasICS/1-2/EE5332Project/float/proj_float5/solution1/.autopilot/db/global.setting.tcl
Execute     source D:/Xilinx/Vitis_HLS/2021.1/common/technology/generic/autopilot/common.gen 
Execute       source D:/Xilinx/Vitis_HLS/2021.1/common/technology/generic/autopilot/APCoreGen.gen 
Execute     source D:/Xilinx/Vitis_HLS/2021.1/common/technology/generic/autopilot/op.gen 
Execute     source D:/Xilinx/Vitis_HLS/2021.1/common/technology/generic/autopilot/op_simcore.gen 
Execute     source D:/Xilinx/Vitis_HLS/2021.1/common/technology/generic/autopilot/interface.gen 
Execute     source D:/IITMadrasICS/1-2/EE5332Project/float/proj_float5/solution1/.autopilot/db/global.setting.tcl 
Execute     source D:/Xilinx/Vitis_HLS/2021.1/common/technology/xilinx/common/xilinx.gen 
Execute       source D:/Xilinx/Vitis_HLS/2021.1/common/technology/xilinx/interface/plb46.gen 
Execute       source D:/Xilinx/Vitis_HLS/2021.1/common/technology/xilinx/interface/axi4.gen 
Execute       source D:/Xilinx/Vitis_HLS/2021.1/common/technology/xilinx/interface/nativeAXI4.gen 
Execute         source D:/Xilinx/Vitis_HLS/2021.1/common/technology/xilinx/interface/saxilite.gen 
Execute         source D:/Xilinx/Vitis_HLS/2021.1/common/technology/xilinx/interface/maxi.gen 
Execute       source D:/Xilinx/Vitis_HLS/2021.1/common/technology/xilinx/scripts/xilinxcoregen.gen 
Execute       source D:/Xilinx/Vitis_HLS/2021.1/common/technology/xilinx/interface/XilEDKCoreGen.gen 
Execute       source D:/Xilinx/Vitis_HLS/2021.1/common/technology/xilinx/ip/dds_compiler.gen 
Execute       source D:/Xilinx/Vitis_HLS/2021.1/common/technology/xilinx/ip/util.gen 
Execute       source D:/Xilinx/Vitis_HLS/2021.1/common/technology/xilinx/ip/xfft.gen 
Execute       source D:/Xilinx/Vitis_HLS/2021.1/common/technology/xilinx/ip/xfir.gen 
Execute       source D:/Xilinx/Vitis_HLS/2021.1/common/technology/xilinx/DSP48/dsp48.gen 
INFO-FLOW: DBG:PUTS:     IP package: exec D:/IITMadrasICS/1-2/EE5332Project/float/proj_float5/solution1/impl/ip/pack.bat
INFO-FLOW: DBG:PUTS:     IP package: success D:/IITMadrasICS/1-2/EE5332Project/float/proj_float5/solution1/impl/ip/pack.bat
Execute     get_config_export -output 
Execute     send_msg_by_id INFO @200-802@%s proj_float5/solution1/impl/export.zip 
INFO: [HLS 200-802] Generated output file proj_float5/solution1/impl/export.zip
Command   export_design done; 17.969 sec.
INFO: [HLS 200-111] Finished Command export_design CPU user time: 3 seconds. CPU system time: 0 seconds. Elapsed time: 17.987 seconds; current allocated memory: 123.609 MB.
Command ap_source done; 18.902 sec.
Execute cleanup_all 
