

================================================================
== Vitis HLS Report for 'conv2d'
================================================================
* Date:           Sat May  1 16:11:03 2021

* Version:        2021.1 (Build 3247384 on Thu Jun 10 19:36:33 MDT 2021)
* Project:        proj_float5
* Solution:       solution1 (Vivado IP Flow Target)
* Product family: zynq
* Target device:  xc7z020-clg400-1


================================================================
== Performance Estimates
================================================================
+ Timing: 
    * Summary: 
    +--------+----------+----------+------------+
    |  Clock |  Target  | Estimated| Uncertainty|
    +--------+----------+----------+------------+
    |ap_clk  |  10.00 ns|  8.510 ns|     1.25 ns|
    +--------+----------+----------+------------+

+ Latency: 
    * Summary: 
    +---------+---------+----------+----------+-----+-----+---------+
    |  Latency (cycles) |  Latency (absolute) |  Interval | Pipeline|
    |   min   |   max   |    min   |    max   | min | max |   Type  |
    +---------+---------+----------+----------+-----+-----+---------+
    |        ?|        ?|         ?|         ?|    ?|    ?|       no|
    +---------+---------+----------+----------+-----+-----+---------+

    + Detail: 
        * Instance: 
        N/A

        * Loop: 
        +-----------------------+---------+---------+----------+-----------+-----------+------+----------+
        |                       |  Latency (cycles) | Iteration|  Initiation Interval  | Trip |          |
        |       Loop Name       |   min   |   max   |  Latency |  achieved |   target  | Count| Pipelined|
        +-----------------------+---------+---------+----------+-----------+-----------+------+----------+
        |- ROW_SLIDE_COL_SLIDE  |        ?|        ?|       141|          1|          1|     ?|       yes|
        +-----------------------+---------+---------+----------+-----------+-----------+------+----------+

============================================================
+ Verbose Summary: Synthesis Manager
============================================================
InlineROM: 1
ExposeGlobal: 0
============================================================
+ Verbose Summary: CDFG Model
============================================================
IsTopModel: 1
ResetActiveHigh: 1
IsCombinational: 0
IsDatapathOnly: 0
HasWiredReturn: 1
HasMFsm: 2
HasVarLatency: 1
IsPipeline: 0
IsRtlPipelined: 0
IsInstanceOverlapped: 0
IsDontTouch: 0
HasImplIP: 0
IsGatedGlobalClock: 0

+ Individual pipeline summary: 
  * Pipeline-0: initiation interval (II) = 1, depth = 141


============================================================
+ Verbose Summary: Schedule
============================================================
* Number of FSM states : 144
* Pipeline : 1
  Pipeline-0 : II = 1, D = 141, States = { 3 4 5 6 7 8 9 10 11 12 13 14 15 16 17 18 19 20 21 22 23 24 25 26 27 28 29 30 31 32 33 34 35 36 37 38 39 40 41 42 43 44 45 46 47 48 49 50 51 52 53 54 55 56 57 58 59 60 61 62 63 64 65 66 67 68 69 70 71 72 73 74 75 76 77 78 79 80 81 82 83 84 85 86 87 88 89 90 91 92 93 94 95 96 97 98 99 100 101 102 103 104 105 106 107 108 109 110 111 112 113 114 115 116 117 118 119 120 121 122 123 124 125 126 127 128 129 130 131 132 133 134 135 136 137 138 139 140 141 142 143 }
* Dataflow Pipeline: 0

* FSM state transitions: 
1 --> 2 
2 --> 3 
3 --> 144 4 
4 --> 5 
5 --> 6 
6 --> 7 
7 --> 8 
8 --> 9 
9 --> 10 
10 --> 11 
11 --> 12 
12 --> 13 
13 --> 14 
14 --> 15 
15 --> 16 
16 --> 17 
17 --> 18 
18 --> 19 
19 --> 20 
20 --> 21 
21 --> 22 
22 --> 23 
23 --> 24 
24 --> 25 
25 --> 26 
26 --> 27 
27 --> 28 
28 --> 29 
29 --> 30 
30 --> 31 
31 --> 32 
32 --> 33 
33 --> 34 
34 --> 35 
35 --> 36 
36 --> 37 
37 --> 38 
38 --> 39 
39 --> 40 
40 --> 41 
41 --> 42 
42 --> 43 
43 --> 44 
44 --> 45 
45 --> 46 
46 --> 47 
47 --> 48 
48 --> 49 
49 --> 50 
50 --> 51 
51 --> 52 
52 --> 53 
53 --> 54 
54 --> 55 
55 --> 56 
56 --> 57 
57 --> 58 
58 --> 59 
59 --> 60 
60 --> 61 
61 --> 62 
62 --> 63 
63 --> 64 
64 --> 65 
65 --> 66 
66 --> 67 
67 --> 68 
68 --> 69 
69 --> 70 
70 --> 71 
71 --> 72 
72 --> 73 
73 --> 74 
74 --> 75 
75 --> 76 
76 --> 77 
77 --> 78 
78 --> 79 
79 --> 80 
80 --> 81 
81 --> 82 
82 --> 83 
83 --> 84 
84 --> 85 
85 --> 86 
86 --> 87 
87 --> 88 
88 --> 89 
89 --> 90 
90 --> 91 
91 --> 92 
92 --> 93 
93 --> 94 
94 --> 95 
95 --> 96 
96 --> 97 
97 --> 98 
98 --> 99 
99 --> 100 
100 --> 101 
101 --> 102 
102 --> 103 
103 --> 104 
104 --> 105 
105 --> 106 
106 --> 107 
107 --> 108 
108 --> 109 
109 --> 110 
110 --> 111 
111 --> 112 
112 --> 113 
113 --> 114 
114 --> 115 
115 --> 116 
116 --> 117 
117 --> 118 
118 --> 119 
119 --> 120 
120 --> 121 
121 --> 122 
122 --> 123 
123 --> 124 
124 --> 125 
125 --> 126 
126 --> 127 
127 --> 128 
128 --> 129 
129 --> 130 
130 --> 131 
131 --> 132 
132 --> 133 
133 --> 134 
134 --> 135 
135 --> 136 
136 --> 137 
137 --> 138 
138 --> 139 
139 --> 140 
140 --> 141 
141 --> 142 
142 --> 143 
143 --> 3 
144 --> 

* FSM state operations: 

State 1 <SV = 0> <Delay = 3.55>
ST_1 : Operation 145 [1/1] (0.00ns)   --->   "%reuse_addr_reg62 = alloca i32 1"   --->   Operation 145 'alloca' 'reuse_addr_reg62' <Predicate = true> <Delay = 0.00>
ST_1 : Operation 146 [1/1] (0.00ns)   --->   "%reuse_reg61 = alloca i32 1"   --->   Operation 146 'alloca' 'reuse_reg61' <Predicate = true> <Delay = 0.00>
ST_1 : Operation 147 [1/1] (0.00ns)   --->   "%reuse_addr_reg56 = alloca i32 1"   --->   Operation 147 'alloca' 'reuse_addr_reg56' <Predicate = true> <Delay = 0.00>
ST_1 : Operation 148 [1/1] (0.00ns)   --->   "%reuse_reg55 = alloca i32 1"   --->   Operation 148 'alloca' 'reuse_reg55' <Predicate = true> <Delay = 0.00>
ST_1 : Operation 149 [1/1] (0.00ns)   --->   "%reuse_addr_reg50 = alloca i32 1"   --->   Operation 149 'alloca' 'reuse_addr_reg50' <Predicate = true> <Delay = 0.00>
ST_1 : Operation 150 [1/1] (0.00ns)   --->   "%reuse_reg49 = alloca i32 1"   --->   Operation 150 'alloca' 'reuse_reg49' <Predicate = true> <Delay = 0.00>
ST_1 : Operation 151 [1/1] (0.00ns)   --->   "%reuse_addr_reg = alloca i32 1"   --->   Operation 151 'alloca' 'reuse_addr_reg' <Predicate = true> <Delay = 0.00>
ST_1 : Operation 152 [1/1] (0.00ns)   --->   "%reuse_reg = alloca i32 1"   --->   Operation 152 'alloca' 'reuse_reg' <Predicate = true> <Delay = 0.00>
ST_1 : Operation 153 [1/1] (0.00ns)   --->   "%col = alloca i32 1"   --->   Operation 153 'alloca' 'col' <Predicate = true> <Delay = 0.00>
ST_1 : Operation 154 [1/1] (0.00ns)   --->   "%window_4_3_loc_1 = alloca i32 1"   --->   Operation 154 'alloca' 'window_4_3_loc_1' <Predicate = true> <Delay = 0.00>
ST_1 : Operation 155 [1/1] (0.00ns)   --->   "%window_4_2_loc_1 = alloca i32 1"   --->   Operation 155 'alloca' 'window_4_2_loc_1' <Predicate = true> <Delay = 0.00>
ST_1 : Operation 156 [1/1] (0.00ns)   --->   "%window_load_1_4_0 = alloca i32 1"   --->   Operation 156 'alloca' 'window_load_1_4_0' <Predicate = true> <Delay = 0.00>
ST_1 : Operation 157 [1/1] (0.00ns)   --->   "%window_3_3_loc_1 = alloca i32 1"   --->   Operation 157 'alloca' 'window_3_3_loc_1' <Predicate = true> <Delay = 0.00>
ST_1 : Operation 158 [1/1] (0.00ns)   --->   "%window_3_2_loc_1 = alloca i32 1"   --->   Operation 158 'alloca' 'window_3_2_loc_1' <Predicate = true> <Delay = 0.00>
ST_1 : Operation 159 [1/1] (0.00ns)   --->   "%window_load_1_3_0 = alloca i32 1"   --->   Operation 159 'alloca' 'window_load_1_3_0' <Predicate = true> <Delay = 0.00>
ST_1 : Operation 160 [1/1] (0.00ns)   --->   "%window_2_3_loc_1 = alloca i32 1"   --->   Operation 160 'alloca' 'window_2_3_loc_1' <Predicate = true> <Delay = 0.00>
ST_1 : Operation 161 [1/1] (0.00ns)   --->   "%window_2_2_loc_1 = alloca i32 1"   --->   Operation 161 'alloca' 'window_2_2_loc_1' <Predicate = true> <Delay = 0.00>
ST_1 : Operation 162 [1/1] (0.00ns)   --->   "%window_load_1_2_0 = alloca i32 1"   --->   Operation 162 'alloca' 'window_load_1_2_0' <Predicate = true> <Delay = 0.00>
ST_1 : Operation 163 [1/1] (0.00ns)   --->   "%window_1_3_loc_1 = alloca i32 1"   --->   Operation 163 'alloca' 'window_1_3_loc_1' <Predicate = true> <Delay = 0.00>
ST_1 : Operation 164 [1/1] (0.00ns)   --->   "%window_1_2_loc_1 = alloca i32 1"   --->   Operation 164 'alloca' 'window_1_2_loc_1' <Predicate = true> <Delay = 0.00>
ST_1 : Operation 165 [1/1] (0.00ns)   --->   "%window_load_1_1_0 = alloca i32 1"   --->   Operation 165 'alloca' 'window_load_1_1_0' <Predicate = true> <Delay = 0.00>
ST_1 : Operation 166 [1/1] (0.00ns)   --->   "%window_0_3_loc_1 = alloca i32 1"   --->   Operation 166 'alloca' 'window_0_3_loc_1' <Predicate = true> <Delay = 0.00>
ST_1 : Operation 167 [1/1] (0.00ns)   --->   "%window_0_2_loc_1 = alloca i32 1"   --->   Operation 167 'alloca' 'window_0_2_loc_1' <Predicate = true> <Delay = 0.00>
ST_1 : Operation 168 [1/1] (0.00ns)   --->   "%window_load_1_0_0 = alloca i32 1"   --->   Operation 168 'alloca' 'window_load_1_0_0' <Predicate = true> <Delay = 0.00>
ST_1 : Operation 169 [1/1] (0.00ns)   --->   "%row = alloca i32 1"   --->   Operation 169 'alloca' 'row' <Predicate = true> <Delay = 0.00>
ST_1 : Operation 170 [1/1] (0.00ns)   --->   "%indvar_flatten = alloca i32 1"   --->   Operation 170 'alloca' 'indvar_flatten' <Predicate = true> <Delay = 0.00>
ST_1 : Operation 171 [1/1] (1.00ns)   --->   "%img_size_read = read i32 @_ssdm_op_Read.s_axilite.i32, i32 %img_size"   --->   Operation 171 'read' 'img_size_read' <Predicate = true> <Delay = 1.00> <CoreInst = "s_axilite">   --->   Core 114 's_axilite' <Latency = 0> <II = 1> <Delay = 1.00> <Adapter> <Opcode : 'read' 'write'>
ST_1 : Operation 172 [1/1] (2.55ns)   --->   "%virt_size = add i32 %img_size_read, i32 4" [twodconv.cpp:39]   --->   Operation 172 'add' 'virt_size' <Predicate = true> <Delay = 2.55> <CoreInst = "Adder">   --->   Core 1 'Adder' <Latency = 0> <II = 1> <Delay = 1.82> <FuncUnit> <Opcode : 'add' 'sub'> <InPorts = 2> <OutPorts = 1>
ST_1 : Operation 173 [1/1] (1.00ns)   --->   "%kernel_in_4_4_read = read i32 @_ssdm_op_Read.s_axilite.i32P0A, i32 %kernel_in_4_4"   --->   Operation 173 'read' 'kernel_in_4_4_read' <Predicate = true> <Delay = 1.00> <CoreInst = "s_axilite">   --->   Core 114 's_axilite' <Latency = 0> <II = 1> <Delay = 1.00> <Adapter> <Opcode : 'read' 'write'>
ST_1 : Operation 174 [1/1] (1.00ns)   --->   "%kernel_in_4_0_read = read i32 @_ssdm_op_Read.s_axilite.i32P0A, i32 %kernel_in_4_0"   --->   Operation 174 'read' 'kernel_in_4_0_read' <Predicate = true> <Delay = 1.00> <CoreInst = "s_axilite">   --->   Core 114 's_axilite' <Latency = 0> <II = 1> <Delay = 1.00> <Adapter> <Opcode : 'read' 'write'>
ST_1 : Operation 175 [1/1] (1.00ns)   --->   "%kernel_in_4_1_read = read i32 @_ssdm_op_Read.s_axilite.i32P0A, i32 %kernel_in_4_1"   --->   Operation 175 'read' 'kernel_in_4_1_read' <Predicate = true> <Delay = 1.00> <CoreInst = "s_axilite">   --->   Core 114 's_axilite' <Latency = 0> <II = 1> <Delay = 1.00> <Adapter> <Opcode : 'read' 'write'>
ST_1 : Operation 176 [1/1] (1.00ns)   --->   "%kernel_in_4_2_read = read i32 @_ssdm_op_Read.s_axilite.i32P0A, i32 %kernel_in_4_2"   --->   Operation 176 'read' 'kernel_in_4_2_read' <Predicate = true> <Delay = 1.00> <CoreInst = "s_axilite">   --->   Core 114 's_axilite' <Latency = 0> <II = 1> <Delay = 1.00> <Adapter> <Opcode : 'read' 'write'>
ST_1 : Operation 177 [1/1] (1.00ns)   --->   "%kernel_in_4_3_read = read i32 @_ssdm_op_Read.s_axilite.i32P0A, i32 %kernel_in_4_3"   --->   Operation 177 'read' 'kernel_in_4_3_read' <Predicate = true> <Delay = 1.00> <CoreInst = "s_axilite">   --->   Core 114 's_axilite' <Latency = 0> <II = 1> <Delay = 1.00> <Adapter> <Opcode : 'read' 'write'>
ST_1 : Operation 178 [1/1] (1.00ns)   --->   "%kernel_in_0_4_read = read i32 @_ssdm_op_Read.s_axilite.i32P0A, i32 %kernel_in_0_4"   --->   Operation 178 'read' 'kernel_in_0_4_read' <Predicate = true> <Delay = 1.00> <CoreInst = "s_axilite">   --->   Core 114 's_axilite' <Latency = 0> <II = 1> <Delay = 1.00> <Adapter> <Opcode : 'read' 'write'>
ST_1 : Operation 179 [1/1] (1.00ns)   --->   "%kernel_in_0_0_read = read i32 @_ssdm_op_Read.s_axilite.i32P0A, i32 %kernel_in_0_0"   --->   Operation 179 'read' 'kernel_in_0_0_read' <Predicate = true> <Delay = 1.00> <CoreInst = "s_axilite">   --->   Core 114 's_axilite' <Latency = 0> <II = 1> <Delay = 1.00> <Adapter> <Opcode : 'read' 'write'>
ST_1 : Operation 180 [1/1] (1.00ns)   --->   "%kernel_in_0_1_read = read i32 @_ssdm_op_Read.s_axilite.i32P0A, i32 %kernel_in_0_1"   --->   Operation 180 'read' 'kernel_in_0_1_read' <Predicate = true> <Delay = 1.00> <CoreInst = "s_axilite">   --->   Core 114 's_axilite' <Latency = 0> <II = 1> <Delay = 1.00> <Adapter> <Opcode : 'read' 'write'>
ST_1 : Operation 181 [1/1] (1.00ns)   --->   "%kernel_in_0_2_read = read i32 @_ssdm_op_Read.s_axilite.i32P0A, i32 %kernel_in_0_2"   --->   Operation 181 'read' 'kernel_in_0_2_read' <Predicate = true> <Delay = 1.00> <CoreInst = "s_axilite">   --->   Core 114 's_axilite' <Latency = 0> <II = 1> <Delay = 1.00> <Adapter> <Opcode : 'read' 'write'>
ST_1 : Operation 182 [1/1] (1.00ns)   --->   "%kernel_in_0_3_read = read i32 @_ssdm_op_Read.s_axilite.i32P0A, i32 %kernel_in_0_3"   --->   Operation 182 'read' 'kernel_in_0_3_read' <Predicate = true> <Delay = 1.00> <CoreInst = "s_axilite">   --->   Core 114 's_axilite' <Latency = 0> <II = 1> <Delay = 1.00> <Adapter> <Opcode : 'read' 'write'>
ST_1 : Operation 183 [1/1] (1.00ns)   --->   "%kernel_in_1_4_read = read i32 @_ssdm_op_Read.s_axilite.i32P0A, i32 %kernel_in_1_4"   --->   Operation 183 'read' 'kernel_in_1_4_read' <Predicate = true> <Delay = 1.00> <CoreInst = "s_axilite">   --->   Core 114 's_axilite' <Latency = 0> <II = 1> <Delay = 1.00> <Adapter> <Opcode : 'read' 'write'>
ST_1 : Operation 184 [1/1] (1.00ns)   --->   "%kernel_in_1_0_read = read i32 @_ssdm_op_Read.s_axilite.i32P0A, i32 %kernel_in_1_0"   --->   Operation 184 'read' 'kernel_in_1_0_read' <Predicate = true> <Delay = 1.00> <CoreInst = "s_axilite">   --->   Core 114 's_axilite' <Latency = 0> <II = 1> <Delay = 1.00> <Adapter> <Opcode : 'read' 'write'>
ST_1 : Operation 185 [1/1] (1.00ns)   --->   "%kernel_in_1_1_read = read i32 @_ssdm_op_Read.s_axilite.i32P0A, i32 %kernel_in_1_1"   --->   Operation 185 'read' 'kernel_in_1_1_read' <Predicate = true> <Delay = 1.00> <CoreInst = "s_axilite">   --->   Core 114 's_axilite' <Latency = 0> <II = 1> <Delay = 1.00> <Adapter> <Opcode : 'read' 'write'>
ST_1 : Operation 186 [1/1] (1.00ns)   --->   "%kernel_in_1_2_read = read i32 @_ssdm_op_Read.s_axilite.i32P0A, i32 %kernel_in_1_2"   --->   Operation 186 'read' 'kernel_in_1_2_read' <Predicate = true> <Delay = 1.00> <CoreInst = "s_axilite">   --->   Core 114 's_axilite' <Latency = 0> <II = 1> <Delay = 1.00> <Adapter> <Opcode : 'read' 'write'>
ST_1 : Operation 187 [1/1] (1.00ns)   --->   "%kernel_in_1_3_read = read i32 @_ssdm_op_Read.s_axilite.i32P0A, i32 %kernel_in_1_3"   --->   Operation 187 'read' 'kernel_in_1_3_read' <Predicate = true> <Delay = 1.00> <CoreInst = "s_axilite">   --->   Core 114 's_axilite' <Latency = 0> <II = 1> <Delay = 1.00> <Adapter> <Opcode : 'read' 'write'>
ST_1 : Operation 188 [1/1] (1.00ns)   --->   "%kernel_in_2_4_read = read i32 @_ssdm_op_Read.s_axilite.i32P0A, i32 %kernel_in_2_4"   --->   Operation 188 'read' 'kernel_in_2_4_read' <Predicate = true> <Delay = 1.00> <CoreInst = "s_axilite">   --->   Core 114 's_axilite' <Latency = 0> <II = 1> <Delay = 1.00> <Adapter> <Opcode : 'read' 'write'>
ST_1 : Operation 189 [1/1] (1.00ns)   --->   "%kernel_in_2_0_read = read i32 @_ssdm_op_Read.s_axilite.i32P0A, i32 %kernel_in_2_0"   --->   Operation 189 'read' 'kernel_in_2_0_read' <Predicate = true> <Delay = 1.00> <CoreInst = "s_axilite">   --->   Core 114 's_axilite' <Latency = 0> <II = 1> <Delay = 1.00> <Adapter> <Opcode : 'read' 'write'>
ST_1 : Operation 190 [1/1] (1.00ns)   --->   "%kernel_in_2_1_read = read i32 @_ssdm_op_Read.s_axilite.i32P0A, i32 %kernel_in_2_1"   --->   Operation 190 'read' 'kernel_in_2_1_read' <Predicate = true> <Delay = 1.00> <CoreInst = "s_axilite">   --->   Core 114 's_axilite' <Latency = 0> <II = 1> <Delay = 1.00> <Adapter> <Opcode : 'read' 'write'>
ST_1 : Operation 191 [1/1] (1.00ns)   --->   "%kernel_in_2_2_read = read i32 @_ssdm_op_Read.s_axilite.i32P0A, i32 %kernel_in_2_2"   --->   Operation 191 'read' 'kernel_in_2_2_read' <Predicate = true> <Delay = 1.00> <CoreInst = "s_axilite">   --->   Core 114 's_axilite' <Latency = 0> <II = 1> <Delay = 1.00> <Adapter> <Opcode : 'read' 'write'>
ST_1 : Operation 192 [1/1] (1.00ns)   --->   "%kernel_in_2_3_read = read i32 @_ssdm_op_Read.s_axilite.i32P0A, i32 %kernel_in_2_3"   --->   Operation 192 'read' 'kernel_in_2_3_read' <Predicate = true> <Delay = 1.00> <CoreInst = "s_axilite">   --->   Core 114 's_axilite' <Latency = 0> <II = 1> <Delay = 1.00> <Adapter> <Opcode : 'read' 'write'>
ST_1 : Operation 193 [1/1] (1.00ns)   --->   "%kernel_in_3_4_read = read i32 @_ssdm_op_Read.s_axilite.i32P0A, i32 %kernel_in_3_4"   --->   Operation 193 'read' 'kernel_in_3_4_read' <Predicate = true> <Delay = 1.00> <CoreInst = "s_axilite">   --->   Core 114 's_axilite' <Latency = 0> <II = 1> <Delay = 1.00> <Adapter> <Opcode : 'read' 'write'>
ST_1 : Operation 194 [1/1] (1.00ns)   --->   "%kernel_in_3_0_read = read i32 @_ssdm_op_Read.s_axilite.i32P0A, i32 %kernel_in_3_0"   --->   Operation 194 'read' 'kernel_in_3_0_read' <Predicate = true> <Delay = 1.00> <CoreInst = "s_axilite">   --->   Core 114 's_axilite' <Latency = 0> <II = 1> <Delay = 1.00> <Adapter> <Opcode : 'read' 'write'>
ST_1 : Operation 195 [1/1] (1.00ns)   --->   "%kernel_in_3_1_read = read i32 @_ssdm_op_Read.s_axilite.i32P0A, i32 %kernel_in_3_1"   --->   Operation 195 'read' 'kernel_in_3_1_read' <Predicate = true> <Delay = 1.00> <CoreInst = "s_axilite">   --->   Core 114 's_axilite' <Latency = 0> <II = 1> <Delay = 1.00> <Adapter> <Opcode : 'read' 'write'>
ST_1 : Operation 196 [1/1] (1.00ns)   --->   "%kernel_in_3_2_read = read i32 @_ssdm_op_Read.s_axilite.i32P0A, i32 %kernel_in_3_2"   --->   Operation 196 'read' 'kernel_in_3_2_read' <Predicate = true> <Delay = 1.00> <CoreInst = "s_axilite">   --->   Core 114 's_axilite' <Latency = 0> <II = 1> <Delay = 1.00> <Adapter> <Opcode : 'read' 'write'>
ST_1 : Operation 197 [1/1] (1.00ns)   --->   "%kernel_in_3_3_read = read i32 @_ssdm_op_Read.s_axilite.i32P0A, i32 %kernel_in_3_3"   --->   Operation 197 'read' 'kernel_in_3_3_read' <Predicate = true> <Delay = 1.00> <CoreInst = "s_axilite">   --->   Core 114 's_axilite' <Latency = 0> <II = 1> <Delay = 1.00> <Adapter> <Opcode : 'read' 'write'>
ST_1 : Operation 198 [1/1] (0.00ns)   --->   "%window_0_1_load = load i32 %window_0_1" [twodconv.cpp:49]   --->   Operation 198 'load' 'window_0_1_load' <Predicate = true> <Delay = 0.00>
ST_1 : Operation 199 [1/1] (0.00ns)   --->   "%window_0_2_load = load i32 %window_0_2" [twodconv.cpp:49]   --->   Operation 199 'load' 'window_0_2_load' <Predicate = true> <Delay = 0.00>
ST_1 : Operation 200 [1/1] (0.00ns)   --->   "%window_0_3_load = load i32 %window_0_3" [twodconv.cpp:49]   --->   Operation 200 'load' 'window_0_3_load' <Predicate = true> <Delay = 0.00>
ST_1 : Operation 201 [1/1] (0.00ns)   --->   "%window_1_1_load = load i32 %window_1_1" [twodconv.cpp:49]   --->   Operation 201 'load' 'window_1_1_load' <Predicate = true> <Delay = 0.00>
ST_1 : Operation 202 [1/1] (0.00ns)   --->   "%window_1_2_load = load i32 %window_1_2" [twodconv.cpp:49]   --->   Operation 202 'load' 'window_1_2_load' <Predicate = true> <Delay = 0.00>
ST_1 : Operation 203 [1/1] (0.00ns)   --->   "%window_1_3_load = load i32 %window_1_3" [twodconv.cpp:49]   --->   Operation 203 'load' 'window_1_3_load' <Predicate = true> <Delay = 0.00>
ST_1 : Operation 204 [1/1] (0.00ns)   --->   "%window_2_1_load = load i32 %window_2_1" [twodconv.cpp:49]   --->   Operation 204 'load' 'window_2_1_load' <Predicate = true> <Delay = 0.00>
ST_1 : Operation 205 [1/1] (0.00ns)   --->   "%window_2_2_load = load i32 %window_2_2" [twodconv.cpp:49]   --->   Operation 205 'load' 'window_2_2_load' <Predicate = true> <Delay = 0.00>
ST_1 : Operation 206 [1/1] (0.00ns)   --->   "%window_2_3_load = load i32 %window_2_3" [twodconv.cpp:49]   --->   Operation 206 'load' 'window_2_3_load' <Predicate = true> <Delay = 0.00>
ST_1 : Operation 207 [1/1] (0.00ns)   --->   "%window_3_1_load = load i32 %window_3_1" [twodconv.cpp:49]   --->   Operation 207 'load' 'window_3_1_load' <Predicate = true> <Delay = 0.00>
ST_1 : Operation 208 [1/1] (0.00ns)   --->   "%window_3_2_load = load i32 %window_3_2" [twodconv.cpp:49]   --->   Operation 208 'load' 'window_3_2_load' <Predicate = true> <Delay = 0.00>
ST_1 : Operation 209 [1/1] (0.00ns)   --->   "%window_3_3_load = load i32 %window_3_3" [twodconv.cpp:49]   --->   Operation 209 'load' 'window_3_3_load' <Predicate = true> <Delay = 0.00>
ST_1 : Operation 210 [1/1] (0.00ns)   --->   "%window_4_1_load = load i32 %window_4_1" [twodconv.cpp:49]   --->   Operation 210 'load' 'window_4_1_load' <Predicate = true> <Delay = 0.00>
ST_1 : Operation 211 [1/1] (0.00ns)   --->   "%window_4_2_load = load i32 %window_4_2" [twodconv.cpp:49]   --->   Operation 211 'load' 'window_4_2_load' <Predicate = true> <Delay = 0.00>
ST_1 : Operation 212 [1/1] (0.00ns)   --->   "%window_4_3_load = load i32 %window_4_3" [twodconv.cpp:49]   --->   Operation 212 'load' 'window_4_3_load' <Predicate = true> <Delay = 0.00>
ST_1 : Operation 213 [1/1] (0.00ns)   --->   "%empty = bitcast i32 %kernel_in_4_4_read"   --->   Operation 213 'bitcast' 'empty' <Predicate = true> <Delay = 0.00>
ST_1 : Operation 214 [1/1] (0.00ns)   --->   "%empty_40 = bitcast i32 %kernel_in_4_3_read"   --->   Operation 214 'bitcast' 'empty_40' <Predicate = true> <Delay = 0.00>
ST_1 : Operation 215 [1/1] (0.00ns)   --->   "%empty_41 = bitcast i32 %kernel_in_4_2_read"   --->   Operation 215 'bitcast' 'empty_41' <Predicate = true> <Delay = 0.00>
ST_1 : Operation 216 [1/1] (0.00ns)   --->   "%empty_42 = bitcast i32 %kernel_in_4_1_read"   --->   Operation 216 'bitcast' 'empty_42' <Predicate = true> <Delay = 0.00>
ST_1 : Operation 217 [1/1] (0.00ns)   --->   "%empty_43 = bitcast i32 %kernel_in_4_0_read"   --->   Operation 217 'bitcast' 'empty_43' <Predicate = true> <Delay = 0.00>
ST_1 : Operation 218 [1/1] (0.00ns)   --->   "%empty_44 = bitcast i32 %kernel_in_3_4_read"   --->   Operation 218 'bitcast' 'empty_44' <Predicate = true> <Delay = 0.00>
ST_1 : Operation 219 [1/1] (0.00ns)   --->   "%empty_45 = bitcast i32 %kernel_in_3_3_read"   --->   Operation 219 'bitcast' 'empty_45' <Predicate = true> <Delay = 0.00>
ST_1 : Operation 220 [1/1] (0.00ns)   --->   "%empty_46 = bitcast i32 %kernel_in_3_2_read"   --->   Operation 220 'bitcast' 'empty_46' <Predicate = true> <Delay = 0.00>
ST_1 : Operation 221 [1/1] (0.00ns)   --->   "%empty_47 = bitcast i32 %kernel_in_3_1_read"   --->   Operation 221 'bitcast' 'empty_47' <Predicate = true> <Delay = 0.00>
ST_1 : Operation 222 [1/1] (0.00ns)   --->   "%empty_48 = bitcast i32 %kernel_in_3_0_read"   --->   Operation 222 'bitcast' 'empty_48' <Predicate = true> <Delay = 0.00>
ST_1 : Operation 223 [1/1] (0.00ns)   --->   "%empty_49 = bitcast i32 %kernel_in_2_4_read"   --->   Operation 223 'bitcast' 'empty_49' <Predicate = true> <Delay = 0.00>
ST_1 : Operation 224 [1/1] (0.00ns)   --->   "%empty_50 = bitcast i32 %kernel_in_2_3_read"   --->   Operation 224 'bitcast' 'empty_50' <Predicate = true> <Delay = 0.00>
ST_1 : Operation 225 [1/1] (0.00ns)   --->   "%empty_51 = bitcast i32 %kernel_in_2_2_read"   --->   Operation 225 'bitcast' 'empty_51' <Predicate = true> <Delay = 0.00>
ST_1 : Operation 226 [1/1] (0.00ns)   --->   "%empty_52 = bitcast i32 %kernel_in_2_1_read"   --->   Operation 226 'bitcast' 'empty_52' <Predicate = true> <Delay = 0.00>
ST_1 : Operation 227 [1/1] (0.00ns)   --->   "%empty_53 = bitcast i32 %kernel_in_2_0_read"   --->   Operation 227 'bitcast' 'empty_53' <Predicate = true> <Delay = 0.00>
ST_1 : Operation 228 [1/1] (0.00ns)   --->   "%empty_54 = bitcast i32 %kernel_in_1_4_read"   --->   Operation 228 'bitcast' 'empty_54' <Predicate = true> <Delay = 0.00>
ST_1 : Operation 229 [1/1] (0.00ns)   --->   "%empty_55 = bitcast i32 %kernel_in_1_3_read"   --->   Operation 229 'bitcast' 'empty_55' <Predicate = true> <Delay = 0.00>
ST_1 : Operation 230 [1/1] (0.00ns)   --->   "%empty_56 = bitcast i32 %kernel_in_1_2_read"   --->   Operation 230 'bitcast' 'empty_56' <Predicate = true> <Delay = 0.00>
ST_1 : Operation 231 [1/1] (0.00ns)   --->   "%empty_57 = bitcast i32 %kernel_in_1_1_read"   --->   Operation 231 'bitcast' 'empty_57' <Predicate = true> <Delay = 0.00>
ST_1 : Operation 232 [1/1] (0.00ns)   --->   "%empty_58 = bitcast i32 %kernel_in_1_0_read"   --->   Operation 232 'bitcast' 'empty_58' <Predicate = true> <Delay = 0.00>
ST_1 : Operation 233 [1/1] (0.00ns)   --->   "%empty_59 = bitcast i32 %kernel_in_0_4_read"   --->   Operation 233 'bitcast' 'empty_59' <Predicate = true> <Delay = 0.00>
ST_1 : Operation 234 [1/1] (0.00ns)   --->   "%empty_60 = bitcast i32 %kernel_in_0_3_read"   --->   Operation 234 'bitcast' 'empty_60' <Predicate = true> <Delay = 0.00>
ST_1 : Operation 235 [1/1] (0.00ns)   --->   "%empty_61 = bitcast i32 %kernel_in_0_2_read"   --->   Operation 235 'bitcast' 'empty_61' <Predicate = true> <Delay = 0.00>
ST_1 : Operation 236 [1/1] (0.00ns)   --->   "%empty_62 = bitcast i32 %kernel_in_0_1_read"   --->   Operation 236 'bitcast' 'empty_62' <Predicate = true> <Delay = 0.00>
ST_1 : Operation 237 [1/1] (0.00ns)   --->   "%empty_63 = bitcast i32 %kernel_in_0_0_read"   --->   Operation 237 'bitcast' 'empty_63' <Predicate = true> <Delay = 0.00>
ST_1 : Operation 238 [1/1] (1.58ns)   --->   "%store_ln41 = store i64 0, i64 %indvar_flatten" [twodconv.cpp:41]   --->   Operation 238 'store' 'store_ln41' <Predicate = true> <Delay = 1.58>
ST_1 : Operation 239 [1/1] (1.58ns)   --->   "%store_ln41 = store i31 0, i31 %row" [twodconv.cpp:41]   --->   Operation 239 'store' 'store_ln41' <Predicate = true> <Delay = 1.58>
ST_1 : Operation 240 [1/1] (1.58ns)   --->   "%store_ln41 = store i32 %window_0_1_load, i32 %window_load_1_0_0" [twodconv.cpp:41]   --->   Operation 240 'store' 'store_ln41' <Predicate = true> <Delay = 1.58>
ST_1 : Operation 241 [1/1] (1.58ns)   --->   "%store_ln41 = store i32 %window_0_2_load, i32 %window_0_2_loc_1" [twodconv.cpp:41]   --->   Operation 241 'store' 'store_ln41' <Predicate = true> <Delay = 1.58>
ST_1 : Operation 242 [1/1] (1.58ns)   --->   "%store_ln41 = store i32 %window_0_3_load, i32 %window_0_3_loc_1" [twodconv.cpp:41]   --->   Operation 242 'store' 'store_ln41' <Predicate = true> <Delay = 1.58>
ST_1 : Operation 243 [1/1] (1.58ns)   --->   "%store_ln41 = store i32 %window_1_1_load, i32 %window_load_1_1_0" [twodconv.cpp:41]   --->   Operation 243 'store' 'store_ln41' <Predicate = true> <Delay = 1.58>
ST_1 : Operation 244 [1/1] (1.58ns)   --->   "%store_ln41 = store i32 %window_1_2_load, i32 %window_1_2_loc_1" [twodconv.cpp:41]   --->   Operation 244 'store' 'store_ln41' <Predicate = true> <Delay = 1.58>
ST_1 : Operation 245 [1/1] (1.58ns)   --->   "%store_ln41 = store i32 %window_1_3_load, i32 %window_1_3_loc_1" [twodconv.cpp:41]   --->   Operation 245 'store' 'store_ln41' <Predicate = true> <Delay = 1.58>
ST_1 : Operation 246 [1/1] (1.58ns)   --->   "%store_ln41 = store i32 %window_2_1_load, i32 %window_load_1_2_0" [twodconv.cpp:41]   --->   Operation 246 'store' 'store_ln41' <Predicate = true> <Delay = 1.58>
ST_1 : Operation 247 [1/1] (1.58ns)   --->   "%store_ln41 = store i32 %window_2_2_load, i32 %window_2_2_loc_1" [twodconv.cpp:41]   --->   Operation 247 'store' 'store_ln41' <Predicate = true> <Delay = 1.58>
ST_1 : Operation 248 [1/1] (1.58ns)   --->   "%store_ln41 = store i32 %window_2_3_load, i32 %window_2_3_loc_1" [twodconv.cpp:41]   --->   Operation 248 'store' 'store_ln41' <Predicate = true> <Delay = 1.58>
ST_1 : Operation 249 [1/1] (1.58ns)   --->   "%store_ln41 = store i32 %window_3_1_load, i32 %window_load_1_3_0" [twodconv.cpp:41]   --->   Operation 249 'store' 'store_ln41' <Predicate = true> <Delay = 1.58>
ST_1 : Operation 250 [1/1] (1.58ns)   --->   "%store_ln41 = store i32 %window_3_2_load, i32 %window_3_2_loc_1" [twodconv.cpp:41]   --->   Operation 250 'store' 'store_ln41' <Predicate = true> <Delay = 1.58>
ST_1 : Operation 251 [1/1] (1.58ns)   --->   "%store_ln41 = store i32 %window_3_3_load, i32 %window_3_3_loc_1" [twodconv.cpp:41]   --->   Operation 251 'store' 'store_ln41' <Predicate = true> <Delay = 1.58>
ST_1 : Operation 252 [1/1] (1.58ns)   --->   "%store_ln41 = store i32 %window_4_1_load, i32 %window_load_1_4_0" [twodconv.cpp:41]   --->   Operation 252 'store' 'store_ln41' <Predicate = true> <Delay = 1.58>
ST_1 : Operation 253 [1/1] (1.58ns)   --->   "%store_ln41 = store i32 %window_4_2_load, i32 %window_4_2_loc_1" [twodconv.cpp:41]   --->   Operation 253 'store' 'store_ln41' <Predicate = true> <Delay = 1.58>
ST_1 : Operation 254 [1/1] (1.58ns)   --->   "%store_ln41 = store i32 %window_4_3_load, i32 %window_4_3_loc_1" [twodconv.cpp:41]   --->   Operation 254 'store' 'store_ln41' <Predicate = true> <Delay = 1.58>
ST_1 : Operation 255 [1/1] (1.58ns)   --->   "%store_ln41 = store i9 0, i9 %col" [twodconv.cpp:41]   --->   Operation 255 'store' 'store_ln41' <Predicate = true> <Delay = 1.58>
ST_1 : Operation 256 [1/1] (1.58ns)   --->   "%store_ln0 = store i32 0, i32 %reuse_reg"   --->   Operation 256 'store' 'store_ln0' <Predicate = true> <Delay = 1.58>
ST_1 : Operation 257 [1/1] (1.58ns)   --->   "%store_ln0 = store i64 18446744073709551615, i64 %reuse_addr_reg"   --->   Operation 257 'store' 'store_ln0' <Predicate = true> <Delay = 1.58>
ST_1 : Operation 258 [1/1] (1.58ns)   --->   "%store_ln0 = store i32 0, i32 %reuse_reg49"   --->   Operation 258 'store' 'store_ln0' <Predicate = true> <Delay = 1.58>
ST_1 : Operation 259 [1/1] (1.58ns)   --->   "%store_ln0 = store i64 18446744073709551615, i64 %reuse_addr_reg50"   --->   Operation 259 'store' 'store_ln0' <Predicate = true> <Delay = 1.58>
ST_1 : Operation 260 [1/1] (1.58ns)   --->   "%store_ln0 = store i32 0, i32 %reuse_reg55"   --->   Operation 260 'store' 'store_ln0' <Predicate = true> <Delay = 1.58>
ST_1 : Operation 261 [1/1] (1.58ns)   --->   "%store_ln0 = store i64 18446744073709551615, i64 %reuse_addr_reg56"   --->   Operation 261 'store' 'store_ln0' <Predicate = true> <Delay = 1.58>
ST_1 : Operation 262 [1/1] (1.58ns)   --->   "%store_ln0 = store i32 0, i32 %reuse_reg61"   --->   Operation 262 'store' 'store_ln0' <Predicate = true> <Delay = 1.58>
ST_1 : Operation 263 [1/1] (1.58ns)   --->   "%store_ln0 = store i64 18446744073709551615, i64 %reuse_addr_reg62"   --->   Operation 263 'store' 'store_ln0' <Predicate = true> <Delay = 1.58>

State 2 <SV = 1> <Delay = 8.51>
ST_2 : Operation 264 [1/1] (0.00ns)   --->   "%spectopmodule_ln0 = spectopmodule void @_ssdm_op_SpecTopModule, void @empty_5"   --->   Operation 264 'spectopmodule' 'spectopmodule_ln0' <Predicate = true> <Delay = 0.00>
ST_2 : Operation 265 [1/1] (0.00ns)   --->   "%specinterface_ln0 = specinterface void @_ssdm_op_SpecInterface, i32 %in_stream_V_data_V, i4 %in_stream_V_keep_V, i4 %in_stream_V_strb_V, i1 %in_stream_V_user_V, i1 %in_stream_V_last_V, i1 %in_stream_V_id_V, i1 %in_stream_V_dest_V, void @empty_9, i32 1, i32 1, void @empty_24, i32 0, i32 0, void @empty_4, void @empty_4, void @empty_4, i32 0, i32 0, i32 0, i32 0, void @empty_4, void @empty_4"   --->   Operation 265 'specinterface' 'specinterface_ln0' <Predicate = true> <Delay = 0.00>
ST_2 : Operation 266 [1/1] (0.00ns)   --->   "%specbitsmap_ln0 = specbitsmap void @_ssdm_op_SpecBitsMap, i32 %in_stream_V_data_V"   --->   Operation 266 'specbitsmap' 'specbitsmap_ln0' <Predicate = true> <Delay = 0.00>
ST_2 : Operation 267 [1/1] (0.00ns)   --->   "%specbitsmap_ln0 = specbitsmap void @_ssdm_op_SpecBitsMap, i4 %in_stream_V_keep_V"   --->   Operation 267 'specbitsmap' 'specbitsmap_ln0' <Predicate = true> <Delay = 0.00>
ST_2 : Operation 268 [1/1] (0.00ns)   --->   "%specbitsmap_ln0 = specbitsmap void @_ssdm_op_SpecBitsMap, i4 %in_stream_V_strb_V"   --->   Operation 268 'specbitsmap' 'specbitsmap_ln0' <Predicate = true> <Delay = 0.00>
ST_2 : Operation 269 [1/1] (0.00ns)   --->   "%specbitsmap_ln0 = specbitsmap void @_ssdm_op_SpecBitsMap, i1 %in_stream_V_user_V"   --->   Operation 269 'specbitsmap' 'specbitsmap_ln0' <Predicate = true> <Delay = 0.00>
ST_2 : Operation 270 [1/1] (0.00ns)   --->   "%specbitsmap_ln0 = specbitsmap void @_ssdm_op_SpecBitsMap, i1 %in_stream_V_last_V"   --->   Operation 270 'specbitsmap' 'specbitsmap_ln0' <Predicate = true> <Delay = 0.00>
ST_2 : Operation 271 [1/1] (0.00ns)   --->   "%specbitsmap_ln0 = specbitsmap void @_ssdm_op_SpecBitsMap, i1 %in_stream_V_id_V"   --->   Operation 271 'specbitsmap' 'specbitsmap_ln0' <Predicate = true> <Delay = 0.00>
ST_2 : Operation 272 [1/1] (0.00ns)   --->   "%specbitsmap_ln0 = specbitsmap void @_ssdm_op_SpecBitsMap, i1 %in_stream_V_dest_V"   --->   Operation 272 'specbitsmap' 'specbitsmap_ln0' <Predicate = true> <Delay = 0.00>
ST_2 : Operation 273 [1/1] (0.00ns)   --->   "%specinterface_ln0 = specinterface void @_ssdm_op_SpecInterface, i32 %out_stream_V_data_V, i4 %out_stream_V_keep_V, i4 %out_stream_V_strb_V, i1 %out_stream_V_user_V, i1 %out_stream_V_last_V, i1 %out_stream_V_id_V, i1 %out_stream_V_dest_V, void @empty_9, i32 1, i32 1, void @empty_24, i32 0, i32 0, void @empty_4, void @empty_4, void @empty_4, i32 0, i32 0, i32 0, i32 0, void @empty_4, void @empty_4"   --->   Operation 273 'specinterface' 'specinterface_ln0' <Predicate = true> <Delay = 0.00>
ST_2 : Operation 274 [1/1] (0.00ns)   --->   "%specbitsmap_ln0 = specbitsmap void @_ssdm_op_SpecBitsMap, i32 %out_stream_V_data_V"   --->   Operation 274 'specbitsmap' 'specbitsmap_ln0' <Predicate = true> <Delay = 0.00>
ST_2 : Operation 275 [1/1] (0.00ns)   --->   "%specbitsmap_ln0 = specbitsmap void @_ssdm_op_SpecBitsMap, i4 %out_stream_V_keep_V"   --->   Operation 275 'specbitsmap' 'specbitsmap_ln0' <Predicate = true> <Delay = 0.00>
ST_2 : Operation 276 [1/1] (0.00ns)   --->   "%specbitsmap_ln0 = specbitsmap void @_ssdm_op_SpecBitsMap, i4 %out_stream_V_strb_V"   --->   Operation 276 'specbitsmap' 'specbitsmap_ln0' <Predicate = true> <Delay = 0.00>
ST_2 : Operation 277 [1/1] (0.00ns)   --->   "%specbitsmap_ln0 = specbitsmap void @_ssdm_op_SpecBitsMap, i1 %out_stream_V_user_V"   --->   Operation 277 'specbitsmap' 'specbitsmap_ln0' <Predicate = true> <Delay = 0.00>
ST_2 : Operation 278 [1/1] (0.00ns)   --->   "%specbitsmap_ln0 = specbitsmap void @_ssdm_op_SpecBitsMap, i1 %out_stream_V_last_V"   --->   Operation 278 'specbitsmap' 'specbitsmap_ln0' <Predicate = true> <Delay = 0.00>
ST_2 : Operation 279 [1/1] (0.00ns)   --->   "%specbitsmap_ln0 = specbitsmap void @_ssdm_op_SpecBitsMap, i1 %out_stream_V_id_V"   --->   Operation 279 'specbitsmap' 'specbitsmap_ln0' <Predicate = true> <Delay = 0.00>
ST_2 : Operation 280 [1/1] (0.00ns)   --->   "%specbitsmap_ln0 = specbitsmap void @_ssdm_op_SpecBitsMap, i1 %out_stream_V_dest_V"   --->   Operation 280 'specbitsmap' 'specbitsmap_ln0' <Predicate = true> <Delay = 0.00>
ST_2 : Operation 281 [1/1] (0.00ns)   --->   "%specbitsmap_ln0 = specbitsmap void @_ssdm_op_SpecBitsMap, i32 %kernel_in_0_0"   --->   Operation 281 'specbitsmap' 'specbitsmap_ln0' <Predicate = true> <Delay = 0.00>
ST_2 : Operation 282 [1/1] (0.00ns)   --->   "%specinterface_ln0 = specinterface void @_ssdm_op_SpecInterface, i32 %kernel_in_0_0, void @empty, i32 0, i32 0, void @empty_4, i32 0, i32 0, void @empty_6, void @empty_7, void @empty_4, i32 0, i32 0, i32 0, i32 0, void @empty_4, void @empty_4"   --->   Operation 282 'specinterface' 'specinterface_ln0' <Predicate = true> <Delay = 0.00>
ST_2 : Operation 283 [1/1] (0.00ns)   --->   "%specbitsmap_ln0 = specbitsmap void @_ssdm_op_SpecBitsMap, i32 %kernel_in_0_1"   --->   Operation 283 'specbitsmap' 'specbitsmap_ln0' <Predicate = true> <Delay = 0.00>
ST_2 : Operation 284 [1/1] (0.00ns)   --->   "%specinterface_ln0 = specinterface void @_ssdm_op_SpecInterface, i32 %kernel_in_0_1, void @empty, i32 0, i32 0, void @empty_4, i32 0, i32 0, void @empty_6, void @empty_10, void @empty_4, i32 0, i32 0, i32 0, i32 0, void @empty_4, void @empty_4"   --->   Operation 284 'specinterface' 'specinterface_ln0' <Predicate = true> <Delay = 0.00>
ST_2 : Operation 285 [1/1] (0.00ns)   --->   "%specbitsmap_ln0 = specbitsmap void @_ssdm_op_SpecBitsMap, i32 %kernel_in_0_2"   --->   Operation 285 'specbitsmap' 'specbitsmap_ln0' <Predicate = true> <Delay = 0.00>
ST_2 : Operation 286 [1/1] (0.00ns)   --->   "%specinterface_ln0 = specinterface void @_ssdm_op_SpecInterface, i32 %kernel_in_0_2, void @empty, i32 0, i32 0, void @empty_4, i32 0, i32 0, void @empty_6, void @empty_30, void @empty_4, i32 0, i32 0, i32 0, i32 0, void @empty_4, void @empty_4"   --->   Operation 286 'specinterface' 'specinterface_ln0' <Predicate = true> <Delay = 0.00>
ST_2 : Operation 287 [1/1] (0.00ns)   --->   "%specbitsmap_ln0 = specbitsmap void @_ssdm_op_SpecBitsMap, i32 %kernel_in_0_3"   --->   Operation 287 'specbitsmap' 'specbitsmap_ln0' <Predicate = true> <Delay = 0.00>
ST_2 : Operation 288 [1/1] (0.00ns)   --->   "%specinterface_ln0 = specinterface void @_ssdm_op_SpecInterface, i32 %kernel_in_0_3, void @empty, i32 0, i32 0, void @empty_4, i32 0, i32 0, void @empty_6, void @empty_32, void @empty_4, i32 0, i32 0, i32 0, i32 0, void @empty_4, void @empty_4"   --->   Operation 288 'specinterface' 'specinterface_ln0' <Predicate = true> <Delay = 0.00>
ST_2 : Operation 289 [1/1] (0.00ns)   --->   "%specbitsmap_ln0 = specbitsmap void @_ssdm_op_SpecBitsMap, i32 %kernel_in_0_4"   --->   Operation 289 'specbitsmap' 'specbitsmap_ln0' <Predicate = true> <Delay = 0.00>
ST_2 : Operation 290 [1/1] (0.00ns)   --->   "%specinterface_ln0 = specinterface void @_ssdm_op_SpecInterface, i32 %kernel_in_0_4, void @empty, i32 0, i32 0, void @empty_4, i32 0, i32 0, void @empty_6, void @empty_25, void @empty_4, i32 0, i32 0, i32 0, i32 0, void @empty_4, void @empty_4"   --->   Operation 290 'specinterface' 'specinterface_ln0' <Predicate = true> <Delay = 0.00>
ST_2 : Operation 291 [1/1] (0.00ns)   --->   "%specbitsmap_ln0 = specbitsmap void @_ssdm_op_SpecBitsMap, i32 %kernel_in_1_0"   --->   Operation 291 'specbitsmap' 'specbitsmap_ln0' <Predicate = true> <Delay = 0.00>
ST_2 : Operation 292 [1/1] (0.00ns)   --->   "%specinterface_ln0 = specinterface void @_ssdm_op_SpecInterface, i32 %kernel_in_1_0, void @empty, i32 0, i32 0, void @empty_4, i32 0, i32 0, void @empty_6, void @empty_11, void @empty_4, i32 0, i32 0, i32 0, i32 0, void @empty_4, void @empty_4"   --->   Operation 292 'specinterface' 'specinterface_ln0' <Predicate = true> <Delay = 0.00>
ST_2 : Operation 293 [1/1] (0.00ns)   --->   "%specbitsmap_ln0 = specbitsmap void @_ssdm_op_SpecBitsMap, i32 %kernel_in_1_1"   --->   Operation 293 'specbitsmap' 'specbitsmap_ln0' <Predicate = true> <Delay = 0.00>
ST_2 : Operation 294 [1/1] (0.00ns)   --->   "%specinterface_ln0 = specinterface void @_ssdm_op_SpecInterface, i32 %kernel_in_1_1, void @empty, i32 0, i32 0, void @empty_4, i32 0, i32 0, void @empty_6, void @empty_12, void @empty_4, i32 0, i32 0, i32 0, i32 0, void @empty_4, void @empty_4"   --->   Operation 294 'specinterface' 'specinterface_ln0' <Predicate = true> <Delay = 0.00>
ST_2 : Operation 295 [1/1] (0.00ns)   --->   "%specbitsmap_ln0 = specbitsmap void @_ssdm_op_SpecBitsMap, i32 %kernel_in_1_2"   --->   Operation 295 'specbitsmap' 'specbitsmap_ln0' <Predicate = true> <Delay = 0.00>
ST_2 : Operation 296 [1/1] (0.00ns)   --->   "%specinterface_ln0 = specinterface void @_ssdm_op_SpecInterface, i32 %kernel_in_1_2, void @empty, i32 0, i32 0, void @empty_4, i32 0, i32 0, void @empty_6, void @empty_13, void @empty_4, i32 0, i32 0, i32 0, i32 0, void @empty_4, void @empty_4"   --->   Operation 296 'specinterface' 'specinterface_ln0' <Predicate = true> <Delay = 0.00>
ST_2 : Operation 297 [1/1] (0.00ns)   --->   "%specbitsmap_ln0 = specbitsmap void @_ssdm_op_SpecBitsMap, i32 %kernel_in_1_3"   --->   Operation 297 'specbitsmap' 'specbitsmap_ln0' <Predicate = true> <Delay = 0.00>
ST_2 : Operation 298 [1/1] (0.00ns)   --->   "%specinterface_ln0 = specinterface void @_ssdm_op_SpecInterface, i32 %kernel_in_1_3, void @empty, i32 0, i32 0, void @empty_4, i32 0, i32 0, void @empty_6, void @empty_14, void @empty_4, i32 0, i32 0, i32 0, i32 0, void @empty_4, void @empty_4"   --->   Operation 298 'specinterface' 'specinterface_ln0' <Predicate = true> <Delay = 0.00>
ST_2 : Operation 299 [1/1] (0.00ns)   --->   "%specbitsmap_ln0 = specbitsmap void @_ssdm_op_SpecBitsMap, i32 %kernel_in_1_4"   --->   Operation 299 'specbitsmap' 'specbitsmap_ln0' <Predicate = true> <Delay = 0.00>
ST_2 : Operation 300 [1/1] (0.00ns)   --->   "%specinterface_ln0 = specinterface void @_ssdm_op_SpecInterface, i32 %kernel_in_1_4, void @empty, i32 0, i32 0, void @empty_4, i32 0, i32 0, void @empty_6, void @empty_15, void @empty_4, i32 0, i32 0, i32 0, i32 0, void @empty_4, void @empty_4"   --->   Operation 300 'specinterface' 'specinterface_ln0' <Predicate = true> <Delay = 0.00>
ST_2 : Operation 301 [1/1] (0.00ns)   --->   "%specbitsmap_ln0 = specbitsmap void @_ssdm_op_SpecBitsMap, i32 %kernel_in_2_0"   --->   Operation 301 'specbitsmap' 'specbitsmap_ln0' <Predicate = true> <Delay = 0.00>
ST_2 : Operation 302 [1/1] (0.00ns)   --->   "%specinterface_ln0 = specinterface void @_ssdm_op_SpecInterface, i32 %kernel_in_2_0, void @empty, i32 0, i32 0, void @empty_4, i32 0, i32 0, void @empty_6, void @empty_16, void @empty_4, i32 0, i32 0, i32 0, i32 0, void @empty_4, void @empty_4"   --->   Operation 302 'specinterface' 'specinterface_ln0' <Predicate = true> <Delay = 0.00>
ST_2 : Operation 303 [1/1] (0.00ns)   --->   "%specbitsmap_ln0 = specbitsmap void @_ssdm_op_SpecBitsMap, i32 %kernel_in_2_1"   --->   Operation 303 'specbitsmap' 'specbitsmap_ln0' <Predicate = true> <Delay = 0.00>
ST_2 : Operation 304 [1/1] (0.00ns)   --->   "%specinterface_ln0 = specinterface void @_ssdm_op_SpecInterface, i32 %kernel_in_2_1, void @empty, i32 0, i32 0, void @empty_4, i32 0, i32 0, void @empty_6, void @empty_17, void @empty_4, i32 0, i32 0, i32 0, i32 0, void @empty_4, void @empty_4"   --->   Operation 304 'specinterface' 'specinterface_ln0' <Predicate = true> <Delay = 0.00>
ST_2 : Operation 305 [1/1] (0.00ns)   --->   "%specbitsmap_ln0 = specbitsmap void @_ssdm_op_SpecBitsMap, i32 %kernel_in_2_2"   --->   Operation 305 'specbitsmap' 'specbitsmap_ln0' <Predicate = true> <Delay = 0.00>
ST_2 : Operation 306 [1/1] (0.00ns)   --->   "%specinterface_ln0 = specinterface void @_ssdm_op_SpecInterface, i32 %kernel_in_2_2, void @empty, i32 0, i32 0, void @empty_4, i32 0, i32 0, void @empty_6, void @empty_18, void @empty_4, i32 0, i32 0, i32 0, i32 0, void @empty_4, void @empty_4"   --->   Operation 306 'specinterface' 'specinterface_ln0' <Predicate = true> <Delay = 0.00>
ST_2 : Operation 307 [1/1] (0.00ns)   --->   "%specbitsmap_ln0 = specbitsmap void @_ssdm_op_SpecBitsMap, i32 %kernel_in_2_3"   --->   Operation 307 'specbitsmap' 'specbitsmap_ln0' <Predicate = true> <Delay = 0.00>
ST_2 : Operation 308 [1/1] (0.00ns)   --->   "%specinterface_ln0 = specinterface void @_ssdm_op_SpecInterface, i32 %kernel_in_2_3, void @empty, i32 0, i32 0, void @empty_4, i32 0, i32 0, void @empty_6, void @empty_19, void @empty_4, i32 0, i32 0, i32 0, i32 0, void @empty_4, void @empty_4"   --->   Operation 308 'specinterface' 'specinterface_ln0' <Predicate = true> <Delay = 0.00>
ST_2 : Operation 309 [1/1] (0.00ns)   --->   "%specbitsmap_ln0 = specbitsmap void @_ssdm_op_SpecBitsMap, i32 %kernel_in_2_4"   --->   Operation 309 'specbitsmap' 'specbitsmap_ln0' <Predicate = true> <Delay = 0.00>
ST_2 : Operation 310 [1/1] (0.00ns)   --->   "%specinterface_ln0 = specinterface void @_ssdm_op_SpecInterface, i32 %kernel_in_2_4, void @empty, i32 0, i32 0, void @empty_4, i32 0, i32 0, void @empty_6, void @empty_20, void @empty_4, i32 0, i32 0, i32 0, i32 0, void @empty_4, void @empty_4"   --->   Operation 310 'specinterface' 'specinterface_ln0' <Predicate = true> <Delay = 0.00>
ST_2 : Operation 311 [1/1] (0.00ns)   --->   "%specbitsmap_ln0 = specbitsmap void @_ssdm_op_SpecBitsMap, i32 %kernel_in_3_0"   --->   Operation 311 'specbitsmap' 'specbitsmap_ln0' <Predicate = true> <Delay = 0.00>
ST_2 : Operation 312 [1/1] (0.00ns)   --->   "%specinterface_ln0 = specinterface void @_ssdm_op_SpecInterface, i32 %kernel_in_3_0, void @empty, i32 0, i32 0, void @empty_4, i32 0, i32 0, void @empty_6, void @empty_22, void @empty_4, i32 0, i32 0, i32 0, i32 0, void @empty_4, void @empty_4"   --->   Operation 312 'specinterface' 'specinterface_ln0' <Predicate = true> <Delay = 0.00>
ST_2 : Operation 313 [1/1] (0.00ns)   --->   "%specbitsmap_ln0 = specbitsmap void @_ssdm_op_SpecBitsMap, i32 %kernel_in_3_1"   --->   Operation 313 'specbitsmap' 'specbitsmap_ln0' <Predicate = true> <Delay = 0.00>
ST_2 : Operation 314 [1/1] (0.00ns)   --->   "%specinterface_ln0 = specinterface void @_ssdm_op_SpecInterface, i32 %kernel_in_3_1, void @empty, i32 0, i32 0, void @empty_4, i32 0, i32 0, void @empty_6, void @empty_23, void @empty_4, i32 0, i32 0, i32 0, i32 0, void @empty_4, void @empty_4"   --->   Operation 314 'specinterface' 'specinterface_ln0' <Predicate = true> <Delay = 0.00>
ST_2 : Operation 315 [1/1] (0.00ns)   --->   "%specbitsmap_ln0 = specbitsmap void @_ssdm_op_SpecBitsMap, i32 %kernel_in_3_2"   --->   Operation 315 'specbitsmap' 'specbitsmap_ln0' <Predicate = true> <Delay = 0.00>
ST_2 : Operation 316 [1/1] (0.00ns)   --->   "%specinterface_ln0 = specinterface void @_ssdm_op_SpecInterface, i32 %kernel_in_3_2, void @empty, i32 0, i32 0, void @empty_4, i32 0, i32 0, void @empty_6, void @empty_8, void @empty_4, i32 0, i32 0, i32 0, i32 0, void @empty_4, void @empty_4"   --->   Operation 316 'specinterface' 'specinterface_ln0' <Predicate = true> <Delay = 0.00>
ST_2 : Operation 317 [1/1] (0.00ns)   --->   "%specbitsmap_ln0 = specbitsmap void @_ssdm_op_SpecBitsMap, i32 %kernel_in_3_3"   --->   Operation 317 'specbitsmap' 'specbitsmap_ln0' <Predicate = true> <Delay = 0.00>
ST_2 : Operation 318 [1/1] (0.00ns)   --->   "%specinterface_ln0 = specinterface void @_ssdm_op_SpecInterface, i32 %kernel_in_3_3, void @empty, i32 0, i32 0, void @empty_4, i32 0, i32 0, void @empty_6, void @empty_21, void @empty_4, i32 0, i32 0, i32 0, i32 0, void @empty_4, void @empty_4"   --->   Operation 318 'specinterface' 'specinterface_ln0' <Predicate = true> <Delay = 0.00>
ST_2 : Operation 319 [1/1] (0.00ns)   --->   "%specbitsmap_ln0 = specbitsmap void @_ssdm_op_SpecBitsMap, i32 %kernel_in_3_4"   --->   Operation 319 'specbitsmap' 'specbitsmap_ln0' <Predicate = true> <Delay = 0.00>
ST_2 : Operation 320 [1/1] (0.00ns)   --->   "%specinterface_ln0 = specinterface void @_ssdm_op_SpecInterface, i32 %kernel_in_3_4, void @empty, i32 0, i32 0, void @empty_4, i32 0, i32 0, void @empty_6, void @empty_3, void @empty_4, i32 0, i32 0, i32 0, i32 0, void @empty_4, void @empty_4"   --->   Operation 320 'specinterface' 'specinterface_ln0' <Predicate = true> <Delay = 0.00>
ST_2 : Operation 321 [1/1] (0.00ns)   --->   "%specbitsmap_ln0 = specbitsmap void @_ssdm_op_SpecBitsMap, i32 %kernel_in_4_0"   --->   Operation 321 'specbitsmap' 'specbitsmap_ln0' <Predicate = true> <Delay = 0.00>
ST_2 : Operation 322 [1/1] (0.00ns)   --->   "%specinterface_ln0 = specinterface void @_ssdm_op_SpecInterface, i32 %kernel_in_4_0, void @empty, i32 0, i32 0, void @empty_4, i32 0, i32 0, void @empty_6, void @empty_26, void @empty_4, i32 0, i32 0, i32 0, i32 0, void @empty_4, void @empty_4"   --->   Operation 322 'specinterface' 'specinterface_ln0' <Predicate = true> <Delay = 0.00>
ST_2 : Operation 323 [1/1] (0.00ns)   --->   "%specbitsmap_ln0 = specbitsmap void @_ssdm_op_SpecBitsMap, i32 %kernel_in_4_1"   --->   Operation 323 'specbitsmap' 'specbitsmap_ln0' <Predicate = true> <Delay = 0.00>
ST_2 : Operation 324 [1/1] (0.00ns)   --->   "%specinterface_ln0 = specinterface void @_ssdm_op_SpecInterface, i32 %kernel_in_4_1, void @empty, i32 0, i32 0, void @empty_4, i32 0, i32 0, void @empty_6, void @empty_27, void @empty_4, i32 0, i32 0, i32 0, i32 0, void @empty_4, void @empty_4"   --->   Operation 324 'specinterface' 'specinterface_ln0' <Predicate = true> <Delay = 0.00>
ST_2 : Operation 325 [1/1] (0.00ns)   --->   "%specbitsmap_ln0 = specbitsmap void @_ssdm_op_SpecBitsMap, i32 %kernel_in_4_2"   --->   Operation 325 'specbitsmap' 'specbitsmap_ln0' <Predicate = true> <Delay = 0.00>
ST_2 : Operation 326 [1/1] (0.00ns)   --->   "%specinterface_ln0 = specinterface void @_ssdm_op_SpecInterface, i32 %kernel_in_4_2, void @empty, i32 0, i32 0, void @empty_4, i32 0, i32 0, void @empty_6, void @empty_28, void @empty_4, i32 0, i32 0, i32 0, i32 0, void @empty_4, void @empty_4"   --->   Operation 326 'specinterface' 'specinterface_ln0' <Predicate = true> <Delay = 0.00>
ST_2 : Operation 327 [1/1] (0.00ns)   --->   "%specbitsmap_ln0 = specbitsmap void @_ssdm_op_SpecBitsMap, i32 %kernel_in_4_3"   --->   Operation 327 'specbitsmap' 'specbitsmap_ln0' <Predicate = true> <Delay = 0.00>
ST_2 : Operation 328 [1/1] (0.00ns)   --->   "%specinterface_ln0 = specinterface void @_ssdm_op_SpecInterface, i32 %kernel_in_4_3, void @empty, i32 0, i32 0, void @empty_4, i32 0, i32 0, void @empty_6, void @empty_29, void @empty_4, i32 0, i32 0, i32 0, i32 0, void @empty_4, void @empty_4"   --->   Operation 328 'specinterface' 'specinterface_ln0' <Predicate = true> <Delay = 0.00>
ST_2 : Operation 329 [1/1] (0.00ns)   --->   "%specbitsmap_ln0 = specbitsmap void @_ssdm_op_SpecBitsMap, i32 %kernel_in_4_4"   --->   Operation 329 'specbitsmap' 'specbitsmap_ln0' <Predicate = true> <Delay = 0.00>
ST_2 : Operation 330 [1/1] (0.00ns)   --->   "%specinterface_ln0 = specinterface void @_ssdm_op_SpecInterface, i32 %kernel_in_4_4, void @empty, i32 0, i32 0, void @empty_4, i32 0, i32 0, void @empty_6, void @empty_1, void @empty_4, i32 0, i32 0, i32 0, i32 0, void @empty_4, void @empty_4"   --->   Operation 330 'specinterface' 'specinterface_ln0' <Predicate = true> <Delay = 0.00>
ST_2 : Operation 331 [1/1] (0.00ns)   --->   "%specbitsmap_ln0 = specbitsmap void @_ssdm_op_SpecBitsMap, i32 %img_size"   --->   Operation 331 'specbitsmap' 'specbitsmap_ln0' <Predicate = true> <Delay = 0.00>
ST_2 : Operation 332 [1/1] (0.00ns)   --->   "%specinterface_ln0 = specinterface void @_ssdm_op_SpecInterface, i32 %img_size, void @empty, i32 0, i32 0, void @empty_4, i32 0, i32 0, void @empty_6, void @empty_31, void @empty_4, i32 0, i32 0, i32 0, i32 0, void @empty_4, void @empty_4"   --->   Operation 332 'specinterface' 'specinterface_ln0' <Predicate = true> <Delay = 0.00>
ST_2 : Operation 333 [1/1] (0.00ns)   --->   "%specinterface_ln0 = specinterface void @_ssdm_op_SpecInterface, i32 %img_size, void @empty_2, i32 0, i32 0, void @empty_4, i32 0, i32 0, void @empty_4, void @empty_4, void @empty_4, i32 0, i32 0, i32 0, i32 0, void @empty_4, void @empty_4"   --->   Operation 333 'specinterface' 'specinterface_ln0' <Predicate = true> <Delay = 0.00>
ST_2 : Operation 334 [1/1] (0.00ns)   --->   "%specinterface_ln0 = specinterface void @_ssdm_op_SpecInterface, i32 0, void @empty, i32 0, i32 0, void @empty_4, i32 0, i32 0, void @empty_6, void @empty_4, void @empty_4, i32 0, i32 0, i32 0, i32 0, void @empty_4, void @empty_4"   --->   Operation 334 'specinterface' 'specinterface_ln0' <Predicate = true> <Delay = 0.00>
ST_2 : Operation 335 [1/1] (0.00ns)   --->   "%specmemcore_ln32 = specmemcore void @_ssdm_op_SpecMemCore, i32 %line_buf_0, i32 %line_buf_1, i32 %line_buf_2, i32 %line_buf_3, i64 666, i64 22, i64 18446744073709551615" [twodconv.cpp:32]   --->   Operation 335 'specmemcore' 'specmemcore_ln32' <Predicate = true> <Delay = 0.00>
ST_2 : Operation 336 [1/1] (2.55ns)   --->   "%add13 = add i32 %img_size_read, i32 2"   --->   Operation 336 'add' 'add13' <Predicate = true> <Delay = 2.55> <CoreInst = "Adder">   --->   Core 1 'Adder' <Latency = 0> <II = 1> <Delay = 1.82> <FuncUnit> <Opcode : 'add' 'sub'> <InPorts = 2> <OutPorts = 1>
ST_2 : Operation 337 [1/1] (2.55ns)   --->   "%sub68 = add i32 %img_size_read, i32 3"   --->   Operation 337 'add' 'sub68' <Predicate = true> <Delay = 2.55> <CoreInst = "Adder">   --->   Core 1 'Adder' <Latency = 0> <II = 1> <Delay = 1.82> <FuncUnit> <Opcode : 'add' 'sub'> <InPorts = 2> <OutPorts = 1>
ST_2 : Operation 338 [1/1] (0.00ns)   --->   "%cast = zext i32 %virt_size" [twodconv.cpp:39]   --->   Operation 338 'zext' 'cast' <Predicate = true> <Delay = 0.00>
ST_2 : Operation 339 [1/1] (8.51ns)   --->   "%bound = mul i64 %cast, i64 %cast" [twodconv.cpp:39]   --->   Operation 339 'mul' 'bound' <Predicate = true> <Delay = 8.51> <CoreInst = "Multiplier">   --->   Core 3 'Multiplier' <Latency = 0> <II = 1> <Delay = 8.51> <FuncUnit> <Opcode : 'mul'> <InPorts = 2> <OutPorts = 1>
ST_2 : Operation 340 [1/1] (0.00ns)   --->   "%br_ln41 = br void" [twodconv.cpp:41]   --->   Operation 340 'br' 'br_ln41' <Predicate = true> <Delay = 0.00>

State 3 <SV = 2> <Delay = 8.49>
ST_3 : Operation 341 [1/1] (0.00ns)   --->   "%col_1 = load i9 %col" [twodconv.cpp:43]   --->   Operation 341 'load' 'col_1' <Predicate = true> <Delay = 0.00>
ST_3 : Operation 342 [1/1] (0.00ns)   --->   "%row_1 = load i31 %row"   --->   Operation 342 'load' 'row_1' <Predicate = true> <Delay = 0.00>
ST_3 : Operation 343 [1/1] (0.00ns)   --->   "%indvar_flatten_load = load i64 %indvar_flatten" [twodconv.cpp:41]   --->   Operation 343 'load' 'indvar_flatten_load' <Predicate = true> <Delay = 0.00>
ST_3 : Operation 344 [1/1] (0.00ns)   --->   "%zext_ln41_1 = zext i31 %row_1" [twodconv.cpp:41]   --->   Operation 344 'zext' 'zext_ln41_1' <Predicate = true> <Delay = 0.00>
ST_3 : Operation 345 [1/1] (0.00ns)   --->   "%tmp = partselect i29 @_ssdm_op_PartSelect.i29.i31.i32.i32, i31 %row_1, i32 2, i32 30"   --->   Operation 345 'partselect' 'tmp' <Predicate = true> <Delay = 0.00>
ST_3 : Operation 346 [1/1] (2.46ns)   --->   "%icmp = icmp_ne  i29 %tmp, i29 0"   --->   Operation 346 'icmp' 'icmp' <Predicate = true> <Delay = 2.46> <CoreInst = "Cmp">   --->   Core 9 'Cmp' <Latency = 0> <II = 1> <Delay = 2.47> <FuncUnit> <Opcode : 'icmp'> <InPorts = 2> <OutPorts = 1>
ST_3 : Operation 347 [1/1] (2.47ns)   --->   "%cmp69 = icmp_eq  i32 %zext_ln41_1, i32 %sub68" [twodconv.cpp:41]   --->   Operation 347 'icmp' 'cmp69' <Predicate = true> <Delay = 2.47> <CoreInst = "Cmp">   --->   Core 9 'Cmp' <Latency = 0> <II = 1> <Delay = 2.47> <FuncUnit> <Opcode : 'icmp'> <InPorts = 2> <OutPorts = 1>
ST_3 : Operation 348 [1/1] (0.00ns)   --->   "%tmp_1 = partselect i30 @_ssdm_op_PartSelect.i30.i31.i32.i32, i31 %row_1, i32 1, i32 30"   --->   Operation 348 'partselect' 'tmp_1' <Predicate = true> <Delay = 0.00>
ST_3 : Operation 349 [1/1] (2.46ns)   --->   "%icmp16 = icmp_ne  i30 %tmp_1, i30 0"   --->   Operation 349 'icmp' 'icmp16' <Predicate = true> <Delay = 2.46> <CoreInst = "Cmp">   --->   Core 9 'Cmp' <Latency = 0> <II = 1> <Delay = 2.47> <FuncUnit> <Opcode : 'icmp'> <InPorts = 2> <OutPorts = 1>
ST_3 : Operation 350 [1/1] (2.47ns)   --->   "%notrhs = icmp_slt  i32 %zext_ln41_1, i32 %add13" [twodconv.cpp:41]   --->   Operation 350 'icmp' 'notrhs' <Predicate = true> <Delay = 2.47> <CoreInst = "Cmp">   --->   Core 9 'Cmp' <Latency = 0> <II = 1> <Delay = 2.47> <FuncUnit> <Opcode : 'icmp'> <InPorts = 2> <OutPorts = 1>
ST_3 : Operation 351 [1/1] (0.97ns)   --->   "%and_ln55 = and i1 %notrhs, i1 %icmp16" [twodconv.cpp:55]   --->   Operation 351 'and' 'and_ln55' <Predicate = true> <Delay = 0.97> <CoreInst = "LogicGate">   --->   Core 74 'LogicGate' <Latency = 0> <II = 1> <Delay = 0.97> <FuncUnit> <Opcode : 'and' 'or' 'xor'> <InPorts = 2> <OutPorts = 1>
ST_3 : Operation 352 [1/1] (0.00ns)   --->   "%zext_ln43_1 = zext i9 %col_1" [twodconv.cpp:43]   --->   Operation 352 'zext' 'zext_ln43_1' <Predicate = true> <Delay = 0.00>
ST_3 : Operation 353 [1/1] (2.47ns)   --->   "%icmp_ln43 = icmp_eq  i32 %zext_ln43_1, i32 %virt_size" [twodconv.cpp:43]   --->   Operation 353 'icmp' 'icmp_ln43' <Predicate = true> <Delay = 2.47> <CoreInst = "Cmp">   --->   Core 9 'Cmp' <Latency = 0> <II = 1> <Delay = 2.47> <FuncUnit> <Opcode : 'icmp'> <InPorts = 2> <OutPorts = 1>
ST_3 : Operation 354 [1/1] (2.77ns)   --->   "%icmp_ln41 = icmp_eq  i64 %indvar_flatten_load, i64 %bound" [twodconv.cpp:41]   --->   Operation 354 'icmp' 'icmp_ln41' <Predicate = true> <Delay = 2.77> <CoreInst = "Cmp">   --->   Core 9 'Cmp' <Latency = 0> <II = 1> <Delay = 2.47> <FuncUnit> <Opcode : 'icmp'> <InPorts = 2> <OutPorts = 1>
ST_3 : Operation 355 [1/1] (3.52ns)   --->   "%add_ln41 = add i64 %indvar_flatten_load, i64 1" [twodconv.cpp:41]   --->   Operation 355 'add' 'add_ln41' <Predicate = true> <Delay = 3.52> <CoreInst = "Adder">   --->   Core 1 'Adder' <Latency = 0> <II = 1> <Delay = 1.82> <FuncUnit> <Opcode : 'add' 'sub'> <InPorts = 2> <OutPorts = 1>
ST_3 : Operation 356 [1/1] (0.00ns)   --->   "%br_ln41 = br i1 %icmp_ln41, void %._crit_edge, void %._crit_edge157.loopexit" [twodconv.cpp:41]   --->   Operation 356 'br' 'br_ln41' <Predicate = true> <Delay = 0.00>
ST_3 : Operation 357 [1/1] (2.52ns)   --->   "%add_ln41_1 = add i31 %row_1, i31 1" [twodconv.cpp:41]   --->   Operation 357 'add' 'add_ln41_1' <Predicate = (!icmp_ln41)> <Delay = 2.52> <CoreInst = "Adder">   --->   Core 1 'Adder' <Latency = 0> <II = 1> <Delay = 1.82> <FuncUnit> <Opcode : 'add' 'sub'> <InPorts = 2> <OutPorts = 1>
ST_3 : Operation 358 [1/1] (0.00ns)   --->   "%zext_ln41 = zext i31 %add_ln41_1" [twodconv.cpp:41]   --->   Operation 358 'zext' 'zext_ln41' <Predicate = (!icmp_ln41)> <Delay = 0.00>
ST_3 : Operation 359 [1/1] (0.96ns)   --->   "%select_ln41 = select i1 %icmp_ln43, i9 0, i9 %col_1" [twodconv.cpp:41]   --->   Operation 359 'select' 'select_ln41' <Predicate = (!icmp_ln41)> <Delay = 0.96> <CoreInst = "Sel">   --->   Core 73 'Sel' <Latency = 0> <II = 1> <Delay = 0.69> <FuncUnit> <Opcode : 'select'> <InPorts = 3> <OutPorts = 1>
ST_3 : Operation 360 [1/1] (0.00ns)   --->   "%tmp_2 = partselect i29 @_ssdm_op_PartSelect.i29.i31.i32.i32, i31 %add_ln41_1, i32 2, i32 30" [twodconv.cpp:41]   --->   Operation 360 'partselect' 'tmp_2' <Predicate = (!icmp_ln41)> <Delay = 0.00>
ST_3 : Operation 361 [1/1] (2.46ns)   --->   "%icmp22 = icmp_ne  i29 %tmp_2, i29 0" [twodconv.cpp:41]   --->   Operation 361 'icmp' 'icmp22' <Predicate = (!icmp_ln41)> <Delay = 2.46> <CoreInst = "Cmp">   --->   Core 9 'Cmp' <Latency = 0> <II = 1> <Delay = 2.47> <FuncUnit> <Opcode : 'icmp'> <InPorts = 2> <OutPorts = 1>
ST_3 : Operation 362 [1/1] (0.99ns)   --->   "%select_ln41_1 = select i1 %icmp_ln43, i1 %icmp22, i1 %icmp" [twodconv.cpp:41]   --->   Operation 362 'select' 'select_ln41_1' <Predicate = (!icmp_ln41)> <Delay = 0.99> <CoreInst = "Sel">   --->   Core 73 'Sel' <Latency = 0> <II = 1> <Delay = 0.69> <FuncUnit> <Opcode : 'select'> <InPorts = 3> <OutPorts = 1>
ST_3 : Operation 363 [1/1] (2.47ns)   --->   "%cmp69_mid1 = icmp_eq  i32 %zext_ln41, i32 %sub68" [twodconv.cpp:41]   --->   Operation 363 'icmp' 'cmp69_mid1' <Predicate = (!icmp_ln41)> <Delay = 2.47> <CoreInst = "Cmp">   --->   Core 9 'Cmp' <Latency = 0> <II = 1> <Delay = 2.47> <FuncUnit> <Opcode : 'icmp'> <InPorts = 2> <OutPorts = 1>
ST_3 : Operation 364 [1/1] (0.99ns)   --->   "%select_ln41_2 = select i1 %icmp_ln43, i1 %cmp69_mid1, i1 %cmp69" [twodconv.cpp:41]   --->   Operation 364 'select' 'select_ln41_2' <Predicate = (!icmp_ln41)> <Delay = 0.99> <CoreInst = "Sel">   --->   Core 73 'Sel' <Latency = 0> <II = 1> <Delay = 0.69> <FuncUnit> <Opcode : 'select'> <InPorts = 3> <OutPorts = 1>
ST_3 : Operation 365 [1/1] (0.00ns)   --->   "%tmp_3 = partselect i30 @_ssdm_op_PartSelect.i30.i31.i32.i32, i31 %add_ln41_1, i32 1, i32 30" [twodconv.cpp:41]   --->   Operation 365 'partselect' 'tmp_3' <Predicate = (!icmp_ln41)> <Delay = 0.00>
ST_3 : Operation 366 [1/1] (2.46ns)   --->   "%icmp25 = icmp_ne  i30 %tmp_3, i30 0" [twodconv.cpp:41]   --->   Operation 366 'icmp' 'icmp25' <Predicate = (!icmp_ln41)> <Delay = 2.46> <CoreInst = "Cmp">   --->   Core 9 'Cmp' <Latency = 0> <II = 1> <Delay = 2.47> <FuncUnit> <Opcode : 'icmp'> <InPorts = 2> <OutPorts = 1>
ST_3 : Operation 367 [1/1] (2.47ns)   --->   "%notrhs_mid1 = icmp_slt  i32 %zext_ln41, i32 %add13" [twodconv.cpp:41]   --->   Operation 367 'icmp' 'notrhs_mid1' <Predicate = (!icmp_ln41)> <Delay = 2.47> <CoreInst = "Cmp">   --->   Core 9 'Cmp' <Latency = 0> <II = 1> <Delay = 2.47> <FuncUnit> <Opcode : 'icmp'> <InPorts = 2> <OutPorts = 1>
ST_3 : Operation 368 [1/1] (0.00ns) (grouped into LUT with out node and_ln55_1)   --->   "%and_ln55_3 = and i1 %notrhs_mid1, i1 %icmp25" [twodconv.cpp:55]   --->   Operation 368 'and' 'and_ln55_3' <Predicate = (!icmp_ln41)> <Delay = 0.00> <CoreInst = "LogicGate">   --->   Core 74 'LogicGate' <Latency = 0> <II = 1> <Delay = 0.97> <FuncUnit> <Opcode : 'and' 'or' 'xor'> <InPorts = 2> <OutPorts = 1>
ST_3 : Operation 369 [1/1] (0.00ns) (grouped into LUT with out node and_ln55_1)   --->   "%select_ln41_3 = select i1 %icmp_ln43, i1 %and_ln55_3, i1 %and_ln55" [twodconv.cpp:41]   --->   Operation 369 'select' 'select_ln41_3' <Predicate = (!icmp_ln41)> <Delay = 0.00> <CoreInst = "Sel">   --->   Core 73 'Sel' <Latency = 0> <II = 1> <Delay = 0.69> <FuncUnit> <Opcode : 'select'> <InPorts = 3> <OutPorts = 1>
ST_3 : Operation 370 [1/1] (0.00ns)   --->   "%zext_ln41_2 = zext i9 %select_ln41" [twodconv.cpp:41]   --->   Operation 370 'zext' 'zext_ln41_2' <Predicate = (!icmp_ln41)> <Delay = 0.00>
ST_3 : Operation 371 [1/1] (0.73ns)   --->   "%select_ln41_4 = select i1 %icmp_ln43, i31 %add_ln41_1, i31 %row_1" [twodconv.cpp:41]   --->   Operation 371 'select' 'select_ln41_4' <Predicate = (!icmp_ln41)> <Delay = 0.73> <CoreInst = "Sel">   --->   Core 73 'Sel' <Latency = 0> <II = 1> <Delay = 0.69> <FuncUnit> <Opcode : 'select'> <InPorts = 3> <OutPorts = 1>
ST_3 : Operation 372 [1/1] (0.00ns)   --->   "%zext_ln43 = zext i9 %select_ln41" [twodconv.cpp:43]   --->   Operation 372 'zext' 'zext_ln43' <Predicate = (!icmp_ln41)> <Delay = 0.00>
ST_3 : Operation 373 [1/1] (0.00ns)   --->   "%tmp_4 = partselect i8 @_ssdm_op_PartSelect.i8.i9.i32.i32, i9 %select_ln41, i32 1, i32 8" [twodconv.cpp:56]   --->   Operation 373 'partselect' 'tmp_4' <Predicate = (!icmp_ln41)> <Delay = 0.00>
ST_3 : Operation 374 [1/1] (1.55ns)   --->   "%icmp_ln56 = icmp_ne  i8 %tmp_4, i8 0" [twodconv.cpp:56]   --->   Operation 374 'icmp' 'icmp_ln56' <Predicate = (!icmp_ln41)> <Delay = 1.55> <CoreInst = "Cmp">   --->   Core 9 'Cmp' <Latency = 0> <II = 1> <Delay = 2.47> <FuncUnit> <Opcode : 'icmp'> <InPorts = 2> <OutPorts = 1>
ST_3 : Operation 375 [1/1] (2.47ns)   --->   "%icmp_ln56_1 = icmp_slt  i32 %zext_ln41_2, i32 %add13" [twodconv.cpp:56]   --->   Operation 375 'icmp' 'icmp_ln56_1' <Predicate = (!icmp_ln41)> <Delay = 2.47> <CoreInst = "Cmp">   --->   Core 9 'Cmp' <Latency = 0> <II = 1> <Delay = 2.47> <FuncUnit> <Opcode : 'icmp'> <InPorts = 2> <OutPorts = 1>
ST_3 : Operation 376 [1/1] (0.00ns) (grouped into LUT with out node and_ln55_1)   --->   "%and_ln55_2 = and i1 %icmp_ln56, i1 %icmp_ln56_1" [twodconv.cpp:55]   --->   Operation 376 'and' 'and_ln55_2' <Predicate = (!icmp_ln41)> <Delay = 0.00> <CoreInst = "LogicGate">   --->   Core 74 'LogicGate' <Latency = 0> <II = 1> <Delay = 0.97> <FuncUnit> <Opcode : 'and' 'or' 'xor'> <InPorts = 2> <OutPorts = 1>
ST_3 : Operation 377 [1/1] (0.99ns) (out node of the LUT)   --->   "%and_ln55_1 = and i1 %and_ln55_2, i1 %select_ln41_3" [twodconv.cpp:55]   --->   Operation 377 'and' 'and_ln55_1' <Predicate = (!icmp_ln41)> <Delay = 0.99> <CoreInst = "LogicGate">   --->   Core 74 'LogicGate' <Latency = 0> <II = 1> <Delay = 0.97> <FuncUnit> <Opcode : 'and' 'or' 'xor'> <InPorts = 2> <OutPorts = 1>
ST_3 : Operation 378 [1/1] (1.58ns)   --->   "%br_ln55 = br i1 %and_ln55_1, void %.split4.0, void" [twodconv.cpp:55]   --->   Operation 378 'br' 'br_ln55' <Predicate = (!icmp_ln41)> <Delay = 1.58>
ST_3 : Operation 379 [1/1] (0.00ns)   --->   "%empty_64 = read i44 @_ssdm_op_Read.axis.volatile.i32P0A.i4P0A.i4P0A.i1P0A.i1P0A.i1P0A.i1P0A, i32 %in_stream_V_data_V, i4 %in_stream_V_keep_V, i4 %in_stream_V_strb_V, i1 %in_stream_V_user_V, i1 %in_stream_V_last_V, i1 %in_stream_V_id_V, i1 %in_stream_V_dest_V"   --->   Operation 379 'read' 'empty_64' <Predicate = (!icmp_ln41 & and_ln55_1)> <Delay = 0.00> <CoreInst = "axis">   --->   Core 115 'axis' <Latency = 0> <II = 1> <Delay = 1.00> <Adapter> <Opcode : >
ST_3 : Operation 380 [1/1] (0.00ns)   --->   "%tmp_9 = extractvalue i44 %empty_64"   --->   Operation 380 'extractvalue' 'tmp_9' <Predicate = (!icmp_ln41 & and_ln55_1)> <Delay = 0.00>
ST_3 : Operation 381 [1/1] (0.00ns)   --->   "%new_pixel = bitcast i32 %tmp_9" [twodconv.cpp:7]   --->   Operation 381 'bitcast' 'new_pixel' <Predicate = (!icmp_ln41 & and_ln55_1)> <Delay = 0.00>
ST_3 : Operation 382 [1/1] (1.58ns)   --->   "%br_ln59 = br void %.split4.0" [twodconv.cpp:59]   --->   Operation 382 'br' 'br_ln59' <Predicate = (!icmp_ln41 & and_ln55_1)> <Delay = 1.58>
ST_3 : Operation 383 [1/1] (0.00ns)   --->   "%line_buf_0_addr = getelementptr i32 %line_buf_0, i64 0, i64 %zext_ln43" [twodconv.cpp:62]   --->   Operation 383 'getelementptr' 'line_buf_0_addr' <Predicate = (!icmp_ln41)> <Delay = 0.00>
ST_3 : Operation 384 [1/1] (0.00ns)   --->   "%reuse_addr_reg62_load = load i64 %reuse_addr_reg62"   --->   Operation 384 'load' 'reuse_addr_reg62_load' <Predicate = (!icmp_ln41)> <Delay = 0.00>
ST_3 : Operation 385 [2/2] (3.25ns)   --->   "%line_buf_0_load = load i8 %line_buf_0_addr" [twodconv.cpp:62]   --->   Operation 385 'load' 'line_buf_0_load' <Predicate = (!icmp_ln41)> <Delay = 3.25> <CoreInst = "RAM_2P_BRAM">   --->   Core 91 'RAM_2P_BRAM' <Latency = 1> <II = 1> <Delay = 3.25> <Storage> <Opcode : 'load' 'store'> <Ports = 2> <Width = 32> <Depth = 256> <RAM>
ST_3 : Operation 386 [1/1] (2.77ns)   --->   "%addr_cmp65 = icmp_eq  i64 %reuse_addr_reg62_load, i64 %zext_ln43" [twodconv.cpp:43]   --->   Operation 386 'icmp' 'addr_cmp65' <Predicate = (!icmp_ln41)> <Delay = 2.77> <CoreInst = "Cmp">   --->   Core 9 'Cmp' <Latency = 0> <II = 1> <Delay = 2.47> <FuncUnit> <Opcode : 'icmp'> <InPorts = 2> <OutPorts = 1>
ST_3 : Operation 387 [1/1] (0.00ns)   --->   "%line_buf_1_addr = getelementptr i32 %line_buf_1, i64 0, i64 %zext_ln43" [twodconv.cpp:66]   --->   Operation 387 'getelementptr' 'line_buf_1_addr' <Predicate = (!icmp_ln41)> <Delay = 0.00>
ST_3 : Operation 388 [1/1] (0.00ns)   --->   "%reuse_addr_reg56_load = load i64 %reuse_addr_reg56"   --->   Operation 388 'load' 'reuse_addr_reg56_load' <Predicate = (!icmp_ln41)> <Delay = 0.00>
ST_3 : Operation 389 [2/2] (3.25ns)   --->   "%line_buf_1_load = load i8 %line_buf_1_addr" [twodconv.cpp:66]   --->   Operation 389 'load' 'line_buf_1_load' <Predicate = (!icmp_ln41)> <Delay = 3.25> <CoreInst = "RAM_2P_BRAM">   --->   Core 91 'RAM_2P_BRAM' <Latency = 1> <II = 1> <Delay = 3.25> <Storage> <Opcode : 'load' 'store'> <Ports = 2> <Width = 32> <Depth = 256> <RAM>
ST_3 : Operation 390 [1/1] (2.77ns)   --->   "%addr_cmp59 = icmp_eq  i64 %reuse_addr_reg56_load, i64 %zext_ln43" [twodconv.cpp:43]   --->   Operation 390 'icmp' 'addr_cmp59' <Predicate = (!icmp_ln41)> <Delay = 2.77> <CoreInst = "Cmp">   --->   Core 9 'Cmp' <Latency = 0> <II = 1> <Delay = 2.47> <FuncUnit> <Opcode : 'icmp'> <InPorts = 2> <OutPorts = 1>
ST_3 : Operation 391 [1/1] (1.58ns)   --->   "%store_ln43 = store i64 %zext_ln43, i64 %reuse_addr_reg62" [twodconv.cpp:43]   --->   Operation 391 'store' 'store_ln43' <Predicate = (!icmp_ln41)> <Delay = 1.58>
ST_3 : Operation 392 [1/1] (0.00ns)   --->   "%line_buf_2_addr = getelementptr i32 %line_buf_2, i64 0, i64 %zext_ln43" [twodconv.cpp:66]   --->   Operation 392 'getelementptr' 'line_buf_2_addr' <Predicate = (!icmp_ln41)> <Delay = 0.00>
ST_3 : Operation 393 [1/1] (0.00ns)   --->   "%reuse_addr_reg50_load = load i64 %reuse_addr_reg50"   --->   Operation 393 'load' 'reuse_addr_reg50_load' <Predicate = (!icmp_ln41)> <Delay = 0.00>
ST_3 : Operation 394 [2/2] (3.25ns)   --->   "%line_buf_2_load = load i8 %line_buf_2_addr" [twodconv.cpp:66]   --->   Operation 394 'load' 'line_buf_2_load' <Predicate = (!icmp_ln41)> <Delay = 3.25> <CoreInst = "RAM_2P_BRAM">   --->   Core 91 'RAM_2P_BRAM' <Latency = 1> <II = 1> <Delay = 3.25> <Storage> <Opcode : 'load' 'store'> <Ports = 2> <Width = 32> <Depth = 256> <RAM>
ST_3 : Operation 395 [1/1] (2.77ns)   --->   "%addr_cmp53 = icmp_eq  i64 %reuse_addr_reg50_load, i64 %zext_ln43" [twodconv.cpp:43]   --->   Operation 395 'icmp' 'addr_cmp53' <Predicate = (!icmp_ln41)> <Delay = 2.77> <CoreInst = "Cmp">   --->   Core 9 'Cmp' <Latency = 0> <II = 1> <Delay = 2.47> <FuncUnit> <Opcode : 'icmp'> <InPorts = 2> <OutPorts = 1>
ST_3 : Operation 396 [1/1] (1.58ns)   --->   "%store_ln43 = store i64 %zext_ln43, i64 %reuse_addr_reg56" [twodconv.cpp:43]   --->   Operation 396 'store' 'store_ln43' <Predicate = (!icmp_ln41)> <Delay = 1.58>
ST_3 : Operation 397 [1/1] (0.00ns)   --->   "%line_buf_3_addr = getelementptr i32 %line_buf_3, i64 0, i64 %zext_ln43" [twodconv.cpp:66]   --->   Operation 397 'getelementptr' 'line_buf_3_addr' <Predicate = (!icmp_ln41)> <Delay = 0.00>
ST_3 : Operation 398 [1/1] (0.00ns)   --->   "%reuse_addr_reg_load = load i64 %reuse_addr_reg"   --->   Operation 398 'load' 'reuse_addr_reg_load' <Predicate = (!icmp_ln41)> <Delay = 0.00>
ST_3 : Operation 399 [2/2] (3.25ns)   --->   "%line_buf_3_load = load i8 %line_buf_3_addr" [twodconv.cpp:66]   --->   Operation 399 'load' 'line_buf_3_load' <Predicate = (!icmp_ln41)> <Delay = 3.25> <CoreInst = "RAM_2P_BRAM">   --->   Core 91 'RAM_2P_BRAM' <Latency = 1> <II = 1> <Delay = 3.25> <Storage> <Opcode : 'load' 'store'> <Ports = 2> <Width = 32> <Depth = 256> <RAM>
ST_3 : Operation 400 [1/1] (2.77ns)   --->   "%addr_cmp = icmp_eq  i64 %reuse_addr_reg_load, i64 %zext_ln43" [twodconv.cpp:43]   --->   Operation 400 'icmp' 'addr_cmp' <Predicate = (!icmp_ln41)> <Delay = 2.77> <CoreInst = "Cmp">   --->   Core 9 'Cmp' <Latency = 0> <II = 1> <Delay = 2.47> <FuncUnit> <Opcode : 'icmp'> <InPorts = 2> <OutPorts = 1>
ST_3 : Operation 401 [1/1] (1.58ns)   --->   "%store_ln43 = store i64 %zext_ln43, i64 %reuse_addr_reg50" [twodconv.cpp:43]   --->   Operation 401 'store' 'store_ln43' <Predicate = (!icmp_ln41)> <Delay = 1.58>
ST_3 : Operation 402 [1/1] (1.58ns)   --->   "%store_ln43 = store i64 %zext_ln43, i64 %reuse_addr_reg" [twodconv.cpp:43]   --->   Operation 402 'store' 'store_ln43' <Predicate = (!icmp_ln41)> <Delay = 1.58>
ST_3 : Operation 403 [1/1] (0.00ns)   --->   "%tmp_6 = partselect i7 @_ssdm_op_PartSelect.i7.i9.i32.i32, i9 %select_ln41, i32 2, i32 8" [twodconv.cpp:74]   --->   Operation 403 'partselect' 'tmp_6' <Predicate = (!icmp_ln41)> <Delay = 0.00>
ST_3 : Operation 404 [1/1] (1.48ns)   --->   "%icmp_ln74 = icmp_ne  i7 %tmp_6, i7 0" [twodconv.cpp:74]   --->   Operation 404 'icmp' 'icmp_ln74' <Predicate = (!icmp_ln41)> <Delay = 1.48> <CoreInst = "Cmp">   --->   Core 9 'Cmp' <Latency = 0> <II = 1> <Delay = 2.47> <FuncUnit> <Opcode : 'icmp'> <InPorts = 2> <OutPorts = 1>
ST_3 : Operation 405 [1/1] (0.97ns)   --->   "%and_ln74 = and i1 %select_ln41_1, i1 %icmp_ln74" [twodconv.cpp:74]   --->   Operation 405 'and' 'and_ln74' <Predicate = (!icmp_ln41)> <Delay = 0.97> <CoreInst = "LogicGate">   --->   Core 74 'LogicGate' <Latency = 0> <II = 1> <Delay = 0.97> <FuncUnit> <Opcode : 'and' 'or' 'xor'> <InPorts = 2> <OutPorts = 1>
ST_3 : Operation 406 [1/1] (0.00ns)   --->   "%br_ln74 = br i1 %and_ln74, void %._crit_edge50, void %.split8.0" [twodconv.cpp:74]   --->   Operation 406 'br' 'br_ln74' <Predicate = (!icmp_ln41)> <Delay = 0.00>
ST_3 : Operation 407 [1/1] (2.47ns)   --->   "%icmp_ln92 = icmp_eq  i32 %zext_ln41_2, i32 %sub68" [twodconv.cpp:92]   --->   Operation 407 'icmp' 'icmp_ln92' <Predicate = (!icmp_ln41 & and_ln74)> <Delay = 2.47> <CoreInst = "Cmp">   --->   Core 9 'Cmp' <Latency = 0> <II = 1> <Delay = 2.47> <FuncUnit> <Opcode : 'icmp'> <InPorts = 2> <OutPorts = 1>
ST_3 : Operation 408 [1/1] (0.97ns)   --->   "%out_pkt_last_V = and i1 %select_ln41_2, i1 %icmp_ln92" [twodconv.cpp:92]   --->   Operation 408 'and' 'out_pkt_last_V' <Predicate = (!icmp_ln41 & and_ln74)> <Delay = 0.97> <CoreInst = "LogicGate">   --->   Core 74 'LogicGate' <Latency = 0> <II = 1> <Delay = 0.97> <FuncUnit> <Opcode : 'and' 'or' 'xor'> <InPorts = 2> <OutPorts = 1>
ST_3 : Operation 409 [1/1] (1.82ns)   --->   "%add_ln43 = add i9 %select_ln41, i9 1" [twodconv.cpp:43]   --->   Operation 409 'add' 'add_ln43' <Predicate = (!icmp_ln41)> <Delay = 1.82> <CoreInst = "Adder">   --->   Core 1 'Adder' <Latency = 0> <II = 1> <Delay = 1.82> <FuncUnit> <Opcode : 'add' 'sub'> <InPorts = 2> <OutPorts = 1>
ST_3 : Operation 410 [1/1] (1.58ns)   --->   "%store_ln41 = store i64 %add_ln41, i64 %indvar_flatten" [twodconv.cpp:41]   --->   Operation 410 'store' 'store_ln41' <Predicate = (!icmp_ln41)> <Delay = 1.58>
ST_3 : Operation 411 [1/1] (1.58ns)   --->   "%store_ln41 = store i31 %select_ln41_4, i31 %row" [twodconv.cpp:41]   --->   Operation 411 'store' 'store_ln41' <Predicate = (!icmp_ln41)> <Delay = 1.58>
ST_3 : Operation 412 [1/1] (1.58ns)   --->   "%store_ln43 = store i9 %add_ln43, i9 %col" [twodconv.cpp:43]   --->   Operation 412 'store' 'store_ln43' <Predicate = (!icmp_ln41)> <Delay = 1.58>

State 4 <SV = 3> <Delay = 7.25>
ST_4 : Operation 413 [1/1] (0.00ns)   --->   "%window_0_3_loc_1_load_1 = load i32 %window_0_3_loc_1" [twodconv.cpp:49]   --->   Operation 413 'load' 'window_0_3_loc_1_load_1' <Predicate = (!icmp_ln41)> <Delay = 0.00>
ST_4 : Operation 414 [1/1] (0.00ns)   --->   "%store_ln49 = store i32 %window_0_3_loc_1_load_1, i32 %window_0_2" [twodconv.cpp:49]   --->   Operation 414 'store' 'store_ln49' <Predicate = (!icmp_ln41)> <Delay = 0.00>
ST_4 : Operation 415 [1/1] (0.00ns)   --->   "%window_0_4_load = load i32 %window_0_4" [twodconv.cpp:49]   --->   Operation 415 'load' 'window_0_4_load' <Predicate = (!icmp_ln41)> <Delay = 0.00>
ST_4 : Operation 416 [1/1] (0.00ns)   --->   "%store_ln49 = store i32 %window_0_4_load, i32 %window_0_3" [twodconv.cpp:49]   --->   Operation 416 'store' 'store_ln49' <Predicate = (!icmp_ln41)> <Delay = 0.00>
ST_4 : Operation 417 [1/1] (0.00ns)   --->   "%new_pixel_1 = phi i32 %new_pixel, void, i32 0, void %._crit_edge"   --->   Operation 417 'phi' 'new_pixel_1' <Predicate = true> <Delay = 0.00>
ST_4 : Operation 418 [1/1] (0.00ns)   --->   "%reuse_reg61_load = load i32 %reuse_reg61"   --->   Operation 418 'load' 'reuse_reg61_load' <Predicate = (addr_cmp65)> <Delay = 0.00>
ST_4 : Operation 419 [1/2] (3.25ns)   --->   "%line_buf_0_load = load i8 %line_buf_0_addr" [twodconv.cpp:62]   --->   Operation 419 'load' 'line_buf_0_load' <Predicate = true> <Delay = 3.25> <CoreInst = "RAM_2P_BRAM">   --->   Core 91 'RAM_2P_BRAM' <Latency = 1> <II = 1> <Delay = 3.25> <Storage> <Opcode : 'load' 'store'> <Ports = 2> <Width = 32> <Depth = 256> <RAM>
ST_4 : Operation 420 [1/1] (0.69ns)   --->   "%reuse_select66 = select i1 %addr_cmp65, i32 %reuse_reg61_load, i32 %line_buf_0_load" [twodconv.cpp:43]   --->   Operation 420 'select' 'reuse_select66' <Predicate = true> <Delay = 0.69> <CoreInst = "Sel">   --->   Core 73 'Sel' <Latency = 0> <II = 1> <Delay = 0.69> <FuncUnit> <Opcode : 'select'> <InPorts = 3> <OutPorts = 1>
ST_4 : Operation 421 [1/1] (0.00ns)   --->   "%store_ln63 = store i32 %reuse_select66, i32 %window_0_4" [twodconv.cpp:63]   --->   Operation 421 'store' 'store_ln63' <Predicate = true> <Delay = 0.00>
ST_4 : Operation 422 [1/1] (0.00ns)   --->   "%reuse_reg55_load = load i32 %reuse_reg55"   --->   Operation 422 'load' 'reuse_reg55_load' <Predicate = (addr_cmp59)> <Delay = 0.00>
ST_4 : Operation 423 [1/2] (3.25ns)   --->   "%line_buf_1_load = load i8 %line_buf_1_addr" [twodconv.cpp:66]   --->   Operation 423 'load' 'line_buf_1_load' <Predicate = true> <Delay = 3.25> <CoreInst = "RAM_2P_BRAM">   --->   Core 91 'RAM_2P_BRAM' <Latency = 1> <II = 1> <Delay = 3.25> <Storage> <Opcode : 'load' 'store'> <Ports = 2> <Width = 32> <Depth = 256> <RAM>
ST_4 : Operation 424 [1/1] (0.69ns)   --->   "%reuse_select60 = select i1 %addr_cmp59, i32 %reuse_reg55_load, i32 %line_buf_1_load" [twodconv.cpp:43]   --->   Operation 424 'select' 'reuse_select60' <Predicate = true> <Delay = 0.69> <CoreInst = "Sel">   --->   Core 73 'Sel' <Latency = 0> <II = 1> <Delay = 0.69> <FuncUnit> <Opcode : 'select'> <InPorts = 3> <OutPorts = 1>
ST_4 : Operation 425 [1/1] (3.25ns)   --->   "%store_ln66 = store i32 %reuse_select60, i8 %line_buf_0_addr" [twodconv.cpp:66]   --->   Operation 425 'store' 'store_ln66' <Predicate = true> <Delay = 3.25> <CoreInst = "RAM_2P_BRAM">   --->   Core 91 'RAM_2P_BRAM' <Latency = 1> <II = 1> <Delay = 3.25> <Storage> <Opcode : 'load' 'store'> <Ports = 2> <Width = 32> <Depth = 256> <RAM>
ST_4 : Operation 426 [1/1] (1.58ns)   --->   "%store_ln43 = store i32 %reuse_select60, i32 %reuse_reg61" [twodconv.cpp:43]   --->   Operation 426 'store' 'store_ln43' <Predicate = true> <Delay = 1.58>
ST_4 : Operation 427 [1/1] (0.00ns)   --->   "%reuse_reg49_load = load i32 %reuse_reg49"   --->   Operation 427 'load' 'reuse_reg49_load' <Predicate = (addr_cmp53)> <Delay = 0.00>
ST_4 : Operation 428 [1/2] (3.25ns)   --->   "%line_buf_2_load = load i8 %line_buf_2_addr" [twodconv.cpp:66]   --->   Operation 428 'load' 'line_buf_2_load' <Predicate = true> <Delay = 3.25> <CoreInst = "RAM_2P_BRAM">   --->   Core 91 'RAM_2P_BRAM' <Latency = 1> <II = 1> <Delay = 3.25> <Storage> <Opcode : 'load' 'store'> <Ports = 2> <Width = 32> <Depth = 256> <RAM>
ST_4 : Operation 429 [1/1] (0.69ns)   --->   "%reuse_select54 = select i1 %addr_cmp53, i32 %reuse_reg49_load, i32 %line_buf_2_load" [twodconv.cpp:43]   --->   Operation 429 'select' 'reuse_select54' <Predicate = true> <Delay = 0.69> <CoreInst = "Sel">   --->   Core 73 'Sel' <Latency = 0> <II = 1> <Delay = 0.69> <FuncUnit> <Opcode : 'select'> <InPorts = 3> <OutPorts = 1>
ST_4 : Operation 430 [1/1] (3.25ns)   --->   "%store_ln66 = store i32 %reuse_select54, i8 %line_buf_1_addr" [twodconv.cpp:66]   --->   Operation 430 'store' 'store_ln66' <Predicate = true> <Delay = 3.25> <CoreInst = "RAM_2P_BRAM">   --->   Core 91 'RAM_2P_BRAM' <Latency = 1> <II = 1> <Delay = 3.25> <Storage> <Opcode : 'load' 'store'> <Ports = 2> <Width = 32> <Depth = 256> <RAM>
ST_4 : Operation 431 [1/1] (1.58ns)   --->   "%store_ln43 = store i32 %reuse_select54, i32 %reuse_reg55" [twodconv.cpp:43]   --->   Operation 431 'store' 'store_ln43' <Predicate = true> <Delay = 1.58>
ST_4 : Operation 432 [1/1] (0.00ns)   --->   "%reuse_reg_load = load i32 %reuse_reg"   --->   Operation 432 'load' 'reuse_reg_load' <Predicate = (addr_cmp)> <Delay = 0.00>
ST_4 : Operation 433 [1/2] (3.25ns)   --->   "%line_buf_3_load = load i8 %line_buf_3_addr" [twodconv.cpp:66]   --->   Operation 433 'load' 'line_buf_3_load' <Predicate = true> <Delay = 3.25> <CoreInst = "RAM_2P_BRAM">   --->   Core 91 'RAM_2P_BRAM' <Latency = 1> <II = 1> <Delay = 3.25> <Storage> <Opcode : 'load' 'store'> <Ports = 2> <Width = 32> <Depth = 256> <RAM>
ST_4 : Operation 434 [1/1] (0.69ns)   --->   "%reuse_select = select i1 %addr_cmp, i32 %reuse_reg_load, i32 %line_buf_3_load" [twodconv.cpp:43]   --->   Operation 434 'select' 'reuse_select' <Predicate = true> <Delay = 0.69> <CoreInst = "Sel">   --->   Core 73 'Sel' <Latency = 0> <II = 1> <Delay = 0.69> <FuncUnit> <Opcode : 'select'> <InPorts = 3> <OutPorts = 1>
ST_4 : Operation 435 [1/1] (3.25ns)   --->   "%store_ln66 = store i32 %reuse_select, i8 %line_buf_2_addr" [twodconv.cpp:66]   --->   Operation 435 'store' 'store_ln66' <Predicate = true> <Delay = 3.25> <CoreInst = "RAM_2P_BRAM">   --->   Core 91 'RAM_2P_BRAM' <Latency = 1> <II = 1> <Delay = 3.25> <Storage> <Opcode : 'load' 'store'> <Ports = 2> <Width = 32> <Depth = 256> <RAM>
ST_4 : Operation 436 [1/1] (1.58ns)   --->   "%store_ln43 = store i32 %reuse_select, i32 %reuse_reg49" [twodconv.cpp:43]   --->   Operation 436 'store' 'store_ln43' <Predicate = true> <Delay = 1.58>
ST_4 : Operation 437 [1/1] (3.25ns)   --->   "%store_ln66 = store i32 %new_pixel_1, i8 %line_buf_3_addr" [twodconv.cpp:66]   --->   Operation 437 'store' 'store_ln66' <Predicate = true> <Delay = 3.25> <CoreInst = "RAM_2P_BRAM">   --->   Core 91 'RAM_2P_BRAM' <Latency = 1> <II = 1> <Delay = 3.25> <Storage> <Opcode : 'load' 'store'> <Ports = 2> <Width = 32> <Depth = 256> <RAM>
ST_4 : Operation 438 [1/1] (1.58ns)   --->   "%store_ln7 = store i32 %new_pixel_1, i32 %reuse_reg" [twodconv.cpp:7]   --->   Operation 438 'store' 'store_ln7' <Predicate = true> <Delay = 1.58>
ST_4 : Operation 439 [1/1] (0.00ns)   --->   "%window_0_3_loc_1_load31 = load i32 %window_0_3_loc_1" [twodconv.cpp:82]   --->   Operation 439 'load' 'window_0_3_loc_1_load31' <Predicate = (and_ln74)> <Delay = 0.00>
ST_4 : Operation 440 [4/4] (5.70ns)   --->   "%mul_0_2 = fmul i32 %window_0_3_loc_1_load31, i32 %empty_41" [twodconv.cpp:82]   --->   Operation 440 'fmul' 'mul_0_2' <Predicate = (and_ln74)> <Delay = 5.70> <CoreInst = "FMul_maxdsp">   --->   Core 30 'FMul_maxdsp' <Latency = 3> <II = 1> <Delay = 5.70> <FuncUnit> <Opcode : 'fmul'> <InPorts = 2> <OutPorts = 1>
ST_4 : Operation 441 [4/4] (5.70ns)   --->   "%mul_0_3 = fmul i32 %window_0_4_load, i32 %empty_42" [twodconv.cpp:82]   --->   Operation 441 'fmul' 'mul_0_3' <Predicate = (and_ln74)> <Delay = 5.70> <CoreInst = "FMul_maxdsp">   --->   Core 30 'FMul_maxdsp' <Latency = 3> <II = 1> <Delay = 5.70> <FuncUnit> <Opcode : 'fmul'> <InPorts = 2> <OutPorts = 1>
ST_4 : Operation 442 [1/1] (0.00ns)   --->   "%window_0_3_loc_1_load = load i32 %window_0_3_loc_1"   --->   Operation 442 'load' 'window_0_3_loc_1_load' <Predicate = true> <Delay = 0.00>
ST_4 : Operation 443 [5/5] (7.25ns)   --->   "%window_0_3_loc_1_add = fadd i32 %window_0_3_loc_1_load, i32 0"   --->   Operation 443 'fadd' 'window_0_3_loc_1_add' <Predicate = true> <Delay = 7.25> <CoreInst = "FAddSub_fulldsp">   --->   Core 18 'FAddSub_fulldsp' <Latency = 4> <II = 1> <Delay = 7.25> <FuncUnit> <Opcode : 'fadd' 'fsub'> <InPorts = 2> <OutPorts = 1>
ST_4 : Operation 444 [1/1] (1.58ns)   --->   "%store_ln49 = store i32 %window_0_4_load, i32 %window_0_3_loc_1" [twodconv.cpp:49]   --->   Operation 444 'store' 'store_ln49' <Predicate = true> <Delay = 1.58>

State 5 <SV = 4> <Delay = 7.25>
ST_5 : Operation 445 [3/4] (5.70ns)   --->   "%mul_0_2 = fmul i32 %window_0_3_loc_1_load31, i32 %empty_41" [twodconv.cpp:82]   --->   Operation 445 'fmul' 'mul_0_2' <Predicate = (and_ln74)> <Delay = 5.70> <CoreInst = "FMul_maxdsp">   --->   Core 30 'FMul_maxdsp' <Latency = 3> <II = 1> <Delay = 5.70> <FuncUnit> <Opcode : 'fmul'> <InPorts = 2> <OutPorts = 1>
ST_5 : Operation 446 [3/4] (5.70ns)   --->   "%mul_0_3 = fmul i32 %window_0_4_load, i32 %empty_42" [twodconv.cpp:82]   --->   Operation 446 'fmul' 'mul_0_3' <Predicate = (and_ln74)> <Delay = 5.70> <CoreInst = "FMul_maxdsp">   --->   Core 30 'FMul_maxdsp' <Latency = 3> <II = 1> <Delay = 5.70> <FuncUnit> <Opcode : 'fmul'> <InPorts = 2> <OutPorts = 1>
ST_5 : Operation 447 [4/4] (5.70ns)   --->   "%mul_0_4 = fmul i32 %reuse_select66, i32 %empty_43" [twodconv.cpp:82]   --->   Operation 447 'fmul' 'mul_0_4' <Predicate = (and_ln74)> <Delay = 5.70> <CoreInst = "FMul_maxdsp">   --->   Core 30 'FMul_maxdsp' <Latency = 3> <II = 1> <Delay = 5.70> <FuncUnit> <Opcode : 'fmul'> <InPorts = 2> <OutPorts = 1>
ST_5 : Operation 448 [4/5] (7.25ns)   --->   "%window_0_3_loc_1_add = fadd i32 %window_0_3_loc_1_load, i32 0"   --->   Operation 448 'fadd' 'window_0_3_loc_1_add' <Predicate = true> <Delay = 7.25> <CoreInst = "FAddSub_fulldsp">   --->   Core 18 'FAddSub_fulldsp' <Latency = 4> <II = 1> <Delay = 7.25> <FuncUnit> <Opcode : 'fadd' 'fsub'> <InPorts = 2> <OutPorts = 1>

State 6 <SV = 5> <Delay = 7.25>
ST_6 : Operation 449 [2/4] (5.70ns)   --->   "%mul_0_2 = fmul i32 %window_0_3_loc_1_load31, i32 %empty_41" [twodconv.cpp:82]   --->   Operation 449 'fmul' 'mul_0_2' <Predicate = (and_ln74)> <Delay = 5.70> <CoreInst = "FMul_maxdsp">   --->   Core 30 'FMul_maxdsp' <Latency = 3> <II = 1> <Delay = 5.70> <FuncUnit> <Opcode : 'fmul'> <InPorts = 2> <OutPorts = 1>
ST_6 : Operation 450 [2/4] (5.70ns)   --->   "%mul_0_3 = fmul i32 %window_0_4_load, i32 %empty_42" [twodconv.cpp:82]   --->   Operation 450 'fmul' 'mul_0_3' <Predicate = (and_ln74)> <Delay = 5.70> <CoreInst = "FMul_maxdsp">   --->   Core 30 'FMul_maxdsp' <Latency = 3> <II = 1> <Delay = 5.70> <FuncUnit> <Opcode : 'fmul'> <InPorts = 2> <OutPorts = 1>
ST_6 : Operation 451 [3/4] (5.70ns)   --->   "%mul_0_4 = fmul i32 %reuse_select66, i32 %empty_43" [twodconv.cpp:82]   --->   Operation 451 'fmul' 'mul_0_4' <Predicate = (and_ln74)> <Delay = 5.70> <CoreInst = "FMul_maxdsp">   --->   Core 30 'FMul_maxdsp' <Latency = 3> <II = 1> <Delay = 5.70> <FuncUnit> <Opcode : 'fmul'> <InPorts = 2> <OutPorts = 1>
ST_6 : Operation 452 [3/5] (7.25ns)   --->   "%window_0_3_loc_1_add = fadd i32 %window_0_3_loc_1_load, i32 0"   --->   Operation 452 'fadd' 'window_0_3_loc_1_add' <Predicate = true> <Delay = 7.25> <CoreInst = "FAddSub_fulldsp">   --->   Core 18 'FAddSub_fulldsp' <Latency = 4> <II = 1> <Delay = 7.25> <FuncUnit> <Opcode : 'fadd' 'fsub'> <InPorts = 2> <OutPorts = 1>

State 7 <SV = 6> <Delay = 7.25>
ST_7 : Operation 453 [1/4] (5.70ns)   --->   "%mul_0_2 = fmul i32 %window_0_3_loc_1_load31, i32 %empty_41" [twodconv.cpp:82]   --->   Operation 453 'fmul' 'mul_0_2' <Predicate = (and_ln74)> <Delay = 5.70> <CoreInst = "FMul_maxdsp">   --->   Core 30 'FMul_maxdsp' <Latency = 3> <II = 1> <Delay = 5.70> <FuncUnit> <Opcode : 'fmul'> <InPorts = 2> <OutPorts = 1>
ST_7 : Operation 454 [1/4] (5.70ns)   --->   "%mul_0_3 = fmul i32 %window_0_4_load, i32 %empty_42" [twodconv.cpp:82]   --->   Operation 454 'fmul' 'mul_0_3' <Predicate = (and_ln74)> <Delay = 5.70> <CoreInst = "FMul_maxdsp">   --->   Core 30 'FMul_maxdsp' <Latency = 3> <II = 1> <Delay = 5.70> <FuncUnit> <Opcode : 'fmul'> <InPorts = 2> <OutPorts = 1>
ST_7 : Operation 455 [2/4] (5.70ns)   --->   "%mul_0_4 = fmul i32 %reuse_select66, i32 %empty_43" [twodconv.cpp:82]   --->   Operation 455 'fmul' 'mul_0_4' <Predicate = (and_ln74)> <Delay = 5.70> <CoreInst = "FMul_maxdsp">   --->   Core 30 'FMul_maxdsp' <Latency = 3> <II = 1> <Delay = 5.70> <FuncUnit> <Opcode : 'fmul'> <InPorts = 2> <OutPorts = 1>
ST_7 : Operation 456 [2/5] (7.25ns)   --->   "%window_0_3_loc_1_add = fadd i32 %window_0_3_loc_1_load, i32 0"   --->   Operation 456 'fadd' 'window_0_3_loc_1_add' <Predicate = true> <Delay = 7.25> <CoreInst = "FAddSub_fulldsp">   --->   Core 18 'FAddSub_fulldsp' <Latency = 4> <II = 1> <Delay = 7.25> <FuncUnit> <Opcode : 'fadd' 'fsub'> <InPorts = 2> <OutPorts = 1>

State 8 <SV = 7> <Delay = 7.25>
ST_8 : Operation 457 [1/4] (5.70ns)   --->   "%mul_0_4 = fmul i32 %reuse_select66, i32 %empty_43" [twodconv.cpp:82]   --->   Operation 457 'fmul' 'mul_0_4' <Predicate = (and_ln74)> <Delay = 5.70> <CoreInst = "FMul_maxdsp">   --->   Core 30 'FMul_maxdsp' <Latency = 3> <II = 1> <Delay = 5.70> <FuncUnit> <Opcode : 'fmul'> <InPorts = 2> <OutPorts = 1>
ST_8 : Operation 458 [1/5] (7.25ns)   --->   "%window_0_3_loc_1_add = fadd i32 %window_0_3_loc_1_load, i32 0"   --->   Operation 458 'fadd' 'window_0_3_loc_1_add' <Predicate = true> <Delay = 7.25> <CoreInst = "FAddSub_fulldsp">   --->   Core 18 'FAddSub_fulldsp' <Latency = 4> <II = 1> <Delay = 7.25> <FuncUnit> <Opcode : 'fadd' 'fsub'> <InPorts = 2> <OutPorts = 1>

State 9 <SV = 8> <Delay = 7.25>
ST_9 : Operation 459 [1/1] (0.00ns)   --->   "%window_0_2_loc_1_load_1 = load i32 %window_0_2_loc_1" [twodconv.cpp:49]   --->   Operation 459 'load' 'window_0_2_loc_1_load_1' <Predicate = (!icmp_ln41)> <Delay = 0.00>
ST_9 : Operation 460 [1/1] (0.00ns)   --->   "%store_ln49 = store i32 %window_0_2_loc_1_load_1, i32 %window_0_1" [twodconv.cpp:49]   --->   Operation 460 'store' 'store_ln49' <Predicate = (!icmp_ln41)> <Delay = 0.00>
ST_9 : Operation 461 [1/1] (0.00ns)   --->   "%window_0_2_loc_1_load_2 = load i32 %window_0_2_loc_1" [twodconv.cpp:82]   --->   Operation 461 'load' 'window_0_2_loc_1_load_2' <Predicate = (and_ln74)> <Delay = 0.00>
ST_9 : Operation 462 [4/4] (5.70ns)   --->   "%mul_0_1 = fmul i32 %window_0_2_loc_1_load_2, i32 %empty_40" [twodconv.cpp:82]   --->   Operation 462 'fmul' 'mul_0_1' <Predicate = (and_ln74)> <Delay = 5.70> <CoreInst = "FMul_maxdsp">   --->   Core 30 'FMul_maxdsp' <Latency = 3> <II = 1> <Delay = 5.70> <FuncUnit> <Opcode : 'fmul'> <InPorts = 2> <OutPorts = 1>
ST_9 : Operation 463 [1/1] (0.00ns)   --->   "%window_0_2_loc_1_load = load i32 %window_0_2_loc_1"   --->   Operation 463 'load' 'window_0_2_loc_1_load' <Predicate = true> <Delay = 0.00>
ST_9 : Operation 464 [5/5] (7.25ns)   --->   "%window_0_2_loc_1_add = fadd i32 %window_0_2_loc_1_load, i32 0"   --->   Operation 464 'fadd' 'window_0_2_loc_1_add' <Predicate = true> <Delay = 7.25> <CoreInst = "FAddSub_fulldsp">   --->   Core 18 'FAddSub_fulldsp' <Latency = 4> <II = 1> <Delay = 7.25> <FuncUnit> <Opcode : 'fadd' 'fsub'> <InPorts = 2> <OutPorts = 1>
ST_9 : Operation 465 [1/1] (1.58ns)   --->   "%store_ln0 = store i32 %window_0_3_loc_1_add, i32 %window_0_2_loc_1"   --->   Operation 465 'store' 'store_ln0' <Predicate = true> <Delay = 1.58>

State 10 <SV = 9> <Delay = 7.25>
ST_10 : Operation 466 [3/4] (5.70ns)   --->   "%mul_0_1 = fmul i32 %window_0_2_loc_1_load_2, i32 %empty_40" [twodconv.cpp:82]   --->   Operation 466 'fmul' 'mul_0_1' <Predicate = (and_ln74)> <Delay = 5.70> <CoreInst = "FMul_maxdsp">   --->   Core 30 'FMul_maxdsp' <Latency = 3> <II = 1> <Delay = 5.70> <FuncUnit> <Opcode : 'fmul'> <InPorts = 2> <OutPorts = 1>
ST_10 : Operation 467 [4/5] (7.25ns)   --->   "%window_0_2_loc_1_add = fadd i32 %window_0_2_loc_1_load, i32 0"   --->   Operation 467 'fadd' 'window_0_2_loc_1_add' <Predicate = true> <Delay = 7.25> <CoreInst = "FAddSub_fulldsp">   --->   Core 18 'FAddSub_fulldsp' <Latency = 4> <II = 1> <Delay = 7.25> <FuncUnit> <Opcode : 'fadd' 'fsub'> <InPorts = 2> <OutPorts = 1>

State 11 <SV = 10> <Delay = 7.25>
ST_11 : Operation 468 [2/4] (5.70ns)   --->   "%mul_0_1 = fmul i32 %window_0_2_loc_1_load_2, i32 %empty_40" [twodconv.cpp:82]   --->   Operation 468 'fmul' 'mul_0_1' <Predicate = (and_ln74)> <Delay = 5.70> <CoreInst = "FMul_maxdsp">   --->   Core 30 'FMul_maxdsp' <Latency = 3> <II = 1> <Delay = 5.70> <FuncUnit> <Opcode : 'fmul'> <InPorts = 2> <OutPorts = 1>
ST_11 : Operation 469 [3/5] (7.25ns)   --->   "%window_0_2_loc_1_add = fadd i32 %window_0_2_loc_1_load, i32 0"   --->   Operation 469 'fadd' 'window_0_2_loc_1_add' <Predicate = true> <Delay = 7.25> <CoreInst = "FAddSub_fulldsp">   --->   Core 18 'FAddSub_fulldsp' <Latency = 4> <II = 1> <Delay = 7.25> <FuncUnit> <Opcode : 'fadd' 'fsub'> <InPorts = 2> <OutPorts = 1>

State 12 <SV = 11> <Delay = 7.25>
ST_12 : Operation 470 [1/4] (5.70ns)   --->   "%mul_0_1 = fmul i32 %window_0_2_loc_1_load_2, i32 %empty_40" [twodconv.cpp:82]   --->   Operation 470 'fmul' 'mul_0_1' <Predicate = (and_ln74)> <Delay = 5.70> <CoreInst = "FMul_maxdsp">   --->   Core 30 'FMul_maxdsp' <Latency = 3> <II = 1> <Delay = 5.70> <FuncUnit> <Opcode : 'fmul'> <InPorts = 2> <OutPorts = 1>
ST_12 : Operation 471 [2/5] (7.25ns)   --->   "%window_0_2_loc_1_add = fadd i32 %window_0_2_loc_1_load, i32 0"   --->   Operation 471 'fadd' 'window_0_2_loc_1_add' <Predicate = true> <Delay = 7.25> <CoreInst = "FAddSub_fulldsp">   --->   Core 18 'FAddSub_fulldsp' <Latency = 4> <II = 1> <Delay = 7.25> <FuncUnit> <Opcode : 'fadd' 'fsub'> <InPorts = 2> <OutPorts = 1>

State 13 <SV = 12> <Delay = 7.25>
ST_13 : Operation 472 [1/5] (7.25ns)   --->   "%window_0_2_loc_1_add = fadd i32 %window_0_2_loc_1_load, i32 0"   --->   Operation 472 'fadd' 'window_0_2_loc_1_add' <Predicate = true> <Delay = 7.25> <CoreInst = "FAddSub_fulldsp">   --->   Core 18 'FAddSub_fulldsp' <Latency = 4> <II = 1> <Delay = 7.25> <FuncUnit> <Opcode : 'fadd' 'fsub'> <InPorts = 2> <OutPorts = 1>

State 14 <SV = 13> <Delay = 5.70>
ST_14 : Operation 473 [1/1] (0.00ns)   --->   "%window_load_4 = load i32 %window_load_1_0_0" [twodconv.cpp:82]   --->   Operation 473 'load' 'window_load_4' <Predicate = (and_ln74)> <Delay = 0.00>
ST_14 : Operation 474 [4/4] (5.70ns)   --->   "%mul = fmul i32 %window_load_4, i32 %empty" [twodconv.cpp:82]   --->   Operation 474 'fmul' 'mul' <Predicate = (and_ln74)> <Delay = 5.70> <CoreInst = "FMul_maxdsp">   --->   Core 30 'FMul_maxdsp' <Latency = 3> <II = 1> <Delay = 5.70> <FuncUnit> <Opcode : 'fmul'> <InPorts = 2> <OutPorts = 1>
ST_14 : Operation 475 [1/1] (1.58ns)   --->   "%store_ln0 = store i32 %window_0_2_loc_1_add, i32 %window_load_1_0_0"   --->   Operation 475 'store' 'store_ln0' <Predicate = true> <Delay = 1.58>

State 15 <SV = 14> <Delay = 5.70>
ST_15 : Operation 476 [3/4] (5.70ns)   --->   "%mul = fmul i32 %window_load_4, i32 %empty" [twodconv.cpp:82]   --->   Operation 476 'fmul' 'mul' <Predicate = (and_ln74)> <Delay = 5.70> <CoreInst = "FMul_maxdsp">   --->   Core 30 'FMul_maxdsp' <Latency = 3> <II = 1> <Delay = 5.70> <FuncUnit> <Opcode : 'fmul'> <InPorts = 2> <OutPorts = 1>

State 16 <SV = 15> <Delay = 5.70>
ST_16 : Operation 477 [2/4] (5.70ns)   --->   "%mul = fmul i32 %window_load_4, i32 %empty" [twodconv.cpp:82]   --->   Operation 477 'fmul' 'mul' <Predicate = (and_ln74)> <Delay = 5.70> <CoreInst = "FMul_maxdsp">   --->   Core 30 'FMul_maxdsp' <Latency = 3> <II = 1> <Delay = 5.70> <FuncUnit> <Opcode : 'fmul'> <InPorts = 2> <OutPorts = 1>

State 17 <SV = 16> <Delay = 5.70>
ST_17 : Operation 478 [1/4] (5.70ns)   --->   "%mul = fmul i32 %window_load_4, i32 %empty" [twodconv.cpp:82]   --->   Operation 478 'fmul' 'mul' <Predicate = (and_ln74)> <Delay = 5.70> <CoreInst = "FMul_maxdsp">   --->   Core 30 'FMul_maxdsp' <Latency = 3> <II = 1> <Delay = 5.70> <FuncUnit> <Opcode : 'fmul'> <InPorts = 2> <OutPorts = 1>

State 18 <SV = 17> <Delay = 7.25>
ST_18 : Operation 479 [5/5] (7.25ns)   --->   "%acc_1 = fadd i32 %mul, i32 0" [twodconv.cpp:82]   --->   Operation 479 'fadd' 'acc_1' <Predicate = (and_ln74)> <Delay = 7.25> <CoreInst = "FAddSub_fulldsp">   --->   Core 18 'FAddSub_fulldsp' <Latency = 4> <II = 1> <Delay = 7.25> <FuncUnit> <Opcode : 'fadd' 'fsub'> <InPorts = 2> <OutPorts = 1>

State 19 <SV = 18> <Delay = 7.25>
ST_19 : Operation 480 [4/5] (7.25ns)   --->   "%acc_1 = fadd i32 %mul, i32 0" [twodconv.cpp:82]   --->   Operation 480 'fadd' 'acc_1' <Predicate = (and_ln74)> <Delay = 7.25> <CoreInst = "FAddSub_fulldsp">   --->   Core 18 'FAddSub_fulldsp' <Latency = 4> <II = 1> <Delay = 7.25> <FuncUnit> <Opcode : 'fadd' 'fsub'> <InPorts = 2> <OutPorts = 1>

State 20 <SV = 19> <Delay = 7.25>
ST_20 : Operation 481 [3/5] (7.25ns)   --->   "%acc_1 = fadd i32 %mul, i32 0" [twodconv.cpp:82]   --->   Operation 481 'fadd' 'acc_1' <Predicate = (and_ln74)> <Delay = 7.25> <CoreInst = "FAddSub_fulldsp">   --->   Core 18 'FAddSub_fulldsp' <Latency = 4> <II = 1> <Delay = 7.25> <FuncUnit> <Opcode : 'fadd' 'fsub'> <InPorts = 2> <OutPorts = 1>

State 21 <SV = 20> <Delay = 7.25>
ST_21 : Operation 482 [2/5] (7.25ns)   --->   "%acc_1 = fadd i32 %mul, i32 0" [twodconv.cpp:82]   --->   Operation 482 'fadd' 'acc_1' <Predicate = (and_ln74)> <Delay = 7.25> <CoreInst = "FAddSub_fulldsp">   --->   Core 18 'FAddSub_fulldsp' <Latency = 4> <II = 1> <Delay = 7.25> <FuncUnit> <Opcode : 'fadd' 'fsub'> <InPorts = 2> <OutPorts = 1>

State 22 <SV = 21> <Delay = 7.25>
ST_22 : Operation 483 [1/5] (7.25ns)   --->   "%acc_1 = fadd i32 %mul, i32 0" [twodconv.cpp:82]   --->   Operation 483 'fadd' 'acc_1' <Predicate = (and_ln74)> <Delay = 7.25> <CoreInst = "FAddSub_fulldsp">   --->   Core 18 'FAddSub_fulldsp' <Latency = 4> <II = 1> <Delay = 7.25> <FuncUnit> <Opcode : 'fadd' 'fsub'> <InPorts = 2> <OutPorts = 1>

State 23 <SV = 22> <Delay = 7.25>
ST_23 : Operation 484 [5/5] (7.25ns)   --->   "%acc_1_0_1 = fadd i32 %acc_1, i32 %mul_0_1" [twodconv.cpp:82]   --->   Operation 484 'fadd' 'acc_1_0_1' <Predicate = (and_ln74)> <Delay = 7.25> <CoreInst = "FAddSub_fulldsp">   --->   Core 18 'FAddSub_fulldsp' <Latency = 4> <II = 1> <Delay = 7.25> <FuncUnit> <Opcode : 'fadd' 'fsub'> <InPorts = 2> <OutPorts = 1>

State 24 <SV = 23> <Delay = 7.25>
ST_24 : Operation 485 [4/5] (7.25ns)   --->   "%acc_1_0_1 = fadd i32 %acc_1, i32 %mul_0_1" [twodconv.cpp:82]   --->   Operation 485 'fadd' 'acc_1_0_1' <Predicate = (and_ln74)> <Delay = 7.25> <CoreInst = "FAddSub_fulldsp">   --->   Core 18 'FAddSub_fulldsp' <Latency = 4> <II = 1> <Delay = 7.25> <FuncUnit> <Opcode : 'fadd' 'fsub'> <InPorts = 2> <OutPorts = 1>

State 25 <SV = 24> <Delay = 7.25>
ST_25 : Operation 486 [3/5] (7.25ns)   --->   "%acc_1_0_1 = fadd i32 %acc_1, i32 %mul_0_1" [twodconv.cpp:82]   --->   Operation 486 'fadd' 'acc_1_0_1' <Predicate = (and_ln74)> <Delay = 7.25> <CoreInst = "FAddSub_fulldsp">   --->   Core 18 'FAddSub_fulldsp' <Latency = 4> <II = 1> <Delay = 7.25> <FuncUnit> <Opcode : 'fadd' 'fsub'> <InPorts = 2> <OutPorts = 1>

State 26 <SV = 25> <Delay = 7.25>
ST_26 : Operation 487 [2/5] (7.25ns)   --->   "%acc_1_0_1 = fadd i32 %acc_1, i32 %mul_0_1" [twodconv.cpp:82]   --->   Operation 487 'fadd' 'acc_1_0_1' <Predicate = (and_ln74)> <Delay = 7.25> <CoreInst = "FAddSub_fulldsp">   --->   Core 18 'FAddSub_fulldsp' <Latency = 4> <II = 1> <Delay = 7.25> <FuncUnit> <Opcode : 'fadd' 'fsub'> <InPorts = 2> <OutPorts = 1>

State 27 <SV = 26> <Delay = 7.25>
ST_27 : Operation 488 [1/5] (7.25ns)   --->   "%acc_1_0_1 = fadd i32 %acc_1, i32 %mul_0_1" [twodconv.cpp:82]   --->   Operation 488 'fadd' 'acc_1_0_1' <Predicate = (and_ln74)> <Delay = 7.25> <CoreInst = "FAddSub_fulldsp">   --->   Core 18 'FAddSub_fulldsp' <Latency = 4> <II = 1> <Delay = 7.25> <FuncUnit> <Opcode : 'fadd' 'fsub'> <InPorts = 2> <OutPorts = 1>

State 28 <SV = 27> <Delay = 7.25>
ST_28 : Operation 489 [5/5] (7.25ns)   --->   "%acc_1_0_2 = fadd i32 %acc_1_0_1, i32 %mul_0_2" [twodconv.cpp:82]   --->   Operation 489 'fadd' 'acc_1_0_2' <Predicate = (and_ln74)> <Delay = 7.25> <CoreInst = "FAddSub_fulldsp">   --->   Core 18 'FAddSub_fulldsp' <Latency = 4> <II = 1> <Delay = 7.25> <FuncUnit> <Opcode : 'fadd' 'fsub'> <InPorts = 2> <OutPorts = 1>

State 29 <SV = 28> <Delay = 7.25>
ST_29 : Operation 490 [1/1] (0.00ns)   --->   "%window_1_3_loc_1_load_1 = load i32 %window_1_3_loc_1" [twodconv.cpp:49]   --->   Operation 490 'load' 'window_1_3_loc_1_load_1' <Predicate = (!icmp_ln41)> <Delay = 0.00>
ST_29 : Operation 491 [1/1] (0.00ns)   --->   "%store_ln49 = store i32 %window_1_3_loc_1_load_1, i32 %window_1_2" [twodconv.cpp:49]   --->   Operation 491 'store' 'store_ln49' <Predicate = (!icmp_ln41)> <Delay = 0.00>
ST_29 : Operation 492 [1/1] (0.00ns)   --->   "%window_1_4_load = load i32 %window_1_4" [twodconv.cpp:49]   --->   Operation 492 'load' 'window_1_4_load' <Predicate = (!icmp_ln41)> <Delay = 0.00>
ST_29 : Operation 493 [1/1] (0.00ns)   --->   "%store_ln49 = store i32 %window_1_4_load, i32 %window_1_3" [twodconv.cpp:49]   --->   Operation 493 'store' 'store_ln49' <Predicate = (!icmp_ln41)> <Delay = 0.00>
ST_29 : Operation 494 [1/1] (0.00ns)   --->   "%store_ln63 = store i32 %reuse_select60, i32 %window_1_4" [twodconv.cpp:63]   --->   Operation 494 'store' 'store_ln63' <Predicate = true> <Delay = 0.00>
ST_29 : Operation 495 [1/1] (0.00ns)   --->   "%window_1_3_loc_1_load_2 = load i32 %window_1_3_loc_1" [twodconv.cpp:82]   --->   Operation 495 'load' 'window_1_3_loc_1_load_2' <Predicate = (and_ln74)> <Delay = 0.00>
ST_29 : Operation 496 [4/5] (7.25ns)   --->   "%acc_1_0_2 = fadd i32 %acc_1_0_1, i32 %mul_0_2" [twodconv.cpp:82]   --->   Operation 496 'fadd' 'acc_1_0_2' <Predicate = (and_ln74)> <Delay = 7.25> <CoreInst = "FAddSub_fulldsp">   --->   Core 18 'FAddSub_fulldsp' <Latency = 4> <II = 1> <Delay = 7.25> <FuncUnit> <Opcode : 'fadd' 'fsub'> <InPorts = 2> <OutPorts = 1>
ST_29 : Operation 497 [4/4] (5.70ns)   --->   "%mul_1_2 = fmul i32 %window_1_3_loc_1_load_2, i32 %empty_46" [twodconv.cpp:82]   --->   Operation 497 'fmul' 'mul_1_2' <Predicate = (and_ln74)> <Delay = 5.70> <CoreInst = "FMul_maxdsp">   --->   Core 30 'FMul_maxdsp' <Latency = 3> <II = 1> <Delay = 5.70> <FuncUnit> <Opcode : 'fmul'> <InPorts = 2> <OutPorts = 1>
ST_29 : Operation 498 [4/4] (5.70ns)   --->   "%mul_1_3 = fmul i32 %window_1_4_load, i32 %empty_47" [twodconv.cpp:82]   --->   Operation 498 'fmul' 'mul_1_3' <Predicate = (and_ln74)> <Delay = 5.70> <CoreInst = "FMul_maxdsp">   --->   Core 30 'FMul_maxdsp' <Latency = 3> <II = 1> <Delay = 5.70> <FuncUnit> <Opcode : 'fmul'> <InPorts = 2> <OutPorts = 1>
ST_29 : Operation 499 [4/4] (5.70ns)   --->   "%mul_1_4 = fmul i32 %reuse_select60, i32 %empty_48" [twodconv.cpp:82]   --->   Operation 499 'fmul' 'mul_1_4' <Predicate = (and_ln74)> <Delay = 5.70> <CoreInst = "FMul_maxdsp">   --->   Core 30 'FMul_maxdsp' <Latency = 3> <II = 1> <Delay = 5.70> <FuncUnit> <Opcode : 'fmul'> <InPorts = 2> <OutPorts = 1>
ST_29 : Operation 500 [1/1] (0.00ns)   --->   "%window_1_3_loc_1_load = load i32 %window_1_3_loc_1"   --->   Operation 500 'load' 'window_1_3_loc_1_load' <Predicate = true> <Delay = 0.00>
ST_29 : Operation 501 [5/5] (7.25ns)   --->   "%window_1_3_loc_1_add = fadd i32 %window_1_3_loc_1_load, i32 0"   --->   Operation 501 'fadd' 'window_1_3_loc_1_add' <Predicate = true> <Delay = 7.25> <CoreInst = "FAddSub_fulldsp">   --->   Core 18 'FAddSub_fulldsp' <Latency = 4> <II = 1> <Delay = 7.25> <FuncUnit> <Opcode : 'fadd' 'fsub'> <InPorts = 2> <OutPorts = 1>
ST_29 : Operation 502 [1/1] (1.58ns)   --->   "%store_ln49 = store i32 %window_1_4_load, i32 %window_1_3_loc_1" [twodconv.cpp:49]   --->   Operation 502 'store' 'store_ln49' <Predicate = true> <Delay = 1.58>

State 30 <SV = 29> <Delay = 7.25>
ST_30 : Operation 503 [3/5] (7.25ns)   --->   "%acc_1_0_2 = fadd i32 %acc_1_0_1, i32 %mul_0_2" [twodconv.cpp:82]   --->   Operation 503 'fadd' 'acc_1_0_2' <Predicate = (and_ln74)> <Delay = 7.25> <CoreInst = "FAddSub_fulldsp">   --->   Core 18 'FAddSub_fulldsp' <Latency = 4> <II = 1> <Delay = 7.25> <FuncUnit> <Opcode : 'fadd' 'fsub'> <InPorts = 2> <OutPorts = 1>
ST_30 : Operation 504 [3/4] (5.70ns)   --->   "%mul_1_2 = fmul i32 %window_1_3_loc_1_load_2, i32 %empty_46" [twodconv.cpp:82]   --->   Operation 504 'fmul' 'mul_1_2' <Predicate = (and_ln74)> <Delay = 5.70> <CoreInst = "FMul_maxdsp">   --->   Core 30 'FMul_maxdsp' <Latency = 3> <II = 1> <Delay = 5.70> <FuncUnit> <Opcode : 'fmul'> <InPorts = 2> <OutPorts = 1>
ST_30 : Operation 505 [3/4] (5.70ns)   --->   "%mul_1_3 = fmul i32 %window_1_4_load, i32 %empty_47" [twodconv.cpp:82]   --->   Operation 505 'fmul' 'mul_1_3' <Predicate = (and_ln74)> <Delay = 5.70> <CoreInst = "FMul_maxdsp">   --->   Core 30 'FMul_maxdsp' <Latency = 3> <II = 1> <Delay = 5.70> <FuncUnit> <Opcode : 'fmul'> <InPorts = 2> <OutPorts = 1>
ST_30 : Operation 506 [3/4] (5.70ns)   --->   "%mul_1_4 = fmul i32 %reuse_select60, i32 %empty_48" [twodconv.cpp:82]   --->   Operation 506 'fmul' 'mul_1_4' <Predicate = (and_ln74)> <Delay = 5.70> <CoreInst = "FMul_maxdsp">   --->   Core 30 'FMul_maxdsp' <Latency = 3> <II = 1> <Delay = 5.70> <FuncUnit> <Opcode : 'fmul'> <InPorts = 2> <OutPorts = 1>
ST_30 : Operation 507 [4/5] (7.25ns)   --->   "%window_1_3_loc_1_add = fadd i32 %window_1_3_loc_1_load, i32 0"   --->   Operation 507 'fadd' 'window_1_3_loc_1_add' <Predicate = true> <Delay = 7.25> <CoreInst = "FAddSub_fulldsp">   --->   Core 18 'FAddSub_fulldsp' <Latency = 4> <II = 1> <Delay = 7.25> <FuncUnit> <Opcode : 'fadd' 'fsub'> <InPorts = 2> <OutPorts = 1>

State 31 <SV = 30> <Delay = 7.25>
ST_31 : Operation 508 [2/5] (7.25ns)   --->   "%acc_1_0_2 = fadd i32 %acc_1_0_1, i32 %mul_0_2" [twodconv.cpp:82]   --->   Operation 508 'fadd' 'acc_1_0_2' <Predicate = (and_ln74)> <Delay = 7.25> <CoreInst = "FAddSub_fulldsp">   --->   Core 18 'FAddSub_fulldsp' <Latency = 4> <II = 1> <Delay = 7.25> <FuncUnit> <Opcode : 'fadd' 'fsub'> <InPorts = 2> <OutPorts = 1>
ST_31 : Operation 509 [2/4] (5.70ns)   --->   "%mul_1_2 = fmul i32 %window_1_3_loc_1_load_2, i32 %empty_46" [twodconv.cpp:82]   --->   Operation 509 'fmul' 'mul_1_2' <Predicate = (and_ln74)> <Delay = 5.70> <CoreInst = "FMul_maxdsp">   --->   Core 30 'FMul_maxdsp' <Latency = 3> <II = 1> <Delay = 5.70> <FuncUnit> <Opcode : 'fmul'> <InPorts = 2> <OutPorts = 1>
ST_31 : Operation 510 [2/4] (5.70ns)   --->   "%mul_1_3 = fmul i32 %window_1_4_load, i32 %empty_47" [twodconv.cpp:82]   --->   Operation 510 'fmul' 'mul_1_3' <Predicate = (and_ln74)> <Delay = 5.70> <CoreInst = "FMul_maxdsp">   --->   Core 30 'FMul_maxdsp' <Latency = 3> <II = 1> <Delay = 5.70> <FuncUnit> <Opcode : 'fmul'> <InPorts = 2> <OutPorts = 1>
ST_31 : Operation 511 [2/4] (5.70ns)   --->   "%mul_1_4 = fmul i32 %reuse_select60, i32 %empty_48" [twodconv.cpp:82]   --->   Operation 511 'fmul' 'mul_1_4' <Predicate = (and_ln74)> <Delay = 5.70> <CoreInst = "FMul_maxdsp">   --->   Core 30 'FMul_maxdsp' <Latency = 3> <II = 1> <Delay = 5.70> <FuncUnit> <Opcode : 'fmul'> <InPorts = 2> <OutPorts = 1>
ST_31 : Operation 512 [3/5] (7.25ns)   --->   "%window_1_3_loc_1_add = fadd i32 %window_1_3_loc_1_load, i32 0"   --->   Operation 512 'fadd' 'window_1_3_loc_1_add' <Predicate = true> <Delay = 7.25> <CoreInst = "FAddSub_fulldsp">   --->   Core 18 'FAddSub_fulldsp' <Latency = 4> <II = 1> <Delay = 7.25> <FuncUnit> <Opcode : 'fadd' 'fsub'> <InPorts = 2> <OutPorts = 1>

State 32 <SV = 31> <Delay = 7.25>
ST_32 : Operation 513 [1/5] (7.25ns)   --->   "%acc_1_0_2 = fadd i32 %acc_1_0_1, i32 %mul_0_2" [twodconv.cpp:82]   --->   Operation 513 'fadd' 'acc_1_0_2' <Predicate = (and_ln74)> <Delay = 7.25> <CoreInst = "FAddSub_fulldsp">   --->   Core 18 'FAddSub_fulldsp' <Latency = 4> <II = 1> <Delay = 7.25> <FuncUnit> <Opcode : 'fadd' 'fsub'> <InPorts = 2> <OutPorts = 1>
ST_32 : Operation 514 [1/4] (5.70ns)   --->   "%mul_1_2 = fmul i32 %window_1_3_loc_1_load_2, i32 %empty_46" [twodconv.cpp:82]   --->   Operation 514 'fmul' 'mul_1_2' <Predicate = (and_ln74)> <Delay = 5.70> <CoreInst = "FMul_maxdsp">   --->   Core 30 'FMul_maxdsp' <Latency = 3> <II = 1> <Delay = 5.70> <FuncUnit> <Opcode : 'fmul'> <InPorts = 2> <OutPorts = 1>
ST_32 : Operation 515 [1/4] (5.70ns)   --->   "%mul_1_3 = fmul i32 %window_1_4_load, i32 %empty_47" [twodconv.cpp:82]   --->   Operation 515 'fmul' 'mul_1_3' <Predicate = (and_ln74)> <Delay = 5.70> <CoreInst = "FMul_maxdsp">   --->   Core 30 'FMul_maxdsp' <Latency = 3> <II = 1> <Delay = 5.70> <FuncUnit> <Opcode : 'fmul'> <InPorts = 2> <OutPorts = 1>
ST_32 : Operation 516 [1/4] (5.70ns)   --->   "%mul_1_4 = fmul i32 %reuse_select60, i32 %empty_48" [twodconv.cpp:82]   --->   Operation 516 'fmul' 'mul_1_4' <Predicate = (and_ln74)> <Delay = 5.70> <CoreInst = "FMul_maxdsp">   --->   Core 30 'FMul_maxdsp' <Latency = 3> <II = 1> <Delay = 5.70> <FuncUnit> <Opcode : 'fmul'> <InPorts = 2> <OutPorts = 1>
ST_32 : Operation 517 [2/5] (7.25ns)   --->   "%window_1_3_loc_1_add = fadd i32 %window_1_3_loc_1_load, i32 0"   --->   Operation 517 'fadd' 'window_1_3_loc_1_add' <Predicate = true> <Delay = 7.25> <CoreInst = "FAddSub_fulldsp">   --->   Core 18 'FAddSub_fulldsp' <Latency = 4> <II = 1> <Delay = 7.25> <FuncUnit> <Opcode : 'fadd' 'fsub'> <InPorts = 2> <OutPorts = 1>

State 33 <SV = 32> <Delay = 7.25>
ST_33 : Operation 518 [5/5] (7.25ns)   --->   "%acc_1_0_3 = fadd i32 %acc_1_0_2, i32 %mul_0_3" [twodconv.cpp:82]   --->   Operation 518 'fadd' 'acc_1_0_3' <Predicate = (and_ln74)> <Delay = 7.25> <CoreInst = "FAddSub_fulldsp">   --->   Core 18 'FAddSub_fulldsp' <Latency = 4> <II = 1> <Delay = 7.25> <FuncUnit> <Opcode : 'fadd' 'fsub'> <InPorts = 2> <OutPorts = 1>
ST_33 : Operation 519 [1/5] (7.25ns)   --->   "%window_1_3_loc_1_add = fadd i32 %window_1_3_loc_1_load, i32 0"   --->   Operation 519 'fadd' 'window_1_3_loc_1_add' <Predicate = true> <Delay = 7.25> <CoreInst = "FAddSub_fulldsp">   --->   Core 18 'FAddSub_fulldsp' <Latency = 4> <II = 1> <Delay = 7.25> <FuncUnit> <Opcode : 'fadd' 'fsub'> <InPorts = 2> <OutPorts = 1>

State 34 <SV = 33> <Delay = 7.25>
ST_34 : Operation 520 [1/1] (0.00ns)   --->   "%window_1_2_loc_1_load_1 = load i32 %window_1_2_loc_1" [twodconv.cpp:49]   --->   Operation 520 'load' 'window_1_2_loc_1_load_1' <Predicate = (!icmp_ln41)> <Delay = 0.00>
ST_34 : Operation 521 [1/1] (0.00ns)   --->   "%store_ln49 = store i32 %window_1_2_loc_1_load_1, i32 %window_1_1" [twodconv.cpp:49]   --->   Operation 521 'store' 'store_ln49' <Predicate = (!icmp_ln41)> <Delay = 0.00>
ST_34 : Operation 522 [1/1] (0.00ns)   --->   "%window_1_2_loc_1_load_2 = load i32 %window_1_2_loc_1" [twodconv.cpp:82]   --->   Operation 522 'load' 'window_1_2_loc_1_load_2' <Predicate = (and_ln74)> <Delay = 0.00>
ST_34 : Operation 523 [4/5] (7.25ns)   --->   "%acc_1_0_3 = fadd i32 %acc_1_0_2, i32 %mul_0_3" [twodconv.cpp:82]   --->   Operation 523 'fadd' 'acc_1_0_3' <Predicate = (and_ln74)> <Delay = 7.25> <CoreInst = "FAddSub_fulldsp">   --->   Core 18 'FAddSub_fulldsp' <Latency = 4> <II = 1> <Delay = 7.25> <FuncUnit> <Opcode : 'fadd' 'fsub'> <InPorts = 2> <OutPorts = 1>
ST_34 : Operation 524 [4/4] (5.70ns)   --->   "%mul_1_1 = fmul i32 %window_1_2_loc_1_load_2, i32 %empty_45" [twodconv.cpp:82]   --->   Operation 524 'fmul' 'mul_1_1' <Predicate = (and_ln74)> <Delay = 5.70> <CoreInst = "FMul_maxdsp">   --->   Core 30 'FMul_maxdsp' <Latency = 3> <II = 1> <Delay = 5.70> <FuncUnit> <Opcode : 'fmul'> <InPorts = 2> <OutPorts = 1>
ST_34 : Operation 525 [1/1] (0.00ns)   --->   "%window_1_2_loc_1_load = load i32 %window_1_2_loc_1"   --->   Operation 525 'load' 'window_1_2_loc_1_load' <Predicate = true> <Delay = 0.00>
ST_34 : Operation 526 [5/5] (7.25ns)   --->   "%window_1_2_loc_1_add = fadd i32 %window_1_2_loc_1_load, i32 0"   --->   Operation 526 'fadd' 'window_1_2_loc_1_add' <Predicate = true> <Delay = 7.25> <CoreInst = "FAddSub_fulldsp">   --->   Core 18 'FAddSub_fulldsp' <Latency = 4> <II = 1> <Delay = 7.25> <FuncUnit> <Opcode : 'fadd' 'fsub'> <InPorts = 2> <OutPorts = 1>
ST_34 : Operation 527 [1/1] (1.58ns)   --->   "%store_ln0 = store i32 %window_1_3_loc_1_add, i32 %window_1_2_loc_1"   --->   Operation 527 'store' 'store_ln0' <Predicate = true> <Delay = 1.58>

State 35 <SV = 34> <Delay = 7.25>
ST_35 : Operation 528 [3/5] (7.25ns)   --->   "%acc_1_0_3 = fadd i32 %acc_1_0_2, i32 %mul_0_3" [twodconv.cpp:82]   --->   Operation 528 'fadd' 'acc_1_0_3' <Predicate = (and_ln74)> <Delay = 7.25> <CoreInst = "FAddSub_fulldsp">   --->   Core 18 'FAddSub_fulldsp' <Latency = 4> <II = 1> <Delay = 7.25> <FuncUnit> <Opcode : 'fadd' 'fsub'> <InPorts = 2> <OutPorts = 1>
ST_35 : Operation 529 [3/4] (5.70ns)   --->   "%mul_1_1 = fmul i32 %window_1_2_loc_1_load_2, i32 %empty_45" [twodconv.cpp:82]   --->   Operation 529 'fmul' 'mul_1_1' <Predicate = (and_ln74)> <Delay = 5.70> <CoreInst = "FMul_maxdsp">   --->   Core 30 'FMul_maxdsp' <Latency = 3> <II = 1> <Delay = 5.70> <FuncUnit> <Opcode : 'fmul'> <InPorts = 2> <OutPorts = 1>
ST_35 : Operation 530 [4/5] (7.25ns)   --->   "%window_1_2_loc_1_add = fadd i32 %window_1_2_loc_1_load, i32 0"   --->   Operation 530 'fadd' 'window_1_2_loc_1_add' <Predicate = true> <Delay = 7.25> <CoreInst = "FAddSub_fulldsp">   --->   Core 18 'FAddSub_fulldsp' <Latency = 4> <II = 1> <Delay = 7.25> <FuncUnit> <Opcode : 'fadd' 'fsub'> <InPorts = 2> <OutPorts = 1>

State 36 <SV = 35> <Delay = 7.25>
ST_36 : Operation 531 [2/5] (7.25ns)   --->   "%acc_1_0_3 = fadd i32 %acc_1_0_2, i32 %mul_0_3" [twodconv.cpp:82]   --->   Operation 531 'fadd' 'acc_1_0_3' <Predicate = (and_ln74)> <Delay = 7.25> <CoreInst = "FAddSub_fulldsp">   --->   Core 18 'FAddSub_fulldsp' <Latency = 4> <II = 1> <Delay = 7.25> <FuncUnit> <Opcode : 'fadd' 'fsub'> <InPorts = 2> <OutPorts = 1>
ST_36 : Operation 532 [2/4] (5.70ns)   --->   "%mul_1_1 = fmul i32 %window_1_2_loc_1_load_2, i32 %empty_45" [twodconv.cpp:82]   --->   Operation 532 'fmul' 'mul_1_1' <Predicate = (and_ln74)> <Delay = 5.70> <CoreInst = "FMul_maxdsp">   --->   Core 30 'FMul_maxdsp' <Latency = 3> <II = 1> <Delay = 5.70> <FuncUnit> <Opcode : 'fmul'> <InPorts = 2> <OutPorts = 1>
ST_36 : Operation 533 [3/5] (7.25ns)   --->   "%window_1_2_loc_1_add = fadd i32 %window_1_2_loc_1_load, i32 0"   --->   Operation 533 'fadd' 'window_1_2_loc_1_add' <Predicate = true> <Delay = 7.25> <CoreInst = "FAddSub_fulldsp">   --->   Core 18 'FAddSub_fulldsp' <Latency = 4> <II = 1> <Delay = 7.25> <FuncUnit> <Opcode : 'fadd' 'fsub'> <InPorts = 2> <OutPorts = 1>

State 37 <SV = 36> <Delay = 7.25>
ST_37 : Operation 534 [1/5] (7.25ns)   --->   "%acc_1_0_3 = fadd i32 %acc_1_0_2, i32 %mul_0_3" [twodconv.cpp:82]   --->   Operation 534 'fadd' 'acc_1_0_3' <Predicate = (and_ln74)> <Delay = 7.25> <CoreInst = "FAddSub_fulldsp">   --->   Core 18 'FAddSub_fulldsp' <Latency = 4> <II = 1> <Delay = 7.25> <FuncUnit> <Opcode : 'fadd' 'fsub'> <InPorts = 2> <OutPorts = 1>
ST_37 : Operation 535 [1/4] (5.70ns)   --->   "%mul_1_1 = fmul i32 %window_1_2_loc_1_load_2, i32 %empty_45" [twodconv.cpp:82]   --->   Operation 535 'fmul' 'mul_1_1' <Predicate = (and_ln74)> <Delay = 5.70> <CoreInst = "FMul_maxdsp">   --->   Core 30 'FMul_maxdsp' <Latency = 3> <II = 1> <Delay = 5.70> <FuncUnit> <Opcode : 'fmul'> <InPorts = 2> <OutPorts = 1>
ST_37 : Operation 536 [2/5] (7.25ns)   --->   "%window_1_2_loc_1_add = fadd i32 %window_1_2_loc_1_load, i32 0"   --->   Operation 536 'fadd' 'window_1_2_loc_1_add' <Predicate = true> <Delay = 7.25> <CoreInst = "FAddSub_fulldsp">   --->   Core 18 'FAddSub_fulldsp' <Latency = 4> <II = 1> <Delay = 7.25> <FuncUnit> <Opcode : 'fadd' 'fsub'> <InPorts = 2> <OutPorts = 1>

State 38 <SV = 37> <Delay = 7.25>
ST_38 : Operation 537 [5/5] (7.25ns)   --->   "%acc_1_0_4 = fadd i32 %acc_1_0_3, i32 %mul_0_4" [twodconv.cpp:82]   --->   Operation 537 'fadd' 'acc_1_0_4' <Predicate = (and_ln74)> <Delay = 7.25> <CoreInst = "FAddSub_fulldsp">   --->   Core 18 'FAddSub_fulldsp' <Latency = 4> <II = 1> <Delay = 7.25> <FuncUnit> <Opcode : 'fadd' 'fsub'> <InPorts = 2> <OutPorts = 1>
ST_38 : Operation 538 [1/5] (7.25ns)   --->   "%window_1_2_loc_1_add = fadd i32 %window_1_2_loc_1_load, i32 0"   --->   Operation 538 'fadd' 'window_1_2_loc_1_add' <Predicate = true> <Delay = 7.25> <CoreInst = "FAddSub_fulldsp">   --->   Core 18 'FAddSub_fulldsp' <Latency = 4> <II = 1> <Delay = 7.25> <FuncUnit> <Opcode : 'fadd' 'fsub'> <InPorts = 2> <OutPorts = 1>

State 39 <SV = 38> <Delay = 7.25>
ST_39 : Operation 539 [1/1] (0.00ns)   --->   "%window_load_3 = load i32 %window_load_1_1_0" [twodconv.cpp:82]   --->   Operation 539 'load' 'window_load_3' <Predicate = (and_ln74)> <Delay = 0.00>
ST_39 : Operation 540 [4/5] (7.25ns)   --->   "%acc_1_0_4 = fadd i32 %acc_1_0_3, i32 %mul_0_4" [twodconv.cpp:82]   --->   Operation 540 'fadd' 'acc_1_0_4' <Predicate = (and_ln74)> <Delay = 7.25> <CoreInst = "FAddSub_fulldsp">   --->   Core 18 'FAddSub_fulldsp' <Latency = 4> <II = 1> <Delay = 7.25> <FuncUnit> <Opcode : 'fadd' 'fsub'> <InPorts = 2> <OutPorts = 1>
ST_39 : Operation 541 [4/4] (5.70ns)   --->   "%mul_1 = fmul i32 %window_load_3, i32 %empty_44" [twodconv.cpp:82]   --->   Operation 541 'fmul' 'mul_1' <Predicate = (and_ln74)> <Delay = 5.70> <CoreInst = "FMul_maxdsp">   --->   Core 30 'FMul_maxdsp' <Latency = 3> <II = 1> <Delay = 5.70> <FuncUnit> <Opcode : 'fmul'> <InPorts = 2> <OutPorts = 1>
ST_39 : Operation 542 [1/1] (1.58ns)   --->   "%store_ln0 = store i32 %window_1_2_loc_1_add, i32 %window_load_1_1_0"   --->   Operation 542 'store' 'store_ln0' <Predicate = true> <Delay = 1.58>

State 40 <SV = 39> <Delay = 7.25>
ST_40 : Operation 543 [3/5] (7.25ns)   --->   "%acc_1_0_4 = fadd i32 %acc_1_0_3, i32 %mul_0_4" [twodconv.cpp:82]   --->   Operation 543 'fadd' 'acc_1_0_4' <Predicate = (and_ln74)> <Delay = 7.25> <CoreInst = "FAddSub_fulldsp">   --->   Core 18 'FAddSub_fulldsp' <Latency = 4> <II = 1> <Delay = 7.25> <FuncUnit> <Opcode : 'fadd' 'fsub'> <InPorts = 2> <OutPorts = 1>
ST_40 : Operation 544 [3/4] (5.70ns)   --->   "%mul_1 = fmul i32 %window_load_3, i32 %empty_44" [twodconv.cpp:82]   --->   Operation 544 'fmul' 'mul_1' <Predicate = (and_ln74)> <Delay = 5.70> <CoreInst = "FMul_maxdsp">   --->   Core 30 'FMul_maxdsp' <Latency = 3> <II = 1> <Delay = 5.70> <FuncUnit> <Opcode : 'fmul'> <InPorts = 2> <OutPorts = 1>

State 41 <SV = 40> <Delay = 7.25>
ST_41 : Operation 545 [2/5] (7.25ns)   --->   "%acc_1_0_4 = fadd i32 %acc_1_0_3, i32 %mul_0_4" [twodconv.cpp:82]   --->   Operation 545 'fadd' 'acc_1_0_4' <Predicate = (and_ln74)> <Delay = 7.25> <CoreInst = "FAddSub_fulldsp">   --->   Core 18 'FAddSub_fulldsp' <Latency = 4> <II = 1> <Delay = 7.25> <FuncUnit> <Opcode : 'fadd' 'fsub'> <InPorts = 2> <OutPorts = 1>
ST_41 : Operation 546 [2/4] (5.70ns)   --->   "%mul_1 = fmul i32 %window_load_3, i32 %empty_44" [twodconv.cpp:82]   --->   Operation 546 'fmul' 'mul_1' <Predicate = (and_ln74)> <Delay = 5.70> <CoreInst = "FMul_maxdsp">   --->   Core 30 'FMul_maxdsp' <Latency = 3> <II = 1> <Delay = 5.70> <FuncUnit> <Opcode : 'fmul'> <InPorts = 2> <OutPorts = 1>

State 42 <SV = 41> <Delay = 7.25>
ST_42 : Operation 547 [1/5] (7.25ns)   --->   "%acc_1_0_4 = fadd i32 %acc_1_0_3, i32 %mul_0_4" [twodconv.cpp:82]   --->   Operation 547 'fadd' 'acc_1_0_4' <Predicate = (and_ln74)> <Delay = 7.25> <CoreInst = "FAddSub_fulldsp">   --->   Core 18 'FAddSub_fulldsp' <Latency = 4> <II = 1> <Delay = 7.25> <FuncUnit> <Opcode : 'fadd' 'fsub'> <InPorts = 2> <OutPorts = 1>
ST_42 : Operation 548 [1/4] (5.70ns)   --->   "%mul_1 = fmul i32 %window_load_3, i32 %empty_44" [twodconv.cpp:82]   --->   Operation 548 'fmul' 'mul_1' <Predicate = (and_ln74)> <Delay = 5.70> <CoreInst = "FMul_maxdsp">   --->   Core 30 'FMul_maxdsp' <Latency = 3> <II = 1> <Delay = 5.70> <FuncUnit> <Opcode : 'fmul'> <InPorts = 2> <OutPorts = 1>

State 43 <SV = 42> <Delay = 7.25>
ST_43 : Operation 549 [5/5] (7.25ns)   --->   "%acc_1_1 = fadd i32 %acc_1_0_4, i32 %mul_1" [twodconv.cpp:82]   --->   Operation 549 'fadd' 'acc_1_1' <Predicate = (and_ln74)> <Delay = 7.25> <CoreInst = "FAddSub_fulldsp">   --->   Core 18 'FAddSub_fulldsp' <Latency = 4> <II = 1> <Delay = 7.25> <FuncUnit> <Opcode : 'fadd' 'fsub'> <InPorts = 2> <OutPorts = 1>

State 44 <SV = 43> <Delay = 7.25>
ST_44 : Operation 550 [4/5] (7.25ns)   --->   "%acc_1_1 = fadd i32 %acc_1_0_4, i32 %mul_1" [twodconv.cpp:82]   --->   Operation 550 'fadd' 'acc_1_1' <Predicate = (and_ln74)> <Delay = 7.25> <CoreInst = "FAddSub_fulldsp">   --->   Core 18 'FAddSub_fulldsp' <Latency = 4> <II = 1> <Delay = 7.25> <FuncUnit> <Opcode : 'fadd' 'fsub'> <InPorts = 2> <OutPorts = 1>

State 45 <SV = 44> <Delay = 7.25>
ST_45 : Operation 551 [3/5] (7.25ns)   --->   "%acc_1_1 = fadd i32 %acc_1_0_4, i32 %mul_1" [twodconv.cpp:82]   --->   Operation 551 'fadd' 'acc_1_1' <Predicate = (and_ln74)> <Delay = 7.25> <CoreInst = "FAddSub_fulldsp">   --->   Core 18 'FAddSub_fulldsp' <Latency = 4> <II = 1> <Delay = 7.25> <FuncUnit> <Opcode : 'fadd' 'fsub'> <InPorts = 2> <OutPorts = 1>

State 46 <SV = 45> <Delay = 7.25>
ST_46 : Operation 552 [2/5] (7.25ns)   --->   "%acc_1_1 = fadd i32 %acc_1_0_4, i32 %mul_1" [twodconv.cpp:82]   --->   Operation 552 'fadd' 'acc_1_1' <Predicate = (and_ln74)> <Delay = 7.25> <CoreInst = "FAddSub_fulldsp">   --->   Core 18 'FAddSub_fulldsp' <Latency = 4> <II = 1> <Delay = 7.25> <FuncUnit> <Opcode : 'fadd' 'fsub'> <InPorts = 2> <OutPorts = 1>

State 47 <SV = 46> <Delay = 7.25>
ST_47 : Operation 553 [1/5] (7.25ns)   --->   "%acc_1_1 = fadd i32 %acc_1_0_4, i32 %mul_1" [twodconv.cpp:82]   --->   Operation 553 'fadd' 'acc_1_1' <Predicate = (and_ln74)> <Delay = 7.25> <CoreInst = "FAddSub_fulldsp">   --->   Core 18 'FAddSub_fulldsp' <Latency = 4> <II = 1> <Delay = 7.25> <FuncUnit> <Opcode : 'fadd' 'fsub'> <InPorts = 2> <OutPorts = 1>

State 48 <SV = 47> <Delay = 7.25>
ST_48 : Operation 554 [5/5] (7.25ns)   --->   "%acc_1_1_1 = fadd i32 %acc_1_1, i32 %mul_1_1" [twodconv.cpp:82]   --->   Operation 554 'fadd' 'acc_1_1_1' <Predicate = (and_ln74)> <Delay = 7.25> <CoreInst = "FAddSub_fulldsp">   --->   Core 18 'FAddSub_fulldsp' <Latency = 4> <II = 1> <Delay = 7.25> <FuncUnit> <Opcode : 'fadd' 'fsub'> <InPorts = 2> <OutPorts = 1>

State 49 <SV = 48> <Delay = 7.25>
ST_49 : Operation 555 [4/5] (7.25ns)   --->   "%acc_1_1_1 = fadd i32 %acc_1_1, i32 %mul_1_1" [twodconv.cpp:82]   --->   Operation 555 'fadd' 'acc_1_1_1' <Predicate = (and_ln74)> <Delay = 7.25> <CoreInst = "FAddSub_fulldsp">   --->   Core 18 'FAddSub_fulldsp' <Latency = 4> <II = 1> <Delay = 7.25> <FuncUnit> <Opcode : 'fadd' 'fsub'> <InPorts = 2> <OutPorts = 1>

State 50 <SV = 49> <Delay = 7.25>
ST_50 : Operation 556 [3/5] (7.25ns)   --->   "%acc_1_1_1 = fadd i32 %acc_1_1, i32 %mul_1_1" [twodconv.cpp:82]   --->   Operation 556 'fadd' 'acc_1_1_1' <Predicate = (and_ln74)> <Delay = 7.25> <CoreInst = "FAddSub_fulldsp">   --->   Core 18 'FAddSub_fulldsp' <Latency = 4> <II = 1> <Delay = 7.25> <FuncUnit> <Opcode : 'fadd' 'fsub'> <InPorts = 2> <OutPorts = 1>

State 51 <SV = 50> <Delay = 7.25>
ST_51 : Operation 557 [2/5] (7.25ns)   --->   "%acc_1_1_1 = fadd i32 %acc_1_1, i32 %mul_1_1" [twodconv.cpp:82]   --->   Operation 557 'fadd' 'acc_1_1_1' <Predicate = (and_ln74)> <Delay = 7.25> <CoreInst = "FAddSub_fulldsp">   --->   Core 18 'FAddSub_fulldsp' <Latency = 4> <II = 1> <Delay = 7.25> <FuncUnit> <Opcode : 'fadd' 'fsub'> <InPorts = 2> <OutPorts = 1>

State 52 <SV = 51> <Delay = 7.25>
ST_52 : Operation 558 [1/5] (7.25ns)   --->   "%acc_1_1_1 = fadd i32 %acc_1_1, i32 %mul_1_1" [twodconv.cpp:82]   --->   Operation 558 'fadd' 'acc_1_1_1' <Predicate = (and_ln74)> <Delay = 7.25> <CoreInst = "FAddSub_fulldsp">   --->   Core 18 'FAddSub_fulldsp' <Latency = 4> <II = 1> <Delay = 7.25> <FuncUnit> <Opcode : 'fadd' 'fsub'> <InPorts = 2> <OutPorts = 1>

State 53 <SV = 52> <Delay = 7.25>
ST_53 : Operation 559 [5/5] (7.25ns)   --->   "%acc_1_1_2 = fadd i32 %acc_1_1_1, i32 %mul_1_2" [twodconv.cpp:82]   --->   Operation 559 'fadd' 'acc_1_1_2' <Predicate = (and_ln74)> <Delay = 7.25> <CoreInst = "FAddSub_fulldsp">   --->   Core 18 'FAddSub_fulldsp' <Latency = 4> <II = 1> <Delay = 7.25> <FuncUnit> <Opcode : 'fadd' 'fsub'> <InPorts = 2> <OutPorts = 1>

State 54 <SV = 53> <Delay = 7.25>
ST_54 : Operation 560 [1/1] (0.00ns)   --->   "%window_2_3_loc_1_load_1 = load i32 %window_2_3_loc_1" [twodconv.cpp:49]   --->   Operation 560 'load' 'window_2_3_loc_1_load_1' <Predicate = (!icmp_ln41)> <Delay = 0.00>
ST_54 : Operation 561 [1/1] (0.00ns)   --->   "%store_ln49 = store i32 %window_2_3_loc_1_load_1, i32 %window_2_2" [twodconv.cpp:49]   --->   Operation 561 'store' 'store_ln49' <Predicate = (!icmp_ln41)> <Delay = 0.00>
ST_54 : Operation 562 [1/1] (0.00ns)   --->   "%window_2_4_load = load i32 %window_2_4" [twodconv.cpp:49]   --->   Operation 562 'load' 'window_2_4_load' <Predicate = (!icmp_ln41)> <Delay = 0.00>
ST_54 : Operation 563 [1/1] (0.00ns)   --->   "%store_ln49 = store i32 %window_2_4_load, i32 %window_2_3" [twodconv.cpp:49]   --->   Operation 563 'store' 'store_ln49' <Predicate = (!icmp_ln41)> <Delay = 0.00>
ST_54 : Operation 564 [1/1] (0.00ns)   --->   "%store_ln63 = store i32 %reuse_select54, i32 %window_2_4" [twodconv.cpp:63]   --->   Operation 564 'store' 'store_ln63' <Predicate = true> <Delay = 0.00>
ST_54 : Operation 565 [1/1] (0.00ns)   --->   "%window_2_3_loc_1_load_2 = load i32 %window_2_3_loc_1" [twodconv.cpp:82]   --->   Operation 565 'load' 'window_2_3_loc_1_load_2' <Predicate = (and_ln74)> <Delay = 0.00>
ST_54 : Operation 566 [4/5] (7.25ns)   --->   "%acc_1_1_2 = fadd i32 %acc_1_1_1, i32 %mul_1_2" [twodconv.cpp:82]   --->   Operation 566 'fadd' 'acc_1_1_2' <Predicate = (and_ln74)> <Delay = 7.25> <CoreInst = "FAddSub_fulldsp">   --->   Core 18 'FAddSub_fulldsp' <Latency = 4> <II = 1> <Delay = 7.25> <FuncUnit> <Opcode : 'fadd' 'fsub'> <InPorts = 2> <OutPorts = 1>
ST_54 : Operation 567 [4/4] (5.70ns)   --->   "%mul_2_2 = fmul i32 %window_2_3_loc_1_load_2, i32 %empty_51" [twodconv.cpp:82]   --->   Operation 567 'fmul' 'mul_2_2' <Predicate = (and_ln74)> <Delay = 5.70> <CoreInst = "FMul_maxdsp">   --->   Core 30 'FMul_maxdsp' <Latency = 3> <II = 1> <Delay = 5.70> <FuncUnit> <Opcode : 'fmul'> <InPorts = 2> <OutPorts = 1>
ST_54 : Operation 568 [4/4] (5.70ns)   --->   "%mul_2_3 = fmul i32 %window_2_4_load, i32 %empty_52" [twodconv.cpp:82]   --->   Operation 568 'fmul' 'mul_2_3' <Predicate = (and_ln74)> <Delay = 5.70> <CoreInst = "FMul_maxdsp">   --->   Core 30 'FMul_maxdsp' <Latency = 3> <II = 1> <Delay = 5.70> <FuncUnit> <Opcode : 'fmul'> <InPorts = 2> <OutPorts = 1>
ST_54 : Operation 569 [4/4] (5.70ns)   --->   "%mul_2_4 = fmul i32 %reuse_select54, i32 %empty_53" [twodconv.cpp:82]   --->   Operation 569 'fmul' 'mul_2_4' <Predicate = (and_ln74)> <Delay = 5.70> <CoreInst = "FMul_maxdsp">   --->   Core 30 'FMul_maxdsp' <Latency = 3> <II = 1> <Delay = 5.70> <FuncUnit> <Opcode : 'fmul'> <InPorts = 2> <OutPorts = 1>
ST_54 : Operation 570 [1/1] (0.00ns)   --->   "%window_2_3_loc_1_load = load i32 %window_2_3_loc_1"   --->   Operation 570 'load' 'window_2_3_loc_1_load' <Predicate = true> <Delay = 0.00>
ST_54 : Operation 571 [5/5] (7.25ns)   --->   "%window_2_3_loc_1_add = fadd i32 %window_2_3_loc_1_load, i32 0"   --->   Operation 571 'fadd' 'window_2_3_loc_1_add' <Predicate = true> <Delay = 7.25> <CoreInst = "FAddSub_fulldsp">   --->   Core 18 'FAddSub_fulldsp' <Latency = 4> <II = 1> <Delay = 7.25> <FuncUnit> <Opcode : 'fadd' 'fsub'> <InPorts = 2> <OutPorts = 1>
ST_54 : Operation 572 [1/1] (1.58ns)   --->   "%store_ln49 = store i32 %window_2_4_load, i32 %window_2_3_loc_1" [twodconv.cpp:49]   --->   Operation 572 'store' 'store_ln49' <Predicate = true> <Delay = 1.58>

State 55 <SV = 54> <Delay = 7.25>
ST_55 : Operation 573 [3/5] (7.25ns)   --->   "%acc_1_1_2 = fadd i32 %acc_1_1_1, i32 %mul_1_2" [twodconv.cpp:82]   --->   Operation 573 'fadd' 'acc_1_1_2' <Predicate = (and_ln74)> <Delay = 7.25> <CoreInst = "FAddSub_fulldsp">   --->   Core 18 'FAddSub_fulldsp' <Latency = 4> <II = 1> <Delay = 7.25> <FuncUnit> <Opcode : 'fadd' 'fsub'> <InPorts = 2> <OutPorts = 1>
ST_55 : Operation 574 [3/4] (5.70ns)   --->   "%mul_2_2 = fmul i32 %window_2_3_loc_1_load_2, i32 %empty_51" [twodconv.cpp:82]   --->   Operation 574 'fmul' 'mul_2_2' <Predicate = (and_ln74)> <Delay = 5.70> <CoreInst = "FMul_maxdsp">   --->   Core 30 'FMul_maxdsp' <Latency = 3> <II = 1> <Delay = 5.70> <FuncUnit> <Opcode : 'fmul'> <InPorts = 2> <OutPorts = 1>
ST_55 : Operation 575 [3/4] (5.70ns)   --->   "%mul_2_3 = fmul i32 %window_2_4_load, i32 %empty_52" [twodconv.cpp:82]   --->   Operation 575 'fmul' 'mul_2_3' <Predicate = (and_ln74)> <Delay = 5.70> <CoreInst = "FMul_maxdsp">   --->   Core 30 'FMul_maxdsp' <Latency = 3> <II = 1> <Delay = 5.70> <FuncUnit> <Opcode : 'fmul'> <InPorts = 2> <OutPorts = 1>
ST_55 : Operation 576 [3/4] (5.70ns)   --->   "%mul_2_4 = fmul i32 %reuse_select54, i32 %empty_53" [twodconv.cpp:82]   --->   Operation 576 'fmul' 'mul_2_4' <Predicate = (and_ln74)> <Delay = 5.70> <CoreInst = "FMul_maxdsp">   --->   Core 30 'FMul_maxdsp' <Latency = 3> <II = 1> <Delay = 5.70> <FuncUnit> <Opcode : 'fmul'> <InPorts = 2> <OutPorts = 1>
ST_55 : Operation 577 [4/5] (7.25ns)   --->   "%window_2_3_loc_1_add = fadd i32 %window_2_3_loc_1_load, i32 0"   --->   Operation 577 'fadd' 'window_2_3_loc_1_add' <Predicate = true> <Delay = 7.25> <CoreInst = "FAddSub_fulldsp">   --->   Core 18 'FAddSub_fulldsp' <Latency = 4> <II = 1> <Delay = 7.25> <FuncUnit> <Opcode : 'fadd' 'fsub'> <InPorts = 2> <OutPorts = 1>

State 56 <SV = 55> <Delay = 7.25>
ST_56 : Operation 578 [2/5] (7.25ns)   --->   "%acc_1_1_2 = fadd i32 %acc_1_1_1, i32 %mul_1_2" [twodconv.cpp:82]   --->   Operation 578 'fadd' 'acc_1_1_2' <Predicate = (and_ln74)> <Delay = 7.25> <CoreInst = "FAddSub_fulldsp">   --->   Core 18 'FAddSub_fulldsp' <Latency = 4> <II = 1> <Delay = 7.25> <FuncUnit> <Opcode : 'fadd' 'fsub'> <InPorts = 2> <OutPorts = 1>
ST_56 : Operation 579 [2/4] (5.70ns)   --->   "%mul_2_2 = fmul i32 %window_2_3_loc_1_load_2, i32 %empty_51" [twodconv.cpp:82]   --->   Operation 579 'fmul' 'mul_2_2' <Predicate = (and_ln74)> <Delay = 5.70> <CoreInst = "FMul_maxdsp">   --->   Core 30 'FMul_maxdsp' <Latency = 3> <II = 1> <Delay = 5.70> <FuncUnit> <Opcode : 'fmul'> <InPorts = 2> <OutPorts = 1>
ST_56 : Operation 580 [2/4] (5.70ns)   --->   "%mul_2_3 = fmul i32 %window_2_4_load, i32 %empty_52" [twodconv.cpp:82]   --->   Operation 580 'fmul' 'mul_2_3' <Predicate = (and_ln74)> <Delay = 5.70> <CoreInst = "FMul_maxdsp">   --->   Core 30 'FMul_maxdsp' <Latency = 3> <II = 1> <Delay = 5.70> <FuncUnit> <Opcode : 'fmul'> <InPorts = 2> <OutPorts = 1>
ST_56 : Operation 581 [2/4] (5.70ns)   --->   "%mul_2_4 = fmul i32 %reuse_select54, i32 %empty_53" [twodconv.cpp:82]   --->   Operation 581 'fmul' 'mul_2_4' <Predicate = (and_ln74)> <Delay = 5.70> <CoreInst = "FMul_maxdsp">   --->   Core 30 'FMul_maxdsp' <Latency = 3> <II = 1> <Delay = 5.70> <FuncUnit> <Opcode : 'fmul'> <InPorts = 2> <OutPorts = 1>
ST_56 : Operation 582 [3/5] (7.25ns)   --->   "%window_2_3_loc_1_add = fadd i32 %window_2_3_loc_1_load, i32 0"   --->   Operation 582 'fadd' 'window_2_3_loc_1_add' <Predicate = true> <Delay = 7.25> <CoreInst = "FAddSub_fulldsp">   --->   Core 18 'FAddSub_fulldsp' <Latency = 4> <II = 1> <Delay = 7.25> <FuncUnit> <Opcode : 'fadd' 'fsub'> <InPorts = 2> <OutPorts = 1>

State 57 <SV = 56> <Delay = 7.25>
ST_57 : Operation 583 [1/5] (7.25ns)   --->   "%acc_1_1_2 = fadd i32 %acc_1_1_1, i32 %mul_1_2" [twodconv.cpp:82]   --->   Operation 583 'fadd' 'acc_1_1_2' <Predicate = (and_ln74)> <Delay = 7.25> <CoreInst = "FAddSub_fulldsp">   --->   Core 18 'FAddSub_fulldsp' <Latency = 4> <II = 1> <Delay = 7.25> <FuncUnit> <Opcode : 'fadd' 'fsub'> <InPorts = 2> <OutPorts = 1>
ST_57 : Operation 584 [1/4] (5.70ns)   --->   "%mul_2_2 = fmul i32 %window_2_3_loc_1_load_2, i32 %empty_51" [twodconv.cpp:82]   --->   Operation 584 'fmul' 'mul_2_2' <Predicate = (and_ln74)> <Delay = 5.70> <CoreInst = "FMul_maxdsp">   --->   Core 30 'FMul_maxdsp' <Latency = 3> <II = 1> <Delay = 5.70> <FuncUnit> <Opcode : 'fmul'> <InPorts = 2> <OutPorts = 1>
ST_57 : Operation 585 [1/4] (5.70ns)   --->   "%mul_2_3 = fmul i32 %window_2_4_load, i32 %empty_52" [twodconv.cpp:82]   --->   Operation 585 'fmul' 'mul_2_3' <Predicate = (and_ln74)> <Delay = 5.70> <CoreInst = "FMul_maxdsp">   --->   Core 30 'FMul_maxdsp' <Latency = 3> <II = 1> <Delay = 5.70> <FuncUnit> <Opcode : 'fmul'> <InPorts = 2> <OutPorts = 1>
ST_57 : Operation 586 [1/4] (5.70ns)   --->   "%mul_2_4 = fmul i32 %reuse_select54, i32 %empty_53" [twodconv.cpp:82]   --->   Operation 586 'fmul' 'mul_2_4' <Predicate = (and_ln74)> <Delay = 5.70> <CoreInst = "FMul_maxdsp">   --->   Core 30 'FMul_maxdsp' <Latency = 3> <II = 1> <Delay = 5.70> <FuncUnit> <Opcode : 'fmul'> <InPorts = 2> <OutPorts = 1>
ST_57 : Operation 587 [2/5] (7.25ns)   --->   "%window_2_3_loc_1_add = fadd i32 %window_2_3_loc_1_load, i32 0"   --->   Operation 587 'fadd' 'window_2_3_loc_1_add' <Predicate = true> <Delay = 7.25> <CoreInst = "FAddSub_fulldsp">   --->   Core 18 'FAddSub_fulldsp' <Latency = 4> <II = 1> <Delay = 7.25> <FuncUnit> <Opcode : 'fadd' 'fsub'> <InPorts = 2> <OutPorts = 1>

State 58 <SV = 57> <Delay = 7.25>
ST_58 : Operation 588 [5/5] (7.25ns)   --->   "%acc_1_1_3 = fadd i32 %acc_1_1_2, i32 %mul_1_3" [twodconv.cpp:82]   --->   Operation 588 'fadd' 'acc_1_1_3' <Predicate = (and_ln74)> <Delay = 7.25> <CoreInst = "FAddSub_fulldsp">   --->   Core 18 'FAddSub_fulldsp' <Latency = 4> <II = 1> <Delay = 7.25> <FuncUnit> <Opcode : 'fadd' 'fsub'> <InPorts = 2> <OutPorts = 1>
ST_58 : Operation 589 [1/5] (7.25ns)   --->   "%window_2_3_loc_1_add = fadd i32 %window_2_3_loc_1_load, i32 0"   --->   Operation 589 'fadd' 'window_2_3_loc_1_add' <Predicate = true> <Delay = 7.25> <CoreInst = "FAddSub_fulldsp">   --->   Core 18 'FAddSub_fulldsp' <Latency = 4> <II = 1> <Delay = 7.25> <FuncUnit> <Opcode : 'fadd' 'fsub'> <InPorts = 2> <OutPorts = 1>

State 59 <SV = 58> <Delay = 7.25>
ST_59 : Operation 590 [1/1] (0.00ns)   --->   "%window_2_2_loc_1_load_1 = load i32 %window_2_2_loc_1" [twodconv.cpp:49]   --->   Operation 590 'load' 'window_2_2_loc_1_load_1' <Predicate = (!icmp_ln41)> <Delay = 0.00>
ST_59 : Operation 591 [1/1] (0.00ns)   --->   "%store_ln49 = store i32 %window_2_2_loc_1_load_1, i32 %window_2_1" [twodconv.cpp:49]   --->   Operation 591 'store' 'store_ln49' <Predicate = (!icmp_ln41)> <Delay = 0.00>
ST_59 : Operation 592 [1/1] (0.00ns)   --->   "%window_2_2_loc_1_load_2 = load i32 %window_2_2_loc_1" [twodconv.cpp:82]   --->   Operation 592 'load' 'window_2_2_loc_1_load_2' <Predicate = (and_ln74)> <Delay = 0.00>
ST_59 : Operation 593 [4/5] (7.25ns)   --->   "%acc_1_1_3 = fadd i32 %acc_1_1_2, i32 %mul_1_3" [twodconv.cpp:82]   --->   Operation 593 'fadd' 'acc_1_1_3' <Predicate = (and_ln74)> <Delay = 7.25> <CoreInst = "FAddSub_fulldsp">   --->   Core 18 'FAddSub_fulldsp' <Latency = 4> <II = 1> <Delay = 7.25> <FuncUnit> <Opcode : 'fadd' 'fsub'> <InPorts = 2> <OutPorts = 1>
ST_59 : Operation 594 [4/4] (5.70ns)   --->   "%mul_2_1 = fmul i32 %window_2_2_loc_1_load_2, i32 %empty_50" [twodconv.cpp:82]   --->   Operation 594 'fmul' 'mul_2_1' <Predicate = (and_ln74)> <Delay = 5.70> <CoreInst = "FMul_maxdsp">   --->   Core 30 'FMul_maxdsp' <Latency = 3> <II = 1> <Delay = 5.70> <FuncUnit> <Opcode : 'fmul'> <InPorts = 2> <OutPorts = 1>
ST_59 : Operation 595 [1/1] (0.00ns)   --->   "%window_2_2_loc_1_load = load i32 %window_2_2_loc_1"   --->   Operation 595 'load' 'window_2_2_loc_1_load' <Predicate = true> <Delay = 0.00>
ST_59 : Operation 596 [5/5] (7.25ns)   --->   "%window_2_2_loc_1_add = fadd i32 %window_2_2_loc_1_load, i32 0"   --->   Operation 596 'fadd' 'window_2_2_loc_1_add' <Predicate = true> <Delay = 7.25> <CoreInst = "FAddSub_fulldsp">   --->   Core 18 'FAddSub_fulldsp' <Latency = 4> <II = 1> <Delay = 7.25> <FuncUnit> <Opcode : 'fadd' 'fsub'> <InPorts = 2> <OutPorts = 1>
ST_59 : Operation 597 [1/1] (1.58ns)   --->   "%store_ln0 = store i32 %window_2_3_loc_1_add, i32 %window_2_2_loc_1"   --->   Operation 597 'store' 'store_ln0' <Predicate = true> <Delay = 1.58>

State 60 <SV = 59> <Delay = 7.25>
ST_60 : Operation 598 [3/5] (7.25ns)   --->   "%acc_1_1_3 = fadd i32 %acc_1_1_2, i32 %mul_1_3" [twodconv.cpp:82]   --->   Operation 598 'fadd' 'acc_1_1_3' <Predicate = (and_ln74)> <Delay = 7.25> <CoreInst = "FAddSub_fulldsp">   --->   Core 18 'FAddSub_fulldsp' <Latency = 4> <II = 1> <Delay = 7.25> <FuncUnit> <Opcode : 'fadd' 'fsub'> <InPorts = 2> <OutPorts = 1>
ST_60 : Operation 599 [3/4] (5.70ns)   --->   "%mul_2_1 = fmul i32 %window_2_2_loc_1_load_2, i32 %empty_50" [twodconv.cpp:82]   --->   Operation 599 'fmul' 'mul_2_1' <Predicate = (and_ln74)> <Delay = 5.70> <CoreInst = "FMul_maxdsp">   --->   Core 30 'FMul_maxdsp' <Latency = 3> <II = 1> <Delay = 5.70> <FuncUnit> <Opcode : 'fmul'> <InPorts = 2> <OutPorts = 1>
ST_60 : Operation 600 [4/5] (7.25ns)   --->   "%window_2_2_loc_1_add = fadd i32 %window_2_2_loc_1_load, i32 0"   --->   Operation 600 'fadd' 'window_2_2_loc_1_add' <Predicate = true> <Delay = 7.25> <CoreInst = "FAddSub_fulldsp">   --->   Core 18 'FAddSub_fulldsp' <Latency = 4> <II = 1> <Delay = 7.25> <FuncUnit> <Opcode : 'fadd' 'fsub'> <InPorts = 2> <OutPorts = 1>

State 61 <SV = 60> <Delay = 7.25>
ST_61 : Operation 601 [2/5] (7.25ns)   --->   "%acc_1_1_3 = fadd i32 %acc_1_1_2, i32 %mul_1_3" [twodconv.cpp:82]   --->   Operation 601 'fadd' 'acc_1_1_3' <Predicate = (and_ln74)> <Delay = 7.25> <CoreInst = "FAddSub_fulldsp">   --->   Core 18 'FAddSub_fulldsp' <Latency = 4> <II = 1> <Delay = 7.25> <FuncUnit> <Opcode : 'fadd' 'fsub'> <InPorts = 2> <OutPorts = 1>
ST_61 : Operation 602 [2/4] (5.70ns)   --->   "%mul_2_1 = fmul i32 %window_2_2_loc_1_load_2, i32 %empty_50" [twodconv.cpp:82]   --->   Operation 602 'fmul' 'mul_2_1' <Predicate = (and_ln74)> <Delay = 5.70> <CoreInst = "FMul_maxdsp">   --->   Core 30 'FMul_maxdsp' <Latency = 3> <II = 1> <Delay = 5.70> <FuncUnit> <Opcode : 'fmul'> <InPorts = 2> <OutPorts = 1>
ST_61 : Operation 603 [3/5] (7.25ns)   --->   "%window_2_2_loc_1_add = fadd i32 %window_2_2_loc_1_load, i32 0"   --->   Operation 603 'fadd' 'window_2_2_loc_1_add' <Predicate = true> <Delay = 7.25> <CoreInst = "FAddSub_fulldsp">   --->   Core 18 'FAddSub_fulldsp' <Latency = 4> <II = 1> <Delay = 7.25> <FuncUnit> <Opcode : 'fadd' 'fsub'> <InPorts = 2> <OutPorts = 1>

State 62 <SV = 61> <Delay = 7.25>
ST_62 : Operation 604 [1/5] (7.25ns)   --->   "%acc_1_1_3 = fadd i32 %acc_1_1_2, i32 %mul_1_3" [twodconv.cpp:82]   --->   Operation 604 'fadd' 'acc_1_1_3' <Predicate = (and_ln74)> <Delay = 7.25> <CoreInst = "FAddSub_fulldsp">   --->   Core 18 'FAddSub_fulldsp' <Latency = 4> <II = 1> <Delay = 7.25> <FuncUnit> <Opcode : 'fadd' 'fsub'> <InPorts = 2> <OutPorts = 1>
ST_62 : Operation 605 [1/4] (5.70ns)   --->   "%mul_2_1 = fmul i32 %window_2_2_loc_1_load_2, i32 %empty_50" [twodconv.cpp:82]   --->   Operation 605 'fmul' 'mul_2_1' <Predicate = (and_ln74)> <Delay = 5.70> <CoreInst = "FMul_maxdsp">   --->   Core 30 'FMul_maxdsp' <Latency = 3> <II = 1> <Delay = 5.70> <FuncUnit> <Opcode : 'fmul'> <InPorts = 2> <OutPorts = 1>
ST_62 : Operation 606 [2/5] (7.25ns)   --->   "%window_2_2_loc_1_add = fadd i32 %window_2_2_loc_1_load, i32 0"   --->   Operation 606 'fadd' 'window_2_2_loc_1_add' <Predicate = true> <Delay = 7.25> <CoreInst = "FAddSub_fulldsp">   --->   Core 18 'FAddSub_fulldsp' <Latency = 4> <II = 1> <Delay = 7.25> <FuncUnit> <Opcode : 'fadd' 'fsub'> <InPorts = 2> <OutPorts = 1>

State 63 <SV = 62> <Delay = 7.25>
ST_63 : Operation 607 [5/5] (7.25ns)   --->   "%acc_1_1_4 = fadd i32 %acc_1_1_3, i32 %mul_1_4" [twodconv.cpp:82]   --->   Operation 607 'fadd' 'acc_1_1_4' <Predicate = (and_ln74)> <Delay = 7.25> <CoreInst = "FAddSub_fulldsp">   --->   Core 18 'FAddSub_fulldsp' <Latency = 4> <II = 1> <Delay = 7.25> <FuncUnit> <Opcode : 'fadd' 'fsub'> <InPorts = 2> <OutPorts = 1>
ST_63 : Operation 608 [1/5] (7.25ns)   --->   "%window_2_2_loc_1_add = fadd i32 %window_2_2_loc_1_load, i32 0"   --->   Operation 608 'fadd' 'window_2_2_loc_1_add' <Predicate = true> <Delay = 7.25> <CoreInst = "FAddSub_fulldsp">   --->   Core 18 'FAddSub_fulldsp' <Latency = 4> <II = 1> <Delay = 7.25> <FuncUnit> <Opcode : 'fadd' 'fsub'> <InPorts = 2> <OutPorts = 1>

State 64 <SV = 63> <Delay = 7.25>
ST_64 : Operation 609 [1/1] (0.00ns)   --->   "%window_load_2 = load i32 %window_load_1_2_0" [twodconv.cpp:82]   --->   Operation 609 'load' 'window_load_2' <Predicate = (and_ln74)> <Delay = 0.00>
ST_64 : Operation 610 [4/5] (7.25ns)   --->   "%acc_1_1_4 = fadd i32 %acc_1_1_3, i32 %mul_1_4" [twodconv.cpp:82]   --->   Operation 610 'fadd' 'acc_1_1_4' <Predicate = (and_ln74)> <Delay = 7.25> <CoreInst = "FAddSub_fulldsp">   --->   Core 18 'FAddSub_fulldsp' <Latency = 4> <II = 1> <Delay = 7.25> <FuncUnit> <Opcode : 'fadd' 'fsub'> <InPorts = 2> <OutPorts = 1>
ST_64 : Operation 611 [4/4] (5.70ns)   --->   "%mul_2 = fmul i32 %window_load_2, i32 %empty_49" [twodconv.cpp:82]   --->   Operation 611 'fmul' 'mul_2' <Predicate = (and_ln74)> <Delay = 5.70> <CoreInst = "FMul_maxdsp">   --->   Core 30 'FMul_maxdsp' <Latency = 3> <II = 1> <Delay = 5.70> <FuncUnit> <Opcode : 'fmul'> <InPorts = 2> <OutPorts = 1>
ST_64 : Operation 612 [1/1] (1.58ns)   --->   "%store_ln0 = store i32 %window_2_2_loc_1_add, i32 %window_load_1_2_0"   --->   Operation 612 'store' 'store_ln0' <Predicate = true> <Delay = 1.58>

State 65 <SV = 64> <Delay = 7.25>
ST_65 : Operation 613 [3/5] (7.25ns)   --->   "%acc_1_1_4 = fadd i32 %acc_1_1_3, i32 %mul_1_4" [twodconv.cpp:82]   --->   Operation 613 'fadd' 'acc_1_1_4' <Predicate = (and_ln74)> <Delay = 7.25> <CoreInst = "FAddSub_fulldsp">   --->   Core 18 'FAddSub_fulldsp' <Latency = 4> <II = 1> <Delay = 7.25> <FuncUnit> <Opcode : 'fadd' 'fsub'> <InPorts = 2> <OutPorts = 1>
ST_65 : Operation 614 [3/4] (5.70ns)   --->   "%mul_2 = fmul i32 %window_load_2, i32 %empty_49" [twodconv.cpp:82]   --->   Operation 614 'fmul' 'mul_2' <Predicate = (and_ln74)> <Delay = 5.70> <CoreInst = "FMul_maxdsp">   --->   Core 30 'FMul_maxdsp' <Latency = 3> <II = 1> <Delay = 5.70> <FuncUnit> <Opcode : 'fmul'> <InPorts = 2> <OutPorts = 1>

State 66 <SV = 65> <Delay = 7.25>
ST_66 : Operation 615 [2/5] (7.25ns)   --->   "%acc_1_1_4 = fadd i32 %acc_1_1_3, i32 %mul_1_4" [twodconv.cpp:82]   --->   Operation 615 'fadd' 'acc_1_1_4' <Predicate = (and_ln74)> <Delay = 7.25> <CoreInst = "FAddSub_fulldsp">   --->   Core 18 'FAddSub_fulldsp' <Latency = 4> <II = 1> <Delay = 7.25> <FuncUnit> <Opcode : 'fadd' 'fsub'> <InPorts = 2> <OutPorts = 1>
ST_66 : Operation 616 [2/4] (5.70ns)   --->   "%mul_2 = fmul i32 %window_load_2, i32 %empty_49" [twodconv.cpp:82]   --->   Operation 616 'fmul' 'mul_2' <Predicate = (and_ln74)> <Delay = 5.70> <CoreInst = "FMul_maxdsp">   --->   Core 30 'FMul_maxdsp' <Latency = 3> <II = 1> <Delay = 5.70> <FuncUnit> <Opcode : 'fmul'> <InPorts = 2> <OutPorts = 1>

State 67 <SV = 66> <Delay = 7.25>
ST_67 : Operation 617 [1/5] (7.25ns)   --->   "%acc_1_1_4 = fadd i32 %acc_1_1_3, i32 %mul_1_4" [twodconv.cpp:82]   --->   Operation 617 'fadd' 'acc_1_1_4' <Predicate = (and_ln74)> <Delay = 7.25> <CoreInst = "FAddSub_fulldsp">   --->   Core 18 'FAddSub_fulldsp' <Latency = 4> <II = 1> <Delay = 7.25> <FuncUnit> <Opcode : 'fadd' 'fsub'> <InPorts = 2> <OutPorts = 1>
ST_67 : Operation 618 [1/4] (5.70ns)   --->   "%mul_2 = fmul i32 %window_load_2, i32 %empty_49" [twodconv.cpp:82]   --->   Operation 618 'fmul' 'mul_2' <Predicate = (and_ln74)> <Delay = 5.70> <CoreInst = "FMul_maxdsp">   --->   Core 30 'FMul_maxdsp' <Latency = 3> <II = 1> <Delay = 5.70> <FuncUnit> <Opcode : 'fmul'> <InPorts = 2> <OutPorts = 1>

State 68 <SV = 67> <Delay = 7.25>
ST_68 : Operation 619 [5/5] (7.25ns)   --->   "%acc_1_2 = fadd i32 %acc_1_1_4, i32 %mul_2" [twodconv.cpp:82]   --->   Operation 619 'fadd' 'acc_1_2' <Predicate = (and_ln74)> <Delay = 7.25> <CoreInst = "FAddSub_fulldsp">   --->   Core 18 'FAddSub_fulldsp' <Latency = 4> <II = 1> <Delay = 7.25> <FuncUnit> <Opcode : 'fadd' 'fsub'> <InPorts = 2> <OutPorts = 1>

State 69 <SV = 68> <Delay = 7.25>
ST_69 : Operation 620 [4/5] (7.25ns)   --->   "%acc_1_2 = fadd i32 %acc_1_1_4, i32 %mul_2" [twodconv.cpp:82]   --->   Operation 620 'fadd' 'acc_1_2' <Predicate = (and_ln74)> <Delay = 7.25> <CoreInst = "FAddSub_fulldsp">   --->   Core 18 'FAddSub_fulldsp' <Latency = 4> <II = 1> <Delay = 7.25> <FuncUnit> <Opcode : 'fadd' 'fsub'> <InPorts = 2> <OutPorts = 1>

State 70 <SV = 69> <Delay = 7.25>
ST_70 : Operation 621 [3/5] (7.25ns)   --->   "%acc_1_2 = fadd i32 %acc_1_1_4, i32 %mul_2" [twodconv.cpp:82]   --->   Operation 621 'fadd' 'acc_1_2' <Predicate = (and_ln74)> <Delay = 7.25> <CoreInst = "FAddSub_fulldsp">   --->   Core 18 'FAddSub_fulldsp' <Latency = 4> <II = 1> <Delay = 7.25> <FuncUnit> <Opcode : 'fadd' 'fsub'> <InPorts = 2> <OutPorts = 1>

State 71 <SV = 70> <Delay = 7.25>
ST_71 : Operation 622 [2/5] (7.25ns)   --->   "%acc_1_2 = fadd i32 %acc_1_1_4, i32 %mul_2" [twodconv.cpp:82]   --->   Operation 622 'fadd' 'acc_1_2' <Predicate = (and_ln74)> <Delay = 7.25> <CoreInst = "FAddSub_fulldsp">   --->   Core 18 'FAddSub_fulldsp' <Latency = 4> <II = 1> <Delay = 7.25> <FuncUnit> <Opcode : 'fadd' 'fsub'> <InPorts = 2> <OutPorts = 1>

State 72 <SV = 71> <Delay = 7.25>
ST_72 : Operation 623 [1/5] (7.25ns)   --->   "%acc_1_2 = fadd i32 %acc_1_1_4, i32 %mul_2" [twodconv.cpp:82]   --->   Operation 623 'fadd' 'acc_1_2' <Predicate = (and_ln74)> <Delay = 7.25> <CoreInst = "FAddSub_fulldsp">   --->   Core 18 'FAddSub_fulldsp' <Latency = 4> <II = 1> <Delay = 7.25> <FuncUnit> <Opcode : 'fadd' 'fsub'> <InPorts = 2> <OutPorts = 1>

State 73 <SV = 72> <Delay = 7.25>
ST_73 : Operation 624 [5/5] (7.25ns)   --->   "%acc_1_2_1 = fadd i32 %acc_1_2, i32 %mul_2_1" [twodconv.cpp:82]   --->   Operation 624 'fadd' 'acc_1_2_1' <Predicate = (and_ln74)> <Delay = 7.25> <CoreInst = "FAddSub_fulldsp">   --->   Core 18 'FAddSub_fulldsp' <Latency = 4> <II = 1> <Delay = 7.25> <FuncUnit> <Opcode : 'fadd' 'fsub'> <InPorts = 2> <OutPorts = 1>

State 74 <SV = 73> <Delay = 7.25>
ST_74 : Operation 625 [4/5] (7.25ns)   --->   "%acc_1_2_1 = fadd i32 %acc_1_2, i32 %mul_2_1" [twodconv.cpp:82]   --->   Operation 625 'fadd' 'acc_1_2_1' <Predicate = (and_ln74)> <Delay = 7.25> <CoreInst = "FAddSub_fulldsp">   --->   Core 18 'FAddSub_fulldsp' <Latency = 4> <II = 1> <Delay = 7.25> <FuncUnit> <Opcode : 'fadd' 'fsub'> <InPorts = 2> <OutPorts = 1>

State 75 <SV = 74> <Delay = 7.25>
ST_75 : Operation 626 [3/5] (7.25ns)   --->   "%acc_1_2_1 = fadd i32 %acc_1_2, i32 %mul_2_1" [twodconv.cpp:82]   --->   Operation 626 'fadd' 'acc_1_2_1' <Predicate = (and_ln74)> <Delay = 7.25> <CoreInst = "FAddSub_fulldsp">   --->   Core 18 'FAddSub_fulldsp' <Latency = 4> <II = 1> <Delay = 7.25> <FuncUnit> <Opcode : 'fadd' 'fsub'> <InPorts = 2> <OutPorts = 1>

State 76 <SV = 75> <Delay = 7.25>
ST_76 : Operation 627 [2/5] (7.25ns)   --->   "%acc_1_2_1 = fadd i32 %acc_1_2, i32 %mul_2_1" [twodconv.cpp:82]   --->   Operation 627 'fadd' 'acc_1_2_1' <Predicate = (and_ln74)> <Delay = 7.25> <CoreInst = "FAddSub_fulldsp">   --->   Core 18 'FAddSub_fulldsp' <Latency = 4> <II = 1> <Delay = 7.25> <FuncUnit> <Opcode : 'fadd' 'fsub'> <InPorts = 2> <OutPorts = 1>

State 77 <SV = 76> <Delay = 7.25>
ST_77 : Operation 628 [1/5] (7.25ns)   --->   "%acc_1_2_1 = fadd i32 %acc_1_2, i32 %mul_2_1" [twodconv.cpp:82]   --->   Operation 628 'fadd' 'acc_1_2_1' <Predicate = (and_ln74)> <Delay = 7.25> <CoreInst = "FAddSub_fulldsp">   --->   Core 18 'FAddSub_fulldsp' <Latency = 4> <II = 1> <Delay = 7.25> <FuncUnit> <Opcode : 'fadd' 'fsub'> <InPorts = 2> <OutPorts = 1>

State 78 <SV = 77> <Delay = 7.25>
ST_78 : Operation 629 [5/5] (7.25ns)   --->   "%acc_1_2_2 = fadd i32 %acc_1_2_1, i32 %mul_2_2" [twodconv.cpp:82]   --->   Operation 629 'fadd' 'acc_1_2_2' <Predicate = (and_ln74)> <Delay = 7.25> <CoreInst = "FAddSub_fulldsp">   --->   Core 18 'FAddSub_fulldsp' <Latency = 4> <II = 1> <Delay = 7.25> <FuncUnit> <Opcode : 'fadd' 'fsub'> <InPorts = 2> <OutPorts = 1>

State 79 <SV = 78> <Delay = 7.25>
ST_79 : Operation 630 [1/1] (0.00ns)   --->   "%window_3_3_loc_1_load_1 = load i32 %window_3_3_loc_1" [twodconv.cpp:49]   --->   Operation 630 'load' 'window_3_3_loc_1_load_1' <Predicate = (!icmp_ln41)> <Delay = 0.00>
ST_79 : Operation 631 [1/1] (0.00ns)   --->   "%store_ln49 = store i32 %window_3_3_loc_1_load_1, i32 %window_3_2" [twodconv.cpp:49]   --->   Operation 631 'store' 'store_ln49' <Predicate = (!icmp_ln41)> <Delay = 0.00>
ST_79 : Operation 632 [1/1] (0.00ns)   --->   "%window_3_4_load = load i32 %window_3_4" [twodconv.cpp:49]   --->   Operation 632 'load' 'window_3_4_load' <Predicate = (!icmp_ln41)> <Delay = 0.00>
ST_79 : Operation 633 [1/1] (0.00ns)   --->   "%store_ln49 = store i32 %window_3_4_load, i32 %window_3_3" [twodconv.cpp:49]   --->   Operation 633 'store' 'store_ln49' <Predicate = (!icmp_ln41)> <Delay = 0.00>
ST_79 : Operation 634 [1/1] (0.00ns)   --->   "%store_ln63 = store i32 %reuse_select, i32 %window_3_4" [twodconv.cpp:63]   --->   Operation 634 'store' 'store_ln63' <Predicate = true> <Delay = 0.00>
ST_79 : Operation 635 [1/1] (0.00ns)   --->   "%window_3_3_loc_1_load_2 = load i32 %window_3_3_loc_1" [twodconv.cpp:82]   --->   Operation 635 'load' 'window_3_3_loc_1_load_2' <Predicate = (and_ln74)> <Delay = 0.00>
ST_79 : Operation 636 [4/5] (7.25ns)   --->   "%acc_1_2_2 = fadd i32 %acc_1_2_1, i32 %mul_2_2" [twodconv.cpp:82]   --->   Operation 636 'fadd' 'acc_1_2_2' <Predicate = (and_ln74)> <Delay = 7.25> <CoreInst = "FAddSub_fulldsp">   --->   Core 18 'FAddSub_fulldsp' <Latency = 4> <II = 1> <Delay = 7.25> <FuncUnit> <Opcode : 'fadd' 'fsub'> <InPorts = 2> <OutPorts = 1>
ST_79 : Operation 637 [4/4] (5.70ns)   --->   "%mul_3_2 = fmul i32 %window_3_3_loc_1_load_2, i32 %empty_56" [twodconv.cpp:82]   --->   Operation 637 'fmul' 'mul_3_2' <Predicate = (and_ln74)> <Delay = 5.70> <CoreInst = "FMul_maxdsp">   --->   Core 30 'FMul_maxdsp' <Latency = 3> <II = 1> <Delay = 5.70> <FuncUnit> <Opcode : 'fmul'> <InPorts = 2> <OutPorts = 1>
ST_79 : Operation 638 [4/4] (5.70ns)   --->   "%mul_3_3 = fmul i32 %window_3_4_load, i32 %empty_57" [twodconv.cpp:82]   --->   Operation 638 'fmul' 'mul_3_3' <Predicate = (and_ln74)> <Delay = 5.70> <CoreInst = "FMul_maxdsp">   --->   Core 30 'FMul_maxdsp' <Latency = 3> <II = 1> <Delay = 5.70> <FuncUnit> <Opcode : 'fmul'> <InPorts = 2> <OutPorts = 1>
ST_79 : Operation 639 [4/4] (5.70ns)   --->   "%mul_3_4 = fmul i32 %reuse_select, i32 %empty_58" [twodconv.cpp:82]   --->   Operation 639 'fmul' 'mul_3_4' <Predicate = (and_ln74)> <Delay = 5.70> <CoreInst = "FMul_maxdsp">   --->   Core 30 'FMul_maxdsp' <Latency = 3> <II = 1> <Delay = 5.70> <FuncUnit> <Opcode : 'fmul'> <InPorts = 2> <OutPorts = 1>
ST_79 : Operation 640 [1/1] (0.00ns)   --->   "%window_3_3_loc_1_load = load i32 %window_3_3_loc_1"   --->   Operation 640 'load' 'window_3_3_loc_1_load' <Predicate = true> <Delay = 0.00>
ST_79 : Operation 641 [5/5] (7.25ns)   --->   "%window_3_3_loc_1_add = fadd i32 %window_3_3_loc_1_load, i32 0"   --->   Operation 641 'fadd' 'window_3_3_loc_1_add' <Predicate = true> <Delay = 7.25> <CoreInst = "FAddSub_fulldsp">   --->   Core 18 'FAddSub_fulldsp' <Latency = 4> <II = 1> <Delay = 7.25> <FuncUnit> <Opcode : 'fadd' 'fsub'> <InPorts = 2> <OutPorts = 1>
ST_79 : Operation 642 [1/1] (1.58ns)   --->   "%store_ln49 = store i32 %window_3_4_load, i32 %window_3_3_loc_1" [twodconv.cpp:49]   --->   Operation 642 'store' 'store_ln49' <Predicate = true> <Delay = 1.58>

State 80 <SV = 79> <Delay = 7.25>
ST_80 : Operation 643 [3/5] (7.25ns)   --->   "%acc_1_2_2 = fadd i32 %acc_1_2_1, i32 %mul_2_2" [twodconv.cpp:82]   --->   Operation 643 'fadd' 'acc_1_2_2' <Predicate = (and_ln74)> <Delay = 7.25> <CoreInst = "FAddSub_fulldsp">   --->   Core 18 'FAddSub_fulldsp' <Latency = 4> <II = 1> <Delay = 7.25> <FuncUnit> <Opcode : 'fadd' 'fsub'> <InPorts = 2> <OutPorts = 1>
ST_80 : Operation 644 [3/4] (5.70ns)   --->   "%mul_3_2 = fmul i32 %window_3_3_loc_1_load_2, i32 %empty_56" [twodconv.cpp:82]   --->   Operation 644 'fmul' 'mul_3_2' <Predicate = (and_ln74)> <Delay = 5.70> <CoreInst = "FMul_maxdsp">   --->   Core 30 'FMul_maxdsp' <Latency = 3> <II = 1> <Delay = 5.70> <FuncUnit> <Opcode : 'fmul'> <InPorts = 2> <OutPorts = 1>
ST_80 : Operation 645 [3/4] (5.70ns)   --->   "%mul_3_3 = fmul i32 %window_3_4_load, i32 %empty_57" [twodconv.cpp:82]   --->   Operation 645 'fmul' 'mul_3_3' <Predicate = (and_ln74)> <Delay = 5.70> <CoreInst = "FMul_maxdsp">   --->   Core 30 'FMul_maxdsp' <Latency = 3> <II = 1> <Delay = 5.70> <FuncUnit> <Opcode : 'fmul'> <InPorts = 2> <OutPorts = 1>
ST_80 : Operation 646 [3/4] (5.70ns)   --->   "%mul_3_4 = fmul i32 %reuse_select, i32 %empty_58" [twodconv.cpp:82]   --->   Operation 646 'fmul' 'mul_3_4' <Predicate = (and_ln74)> <Delay = 5.70> <CoreInst = "FMul_maxdsp">   --->   Core 30 'FMul_maxdsp' <Latency = 3> <II = 1> <Delay = 5.70> <FuncUnit> <Opcode : 'fmul'> <InPorts = 2> <OutPorts = 1>
ST_80 : Operation 647 [4/5] (7.25ns)   --->   "%window_3_3_loc_1_add = fadd i32 %window_3_3_loc_1_load, i32 0"   --->   Operation 647 'fadd' 'window_3_3_loc_1_add' <Predicate = true> <Delay = 7.25> <CoreInst = "FAddSub_fulldsp">   --->   Core 18 'FAddSub_fulldsp' <Latency = 4> <II = 1> <Delay = 7.25> <FuncUnit> <Opcode : 'fadd' 'fsub'> <InPorts = 2> <OutPorts = 1>

State 81 <SV = 80> <Delay = 7.25>
ST_81 : Operation 648 [2/5] (7.25ns)   --->   "%acc_1_2_2 = fadd i32 %acc_1_2_1, i32 %mul_2_2" [twodconv.cpp:82]   --->   Operation 648 'fadd' 'acc_1_2_2' <Predicate = (and_ln74)> <Delay = 7.25> <CoreInst = "FAddSub_fulldsp">   --->   Core 18 'FAddSub_fulldsp' <Latency = 4> <II = 1> <Delay = 7.25> <FuncUnit> <Opcode : 'fadd' 'fsub'> <InPorts = 2> <OutPorts = 1>
ST_81 : Operation 649 [2/4] (5.70ns)   --->   "%mul_3_2 = fmul i32 %window_3_3_loc_1_load_2, i32 %empty_56" [twodconv.cpp:82]   --->   Operation 649 'fmul' 'mul_3_2' <Predicate = (and_ln74)> <Delay = 5.70> <CoreInst = "FMul_maxdsp">   --->   Core 30 'FMul_maxdsp' <Latency = 3> <II = 1> <Delay = 5.70> <FuncUnit> <Opcode : 'fmul'> <InPorts = 2> <OutPorts = 1>
ST_81 : Operation 650 [2/4] (5.70ns)   --->   "%mul_3_3 = fmul i32 %window_3_4_load, i32 %empty_57" [twodconv.cpp:82]   --->   Operation 650 'fmul' 'mul_3_3' <Predicate = (and_ln74)> <Delay = 5.70> <CoreInst = "FMul_maxdsp">   --->   Core 30 'FMul_maxdsp' <Latency = 3> <II = 1> <Delay = 5.70> <FuncUnit> <Opcode : 'fmul'> <InPorts = 2> <OutPorts = 1>
ST_81 : Operation 651 [2/4] (5.70ns)   --->   "%mul_3_4 = fmul i32 %reuse_select, i32 %empty_58" [twodconv.cpp:82]   --->   Operation 651 'fmul' 'mul_3_4' <Predicate = (and_ln74)> <Delay = 5.70> <CoreInst = "FMul_maxdsp">   --->   Core 30 'FMul_maxdsp' <Latency = 3> <II = 1> <Delay = 5.70> <FuncUnit> <Opcode : 'fmul'> <InPorts = 2> <OutPorts = 1>
ST_81 : Operation 652 [3/5] (7.25ns)   --->   "%window_3_3_loc_1_add = fadd i32 %window_3_3_loc_1_load, i32 0"   --->   Operation 652 'fadd' 'window_3_3_loc_1_add' <Predicate = true> <Delay = 7.25> <CoreInst = "FAddSub_fulldsp">   --->   Core 18 'FAddSub_fulldsp' <Latency = 4> <II = 1> <Delay = 7.25> <FuncUnit> <Opcode : 'fadd' 'fsub'> <InPorts = 2> <OutPorts = 1>

State 82 <SV = 81> <Delay = 7.25>
ST_82 : Operation 653 [1/5] (7.25ns)   --->   "%acc_1_2_2 = fadd i32 %acc_1_2_1, i32 %mul_2_2" [twodconv.cpp:82]   --->   Operation 653 'fadd' 'acc_1_2_2' <Predicate = (and_ln74)> <Delay = 7.25> <CoreInst = "FAddSub_fulldsp">   --->   Core 18 'FAddSub_fulldsp' <Latency = 4> <II = 1> <Delay = 7.25> <FuncUnit> <Opcode : 'fadd' 'fsub'> <InPorts = 2> <OutPorts = 1>
ST_82 : Operation 654 [1/4] (5.70ns)   --->   "%mul_3_2 = fmul i32 %window_3_3_loc_1_load_2, i32 %empty_56" [twodconv.cpp:82]   --->   Operation 654 'fmul' 'mul_3_2' <Predicate = (and_ln74)> <Delay = 5.70> <CoreInst = "FMul_maxdsp">   --->   Core 30 'FMul_maxdsp' <Latency = 3> <II = 1> <Delay = 5.70> <FuncUnit> <Opcode : 'fmul'> <InPorts = 2> <OutPorts = 1>
ST_82 : Operation 655 [1/4] (5.70ns)   --->   "%mul_3_3 = fmul i32 %window_3_4_load, i32 %empty_57" [twodconv.cpp:82]   --->   Operation 655 'fmul' 'mul_3_3' <Predicate = (and_ln74)> <Delay = 5.70> <CoreInst = "FMul_maxdsp">   --->   Core 30 'FMul_maxdsp' <Latency = 3> <II = 1> <Delay = 5.70> <FuncUnit> <Opcode : 'fmul'> <InPorts = 2> <OutPorts = 1>
ST_82 : Operation 656 [1/4] (5.70ns)   --->   "%mul_3_4 = fmul i32 %reuse_select, i32 %empty_58" [twodconv.cpp:82]   --->   Operation 656 'fmul' 'mul_3_4' <Predicate = (and_ln74)> <Delay = 5.70> <CoreInst = "FMul_maxdsp">   --->   Core 30 'FMul_maxdsp' <Latency = 3> <II = 1> <Delay = 5.70> <FuncUnit> <Opcode : 'fmul'> <InPorts = 2> <OutPorts = 1>
ST_82 : Operation 657 [2/5] (7.25ns)   --->   "%window_3_3_loc_1_add = fadd i32 %window_3_3_loc_1_load, i32 0"   --->   Operation 657 'fadd' 'window_3_3_loc_1_add' <Predicate = true> <Delay = 7.25> <CoreInst = "FAddSub_fulldsp">   --->   Core 18 'FAddSub_fulldsp' <Latency = 4> <II = 1> <Delay = 7.25> <FuncUnit> <Opcode : 'fadd' 'fsub'> <InPorts = 2> <OutPorts = 1>

State 83 <SV = 82> <Delay = 7.25>
ST_83 : Operation 658 [5/5] (7.25ns)   --->   "%acc_1_2_3 = fadd i32 %acc_1_2_2, i32 %mul_2_3" [twodconv.cpp:82]   --->   Operation 658 'fadd' 'acc_1_2_3' <Predicate = (and_ln74)> <Delay = 7.25> <CoreInst = "FAddSub_fulldsp">   --->   Core 18 'FAddSub_fulldsp' <Latency = 4> <II = 1> <Delay = 7.25> <FuncUnit> <Opcode : 'fadd' 'fsub'> <InPorts = 2> <OutPorts = 1>
ST_83 : Operation 659 [1/5] (7.25ns)   --->   "%window_3_3_loc_1_add = fadd i32 %window_3_3_loc_1_load, i32 0"   --->   Operation 659 'fadd' 'window_3_3_loc_1_add' <Predicate = true> <Delay = 7.25> <CoreInst = "FAddSub_fulldsp">   --->   Core 18 'FAddSub_fulldsp' <Latency = 4> <II = 1> <Delay = 7.25> <FuncUnit> <Opcode : 'fadd' 'fsub'> <InPorts = 2> <OutPorts = 1>

State 84 <SV = 83> <Delay = 7.25>
ST_84 : Operation 660 [1/1] (0.00ns)   --->   "%window_3_2_loc_1_load_1 = load i32 %window_3_2_loc_1" [twodconv.cpp:49]   --->   Operation 660 'load' 'window_3_2_loc_1_load_1' <Predicate = (!icmp_ln41)> <Delay = 0.00>
ST_84 : Operation 661 [1/1] (0.00ns)   --->   "%store_ln49 = store i32 %window_3_2_loc_1_load_1, i32 %window_3_1" [twodconv.cpp:49]   --->   Operation 661 'store' 'store_ln49' <Predicate = (!icmp_ln41)> <Delay = 0.00>
ST_84 : Operation 662 [1/1] (0.00ns)   --->   "%window_3_2_loc_1_load41 = load i32 %window_3_2_loc_1" [twodconv.cpp:82]   --->   Operation 662 'load' 'window_3_2_loc_1_load41' <Predicate = (and_ln74)> <Delay = 0.00>
ST_84 : Operation 663 [4/5] (7.25ns)   --->   "%acc_1_2_3 = fadd i32 %acc_1_2_2, i32 %mul_2_3" [twodconv.cpp:82]   --->   Operation 663 'fadd' 'acc_1_2_3' <Predicate = (and_ln74)> <Delay = 7.25> <CoreInst = "FAddSub_fulldsp">   --->   Core 18 'FAddSub_fulldsp' <Latency = 4> <II = 1> <Delay = 7.25> <FuncUnit> <Opcode : 'fadd' 'fsub'> <InPorts = 2> <OutPorts = 1>
ST_84 : Operation 664 [4/4] (5.70ns)   --->   "%mul_3_1 = fmul i32 %window_3_2_loc_1_load41, i32 %empty_55" [twodconv.cpp:82]   --->   Operation 664 'fmul' 'mul_3_1' <Predicate = (and_ln74)> <Delay = 5.70> <CoreInst = "FMul_maxdsp">   --->   Core 30 'FMul_maxdsp' <Latency = 3> <II = 1> <Delay = 5.70> <FuncUnit> <Opcode : 'fmul'> <InPorts = 2> <OutPorts = 1>
ST_84 : Operation 665 [1/1] (0.00ns)   --->   "%window_3_2_loc_1_load = load i32 %window_3_2_loc_1"   --->   Operation 665 'load' 'window_3_2_loc_1_load' <Predicate = true> <Delay = 0.00>
ST_84 : Operation 666 [5/5] (7.25ns)   --->   "%window_3_2_loc_1_add = fadd i32 %window_3_2_loc_1_load, i32 0"   --->   Operation 666 'fadd' 'window_3_2_loc_1_add' <Predicate = true> <Delay = 7.25> <CoreInst = "FAddSub_fulldsp">   --->   Core 18 'FAddSub_fulldsp' <Latency = 4> <II = 1> <Delay = 7.25> <FuncUnit> <Opcode : 'fadd' 'fsub'> <InPorts = 2> <OutPorts = 1>
ST_84 : Operation 667 [1/1] (1.58ns)   --->   "%store_ln0 = store i32 %window_3_3_loc_1_add, i32 %window_3_2_loc_1"   --->   Operation 667 'store' 'store_ln0' <Predicate = true> <Delay = 1.58>

State 85 <SV = 84> <Delay = 7.25>
ST_85 : Operation 668 [3/5] (7.25ns)   --->   "%acc_1_2_3 = fadd i32 %acc_1_2_2, i32 %mul_2_3" [twodconv.cpp:82]   --->   Operation 668 'fadd' 'acc_1_2_3' <Predicate = (and_ln74)> <Delay = 7.25> <CoreInst = "FAddSub_fulldsp">   --->   Core 18 'FAddSub_fulldsp' <Latency = 4> <II = 1> <Delay = 7.25> <FuncUnit> <Opcode : 'fadd' 'fsub'> <InPorts = 2> <OutPorts = 1>
ST_85 : Operation 669 [3/4] (5.70ns)   --->   "%mul_3_1 = fmul i32 %window_3_2_loc_1_load41, i32 %empty_55" [twodconv.cpp:82]   --->   Operation 669 'fmul' 'mul_3_1' <Predicate = (and_ln74)> <Delay = 5.70> <CoreInst = "FMul_maxdsp">   --->   Core 30 'FMul_maxdsp' <Latency = 3> <II = 1> <Delay = 5.70> <FuncUnit> <Opcode : 'fmul'> <InPorts = 2> <OutPorts = 1>
ST_85 : Operation 670 [4/5] (7.25ns)   --->   "%window_3_2_loc_1_add = fadd i32 %window_3_2_loc_1_load, i32 0"   --->   Operation 670 'fadd' 'window_3_2_loc_1_add' <Predicate = true> <Delay = 7.25> <CoreInst = "FAddSub_fulldsp">   --->   Core 18 'FAddSub_fulldsp' <Latency = 4> <II = 1> <Delay = 7.25> <FuncUnit> <Opcode : 'fadd' 'fsub'> <InPorts = 2> <OutPorts = 1>

State 86 <SV = 85> <Delay = 7.25>
ST_86 : Operation 671 [2/5] (7.25ns)   --->   "%acc_1_2_3 = fadd i32 %acc_1_2_2, i32 %mul_2_3" [twodconv.cpp:82]   --->   Operation 671 'fadd' 'acc_1_2_3' <Predicate = (and_ln74)> <Delay = 7.25> <CoreInst = "FAddSub_fulldsp">   --->   Core 18 'FAddSub_fulldsp' <Latency = 4> <II = 1> <Delay = 7.25> <FuncUnit> <Opcode : 'fadd' 'fsub'> <InPorts = 2> <OutPorts = 1>
ST_86 : Operation 672 [2/4] (5.70ns)   --->   "%mul_3_1 = fmul i32 %window_3_2_loc_1_load41, i32 %empty_55" [twodconv.cpp:82]   --->   Operation 672 'fmul' 'mul_3_1' <Predicate = (and_ln74)> <Delay = 5.70> <CoreInst = "FMul_maxdsp">   --->   Core 30 'FMul_maxdsp' <Latency = 3> <II = 1> <Delay = 5.70> <FuncUnit> <Opcode : 'fmul'> <InPorts = 2> <OutPorts = 1>
ST_86 : Operation 673 [3/5] (7.25ns)   --->   "%window_3_2_loc_1_add = fadd i32 %window_3_2_loc_1_load, i32 0"   --->   Operation 673 'fadd' 'window_3_2_loc_1_add' <Predicate = true> <Delay = 7.25> <CoreInst = "FAddSub_fulldsp">   --->   Core 18 'FAddSub_fulldsp' <Latency = 4> <II = 1> <Delay = 7.25> <FuncUnit> <Opcode : 'fadd' 'fsub'> <InPorts = 2> <OutPorts = 1>

State 87 <SV = 86> <Delay = 7.25>
ST_87 : Operation 674 [1/5] (7.25ns)   --->   "%acc_1_2_3 = fadd i32 %acc_1_2_2, i32 %mul_2_3" [twodconv.cpp:82]   --->   Operation 674 'fadd' 'acc_1_2_3' <Predicate = (and_ln74)> <Delay = 7.25> <CoreInst = "FAddSub_fulldsp">   --->   Core 18 'FAddSub_fulldsp' <Latency = 4> <II = 1> <Delay = 7.25> <FuncUnit> <Opcode : 'fadd' 'fsub'> <InPorts = 2> <OutPorts = 1>
ST_87 : Operation 675 [1/4] (5.70ns)   --->   "%mul_3_1 = fmul i32 %window_3_2_loc_1_load41, i32 %empty_55" [twodconv.cpp:82]   --->   Operation 675 'fmul' 'mul_3_1' <Predicate = (and_ln74)> <Delay = 5.70> <CoreInst = "FMul_maxdsp">   --->   Core 30 'FMul_maxdsp' <Latency = 3> <II = 1> <Delay = 5.70> <FuncUnit> <Opcode : 'fmul'> <InPorts = 2> <OutPorts = 1>
ST_87 : Operation 676 [2/5] (7.25ns)   --->   "%window_3_2_loc_1_add = fadd i32 %window_3_2_loc_1_load, i32 0"   --->   Operation 676 'fadd' 'window_3_2_loc_1_add' <Predicate = true> <Delay = 7.25> <CoreInst = "FAddSub_fulldsp">   --->   Core 18 'FAddSub_fulldsp' <Latency = 4> <II = 1> <Delay = 7.25> <FuncUnit> <Opcode : 'fadd' 'fsub'> <InPorts = 2> <OutPorts = 1>

State 88 <SV = 87> <Delay = 7.25>
ST_88 : Operation 677 [5/5] (7.25ns)   --->   "%acc_1_2_4 = fadd i32 %acc_1_2_3, i32 %mul_2_4" [twodconv.cpp:82]   --->   Operation 677 'fadd' 'acc_1_2_4' <Predicate = (and_ln74)> <Delay = 7.25> <CoreInst = "FAddSub_fulldsp">   --->   Core 18 'FAddSub_fulldsp' <Latency = 4> <II = 1> <Delay = 7.25> <FuncUnit> <Opcode : 'fadd' 'fsub'> <InPorts = 2> <OutPorts = 1>
ST_88 : Operation 678 [1/5] (7.25ns)   --->   "%window_3_2_loc_1_add = fadd i32 %window_3_2_loc_1_load, i32 0"   --->   Operation 678 'fadd' 'window_3_2_loc_1_add' <Predicate = true> <Delay = 7.25> <CoreInst = "FAddSub_fulldsp">   --->   Core 18 'FAddSub_fulldsp' <Latency = 4> <II = 1> <Delay = 7.25> <FuncUnit> <Opcode : 'fadd' 'fsub'> <InPorts = 2> <OutPorts = 1>

State 89 <SV = 88> <Delay = 7.25>
ST_89 : Operation 679 [1/1] (0.00ns)   --->   "%window_load_1 = load i32 %window_load_1_3_0" [twodconv.cpp:82]   --->   Operation 679 'load' 'window_load_1' <Predicate = (and_ln74)> <Delay = 0.00>
ST_89 : Operation 680 [4/5] (7.25ns)   --->   "%acc_1_2_4 = fadd i32 %acc_1_2_3, i32 %mul_2_4" [twodconv.cpp:82]   --->   Operation 680 'fadd' 'acc_1_2_4' <Predicate = (and_ln74)> <Delay = 7.25> <CoreInst = "FAddSub_fulldsp">   --->   Core 18 'FAddSub_fulldsp' <Latency = 4> <II = 1> <Delay = 7.25> <FuncUnit> <Opcode : 'fadd' 'fsub'> <InPorts = 2> <OutPorts = 1>
ST_89 : Operation 681 [4/4] (5.70ns)   --->   "%mul_3 = fmul i32 %window_load_1, i32 %empty_54" [twodconv.cpp:82]   --->   Operation 681 'fmul' 'mul_3' <Predicate = (and_ln74)> <Delay = 5.70> <CoreInst = "FMul_maxdsp">   --->   Core 30 'FMul_maxdsp' <Latency = 3> <II = 1> <Delay = 5.70> <FuncUnit> <Opcode : 'fmul'> <InPorts = 2> <OutPorts = 1>
ST_89 : Operation 682 [1/1] (1.58ns)   --->   "%store_ln0 = store i32 %window_3_2_loc_1_add, i32 %window_load_1_3_0"   --->   Operation 682 'store' 'store_ln0' <Predicate = true> <Delay = 1.58>

State 90 <SV = 89> <Delay = 7.25>
ST_90 : Operation 683 [3/5] (7.25ns)   --->   "%acc_1_2_4 = fadd i32 %acc_1_2_3, i32 %mul_2_4" [twodconv.cpp:82]   --->   Operation 683 'fadd' 'acc_1_2_4' <Predicate = (and_ln74)> <Delay = 7.25> <CoreInst = "FAddSub_fulldsp">   --->   Core 18 'FAddSub_fulldsp' <Latency = 4> <II = 1> <Delay = 7.25> <FuncUnit> <Opcode : 'fadd' 'fsub'> <InPorts = 2> <OutPorts = 1>
ST_90 : Operation 684 [3/4] (5.70ns)   --->   "%mul_3 = fmul i32 %window_load_1, i32 %empty_54" [twodconv.cpp:82]   --->   Operation 684 'fmul' 'mul_3' <Predicate = (and_ln74)> <Delay = 5.70> <CoreInst = "FMul_maxdsp">   --->   Core 30 'FMul_maxdsp' <Latency = 3> <II = 1> <Delay = 5.70> <FuncUnit> <Opcode : 'fmul'> <InPorts = 2> <OutPorts = 1>

State 91 <SV = 90> <Delay = 7.25>
ST_91 : Operation 685 [2/5] (7.25ns)   --->   "%acc_1_2_4 = fadd i32 %acc_1_2_3, i32 %mul_2_4" [twodconv.cpp:82]   --->   Operation 685 'fadd' 'acc_1_2_4' <Predicate = (and_ln74)> <Delay = 7.25> <CoreInst = "FAddSub_fulldsp">   --->   Core 18 'FAddSub_fulldsp' <Latency = 4> <II = 1> <Delay = 7.25> <FuncUnit> <Opcode : 'fadd' 'fsub'> <InPorts = 2> <OutPorts = 1>
ST_91 : Operation 686 [2/4] (5.70ns)   --->   "%mul_3 = fmul i32 %window_load_1, i32 %empty_54" [twodconv.cpp:82]   --->   Operation 686 'fmul' 'mul_3' <Predicate = (and_ln74)> <Delay = 5.70> <CoreInst = "FMul_maxdsp">   --->   Core 30 'FMul_maxdsp' <Latency = 3> <II = 1> <Delay = 5.70> <FuncUnit> <Opcode : 'fmul'> <InPorts = 2> <OutPorts = 1>

State 92 <SV = 91> <Delay = 7.25>
ST_92 : Operation 687 [1/5] (7.25ns)   --->   "%acc_1_2_4 = fadd i32 %acc_1_2_3, i32 %mul_2_4" [twodconv.cpp:82]   --->   Operation 687 'fadd' 'acc_1_2_4' <Predicate = (and_ln74)> <Delay = 7.25> <CoreInst = "FAddSub_fulldsp">   --->   Core 18 'FAddSub_fulldsp' <Latency = 4> <II = 1> <Delay = 7.25> <FuncUnit> <Opcode : 'fadd' 'fsub'> <InPorts = 2> <OutPorts = 1>
ST_92 : Operation 688 [1/4] (5.70ns)   --->   "%mul_3 = fmul i32 %window_load_1, i32 %empty_54" [twodconv.cpp:82]   --->   Operation 688 'fmul' 'mul_3' <Predicate = (and_ln74)> <Delay = 5.70> <CoreInst = "FMul_maxdsp">   --->   Core 30 'FMul_maxdsp' <Latency = 3> <II = 1> <Delay = 5.70> <FuncUnit> <Opcode : 'fmul'> <InPorts = 2> <OutPorts = 1>

State 93 <SV = 92> <Delay = 7.25>
ST_93 : Operation 689 [5/5] (7.25ns)   --->   "%acc_1_3 = fadd i32 %acc_1_2_4, i32 %mul_3" [twodconv.cpp:82]   --->   Operation 689 'fadd' 'acc_1_3' <Predicate = (and_ln74)> <Delay = 7.25> <CoreInst = "FAddSub_fulldsp">   --->   Core 18 'FAddSub_fulldsp' <Latency = 4> <II = 1> <Delay = 7.25> <FuncUnit> <Opcode : 'fadd' 'fsub'> <InPorts = 2> <OutPorts = 1>

State 94 <SV = 93> <Delay = 7.25>
ST_94 : Operation 690 [4/5] (7.25ns)   --->   "%acc_1_3 = fadd i32 %acc_1_2_4, i32 %mul_3" [twodconv.cpp:82]   --->   Operation 690 'fadd' 'acc_1_3' <Predicate = (and_ln74)> <Delay = 7.25> <CoreInst = "FAddSub_fulldsp">   --->   Core 18 'FAddSub_fulldsp' <Latency = 4> <II = 1> <Delay = 7.25> <FuncUnit> <Opcode : 'fadd' 'fsub'> <InPorts = 2> <OutPorts = 1>

State 95 <SV = 94> <Delay = 7.25>
ST_95 : Operation 691 [3/5] (7.25ns)   --->   "%acc_1_3 = fadd i32 %acc_1_2_4, i32 %mul_3" [twodconv.cpp:82]   --->   Operation 691 'fadd' 'acc_1_3' <Predicate = (and_ln74)> <Delay = 7.25> <CoreInst = "FAddSub_fulldsp">   --->   Core 18 'FAddSub_fulldsp' <Latency = 4> <II = 1> <Delay = 7.25> <FuncUnit> <Opcode : 'fadd' 'fsub'> <InPorts = 2> <OutPorts = 1>

State 96 <SV = 95> <Delay = 7.25>
ST_96 : Operation 692 [2/5] (7.25ns)   --->   "%acc_1_3 = fadd i32 %acc_1_2_4, i32 %mul_3" [twodconv.cpp:82]   --->   Operation 692 'fadd' 'acc_1_3' <Predicate = (and_ln74)> <Delay = 7.25> <CoreInst = "FAddSub_fulldsp">   --->   Core 18 'FAddSub_fulldsp' <Latency = 4> <II = 1> <Delay = 7.25> <FuncUnit> <Opcode : 'fadd' 'fsub'> <InPorts = 2> <OutPorts = 1>

State 97 <SV = 96> <Delay = 7.25>
ST_97 : Operation 693 [1/5] (7.25ns)   --->   "%acc_1_3 = fadd i32 %acc_1_2_4, i32 %mul_3" [twodconv.cpp:82]   --->   Operation 693 'fadd' 'acc_1_3' <Predicate = (and_ln74)> <Delay = 7.25> <CoreInst = "FAddSub_fulldsp">   --->   Core 18 'FAddSub_fulldsp' <Latency = 4> <II = 1> <Delay = 7.25> <FuncUnit> <Opcode : 'fadd' 'fsub'> <InPorts = 2> <OutPorts = 1>

State 98 <SV = 97> <Delay = 7.25>
ST_98 : Operation 694 [5/5] (7.25ns)   --->   "%acc_1_3_1 = fadd i32 %acc_1_3, i32 %mul_3_1" [twodconv.cpp:82]   --->   Operation 694 'fadd' 'acc_1_3_1' <Predicate = (and_ln74)> <Delay = 7.25> <CoreInst = "FAddSub_fulldsp">   --->   Core 18 'FAddSub_fulldsp' <Latency = 4> <II = 1> <Delay = 7.25> <FuncUnit> <Opcode : 'fadd' 'fsub'> <InPorts = 2> <OutPorts = 1>

State 99 <SV = 98> <Delay = 7.25>
ST_99 : Operation 695 [4/5] (7.25ns)   --->   "%acc_1_3_1 = fadd i32 %acc_1_3, i32 %mul_3_1" [twodconv.cpp:82]   --->   Operation 695 'fadd' 'acc_1_3_1' <Predicate = (and_ln74)> <Delay = 7.25> <CoreInst = "FAddSub_fulldsp">   --->   Core 18 'FAddSub_fulldsp' <Latency = 4> <II = 1> <Delay = 7.25> <FuncUnit> <Opcode : 'fadd' 'fsub'> <InPorts = 2> <OutPorts = 1>

State 100 <SV = 99> <Delay = 7.25>
ST_100 : Operation 696 [3/5] (7.25ns)   --->   "%acc_1_3_1 = fadd i32 %acc_1_3, i32 %mul_3_1" [twodconv.cpp:82]   --->   Operation 696 'fadd' 'acc_1_3_1' <Predicate = (and_ln74)> <Delay = 7.25> <CoreInst = "FAddSub_fulldsp">   --->   Core 18 'FAddSub_fulldsp' <Latency = 4> <II = 1> <Delay = 7.25> <FuncUnit> <Opcode : 'fadd' 'fsub'> <InPorts = 2> <OutPorts = 1>

State 101 <SV = 100> <Delay = 7.25>
ST_101 : Operation 697 [2/5] (7.25ns)   --->   "%acc_1_3_1 = fadd i32 %acc_1_3, i32 %mul_3_1" [twodconv.cpp:82]   --->   Operation 697 'fadd' 'acc_1_3_1' <Predicate = (and_ln74)> <Delay = 7.25> <CoreInst = "FAddSub_fulldsp">   --->   Core 18 'FAddSub_fulldsp' <Latency = 4> <II = 1> <Delay = 7.25> <FuncUnit> <Opcode : 'fadd' 'fsub'> <InPorts = 2> <OutPorts = 1>

State 102 <SV = 101> <Delay = 7.25>
ST_102 : Operation 698 [1/5] (7.25ns)   --->   "%acc_1_3_1 = fadd i32 %acc_1_3, i32 %mul_3_1" [twodconv.cpp:82]   --->   Operation 698 'fadd' 'acc_1_3_1' <Predicate = (and_ln74)> <Delay = 7.25> <CoreInst = "FAddSub_fulldsp">   --->   Core 18 'FAddSub_fulldsp' <Latency = 4> <II = 1> <Delay = 7.25> <FuncUnit> <Opcode : 'fadd' 'fsub'> <InPorts = 2> <OutPorts = 1>

State 103 <SV = 102> <Delay = 7.25>
ST_103 : Operation 699 [5/5] (7.25ns)   --->   "%acc_1_3_2 = fadd i32 %acc_1_3_1, i32 %mul_3_2" [twodconv.cpp:82]   --->   Operation 699 'fadd' 'acc_1_3_2' <Predicate = (and_ln74)> <Delay = 7.25> <CoreInst = "FAddSub_fulldsp">   --->   Core 18 'FAddSub_fulldsp' <Latency = 4> <II = 1> <Delay = 7.25> <FuncUnit> <Opcode : 'fadd' 'fsub'> <InPorts = 2> <OutPorts = 1>

State 104 <SV = 103> <Delay = 7.25>
ST_104 : Operation 700 [1/1] (0.00ns)   --->   "%window_4_3_loc_1_load_1 = load i32 %window_4_3_loc_1" [twodconv.cpp:49]   --->   Operation 700 'load' 'window_4_3_loc_1_load_1' <Predicate = (!icmp_ln41)> <Delay = 0.00>
ST_104 : Operation 701 [1/1] (0.00ns)   --->   "%store_ln49 = store i32 %window_4_3_loc_1_load_1, i32 %window_4_2" [twodconv.cpp:49]   --->   Operation 701 'store' 'store_ln49' <Predicate = (!icmp_ln41)> <Delay = 0.00>
ST_104 : Operation 702 [1/1] (0.00ns)   --->   "%window_4_4_load = load i32 %window_4_4" [twodconv.cpp:49]   --->   Operation 702 'load' 'window_4_4_load' <Predicate = (!icmp_ln41)> <Delay = 0.00>
ST_104 : Operation 703 [1/1] (0.00ns)   --->   "%store_ln49 = store i32 %window_4_4_load, i32 %window_4_3" [twodconv.cpp:49]   --->   Operation 703 'store' 'store_ln49' <Predicate = (!icmp_ln41)> <Delay = 0.00>
ST_104 : Operation 704 [1/1] (0.00ns)   --->   "%store_ln71 = store i32 %new_pixel_1, i32 %window_4_4" [twodconv.cpp:71]   --->   Operation 704 'store' 'store_ln71' <Predicate = true> <Delay = 0.00>
ST_104 : Operation 705 [1/1] (0.00ns)   --->   "%window_4_3_loc_1_load_2 = load i32 %window_4_3_loc_1" [twodconv.cpp:82]   --->   Operation 705 'load' 'window_4_3_loc_1_load_2' <Predicate = (and_ln74)> <Delay = 0.00>
ST_104 : Operation 706 [4/5] (7.25ns)   --->   "%acc_1_3_2 = fadd i32 %acc_1_3_1, i32 %mul_3_2" [twodconv.cpp:82]   --->   Operation 706 'fadd' 'acc_1_3_2' <Predicate = (and_ln74)> <Delay = 7.25> <CoreInst = "FAddSub_fulldsp">   --->   Core 18 'FAddSub_fulldsp' <Latency = 4> <II = 1> <Delay = 7.25> <FuncUnit> <Opcode : 'fadd' 'fsub'> <InPorts = 2> <OutPorts = 1>
ST_104 : Operation 707 [4/4] (5.70ns)   --->   "%mul_4_2 = fmul i32 %window_4_3_loc_1_load_2, i32 %empty_61" [twodconv.cpp:82]   --->   Operation 707 'fmul' 'mul_4_2' <Predicate = (and_ln74)> <Delay = 5.70> <CoreInst = "FMul_maxdsp">   --->   Core 30 'FMul_maxdsp' <Latency = 3> <II = 1> <Delay = 5.70> <FuncUnit> <Opcode : 'fmul'> <InPorts = 2> <OutPorts = 1>
ST_104 : Operation 708 [4/4] (5.70ns)   --->   "%mul_4_3 = fmul i32 %window_4_4_load, i32 %empty_62" [twodconv.cpp:82]   --->   Operation 708 'fmul' 'mul_4_3' <Predicate = (and_ln74)> <Delay = 5.70> <CoreInst = "FMul_maxdsp">   --->   Core 30 'FMul_maxdsp' <Latency = 3> <II = 1> <Delay = 5.70> <FuncUnit> <Opcode : 'fmul'> <InPorts = 2> <OutPorts = 1>
ST_104 : Operation 709 [4/4] (5.70ns)   --->   "%mul_4_4 = fmul i32 %new_pixel_1, i32 %empty_63" [twodconv.cpp:82]   --->   Operation 709 'fmul' 'mul_4_4' <Predicate = (and_ln74)> <Delay = 5.70> <CoreInst = "FMul_maxdsp">   --->   Core 30 'FMul_maxdsp' <Latency = 3> <II = 1> <Delay = 5.70> <FuncUnit> <Opcode : 'fmul'> <InPorts = 2> <OutPorts = 1>
ST_104 : Operation 710 [1/1] (0.00ns)   --->   "%window_4_3_loc_1_load = load i32 %window_4_3_loc_1"   --->   Operation 710 'load' 'window_4_3_loc_1_load' <Predicate = true> <Delay = 0.00>
ST_104 : Operation 711 [5/5] (7.25ns)   --->   "%window_4_3_loc_1_add = fadd i32 %window_4_3_loc_1_load, i32 0"   --->   Operation 711 'fadd' 'window_4_3_loc_1_add' <Predicate = true> <Delay = 7.25> <CoreInst = "FAddSub_fulldsp">   --->   Core 18 'FAddSub_fulldsp' <Latency = 4> <II = 1> <Delay = 7.25> <FuncUnit> <Opcode : 'fadd' 'fsub'> <InPorts = 2> <OutPorts = 1>
ST_104 : Operation 712 [1/1] (1.58ns)   --->   "%store_ln49 = store i32 %window_4_4_load, i32 %window_4_3_loc_1" [twodconv.cpp:49]   --->   Operation 712 'store' 'store_ln49' <Predicate = true> <Delay = 1.58>

State 105 <SV = 104> <Delay = 7.25>
ST_105 : Operation 713 [3/5] (7.25ns)   --->   "%acc_1_3_2 = fadd i32 %acc_1_3_1, i32 %mul_3_2" [twodconv.cpp:82]   --->   Operation 713 'fadd' 'acc_1_3_2' <Predicate = (and_ln74)> <Delay = 7.25> <CoreInst = "FAddSub_fulldsp">   --->   Core 18 'FAddSub_fulldsp' <Latency = 4> <II = 1> <Delay = 7.25> <FuncUnit> <Opcode : 'fadd' 'fsub'> <InPorts = 2> <OutPorts = 1>
ST_105 : Operation 714 [3/4] (5.70ns)   --->   "%mul_4_2 = fmul i32 %window_4_3_loc_1_load_2, i32 %empty_61" [twodconv.cpp:82]   --->   Operation 714 'fmul' 'mul_4_2' <Predicate = (and_ln74)> <Delay = 5.70> <CoreInst = "FMul_maxdsp">   --->   Core 30 'FMul_maxdsp' <Latency = 3> <II = 1> <Delay = 5.70> <FuncUnit> <Opcode : 'fmul'> <InPorts = 2> <OutPorts = 1>
ST_105 : Operation 715 [3/4] (5.70ns)   --->   "%mul_4_3 = fmul i32 %window_4_4_load, i32 %empty_62" [twodconv.cpp:82]   --->   Operation 715 'fmul' 'mul_4_3' <Predicate = (and_ln74)> <Delay = 5.70> <CoreInst = "FMul_maxdsp">   --->   Core 30 'FMul_maxdsp' <Latency = 3> <II = 1> <Delay = 5.70> <FuncUnit> <Opcode : 'fmul'> <InPorts = 2> <OutPorts = 1>
ST_105 : Operation 716 [3/4] (5.70ns)   --->   "%mul_4_4 = fmul i32 %new_pixel_1, i32 %empty_63" [twodconv.cpp:82]   --->   Operation 716 'fmul' 'mul_4_4' <Predicate = (and_ln74)> <Delay = 5.70> <CoreInst = "FMul_maxdsp">   --->   Core 30 'FMul_maxdsp' <Latency = 3> <II = 1> <Delay = 5.70> <FuncUnit> <Opcode : 'fmul'> <InPorts = 2> <OutPorts = 1>
ST_105 : Operation 717 [4/5] (7.25ns)   --->   "%window_4_3_loc_1_add = fadd i32 %window_4_3_loc_1_load, i32 0"   --->   Operation 717 'fadd' 'window_4_3_loc_1_add' <Predicate = true> <Delay = 7.25> <CoreInst = "FAddSub_fulldsp">   --->   Core 18 'FAddSub_fulldsp' <Latency = 4> <II = 1> <Delay = 7.25> <FuncUnit> <Opcode : 'fadd' 'fsub'> <InPorts = 2> <OutPorts = 1>

State 106 <SV = 105> <Delay = 7.25>
ST_106 : Operation 718 [2/5] (7.25ns)   --->   "%acc_1_3_2 = fadd i32 %acc_1_3_1, i32 %mul_3_2" [twodconv.cpp:82]   --->   Operation 718 'fadd' 'acc_1_3_2' <Predicate = (and_ln74)> <Delay = 7.25> <CoreInst = "FAddSub_fulldsp">   --->   Core 18 'FAddSub_fulldsp' <Latency = 4> <II = 1> <Delay = 7.25> <FuncUnit> <Opcode : 'fadd' 'fsub'> <InPorts = 2> <OutPorts = 1>
ST_106 : Operation 719 [2/4] (5.70ns)   --->   "%mul_4_2 = fmul i32 %window_4_3_loc_1_load_2, i32 %empty_61" [twodconv.cpp:82]   --->   Operation 719 'fmul' 'mul_4_2' <Predicate = (and_ln74)> <Delay = 5.70> <CoreInst = "FMul_maxdsp">   --->   Core 30 'FMul_maxdsp' <Latency = 3> <II = 1> <Delay = 5.70> <FuncUnit> <Opcode : 'fmul'> <InPorts = 2> <OutPorts = 1>
ST_106 : Operation 720 [2/4] (5.70ns)   --->   "%mul_4_3 = fmul i32 %window_4_4_load, i32 %empty_62" [twodconv.cpp:82]   --->   Operation 720 'fmul' 'mul_4_3' <Predicate = (and_ln74)> <Delay = 5.70> <CoreInst = "FMul_maxdsp">   --->   Core 30 'FMul_maxdsp' <Latency = 3> <II = 1> <Delay = 5.70> <FuncUnit> <Opcode : 'fmul'> <InPorts = 2> <OutPorts = 1>
ST_106 : Operation 721 [2/4] (5.70ns)   --->   "%mul_4_4 = fmul i32 %new_pixel_1, i32 %empty_63" [twodconv.cpp:82]   --->   Operation 721 'fmul' 'mul_4_4' <Predicate = (and_ln74)> <Delay = 5.70> <CoreInst = "FMul_maxdsp">   --->   Core 30 'FMul_maxdsp' <Latency = 3> <II = 1> <Delay = 5.70> <FuncUnit> <Opcode : 'fmul'> <InPorts = 2> <OutPorts = 1>
ST_106 : Operation 722 [3/5] (7.25ns)   --->   "%window_4_3_loc_1_add = fadd i32 %window_4_3_loc_1_load, i32 0"   --->   Operation 722 'fadd' 'window_4_3_loc_1_add' <Predicate = true> <Delay = 7.25> <CoreInst = "FAddSub_fulldsp">   --->   Core 18 'FAddSub_fulldsp' <Latency = 4> <II = 1> <Delay = 7.25> <FuncUnit> <Opcode : 'fadd' 'fsub'> <InPorts = 2> <OutPorts = 1>

State 107 <SV = 106> <Delay = 7.25>
ST_107 : Operation 723 [1/5] (7.25ns)   --->   "%acc_1_3_2 = fadd i32 %acc_1_3_1, i32 %mul_3_2" [twodconv.cpp:82]   --->   Operation 723 'fadd' 'acc_1_3_2' <Predicate = (and_ln74)> <Delay = 7.25> <CoreInst = "FAddSub_fulldsp">   --->   Core 18 'FAddSub_fulldsp' <Latency = 4> <II = 1> <Delay = 7.25> <FuncUnit> <Opcode : 'fadd' 'fsub'> <InPorts = 2> <OutPorts = 1>
ST_107 : Operation 724 [1/4] (5.70ns)   --->   "%mul_4_2 = fmul i32 %window_4_3_loc_1_load_2, i32 %empty_61" [twodconv.cpp:82]   --->   Operation 724 'fmul' 'mul_4_2' <Predicate = (and_ln74)> <Delay = 5.70> <CoreInst = "FMul_maxdsp">   --->   Core 30 'FMul_maxdsp' <Latency = 3> <II = 1> <Delay = 5.70> <FuncUnit> <Opcode : 'fmul'> <InPorts = 2> <OutPorts = 1>
ST_107 : Operation 725 [1/4] (5.70ns)   --->   "%mul_4_3 = fmul i32 %window_4_4_load, i32 %empty_62" [twodconv.cpp:82]   --->   Operation 725 'fmul' 'mul_4_3' <Predicate = (and_ln74)> <Delay = 5.70> <CoreInst = "FMul_maxdsp">   --->   Core 30 'FMul_maxdsp' <Latency = 3> <II = 1> <Delay = 5.70> <FuncUnit> <Opcode : 'fmul'> <InPorts = 2> <OutPorts = 1>
ST_107 : Operation 726 [1/4] (5.70ns)   --->   "%mul_4_4 = fmul i32 %new_pixel_1, i32 %empty_63" [twodconv.cpp:82]   --->   Operation 726 'fmul' 'mul_4_4' <Predicate = (and_ln74)> <Delay = 5.70> <CoreInst = "FMul_maxdsp">   --->   Core 30 'FMul_maxdsp' <Latency = 3> <II = 1> <Delay = 5.70> <FuncUnit> <Opcode : 'fmul'> <InPorts = 2> <OutPorts = 1>
ST_107 : Operation 727 [2/5] (7.25ns)   --->   "%window_4_3_loc_1_add = fadd i32 %window_4_3_loc_1_load, i32 0"   --->   Operation 727 'fadd' 'window_4_3_loc_1_add' <Predicate = true> <Delay = 7.25> <CoreInst = "FAddSub_fulldsp">   --->   Core 18 'FAddSub_fulldsp' <Latency = 4> <II = 1> <Delay = 7.25> <FuncUnit> <Opcode : 'fadd' 'fsub'> <InPorts = 2> <OutPorts = 1>

State 108 <SV = 107> <Delay = 7.25>
ST_108 : Operation 728 [5/5] (7.25ns)   --->   "%acc_1_3_3 = fadd i32 %acc_1_3_2, i32 %mul_3_3" [twodconv.cpp:82]   --->   Operation 728 'fadd' 'acc_1_3_3' <Predicate = (and_ln74)> <Delay = 7.25> <CoreInst = "FAddSub_fulldsp">   --->   Core 18 'FAddSub_fulldsp' <Latency = 4> <II = 1> <Delay = 7.25> <FuncUnit> <Opcode : 'fadd' 'fsub'> <InPorts = 2> <OutPorts = 1>
ST_108 : Operation 729 [1/5] (7.25ns)   --->   "%window_4_3_loc_1_add = fadd i32 %window_4_3_loc_1_load, i32 0"   --->   Operation 729 'fadd' 'window_4_3_loc_1_add' <Predicate = true> <Delay = 7.25> <CoreInst = "FAddSub_fulldsp">   --->   Core 18 'FAddSub_fulldsp' <Latency = 4> <II = 1> <Delay = 7.25> <FuncUnit> <Opcode : 'fadd' 'fsub'> <InPorts = 2> <OutPorts = 1>

State 109 <SV = 108> <Delay = 7.25>
ST_109 : Operation 730 [1/1] (0.00ns)   --->   "%window_4_2_loc_1_load_1 = load i32 %window_4_2_loc_1" [twodconv.cpp:49]   --->   Operation 730 'load' 'window_4_2_loc_1_load_1' <Predicate = (!icmp_ln41)> <Delay = 0.00>
ST_109 : Operation 731 [1/1] (0.00ns)   --->   "%specloopname_ln0 = specloopname void @_ssdm_op_SpecLoopName, void @ROW_SLIDE_COL_SLIDE_str"   --->   Operation 731 'specloopname' 'specloopname_ln0' <Predicate = (!icmp_ln41)> <Delay = 0.00>
ST_109 : Operation 732 [1/1] (0.00ns)   --->   "%specpipeline_ln43 = specpipeline void @_ssdm_op_SpecPipeline, i32 1, i32 0, i32 0, i32 0, void @empty_4" [twodconv.cpp:43]   --->   Operation 732 'specpipeline' 'specpipeline_ln43' <Predicate = (!icmp_ln41)> <Delay = 0.00>
ST_109 : Operation 733 [1/1] (0.00ns)   --->   "%specloopname_ln43 = specloopname void @_ssdm_op_SpecLoopName, void @empty_0" [twodconv.cpp:43]   --->   Operation 733 'specloopname' 'specloopname_ln43' <Predicate = (!icmp_ln41)> <Delay = 0.00>
ST_109 : Operation 734 [1/1] (0.00ns)   --->   "%store_ln49 = store i32 %window_4_2_loc_1_load_1, i32 %window_4_1" [twodconv.cpp:49]   --->   Operation 734 'store' 'store_ln49' <Predicate = (!icmp_ln41)> <Delay = 0.00>
ST_109 : Operation 735 [1/1] (0.00ns)   --->   "%window_4_2_loc_1_load_2 = load i32 %window_4_2_loc_1" [twodconv.cpp:82]   --->   Operation 735 'load' 'window_4_2_loc_1_load_2' <Predicate = (and_ln74)> <Delay = 0.00>
ST_109 : Operation 736 [4/5] (7.25ns)   --->   "%acc_1_3_3 = fadd i32 %acc_1_3_2, i32 %mul_3_3" [twodconv.cpp:82]   --->   Operation 736 'fadd' 'acc_1_3_3' <Predicate = (and_ln74)> <Delay = 7.25> <CoreInst = "FAddSub_fulldsp">   --->   Core 18 'FAddSub_fulldsp' <Latency = 4> <II = 1> <Delay = 7.25> <FuncUnit> <Opcode : 'fadd' 'fsub'> <InPorts = 2> <OutPorts = 1>
ST_109 : Operation 737 [4/4] (5.70ns)   --->   "%mul_4_1 = fmul i32 %window_4_2_loc_1_load_2, i32 %empty_60" [twodconv.cpp:82]   --->   Operation 737 'fmul' 'mul_4_1' <Predicate = (and_ln74)> <Delay = 5.70> <CoreInst = "FMul_maxdsp">   --->   Core 30 'FMul_maxdsp' <Latency = 3> <II = 1> <Delay = 5.70> <FuncUnit> <Opcode : 'fmul'> <InPorts = 2> <OutPorts = 1>
ST_109 : Operation 738 [1/1] (0.00ns)   --->   "%window_4_2_loc_1_load = load i32 %window_4_2_loc_1"   --->   Operation 738 'load' 'window_4_2_loc_1_load' <Predicate = true> <Delay = 0.00>
ST_109 : Operation 739 [5/5] (7.25ns)   --->   "%window_4_2_loc_1_add = fadd i32 %window_4_2_loc_1_load, i32 0"   --->   Operation 739 'fadd' 'window_4_2_loc_1_add' <Predicate = true> <Delay = 7.25> <CoreInst = "FAddSub_fulldsp">   --->   Core 18 'FAddSub_fulldsp' <Latency = 4> <II = 1> <Delay = 7.25> <FuncUnit> <Opcode : 'fadd' 'fsub'> <InPorts = 2> <OutPorts = 1>
ST_109 : Operation 740 [1/1] (1.58ns)   --->   "%store_ln0 = store i32 %window_4_3_loc_1_add, i32 %window_4_2_loc_1"   --->   Operation 740 'store' 'store_ln0' <Predicate = true> <Delay = 1.58>

State 110 <SV = 109> <Delay = 7.25>
ST_110 : Operation 741 [3/5] (7.25ns)   --->   "%acc_1_3_3 = fadd i32 %acc_1_3_2, i32 %mul_3_3" [twodconv.cpp:82]   --->   Operation 741 'fadd' 'acc_1_3_3' <Predicate = (and_ln74)> <Delay = 7.25> <CoreInst = "FAddSub_fulldsp">   --->   Core 18 'FAddSub_fulldsp' <Latency = 4> <II = 1> <Delay = 7.25> <FuncUnit> <Opcode : 'fadd' 'fsub'> <InPorts = 2> <OutPorts = 1>
ST_110 : Operation 742 [3/4] (5.70ns)   --->   "%mul_4_1 = fmul i32 %window_4_2_loc_1_load_2, i32 %empty_60" [twodconv.cpp:82]   --->   Operation 742 'fmul' 'mul_4_1' <Predicate = (and_ln74)> <Delay = 5.70> <CoreInst = "FMul_maxdsp">   --->   Core 30 'FMul_maxdsp' <Latency = 3> <II = 1> <Delay = 5.70> <FuncUnit> <Opcode : 'fmul'> <InPorts = 2> <OutPorts = 1>
ST_110 : Operation 743 [4/5] (7.25ns)   --->   "%window_4_2_loc_1_add = fadd i32 %window_4_2_loc_1_load, i32 0"   --->   Operation 743 'fadd' 'window_4_2_loc_1_add' <Predicate = true> <Delay = 7.25> <CoreInst = "FAddSub_fulldsp">   --->   Core 18 'FAddSub_fulldsp' <Latency = 4> <II = 1> <Delay = 7.25> <FuncUnit> <Opcode : 'fadd' 'fsub'> <InPorts = 2> <OutPorts = 1>

State 111 <SV = 110> <Delay = 7.25>
ST_111 : Operation 744 [2/5] (7.25ns)   --->   "%acc_1_3_3 = fadd i32 %acc_1_3_2, i32 %mul_3_3" [twodconv.cpp:82]   --->   Operation 744 'fadd' 'acc_1_3_3' <Predicate = (and_ln74)> <Delay = 7.25> <CoreInst = "FAddSub_fulldsp">   --->   Core 18 'FAddSub_fulldsp' <Latency = 4> <II = 1> <Delay = 7.25> <FuncUnit> <Opcode : 'fadd' 'fsub'> <InPorts = 2> <OutPorts = 1>
ST_111 : Operation 745 [2/4] (5.70ns)   --->   "%mul_4_1 = fmul i32 %window_4_2_loc_1_load_2, i32 %empty_60" [twodconv.cpp:82]   --->   Operation 745 'fmul' 'mul_4_1' <Predicate = (and_ln74)> <Delay = 5.70> <CoreInst = "FMul_maxdsp">   --->   Core 30 'FMul_maxdsp' <Latency = 3> <II = 1> <Delay = 5.70> <FuncUnit> <Opcode : 'fmul'> <InPorts = 2> <OutPorts = 1>
ST_111 : Operation 746 [3/5] (7.25ns)   --->   "%window_4_2_loc_1_add = fadd i32 %window_4_2_loc_1_load, i32 0"   --->   Operation 746 'fadd' 'window_4_2_loc_1_add' <Predicate = true> <Delay = 7.25> <CoreInst = "FAddSub_fulldsp">   --->   Core 18 'FAddSub_fulldsp' <Latency = 4> <II = 1> <Delay = 7.25> <FuncUnit> <Opcode : 'fadd' 'fsub'> <InPorts = 2> <OutPorts = 1>

State 112 <SV = 111> <Delay = 7.25>
ST_112 : Operation 747 [1/5] (7.25ns)   --->   "%acc_1_3_3 = fadd i32 %acc_1_3_2, i32 %mul_3_3" [twodconv.cpp:82]   --->   Operation 747 'fadd' 'acc_1_3_3' <Predicate = (and_ln74)> <Delay = 7.25> <CoreInst = "FAddSub_fulldsp">   --->   Core 18 'FAddSub_fulldsp' <Latency = 4> <II = 1> <Delay = 7.25> <FuncUnit> <Opcode : 'fadd' 'fsub'> <InPorts = 2> <OutPorts = 1>
ST_112 : Operation 748 [1/4] (5.70ns)   --->   "%mul_4_1 = fmul i32 %window_4_2_loc_1_load_2, i32 %empty_60" [twodconv.cpp:82]   --->   Operation 748 'fmul' 'mul_4_1' <Predicate = (and_ln74)> <Delay = 5.70> <CoreInst = "FMul_maxdsp">   --->   Core 30 'FMul_maxdsp' <Latency = 3> <II = 1> <Delay = 5.70> <FuncUnit> <Opcode : 'fmul'> <InPorts = 2> <OutPorts = 1>
ST_112 : Operation 749 [2/5] (7.25ns)   --->   "%window_4_2_loc_1_add = fadd i32 %window_4_2_loc_1_load, i32 0"   --->   Operation 749 'fadd' 'window_4_2_loc_1_add' <Predicate = true> <Delay = 7.25> <CoreInst = "FAddSub_fulldsp">   --->   Core 18 'FAddSub_fulldsp' <Latency = 4> <II = 1> <Delay = 7.25> <FuncUnit> <Opcode : 'fadd' 'fsub'> <InPorts = 2> <OutPorts = 1>

State 113 <SV = 112> <Delay = 7.25>
ST_113 : Operation 750 [5/5] (7.25ns)   --->   "%acc_1_3_4 = fadd i32 %acc_1_3_3, i32 %mul_3_4" [twodconv.cpp:82]   --->   Operation 750 'fadd' 'acc_1_3_4' <Predicate = (and_ln74)> <Delay = 7.25> <CoreInst = "FAddSub_fulldsp">   --->   Core 18 'FAddSub_fulldsp' <Latency = 4> <II = 1> <Delay = 7.25> <FuncUnit> <Opcode : 'fadd' 'fsub'> <InPorts = 2> <OutPorts = 1>
ST_113 : Operation 751 [1/5] (7.25ns)   --->   "%window_4_2_loc_1_add = fadd i32 %window_4_2_loc_1_load, i32 0"   --->   Operation 751 'fadd' 'window_4_2_loc_1_add' <Predicate = true> <Delay = 7.25> <CoreInst = "FAddSub_fulldsp">   --->   Core 18 'FAddSub_fulldsp' <Latency = 4> <II = 1> <Delay = 7.25> <FuncUnit> <Opcode : 'fadd' 'fsub'> <InPorts = 2> <OutPorts = 1>

State 114 <SV = 113> <Delay = 7.25>
ST_114 : Operation 752 [1/1] (0.00ns)   --->   "%window_load = load i32 %window_load_1_4_0" [twodconv.cpp:82]   --->   Operation 752 'load' 'window_load' <Predicate = (and_ln74)> <Delay = 0.00>
ST_114 : Operation 753 [4/5] (7.25ns)   --->   "%acc_1_3_4 = fadd i32 %acc_1_3_3, i32 %mul_3_4" [twodconv.cpp:82]   --->   Operation 753 'fadd' 'acc_1_3_4' <Predicate = (and_ln74)> <Delay = 7.25> <CoreInst = "FAddSub_fulldsp">   --->   Core 18 'FAddSub_fulldsp' <Latency = 4> <II = 1> <Delay = 7.25> <FuncUnit> <Opcode : 'fadd' 'fsub'> <InPorts = 2> <OutPorts = 1>
ST_114 : Operation 754 [4/4] (5.70ns)   --->   "%mul_4 = fmul i32 %window_load, i32 %empty_59" [twodconv.cpp:82]   --->   Operation 754 'fmul' 'mul_4' <Predicate = (and_ln74)> <Delay = 5.70> <CoreInst = "FMul_maxdsp">   --->   Core 30 'FMul_maxdsp' <Latency = 3> <II = 1> <Delay = 5.70> <FuncUnit> <Opcode : 'fmul'> <InPorts = 2> <OutPorts = 1>
ST_114 : Operation 755 [1/1] (1.58ns)   --->   "%store_ln0 = store i32 %window_4_2_loc_1_add, i32 %window_load_1_4_0"   --->   Operation 755 'store' 'store_ln0' <Predicate = true> <Delay = 1.58>
ST_114 : Operation 756 [1/1] (0.00ns)   --->   "%br_ln0 = br void"   --->   Operation 756 'br' 'br_ln0' <Predicate = true> <Delay = 0.00>

State 115 <SV = 114> <Delay = 7.25>
ST_115 : Operation 757 [3/5] (7.25ns)   --->   "%acc_1_3_4 = fadd i32 %acc_1_3_3, i32 %mul_3_4" [twodconv.cpp:82]   --->   Operation 757 'fadd' 'acc_1_3_4' <Predicate = (and_ln74)> <Delay = 7.25> <CoreInst = "FAddSub_fulldsp">   --->   Core 18 'FAddSub_fulldsp' <Latency = 4> <II = 1> <Delay = 7.25> <FuncUnit> <Opcode : 'fadd' 'fsub'> <InPorts = 2> <OutPorts = 1>
ST_115 : Operation 758 [3/4] (5.70ns)   --->   "%mul_4 = fmul i32 %window_load, i32 %empty_59" [twodconv.cpp:82]   --->   Operation 758 'fmul' 'mul_4' <Predicate = (and_ln74)> <Delay = 5.70> <CoreInst = "FMul_maxdsp">   --->   Core 30 'FMul_maxdsp' <Latency = 3> <II = 1> <Delay = 5.70> <FuncUnit> <Opcode : 'fmul'> <InPorts = 2> <OutPorts = 1>

State 116 <SV = 115> <Delay = 7.25>
ST_116 : Operation 759 [2/5] (7.25ns)   --->   "%acc_1_3_4 = fadd i32 %acc_1_3_3, i32 %mul_3_4" [twodconv.cpp:82]   --->   Operation 759 'fadd' 'acc_1_3_4' <Predicate = (and_ln74)> <Delay = 7.25> <CoreInst = "FAddSub_fulldsp">   --->   Core 18 'FAddSub_fulldsp' <Latency = 4> <II = 1> <Delay = 7.25> <FuncUnit> <Opcode : 'fadd' 'fsub'> <InPorts = 2> <OutPorts = 1>
ST_116 : Operation 760 [2/4] (5.70ns)   --->   "%mul_4 = fmul i32 %window_load, i32 %empty_59" [twodconv.cpp:82]   --->   Operation 760 'fmul' 'mul_4' <Predicate = (and_ln74)> <Delay = 5.70> <CoreInst = "FMul_maxdsp">   --->   Core 30 'FMul_maxdsp' <Latency = 3> <II = 1> <Delay = 5.70> <FuncUnit> <Opcode : 'fmul'> <InPorts = 2> <OutPorts = 1>

State 117 <SV = 116> <Delay = 7.25>
ST_117 : Operation 761 [1/5] (7.25ns)   --->   "%acc_1_3_4 = fadd i32 %acc_1_3_3, i32 %mul_3_4" [twodconv.cpp:82]   --->   Operation 761 'fadd' 'acc_1_3_4' <Predicate = (and_ln74)> <Delay = 7.25> <CoreInst = "FAddSub_fulldsp">   --->   Core 18 'FAddSub_fulldsp' <Latency = 4> <II = 1> <Delay = 7.25> <FuncUnit> <Opcode : 'fadd' 'fsub'> <InPorts = 2> <OutPorts = 1>
ST_117 : Operation 762 [1/4] (5.70ns)   --->   "%mul_4 = fmul i32 %window_load, i32 %empty_59" [twodconv.cpp:82]   --->   Operation 762 'fmul' 'mul_4' <Predicate = (and_ln74)> <Delay = 5.70> <CoreInst = "FMul_maxdsp">   --->   Core 30 'FMul_maxdsp' <Latency = 3> <II = 1> <Delay = 5.70> <FuncUnit> <Opcode : 'fmul'> <InPorts = 2> <OutPorts = 1>

State 118 <SV = 117> <Delay = 7.25>
ST_118 : Operation 763 [5/5] (7.25ns)   --->   "%acc_1_4 = fadd i32 %acc_1_3_4, i32 %mul_4" [twodconv.cpp:82]   --->   Operation 763 'fadd' 'acc_1_4' <Predicate = (and_ln74)> <Delay = 7.25> <CoreInst = "FAddSub_fulldsp">   --->   Core 18 'FAddSub_fulldsp' <Latency = 4> <II = 1> <Delay = 7.25> <FuncUnit> <Opcode : 'fadd' 'fsub'> <InPorts = 2> <OutPorts = 1>

State 119 <SV = 118> <Delay = 7.25>
ST_119 : Operation 764 [4/5] (7.25ns)   --->   "%acc_1_4 = fadd i32 %acc_1_3_4, i32 %mul_4" [twodconv.cpp:82]   --->   Operation 764 'fadd' 'acc_1_4' <Predicate = (and_ln74)> <Delay = 7.25> <CoreInst = "FAddSub_fulldsp">   --->   Core 18 'FAddSub_fulldsp' <Latency = 4> <II = 1> <Delay = 7.25> <FuncUnit> <Opcode : 'fadd' 'fsub'> <InPorts = 2> <OutPorts = 1>

State 120 <SV = 119> <Delay = 7.25>
ST_120 : Operation 765 [3/5] (7.25ns)   --->   "%acc_1_4 = fadd i32 %acc_1_3_4, i32 %mul_4" [twodconv.cpp:82]   --->   Operation 765 'fadd' 'acc_1_4' <Predicate = (and_ln74)> <Delay = 7.25> <CoreInst = "FAddSub_fulldsp">   --->   Core 18 'FAddSub_fulldsp' <Latency = 4> <II = 1> <Delay = 7.25> <FuncUnit> <Opcode : 'fadd' 'fsub'> <InPorts = 2> <OutPorts = 1>

State 121 <SV = 120> <Delay = 7.25>
ST_121 : Operation 766 [2/5] (7.25ns)   --->   "%acc_1_4 = fadd i32 %acc_1_3_4, i32 %mul_4" [twodconv.cpp:82]   --->   Operation 766 'fadd' 'acc_1_4' <Predicate = (and_ln74)> <Delay = 7.25> <CoreInst = "FAddSub_fulldsp">   --->   Core 18 'FAddSub_fulldsp' <Latency = 4> <II = 1> <Delay = 7.25> <FuncUnit> <Opcode : 'fadd' 'fsub'> <InPorts = 2> <OutPorts = 1>

State 122 <SV = 121> <Delay = 7.25>
ST_122 : Operation 767 [1/5] (7.25ns)   --->   "%acc_1_4 = fadd i32 %acc_1_3_4, i32 %mul_4" [twodconv.cpp:82]   --->   Operation 767 'fadd' 'acc_1_4' <Predicate = (and_ln74)> <Delay = 7.25> <CoreInst = "FAddSub_fulldsp">   --->   Core 18 'FAddSub_fulldsp' <Latency = 4> <II = 1> <Delay = 7.25> <FuncUnit> <Opcode : 'fadd' 'fsub'> <InPorts = 2> <OutPorts = 1>

State 123 <SV = 122> <Delay = 7.25>
ST_123 : Operation 768 [5/5] (7.25ns)   --->   "%acc_1_4_1 = fadd i32 %acc_1_4, i32 %mul_4_1" [twodconv.cpp:82]   --->   Operation 768 'fadd' 'acc_1_4_1' <Predicate = (and_ln74)> <Delay = 7.25> <CoreInst = "FAddSub_fulldsp">   --->   Core 18 'FAddSub_fulldsp' <Latency = 4> <II = 1> <Delay = 7.25> <FuncUnit> <Opcode : 'fadd' 'fsub'> <InPorts = 2> <OutPorts = 1>

State 124 <SV = 123> <Delay = 7.25>
ST_124 : Operation 769 [4/5] (7.25ns)   --->   "%acc_1_4_1 = fadd i32 %acc_1_4, i32 %mul_4_1" [twodconv.cpp:82]   --->   Operation 769 'fadd' 'acc_1_4_1' <Predicate = (and_ln74)> <Delay = 7.25> <CoreInst = "FAddSub_fulldsp">   --->   Core 18 'FAddSub_fulldsp' <Latency = 4> <II = 1> <Delay = 7.25> <FuncUnit> <Opcode : 'fadd' 'fsub'> <InPorts = 2> <OutPorts = 1>

State 125 <SV = 124> <Delay = 7.25>
ST_125 : Operation 770 [3/5] (7.25ns)   --->   "%acc_1_4_1 = fadd i32 %acc_1_4, i32 %mul_4_1" [twodconv.cpp:82]   --->   Operation 770 'fadd' 'acc_1_4_1' <Predicate = (and_ln74)> <Delay = 7.25> <CoreInst = "FAddSub_fulldsp">   --->   Core 18 'FAddSub_fulldsp' <Latency = 4> <II = 1> <Delay = 7.25> <FuncUnit> <Opcode : 'fadd' 'fsub'> <InPorts = 2> <OutPorts = 1>

State 126 <SV = 125> <Delay = 7.25>
ST_126 : Operation 771 [2/5] (7.25ns)   --->   "%acc_1_4_1 = fadd i32 %acc_1_4, i32 %mul_4_1" [twodconv.cpp:82]   --->   Operation 771 'fadd' 'acc_1_4_1' <Predicate = (and_ln74)> <Delay = 7.25> <CoreInst = "FAddSub_fulldsp">   --->   Core 18 'FAddSub_fulldsp' <Latency = 4> <II = 1> <Delay = 7.25> <FuncUnit> <Opcode : 'fadd' 'fsub'> <InPorts = 2> <OutPorts = 1>

State 127 <SV = 126> <Delay = 7.25>
ST_127 : Operation 772 [1/5] (7.25ns)   --->   "%acc_1_4_1 = fadd i32 %acc_1_4, i32 %mul_4_1" [twodconv.cpp:82]   --->   Operation 772 'fadd' 'acc_1_4_1' <Predicate = (and_ln74)> <Delay = 7.25> <CoreInst = "FAddSub_fulldsp">   --->   Core 18 'FAddSub_fulldsp' <Latency = 4> <II = 1> <Delay = 7.25> <FuncUnit> <Opcode : 'fadd' 'fsub'> <InPorts = 2> <OutPorts = 1>

State 128 <SV = 127> <Delay = 7.25>
ST_128 : Operation 773 [5/5] (7.25ns)   --->   "%acc_1_4_2 = fadd i32 %acc_1_4_1, i32 %mul_4_2" [twodconv.cpp:82]   --->   Operation 773 'fadd' 'acc_1_4_2' <Predicate = (and_ln74)> <Delay = 7.25> <CoreInst = "FAddSub_fulldsp">   --->   Core 18 'FAddSub_fulldsp' <Latency = 4> <II = 1> <Delay = 7.25> <FuncUnit> <Opcode : 'fadd' 'fsub'> <InPorts = 2> <OutPorts = 1>

State 129 <SV = 128> <Delay = 7.25>
ST_129 : Operation 774 [4/5] (7.25ns)   --->   "%acc_1_4_2 = fadd i32 %acc_1_4_1, i32 %mul_4_2" [twodconv.cpp:82]   --->   Operation 774 'fadd' 'acc_1_4_2' <Predicate = (and_ln74)> <Delay = 7.25> <CoreInst = "FAddSub_fulldsp">   --->   Core 18 'FAddSub_fulldsp' <Latency = 4> <II = 1> <Delay = 7.25> <FuncUnit> <Opcode : 'fadd' 'fsub'> <InPorts = 2> <OutPorts = 1>

State 130 <SV = 129> <Delay = 7.25>
ST_130 : Operation 775 [3/5] (7.25ns)   --->   "%acc_1_4_2 = fadd i32 %acc_1_4_1, i32 %mul_4_2" [twodconv.cpp:82]   --->   Operation 775 'fadd' 'acc_1_4_2' <Predicate = (and_ln74)> <Delay = 7.25> <CoreInst = "FAddSub_fulldsp">   --->   Core 18 'FAddSub_fulldsp' <Latency = 4> <II = 1> <Delay = 7.25> <FuncUnit> <Opcode : 'fadd' 'fsub'> <InPorts = 2> <OutPorts = 1>

State 131 <SV = 130> <Delay = 7.25>
ST_131 : Operation 776 [2/5] (7.25ns)   --->   "%acc_1_4_2 = fadd i32 %acc_1_4_1, i32 %mul_4_2" [twodconv.cpp:82]   --->   Operation 776 'fadd' 'acc_1_4_2' <Predicate = (and_ln74)> <Delay = 7.25> <CoreInst = "FAddSub_fulldsp">   --->   Core 18 'FAddSub_fulldsp' <Latency = 4> <II = 1> <Delay = 7.25> <FuncUnit> <Opcode : 'fadd' 'fsub'> <InPorts = 2> <OutPorts = 1>

State 132 <SV = 131> <Delay = 7.25>
ST_132 : Operation 777 [1/5] (7.25ns)   --->   "%acc_1_4_2 = fadd i32 %acc_1_4_1, i32 %mul_4_2" [twodconv.cpp:82]   --->   Operation 777 'fadd' 'acc_1_4_2' <Predicate = (and_ln74)> <Delay = 7.25> <CoreInst = "FAddSub_fulldsp">   --->   Core 18 'FAddSub_fulldsp' <Latency = 4> <II = 1> <Delay = 7.25> <FuncUnit> <Opcode : 'fadd' 'fsub'> <InPorts = 2> <OutPorts = 1>

State 133 <SV = 132> <Delay = 7.25>
ST_133 : Operation 778 [5/5] (7.25ns)   --->   "%acc_1_4_3 = fadd i32 %acc_1_4_2, i32 %mul_4_3" [twodconv.cpp:82]   --->   Operation 778 'fadd' 'acc_1_4_3' <Predicate = (and_ln74)> <Delay = 7.25> <CoreInst = "FAddSub_fulldsp">   --->   Core 18 'FAddSub_fulldsp' <Latency = 4> <II = 1> <Delay = 7.25> <FuncUnit> <Opcode : 'fadd' 'fsub'> <InPorts = 2> <OutPorts = 1>

State 134 <SV = 133> <Delay = 7.25>
ST_134 : Operation 779 [4/5] (7.25ns)   --->   "%acc_1_4_3 = fadd i32 %acc_1_4_2, i32 %mul_4_3" [twodconv.cpp:82]   --->   Operation 779 'fadd' 'acc_1_4_3' <Predicate = (and_ln74)> <Delay = 7.25> <CoreInst = "FAddSub_fulldsp">   --->   Core 18 'FAddSub_fulldsp' <Latency = 4> <II = 1> <Delay = 7.25> <FuncUnit> <Opcode : 'fadd' 'fsub'> <InPorts = 2> <OutPorts = 1>

State 135 <SV = 134> <Delay = 7.25>
ST_135 : Operation 780 [3/5] (7.25ns)   --->   "%acc_1_4_3 = fadd i32 %acc_1_4_2, i32 %mul_4_3" [twodconv.cpp:82]   --->   Operation 780 'fadd' 'acc_1_4_3' <Predicate = (and_ln74)> <Delay = 7.25> <CoreInst = "FAddSub_fulldsp">   --->   Core 18 'FAddSub_fulldsp' <Latency = 4> <II = 1> <Delay = 7.25> <FuncUnit> <Opcode : 'fadd' 'fsub'> <InPorts = 2> <OutPorts = 1>

State 136 <SV = 135> <Delay = 7.25>
ST_136 : Operation 781 [2/5] (7.25ns)   --->   "%acc_1_4_3 = fadd i32 %acc_1_4_2, i32 %mul_4_3" [twodconv.cpp:82]   --->   Operation 781 'fadd' 'acc_1_4_3' <Predicate = (and_ln74)> <Delay = 7.25> <CoreInst = "FAddSub_fulldsp">   --->   Core 18 'FAddSub_fulldsp' <Latency = 4> <II = 1> <Delay = 7.25> <FuncUnit> <Opcode : 'fadd' 'fsub'> <InPorts = 2> <OutPorts = 1>

State 137 <SV = 136> <Delay = 7.25>
ST_137 : Operation 782 [1/5] (7.25ns)   --->   "%acc_1_4_3 = fadd i32 %acc_1_4_2, i32 %mul_4_3" [twodconv.cpp:82]   --->   Operation 782 'fadd' 'acc_1_4_3' <Predicate = (and_ln74)> <Delay = 7.25> <CoreInst = "FAddSub_fulldsp">   --->   Core 18 'FAddSub_fulldsp' <Latency = 4> <II = 1> <Delay = 7.25> <FuncUnit> <Opcode : 'fadd' 'fsub'> <InPorts = 2> <OutPorts = 1>

State 138 <SV = 137> <Delay = 7.25>
ST_138 : Operation 783 [5/5] (7.25ns)   --->   "%acc_1_4_4 = fadd i32 %acc_1_4_3, i32 %mul_4_4" [twodconv.cpp:82]   --->   Operation 783 'fadd' 'acc_1_4_4' <Predicate = (and_ln74)> <Delay = 7.25> <CoreInst = "FAddSub_fulldsp">   --->   Core 18 'FAddSub_fulldsp' <Latency = 4> <II = 1> <Delay = 7.25> <FuncUnit> <Opcode : 'fadd' 'fsub'> <InPorts = 2> <OutPorts = 1>

State 139 <SV = 138> <Delay = 7.25>
ST_139 : Operation 784 [4/5] (7.25ns)   --->   "%acc_1_4_4 = fadd i32 %acc_1_4_3, i32 %mul_4_4" [twodconv.cpp:82]   --->   Operation 784 'fadd' 'acc_1_4_4' <Predicate = (and_ln74)> <Delay = 7.25> <CoreInst = "FAddSub_fulldsp">   --->   Core 18 'FAddSub_fulldsp' <Latency = 4> <II = 1> <Delay = 7.25> <FuncUnit> <Opcode : 'fadd' 'fsub'> <InPorts = 2> <OutPorts = 1>

State 140 <SV = 139> <Delay = 7.25>
ST_140 : Operation 785 [3/5] (7.25ns)   --->   "%acc_1_4_4 = fadd i32 %acc_1_4_3, i32 %mul_4_4" [twodconv.cpp:82]   --->   Operation 785 'fadd' 'acc_1_4_4' <Predicate = (and_ln74)> <Delay = 7.25> <CoreInst = "FAddSub_fulldsp">   --->   Core 18 'FAddSub_fulldsp' <Latency = 4> <II = 1> <Delay = 7.25> <FuncUnit> <Opcode : 'fadd' 'fsub'> <InPorts = 2> <OutPorts = 1>

State 141 <SV = 140> <Delay = 7.25>
ST_141 : Operation 786 [2/5] (7.25ns)   --->   "%acc_1_4_4 = fadd i32 %acc_1_4_3, i32 %mul_4_4" [twodconv.cpp:82]   --->   Operation 786 'fadd' 'acc_1_4_4' <Predicate = (and_ln74)> <Delay = 7.25> <CoreInst = "FAddSub_fulldsp">   --->   Core 18 'FAddSub_fulldsp' <Latency = 4> <II = 1> <Delay = 7.25> <FuncUnit> <Opcode : 'fadd' 'fsub'> <InPorts = 2> <OutPorts = 1>

State 142 <SV = 141> <Delay = 7.25>
ST_142 : Operation 787 [1/5] (7.25ns)   --->   "%acc_1_4_4 = fadd i32 %acc_1_4_3, i32 %mul_4_4" [twodconv.cpp:82]   --->   Operation 787 'fadd' 'acc_1_4_4' <Predicate = (and_ln74)> <Delay = 7.25> <CoreInst = "FAddSub_fulldsp">   --->   Core 18 'FAddSub_fulldsp' <Latency = 4> <II = 1> <Delay = 7.25> <FuncUnit> <Opcode : 'fadd' 'fsub'> <InPorts = 2> <OutPorts = 1>
ST_142 : Operation 788 [1/1] (0.00ns)   --->   "%out_pkt_data_V = bitcast i32 %acc_1_4_4" [twodconv.cpp:13]   --->   Operation 788 'bitcast' 'out_pkt_data_V' <Predicate = (and_ln74)> <Delay = 0.00>
ST_142 : Operation 789 [2/2] (0.00ns)   --->   "%write_ln304 = write void @_ssdm_op_Write.axis.volatile.i32P0A.i4P0A.i4P0A.i1P0A.i1P0A.i1P0A.i1P0A, i32 %out_stream_V_data_V, i4 %out_stream_V_keep_V, i4 %out_stream_V_strb_V, i1 %out_stream_V_user_V, i1 %out_stream_V_last_V, i1 %out_stream_V_id_V, i1 %out_stream_V_dest_V, i32 %out_pkt_data_V, i4 15, i4 15, i1 0, i1 %out_pkt_last_V, i1 0, i1 0"   --->   Operation 789 'write' 'write_ln304' <Predicate = (and_ln74)> <Delay = 0.00> <CoreInst = "axis">   --->   Core 115 'axis' <Latency = 0> <II = 1> <Delay = 1.00> <Adapter> <Opcode : >

State 143 <SV = 142> <Delay = 0.00>
ST_143 : Operation 790 [1/2] (0.00ns)   --->   "%write_ln304 = write void @_ssdm_op_Write.axis.volatile.i32P0A.i4P0A.i4P0A.i1P0A.i1P0A.i1P0A.i1P0A, i32 %out_stream_V_data_V, i4 %out_stream_V_keep_V, i4 %out_stream_V_strb_V, i1 %out_stream_V_user_V, i1 %out_stream_V_last_V, i1 %out_stream_V_id_V, i1 %out_stream_V_dest_V, i32 %out_pkt_data_V, i4 15, i4 15, i1 0, i1 %out_pkt_last_V, i1 0, i1 0"   --->   Operation 790 'write' 'write_ln304' <Predicate = (and_ln74)> <Delay = 0.00> <CoreInst = "axis">   --->   Core 115 'axis' <Latency = 0> <II = 1> <Delay = 1.00> <Adapter> <Opcode : >
ST_143 : Operation 791 [1/1] (0.00ns)   --->   "%br_ln94 = br void %._crit_edge50" [twodconv.cpp:94]   --->   Operation 791 'br' 'br_ln94' <Predicate = (and_ln74)> <Delay = 0.00>

State 144 <SV = 3> <Delay = 0.00>
ST_144 : Operation 792 [1/1] (0.00ns)   --->   "%ret_ln97 = ret" [twodconv.cpp:97]   --->   Operation 792 'ret' 'ret_ln97' <Predicate = true> <Delay = 0.00>


============================================================
+ Verbose Summary: Binding
============================================================
STG Binding: 
---------------- STG Properties BEGIN ----------------
- Is combinational: 0
- Is one-state seq: 0
- Is datapath-only: 0
- Is pipelined: 0
- Is top level: 1
Port [ Return ] is wired: 1; IO mode=ap_ctrl_hs:ce=0
Port [ in_stream_V_data_V]:  wired=1; compound=1; hidden=0; nouse=0; global=0; static=0; extern=0; dir=0; type=0; pingpong=0; private_global=0; IO mode=axis:ce=0
Port [ in_stream_V_keep_V]:  wired=1; compound=1; hidden=0; nouse=0; global=0; static=0; extern=0; dir=0; type=0; pingpong=0; private_global=0; IO mode=axis:ce=0
Port [ in_stream_V_strb_V]:  wired=1; compound=1; hidden=0; nouse=0; global=0; static=0; extern=0; dir=0; type=0; pingpong=0; private_global=0; IO mode=axis:ce=0
Port [ in_stream_V_user_V]:  wired=1; compound=1; hidden=0; nouse=0; global=0; static=0; extern=0; dir=0; type=0; pingpong=0; private_global=0; IO mode=axis:ce=0
Port [ in_stream_V_last_V]:  wired=1; compound=1; hidden=0; nouse=0; global=0; static=0; extern=0; dir=0; type=0; pingpong=0; private_global=0; IO mode=axis:ce=0
Port [ in_stream_V_id_V]:  wired=1; compound=1; hidden=0; nouse=0; global=0; static=0; extern=0; dir=0; type=0; pingpong=0; private_global=0; IO mode=axis:ce=0
Port [ in_stream_V_dest_V]:  wired=1; compound=1; hidden=0; nouse=0; global=0; static=0; extern=0; dir=0; type=0; pingpong=0; private_global=0; IO mode=axis:ce=0
Port [ out_stream_V_data_V]:  wired=1; compound=1; hidden=0; nouse=0; global=0; static=0; extern=0; dir=1; type=0; pingpong=0; private_global=0; IO mode=axis:ce=0
Port [ out_stream_V_keep_V]:  wired=1; compound=1; hidden=0; nouse=0; global=0; static=0; extern=0; dir=1; type=0; pingpong=0; private_global=0; IO mode=axis:ce=0
Port [ out_stream_V_strb_V]:  wired=1; compound=1; hidden=0; nouse=0; global=0; static=0; extern=0; dir=1; type=0; pingpong=0; private_global=0; IO mode=axis:ce=0
Port [ out_stream_V_user_V]:  wired=1; compound=1; hidden=0; nouse=0; global=0; static=0; extern=0; dir=1; type=0; pingpong=0; private_global=0; IO mode=axis:ce=0
Port [ out_stream_V_last_V]:  wired=1; compound=1; hidden=0; nouse=0; global=0; static=0; extern=0; dir=1; type=0; pingpong=0; private_global=0; IO mode=axis:ce=0
Port [ out_stream_V_id_V]:  wired=1; compound=1; hidden=0; nouse=0; global=0; static=0; extern=0; dir=1; type=0; pingpong=0; private_global=0; IO mode=axis:ce=0
Port [ out_stream_V_dest_V]:  wired=1; compound=1; hidden=0; nouse=0; global=0; static=0; extern=0; dir=1; type=0; pingpong=0; private_global=0; IO mode=axis:ce=0
Port [ kernel_in_0_0]:  wired=1; compound=0; hidden=0; nouse=0; global=0; static=0; extern=0; dir=0; type=0; pingpong=0; private_global=0; IO mode=ap_none:ce=0
Port [ kernel_in_0_1]:  wired=1; compound=0; hidden=0; nouse=0; global=0; static=0; extern=0; dir=0; type=0; pingpong=0; private_global=0; IO mode=ap_none:ce=0
Port [ kernel_in_0_2]:  wired=1; compound=0; hidden=0; nouse=0; global=0; static=0; extern=0; dir=0; type=0; pingpong=0; private_global=0; IO mode=ap_none:ce=0
Port [ kernel_in_0_3]:  wired=1; compound=0; hidden=0; nouse=0; global=0; static=0; extern=0; dir=0; type=0; pingpong=0; private_global=0; IO mode=ap_none:ce=0
Port [ kernel_in_0_4]:  wired=1; compound=0; hidden=0; nouse=0; global=0; static=0; extern=0; dir=0; type=0; pingpong=0; private_global=0; IO mode=ap_none:ce=0
Port [ kernel_in_1_0]:  wired=1; compound=0; hidden=0; nouse=0; global=0; static=0; extern=0; dir=0; type=0; pingpong=0; private_global=0; IO mode=ap_none:ce=0
Port [ kernel_in_1_1]:  wired=1; compound=0; hidden=0; nouse=0; global=0; static=0; extern=0; dir=0; type=0; pingpong=0; private_global=0; IO mode=ap_none:ce=0
Port [ kernel_in_1_2]:  wired=1; compound=0; hidden=0; nouse=0; global=0; static=0; extern=0; dir=0; type=0; pingpong=0; private_global=0; IO mode=ap_none:ce=0
Port [ kernel_in_1_3]:  wired=1; compound=0; hidden=0; nouse=0; global=0; static=0; extern=0; dir=0; type=0; pingpong=0; private_global=0; IO mode=ap_none:ce=0
Port [ kernel_in_1_4]:  wired=1; compound=0; hidden=0; nouse=0; global=0; static=0; extern=0; dir=0; type=0; pingpong=0; private_global=0; IO mode=ap_none:ce=0
Port [ kernel_in_2_0]:  wired=1; compound=0; hidden=0; nouse=0; global=0; static=0; extern=0; dir=0; type=0; pingpong=0; private_global=0; IO mode=ap_none:ce=0
Port [ kernel_in_2_1]:  wired=1; compound=0; hidden=0; nouse=0; global=0; static=0; extern=0; dir=0; type=0; pingpong=0; private_global=0; IO mode=ap_none:ce=0
Port [ kernel_in_2_2]:  wired=1; compound=0; hidden=0; nouse=0; global=0; static=0; extern=0; dir=0; type=0; pingpong=0; private_global=0; IO mode=ap_none:ce=0
Port [ kernel_in_2_3]:  wired=1; compound=0; hidden=0; nouse=0; global=0; static=0; extern=0; dir=0; type=0; pingpong=0; private_global=0; IO mode=ap_none:ce=0
Port [ kernel_in_2_4]:  wired=1; compound=0; hidden=0; nouse=0; global=0; static=0; extern=0; dir=0; type=0; pingpong=0; private_global=0; IO mode=ap_none:ce=0
Port [ kernel_in_3_0]:  wired=1; compound=0; hidden=0; nouse=0; global=0; static=0; extern=0; dir=0; type=0; pingpong=0; private_global=0; IO mode=ap_none:ce=0
Port [ kernel_in_3_1]:  wired=1; compound=0; hidden=0; nouse=0; global=0; static=0; extern=0; dir=0; type=0; pingpong=0; private_global=0; IO mode=ap_none:ce=0
Port [ kernel_in_3_2]:  wired=1; compound=0; hidden=0; nouse=0; global=0; static=0; extern=0; dir=0; type=0; pingpong=0; private_global=0; IO mode=ap_none:ce=0
Port [ kernel_in_3_3]:  wired=1; compound=0; hidden=0; nouse=0; global=0; static=0; extern=0; dir=0; type=0; pingpong=0; private_global=0; IO mode=ap_none:ce=0
Port [ kernel_in_3_4]:  wired=1; compound=0; hidden=0; nouse=0; global=0; static=0; extern=0; dir=0; type=0; pingpong=0; private_global=0; IO mode=ap_none:ce=0
Port [ kernel_in_4_0]:  wired=1; compound=0; hidden=0; nouse=0; global=0; static=0; extern=0; dir=0; type=0; pingpong=0; private_global=0; IO mode=ap_none:ce=0
Port [ kernel_in_4_1]:  wired=1; compound=0; hidden=0; nouse=0; global=0; static=0; extern=0; dir=0; type=0; pingpong=0; private_global=0; IO mode=ap_none:ce=0
Port [ kernel_in_4_2]:  wired=1; compound=0; hidden=0; nouse=0; global=0; static=0; extern=0; dir=0; type=0; pingpong=0; private_global=0; IO mode=ap_none:ce=0
Port [ kernel_in_4_3]:  wired=1; compound=0; hidden=0; nouse=0; global=0; static=0; extern=0; dir=0; type=0; pingpong=0; private_global=0; IO mode=ap_none:ce=0
Port [ kernel_in_4_4]:  wired=1; compound=0; hidden=0; nouse=0; global=0; static=0; extern=0; dir=0; type=0; pingpong=0; private_global=0; IO mode=ap_none:ce=0
Port [ img_size]:  wired=1; compound=0; hidden=0; nouse=0; global=0; static=0; extern=0; dir=0; type=0; pingpong=0; private_global=0; IO mode=ap_none:ce=0
Port [ window_0_1]:  wired=0; compound=0; hidden=1; nouse=0; global=1; static=1; extern=0; dir=2; type=0; pingpong=0; private_global=1; IO mode=ap_ovld:ce=0
Port [ window_0_2]:  wired=0; compound=0; hidden=1; nouse=0; global=1; static=1; extern=0; dir=2; type=0; pingpong=0; private_global=1; IO mode=ap_ovld:ce=0
Port [ window_0_3]:  wired=0; compound=0; hidden=1; nouse=0; global=1; static=1; extern=0; dir=2; type=0; pingpong=0; private_global=1; IO mode=ap_ovld:ce=0
Port [ window_1_1]:  wired=0; compound=0; hidden=1; nouse=0; global=1; static=1; extern=0; dir=2; type=0; pingpong=0; private_global=1; IO mode=ap_ovld:ce=0
Port [ window_1_2]:  wired=0; compound=0; hidden=1; nouse=0; global=1; static=1; extern=0; dir=2; type=0; pingpong=0; private_global=1; IO mode=ap_ovld:ce=0
Port [ window_1_3]:  wired=0; compound=0; hidden=1; nouse=0; global=1; static=1; extern=0; dir=2; type=0; pingpong=0; private_global=1; IO mode=ap_ovld:ce=0
Port [ window_2_1]:  wired=0; compound=0; hidden=1; nouse=0; global=1; static=1; extern=0; dir=2; type=0; pingpong=0; private_global=1; IO mode=ap_ovld:ce=0
Port [ window_2_2]:  wired=0; compound=0; hidden=1; nouse=0; global=1; static=1; extern=0; dir=2; type=0; pingpong=0; private_global=1; IO mode=ap_ovld:ce=0
Port [ window_2_3]:  wired=0; compound=0; hidden=1; nouse=0; global=1; static=1; extern=0; dir=2; type=0; pingpong=0; private_global=1; IO mode=ap_ovld:ce=0
Port [ window_3_1]:  wired=0; compound=0; hidden=1; nouse=0; global=1; static=1; extern=0; dir=2; type=0; pingpong=0; private_global=1; IO mode=ap_ovld:ce=0
Port [ window_3_2]:  wired=0; compound=0; hidden=1; nouse=0; global=1; static=1; extern=0; dir=2; type=0; pingpong=0; private_global=1; IO mode=ap_ovld:ce=0
Port [ window_3_3]:  wired=0; compound=0; hidden=1; nouse=0; global=1; static=1; extern=0; dir=2; type=0; pingpong=0; private_global=1; IO mode=ap_ovld:ce=0
Port [ window_4_1]:  wired=0; compound=0; hidden=1; nouse=0; global=1; static=1; extern=0; dir=2; type=0; pingpong=0; private_global=1; IO mode=ap_ovld:ce=0
Port [ window_4_2]:  wired=0; compound=0; hidden=1; nouse=0; global=1; static=1; extern=0; dir=2; type=0; pingpong=0; private_global=1; IO mode=ap_ovld:ce=0
Port [ window_4_3]:  wired=0; compound=0; hidden=1; nouse=0; global=1; static=1; extern=0; dir=2; type=0; pingpong=0; private_global=1; IO mode=ap_ovld:ce=0
Port [ line_buf_0]:  wired=0; compound=1; hidden=1; nouse=0; global=1; static=1; extern=0; dir=2; type=1; pingpong=0; private_global=1; MemPort=[10]; IO mode=ap_memory:ce=0
Port [ window_0_4]:  wired=0; compound=0; hidden=1; nouse=0; global=1; static=1; extern=0; dir=2; type=0; pingpong=0; private_global=1; IO mode=ap_ovld:ce=0
Port [ line_buf_1]:  wired=0; compound=1; hidden=1; nouse=0; global=1; static=1; extern=0; dir=2; type=1; pingpong=0; private_global=1; MemPort=[10]; IO mode=ap_memory:ce=0
Port [ window_1_4]:  wired=0; compound=0; hidden=1; nouse=0; global=1; static=1; extern=0; dir=2; type=0; pingpong=0; private_global=1; IO mode=ap_ovld:ce=0
Port [ line_buf_2]:  wired=0; compound=1; hidden=1; nouse=0; global=1; static=1; extern=0; dir=2; type=1; pingpong=0; private_global=1; MemPort=[10]; IO mode=ap_memory:ce=0
Port [ window_2_4]:  wired=0; compound=0; hidden=1; nouse=0; global=1; static=1; extern=0; dir=2; type=0; pingpong=0; private_global=1; IO mode=ap_ovld:ce=0
Port [ line_buf_3]:  wired=0; compound=1; hidden=1; nouse=0; global=1; static=1; extern=0; dir=2; type=1; pingpong=0; private_global=1; MemPort=[10]; IO mode=ap_memory:ce=0
Port [ window_3_4]:  wired=0; compound=0; hidden=1; nouse=0; global=1; static=1; extern=0; dir=2; type=0; pingpong=0; private_global=1; IO mode=ap_ovld:ce=0
Port [ window_4_4]:  wired=0; compound=0; hidden=1; nouse=0; global=1; static=1; extern=0; dir=2; type=0; pingpong=0; private_global=1; IO mode=ap_ovld:ce=0
---------------- STG Properties END ------------------

---------------- Datapath Model BEGIN ----------------

<LifeTime>
<method=bitvector/>
reuse_addr_reg62        (alloca       ) [ 0111111111111111111111111111111111111111111111111111111111111111111111111111111111111111111111111111111111111111111111111111111111111111111111110]
reuse_reg61             (alloca       ) [ 0111111111111111111111111111111111111111111111111111111111111111111111111111111111111111111111111111111111111111111111111111111111111111111111110]
reuse_addr_reg56        (alloca       ) [ 0111111111111111111111111111111111111111111111111111111111111111111111111111111111111111111111111111111111111111111111111111111111111111111111110]
reuse_reg55             (alloca       ) [ 0111111111111111111111111111111111111111111111111111111111111111111111111111111111111111111111111111111111111111111111111111111111111111111111110]
reuse_addr_reg50        (alloca       ) [ 0111111111111111111111111111111111111111111111111111111111111111111111111111111111111111111111111111111111111111111111111111111111111111111111110]
reuse_reg49             (alloca       ) [ 0111111111111111111111111111111111111111111111111111111111111111111111111111111111111111111111111111111111111111111111111111111111111111111111110]
reuse_addr_reg          (alloca       ) [ 0111111111111111111111111111111111111111111111111111111111111111111111111111111111111111111111111111111111111111111111111111111111111111111111110]
reuse_reg               (alloca       ) [ 0111111111111111111111111111111111111111111111111111111111111111111111111111111111111111111111111111111111111111111111111111111111111111111111110]
col                     (alloca       ) [ 0111111111111111111111111111111111111111111111111111111111111111111111111111111111111111111111111111111111111111111111111111111111111111111111110]
window_4_3_loc_1        (alloca       ) [ 0111111111111111111111111111111111111111111111111111111111111111111111111111111111111111111111111111111111111111111111111111111111111111111111110]
window_4_2_loc_1        (alloca       ) [ 0111111111111111111111111111111111111111111111111111111111111111111111111111111111111111111111111111111111111111111111111111111111111111111111110]
window_load_1_4_0       (alloca       ) [ 0111111111111111111111111111111111111111111111111111111111111111111111111111111111111111111111111111111111111111111111111111111111111111111111110]
window_3_3_loc_1        (alloca       ) [ 0111111111111111111111111111111111111111111111111111111111111111111111111111111111111111111111111111111111111111111111111111111111111111111111110]
window_3_2_loc_1        (alloca       ) [ 0111111111111111111111111111111111111111111111111111111111111111111111111111111111111111111111111111111111111111111111111111111111111111111111110]
window_load_1_3_0       (alloca       ) [ 0111111111111111111111111111111111111111111111111111111111111111111111111111111111111111111111111111111111111111111111111111111111111111111111110]
window_2_3_loc_1        (alloca       ) [ 0111111111111111111111111111111111111111111111111111111111111111111111111111111111111111111111111111111111111111111111111111111111111111111111110]
window_2_2_loc_1        (alloca       ) [ 0111111111111111111111111111111111111111111111111111111111111111111111111111111111111111111111111111111111111111111111111111111111111111111111110]
window_load_1_2_0       (alloca       ) [ 0111111111111111111111111111111111111111111111111111111111111111111111111111111111111111111111111111111111111111111111111111111111111111111111110]
window_1_3_loc_1        (alloca       ) [ 0111111111111111111111111111111111111111111111111111111111111111111111111111111111111111111111111111111111111111111111111111111111111111111111110]
window_1_2_loc_1        (alloca       ) [ 0111111111111111111111111111111111111111111111111111111111111111111111111111111111111111111111111111111111111111111111111111111111111111111111110]
window_load_1_1_0       (alloca       ) [ 0111111111111111111111111111111111111111111111111111111111111111111111111111111111111111111111111111111111111111111111111111111111111111111111110]
window_0_3_loc_1        (alloca       ) [ 0111111111111111111111111111111111111111111111111111111111111111111111111111111111111111111111111111111111111111111111111111111111111111111111110]
window_0_2_loc_1        (alloca       ) [ 0111111111111111111111111111111111111111111111111111111111111111111111111111111111111111111111111111111111111111111111111111111111111111111111110]
window_load_1_0_0       (alloca       ) [ 0111111111111111111111111111111111111111111111111111111111111111111111111111111111111111111111111111111111111111111111111111111111111111111111110]
row                     (alloca       ) [ 0111111111111111111111111111111111111111111111111111111111111111111111111111111111111111111111111111111111111111111111111111111111111111111111110]
indvar_flatten          (alloca       ) [ 0111111111111111111111111111111111111111111111111111111111111111111111111111111111111111111111111111111111111111111111111111111111111111111111110]
img_size_read           (read         ) [ 0010000000000000000000000000000000000000000000000000000000000000000000000000000000000000000000000000000000000000000000000000000000000000000000000]
virt_size               (add          ) [ 0011111111111111111111111111111111111111111111111111111111111111111111111111111111111111111111111111111111111111111111111111111111111111111111110]
kernel_in_4_4_read      (read         ) [ 0000000000000000000000000000000000000000000000000000000000000000000000000000000000000000000000000000000000000000000000000000000000000000000000000]
kernel_in_4_0_read      (read         ) [ 0000000000000000000000000000000000000000000000000000000000000000000000000000000000000000000000000000000000000000000000000000000000000000000000000]
kernel_in_4_1_read      (read         ) [ 0000000000000000000000000000000000000000000000000000000000000000000000000000000000000000000000000000000000000000000000000000000000000000000000000]
kernel_in_4_2_read      (read         ) [ 0000000000000000000000000000000000000000000000000000000000000000000000000000000000000000000000000000000000000000000000000000000000000000000000000]
kernel_in_4_3_read      (read         ) [ 0000000000000000000000000000000000000000000000000000000000000000000000000000000000000000000000000000000000000000000000000000000000000000000000000]
kernel_in_0_4_read      (read         ) [ 0000000000000000000000000000000000000000000000000000000000000000000000000000000000000000000000000000000000000000000000000000000000000000000000000]
kernel_in_0_0_read      (read         ) [ 0000000000000000000000000000000000000000000000000000000000000000000000000000000000000000000000000000000000000000000000000000000000000000000000000]
kernel_in_0_1_read      (read         ) [ 0000000000000000000000000000000000000000000000000000000000000000000000000000000000000000000000000000000000000000000000000000000000000000000000000]
kernel_in_0_2_read      (read         ) [ 0000000000000000000000000000000000000000000000000000000000000000000000000000000000000000000000000000000000000000000000000000000000000000000000000]
kernel_in_0_3_read      (read         ) [ 0000000000000000000000000000000000000000000000000000000000000000000000000000000000000000000000000000000000000000000000000000000000000000000000000]
kernel_in_1_4_read      (read         ) [ 0000000000000000000000000000000000000000000000000000000000000000000000000000000000000000000000000000000000000000000000000000000000000000000000000]
kernel_in_1_0_read      (read         ) [ 0000000000000000000000000000000000000000000000000000000000000000000000000000000000000000000000000000000000000000000000000000000000000000000000000]
kernel_in_1_1_read      (read         ) [ 0000000000000000000000000000000000000000000000000000000000000000000000000000000000000000000000000000000000000000000000000000000000000000000000000]
kernel_in_1_2_read      (read         ) [ 0000000000000000000000000000000000000000000000000000000000000000000000000000000000000000000000000000000000000000000000000000000000000000000000000]
kernel_in_1_3_read      (read         ) [ 0000000000000000000000000000000000000000000000000000000000000000000000000000000000000000000000000000000000000000000000000000000000000000000000000]
kernel_in_2_4_read      (read         ) [ 0000000000000000000000000000000000000000000000000000000000000000000000000000000000000000000000000000000000000000000000000000000000000000000000000]
kernel_in_2_0_read      (read         ) [ 0000000000000000000000000000000000000000000000000000000000000000000000000000000000000000000000000000000000000000000000000000000000000000000000000]
kernel_in_2_1_read      (read         ) [ 0000000000000000000000000000000000000000000000000000000000000000000000000000000000000000000000000000000000000000000000000000000000000000000000000]
kernel_in_2_2_read      (read         ) [ 0000000000000000000000000000000000000000000000000000000000000000000000000000000000000000000000000000000000000000000000000000000000000000000000000]
kernel_in_2_3_read      (read         ) [ 0000000000000000000000000000000000000000000000000000000000000000000000000000000000000000000000000000000000000000000000000000000000000000000000000]
kernel_in_3_4_read      (read         ) [ 0000000000000000000000000000000000000000000000000000000000000000000000000000000000000000000000000000000000000000000000000000000000000000000000000]
kernel_in_3_0_read      (read         ) [ 0000000000000000000000000000000000000000000000000000000000000000000000000000000000000000000000000000000000000000000000000000000000000000000000000]
kernel_in_3_1_read      (read         ) [ 0000000000000000000000000000000000000000000000000000000000000000000000000000000000000000000000000000000000000000000000000000000000000000000000000]
kernel_in_3_2_read      (read         ) [ 0000000000000000000000000000000000000000000000000000000000000000000000000000000000000000000000000000000000000000000000000000000000000000000000000]
kernel_in_3_3_read      (read         ) [ 0000000000000000000000000000000000000000000000000000000000000000000000000000000000000000000000000000000000000000000000000000000000000000000000000]
window_0_1_load         (load         ) [ 0000000000000000000000000000000000000000000000000000000000000000000000000000000000000000000000000000000000000000000000000000000000000000000000000]
window_0_2_load         (load         ) [ 0000000000000000000000000000000000000000000000000000000000000000000000000000000000000000000000000000000000000000000000000000000000000000000000000]
window_0_3_load         (load         ) [ 0000000000000000000000000000000000000000000000000000000000000000000000000000000000000000000000000000000000000000000000000000000000000000000000000]
window_1_1_load         (load         ) [ 0000000000000000000000000000000000000000000000000000000000000000000000000000000000000000000000000000000000000000000000000000000000000000000000000]
window_1_2_load         (load         ) [ 0000000000000000000000000000000000000000000000000000000000000000000000000000000000000000000000000000000000000000000000000000000000000000000000000]
window_1_3_load         (load         ) [ 0000000000000000000000000000000000000000000000000000000000000000000000000000000000000000000000000000000000000000000000000000000000000000000000000]
window_2_1_load         (load         ) [ 0000000000000000000000000000000000000000000000000000000000000000000000000000000000000000000000000000000000000000000000000000000000000000000000000]
window_2_2_load         (load         ) [ 0000000000000000000000000000000000000000000000000000000000000000000000000000000000000000000000000000000000000000000000000000000000000000000000000]
window_2_3_load         (load         ) [ 0000000000000000000000000000000000000000000000000000000000000000000000000000000000000000000000000000000000000000000000000000000000000000000000000]
window_3_1_load         (load         ) [ 0000000000000000000000000000000000000000000000000000000000000000000000000000000000000000000000000000000000000000000000000000000000000000000000000]
window_3_2_load         (load         ) [ 0000000000000000000000000000000000000000000000000000000000000000000000000000000000000000000000000000000000000000000000000000000000000000000000000]
window_3_3_load         (load         ) [ 0000000000000000000000000000000000000000000000000000000000000000000000000000000000000000000000000000000000000000000000000000000000000000000000000]
window_4_1_load         (load         ) [ 0000000000000000000000000000000000000000000000000000000000000000000000000000000000000000000000000000000000000000000000000000000000000000000000000]
window_4_2_load         (load         ) [ 0000000000000000000000000000000000000000000000000000000000000000000000000000000000000000000000000000000000000000000000000000000000000000000000000]
window_4_3_load         (load         ) [ 0000000000000000000000000000000000000000000000000000000000000000000000000000000000000000000000000000000000000000000000000000000000000000000000000]
empty                   (bitcast      ) [ 0011111111111111111111111111111111111111111111111111111111111111111111111111111111111111111111111111111111111111111111111111111111111111111111110]
empty_40                (bitcast      ) [ 0011111111111111111111111111111111111111111111111111111111111111111111111111111111111111111111111111111111111111111111111111111111111111111111110]
empty_41                (bitcast      ) [ 0011111111111111111111111111111111111111111111111111111111111111111111111111111111111111111111111111111111111111111111111111111111111111111111110]
empty_42                (bitcast      ) [ 0011111111111111111111111111111111111111111111111111111111111111111111111111111111111111111111111111111111111111111111111111111111111111111111110]
empty_43                (bitcast      ) [ 0011111111111111111111111111111111111111111111111111111111111111111111111111111111111111111111111111111111111111111111111111111111111111111111110]
empty_44                (bitcast      ) [ 0011111111111111111111111111111111111111111111111111111111111111111111111111111111111111111111111111111111111111111111111111111111111111111111110]
empty_45                (bitcast      ) [ 0011111111111111111111111111111111111111111111111111111111111111111111111111111111111111111111111111111111111111111111111111111111111111111111110]
empty_46                (bitcast      ) [ 0011111111111111111111111111111111111111111111111111111111111111111111111111111111111111111111111111111111111111111111111111111111111111111111110]
empty_47                (bitcast      ) [ 0011111111111111111111111111111111111111111111111111111111111111111111111111111111111111111111111111111111111111111111111111111111111111111111110]
empty_48                (bitcast      ) [ 0011111111111111111111111111111111111111111111111111111111111111111111111111111111111111111111111111111111111111111111111111111111111111111111110]
empty_49                (bitcast      ) [ 0011111111111111111111111111111111111111111111111111111111111111111111111111111111111111111111111111111111111111111111111111111111111111111111110]
empty_50                (bitcast      ) [ 0011111111111111111111111111111111111111111111111111111111111111111111111111111111111111111111111111111111111111111111111111111111111111111111110]
empty_51                (bitcast      ) [ 0011111111111111111111111111111111111111111111111111111111111111111111111111111111111111111111111111111111111111111111111111111111111111111111110]
empty_52                (bitcast      ) [ 0011111111111111111111111111111111111111111111111111111111111111111111111111111111111111111111111111111111111111111111111111111111111111111111110]
empty_53                (bitcast      ) [ 0011111111111111111111111111111111111111111111111111111111111111111111111111111111111111111111111111111111111111111111111111111111111111111111110]
empty_54                (bitcast      ) [ 0011111111111111111111111111111111111111111111111111111111111111111111111111111111111111111111111111111111111111111111111111111111111111111111110]
empty_55                (bitcast      ) [ 0011111111111111111111111111111111111111111111111111111111111111111111111111111111111111111111111111111111111111111111111111111111111111111111110]
empty_56                (bitcast      ) [ 0011111111111111111111111111111111111111111111111111111111111111111111111111111111111111111111111111111111111111111111111111111111111111111111110]
empty_57                (bitcast      ) [ 0011111111111111111111111111111111111111111111111111111111111111111111111111111111111111111111111111111111111111111111111111111111111111111111110]
empty_58                (bitcast      ) [ 0011111111111111111111111111111111111111111111111111111111111111111111111111111111111111111111111111111111111111111111111111111111111111111111110]
empty_59                (bitcast      ) [ 0011111111111111111111111111111111111111111111111111111111111111111111111111111111111111111111111111111111111111111111111111111111111111111111110]
empty_60                (bitcast      ) [ 0011111111111111111111111111111111111111111111111111111111111111111111111111111111111111111111111111111111111111111111111111111111111111111111110]
empty_61                (bitcast      ) [ 0011111111111111111111111111111111111111111111111111111111111111111111111111111111111111111111111111111111111111111111111111111111111111111111110]
empty_62                (bitcast      ) [ 0011111111111111111111111111111111111111111111111111111111111111111111111111111111111111111111111111111111111111111111111111111111111111111111110]
empty_63                (bitcast      ) [ 0011111111111111111111111111111111111111111111111111111111111111111111111111111111111111111111111111111111111111111111111111111111111111111111110]
store_ln41              (store        ) [ 0000000000000000000000000000000000000000000000000000000000000000000000000000000000000000000000000000000000000000000000000000000000000000000000000]
store_ln41              (store        ) [ 0000000000000000000000000000000000000000000000000000000000000000000000000000000000000000000000000000000000000000000000000000000000000000000000000]
store_ln41              (store        ) [ 0000000000000000000000000000000000000000000000000000000000000000000000000000000000000000000000000000000000000000000000000000000000000000000000000]
store_ln41              (store        ) [ 0000000000000000000000000000000000000000000000000000000000000000000000000000000000000000000000000000000000000000000000000000000000000000000000000]
store_ln41              (store        ) [ 0000000000000000000000000000000000000000000000000000000000000000000000000000000000000000000000000000000000000000000000000000000000000000000000000]
store_ln41              (store        ) [ 0000000000000000000000000000000000000000000000000000000000000000000000000000000000000000000000000000000000000000000000000000000000000000000000000]
store_ln41              (store        ) [ 0000000000000000000000000000000000000000000000000000000000000000000000000000000000000000000000000000000000000000000000000000000000000000000000000]
store_ln41              (store        ) [ 0000000000000000000000000000000000000000000000000000000000000000000000000000000000000000000000000000000000000000000000000000000000000000000000000]
store_ln41              (store        ) [ 0000000000000000000000000000000000000000000000000000000000000000000000000000000000000000000000000000000000000000000000000000000000000000000000000]
store_ln41              (store        ) [ 0000000000000000000000000000000000000000000000000000000000000000000000000000000000000000000000000000000000000000000000000000000000000000000000000]
store_ln41              (store        ) [ 0000000000000000000000000000000000000000000000000000000000000000000000000000000000000000000000000000000000000000000000000000000000000000000000000]
store_ln41              (store        ) [ 0000000000000000000000000000000000000000000000000000000000000000000000000000000000000000000000000000000000000000000000000000000000000000000000000]
store_ln41              (store        ) [ 0000000000000000000000000000000000000000000000000000000000000000000000000000000000000000000000000000000000000000000000000000000000000000000000000]
store_ln41              (store        ) [ 0000000000000000000000000000000000000000000000000000000000000000000000000000000000000000000000000000000000000000000000000000000000000000000000000]
store_ln41              (store        ) [ 0000000000000000000000000000000000000000000000000000000000000000000000000000000000000000000000000000000000000000000000000000000000000000000000000]
store_ln41              (store        ) [ 0000000000000000000000000000000000000000000000000000000000000000000000000000000000000000000000000000000000000000000000000000000000000000000000000]
store_ln41              (store        ) [ 0000000000000000000000000000000000000000000000000000000000000000000000000000000000000000000000000000000000000000000000000000000000000000000000000]
store_ln41              (store        ) [ 0000000000000000000000000000000000000000000000000000000000000000000000000000000000000000000000000000000000000000000000000000000000000000000000000]
store_ln0               (store        ) [ 0000000000000000000000000000000000000000000000000000000000000000000000000000000000000000000000000000000000000000000000000000000000000000000000000]
store_ln0               (store        ) [ 0000000000000000000000000000000000000000000000000000000000000000000000000000000000000000000000000000000000000000000000000000000000000000000000000]
store_ln0               (store        ) [ 0000000000000000000000000000000000000000000000000000000000000000000000000000000000000000000000000000000000000000000000000000000000000000000000000]
store_ln0               (store        ) [ 0000000000000000000000000000000000000000000000000000000000000000000000000000000000000000000000000000000000000000000000000000000000000000000000000]
store_ln0               (store        ) [ 0000000000000000000000000000000000000000000000000000000000000000000000000000000000000000000000000000000000000000000000000000000000000000000000000]
store_ln0               (store        ) [ 0000000000000000000000000000000000000000000000000000000000000000000000000000000000000000000000000000000000000000000000000000000000000000000000000]
store_ln0               (store        ) [ 0000000000000000000000000000000000000000000000000000000000000000000000000000000000000000000000000000000000000000000000000000000000000000000000000]
store_ln0               (store        ) [ 0000000000000000000000000000000000000000000000000000000000000000000000000000000000000000000000000000000000000000000000000000000000000000000000000]
spectopmodule_ln0       (spectopmodule) [ 0000000000000000000000000000000000000000000000000000000000000000000000000000000000000000000000000000000000000000000000000000000000000000000000000]
specinterface_ln0       (specinterface) [ 0000000000000000000000000000000000000000000000000000000000000000000000000000000000000000000000000000000000000000000000000000000000000000000000000]
specbitsmap_ln0         (specbitsmap  ) [ 0000000000000000000000000000000000000000000000000000000000000000000000000000000000000000000000000000000000000000000000000000000000000000000000000]
specbitsmap_ln0         (specbitsmap  ) [ 0000000000000000000000000000000000000000000000000000000000000000000000000000000000000000000000000000000000000000000000000000000000000000000000000]
specbitsmap_ln0         (specbitsmap  ) [ 0000000000000000000000000000000000000000000000000000000000000000000000000000000000000000000000000000000000000000000000000000000000000000000000000]
specbitsmap_ln0         (specbitsmap  ) [ 0000000000000000000000000000000000000000000000000000000000000000000000000000000000000000000000000000000000000000000000000000000000000000000000000]
specbitsmap_ln0         (specbitsmap  ) [ 0000000000000000000000000000000000000000000000000000000000000000000000000000000000000000000000000000000000000000000000000000000000000000000000000]
specbitsmap_ln0         (specbitsmap  ) [ 0000000000000000000000000000000000000000000000000000000000000000000000000000000000000000000000000000000000000000000000000000000000000000000000000]
specbitsmap_ln0         (specbitsmap  ) [ 0000000000000000000000000000000000000000000000000000000000000000000000000000000000000000000000000000000000000000000000000000000000000000000000000]
specinterface_ln0       (specinterface) [ 0000000000000000000000000000000000000000000000000000000000000000000000000000000000000000000000000000000000000000000000000000000000000000000000000]
specbitsmap_ln0         (specbitsmap  ) [ 0000000000000000000000000000000000000000000000000000000000000000000000000000000000000000000000000000000000000000000000000000000000000000000000000]
specbitsmap_ln0         (specbitsmap  ) [ 0000000000000000000000000000000000000000000000000000000000000000000000000000000000000000000000000000000000000000000000000000000000000000000000000]
specbitsmap_ln0         (specbitsmap  ) [ 0000000000000000000000000000000000000000000000000000000000000000000000000000000000000000000000000000000000000000000000000000000000000000000000000]
specbitsmap_ln0         (specbitsmap  ) [ 0000000000000000000000000000000000000000000000000000000000000000000000000000000000000000000000000000000000000000000000000000000000000000000000000]
specbitsmap_ln0         (specbitsmap  ) [ 0000000000000000000000000000000000000000000000000000000000000000000000000000000000000000000000000000000000000000000000000000000000000000000000000]
specbitsmap_ln0         (specbitsmap  ) [ 0000000000000000000000000000000000000000000000000000000000000000000000000000000000000000000000000000000000000000000000000000000000000000000000000]
specbitsmap_ln0         (specbitsmap  ) [ 0000000000000000000000000000000000000000000000000000000000000000000000000000000000000000000000000000000000000000000000000000000000000000000000000]
specbitsmap_ln0         (specbitsmap  ) [ 0000000000000000000000000000000000000000000000000000000000000000000000000000000000000000000000000000000000000000000000000000000000000000000000000]
specinterface_ln0       (specinterface) [ 0000000000000000000000000000000000000000000000000000000000000000000000000000000000000000000000000000000000000000000000000000000000000000000000000]
specbitsmap_ln0         (specbitsmap  ) [ 0000000000000000000000000000000000000000000000000000000000000000000000000000000000000000000000000000000000000000000000000000000000000000000000000]
specinterface_ln0       (specinterface) [ 0000000000000000000000000000000000000000000000000000000000000000000000000000000000000000000000000000000000000000000000000000000000000000000000000]
specbitsmap_ln0         (specbitsmap  ) [ 0000000000000000000000000000000000000000000000000000000000000000000000000000000000000000000000000000000000000000000000000000000000000000000000000]
specinterface_ln0       (specinterface) [ 0000000000000000000000000000000000000000000000000000000000000000000000000000000000000000000000000000000000000000000000000000000000000000000000000]
specbitsmap_ln0         (specbitsmap  ) [ 0000000000000000000000000000000000000000000000000000000000000000000000000000000000000000000000000000000000000000000000000000000000000000000000000]
specinterface_ln0       (specinterface) [ 0000000000000000000000000000000000000000000000000000000000000000000000000000000000000000000000000000000000000000000000000000000000000000000000000]
specbitsmap_ln0         (specbitsmap  ) [ 0000000000000000000000000000000000000000000000000000000000000000000000000000000000000000000000000000000000000000000000000000000000000000000000000]
specinterface_ln0       (specinterface) [ 0000000000000000000000000000000000000000000000000000000000000000000000000000000000000000000000000000000000000000000000000000000000000000000000000]
specbitsmap_ln0         (specbitsmap  ) [ 0000000000000000000000000000000000000000000000000000000000000000000000000000000000000000000000000000000000000000000000000000000000000000000000000]
specinterface_ln0       (specinterface) [ 0000000000000000000000000000000000000000000000000000000000000000000000000000000000000000000000000000000000000000000000000000000000000000000000000]
specbitsmap_ln0         (specbitsmap  ) [ 0000000000000000000000000000000000000000000000000000000000000000000000000000000000000000000000000000000000000000000000000000000000000000000000000]
specinterface_ln0       (specinterface) [ 0000000000000000000000000000000000000000000000000000000000000000000000000000000000000000000000000000000000000000000000000000000000000000000000000]
specbitsmap_ln0         (specbitsmap  ) [ 0000000000000000000000000000000000000000000000000000000000000000000000000000000000000000000000000000000000000000000000000000000000000000000000000]
specinterface_ln0       (specinterface) [ 0000000000000000000000000000000000000000000000000000000000000000000000000000000000000000000000000000000000000000000000000000000000000000000000000]
specbitsmap_ln0         (specbitsmap  ) [ 0000000000000000000000000000000000000000000000000000000000000000000000000000000000000000000000000000000000000000000000000000000000000000000000000]
specinterface_ln0       (specinterface) [ 0000000000000000000000000000000000000000000000000000000000000000000000000000000000000000000000000000000000000000000000000000000000000000000000000]
specbitsmap_ln0         (specbitsmap  ) [ 0000000000000000000000000000000000000000000000000000000000000000000000000000000000000000000000000000000000000000000000000000000000000000000000000]
specinterface_ln0       (specinterface) [ 0000000000000000000000000000000000000000000000000000000000000000000000000000000000000000000000000000000000000000000000000000000000000000000000000]
specbitsmap_ln0         (specbitsmap  ) [ 0000000000000000000000000000000000000000000000000000000000000000000000000000000000000000000000000000000000000000000000000000000000000000000000000]
specinterface_ln0       (specinterface) [ 0000000000000000000000000000000000000000000000000000000000000000000000000000000000000000000000000000000000000000000000000000000000000000000000000]
specbitsmap_ln0         (specbitsmap  ) [ 0000000000000000000000000000000000000000000000000000000000000000000000000000000000000000000000000000000000000000000000000000000000000000000000000]
specinterface_ln0       (specinterface) [ 0000000000000000000000000000000000000000000000000000000000000000000000000000000000000000000000000000000000000000000000000000000000000000000000000]
specbitsmap_ln0         (specbitsmap  ) [ 0000000000000000000000000000000000000000000000000000000000000000000000000000000000000000000000000000000000000000000000000000000000000000000000000]
specinterface_ln0       (specinterface) [ 0000000000000000000000000000000000000000000000000000000000000000000000000000000000000000000000000000000000000000000000000000000000000000000000000]
specbitsmap_ln0         (specbitsmap  ) [ 0000000000000000000000000000000000000000000000000000000000000000000000000000000000000000000000000000000000000000000000000000000000000000000000000]
specinterface_ln0       (specinterface) [ 0000000000000000000000000000000000000000000000000000000000000000000000000000000000000000000000000000000000000000000000000000000000000000000000000]
specbitsmap_ln0         (specbitsmap  ) [ 0000000000000000000000000000000000000000000000000000000000000000000000000000000000000000000000000000000000000000000000000000000000000000000000000]
specinterface_ln0       (specinterface) [ 0000000000000000000000000000000000000000000000000000000000000000000000000000000000000000000000000000000000000000000000000000000000000000000000000]
specbitsmap_ln0         (specbitsmap  ) [ 0000000000000000000000000000000000000000000000000000000000000000000000000000000000000000000000000000000000000000000000000000000000000000000000000]
specinterface_ln0       (specinterface) [ 0000000000000000000000000000000000000000000000000000000000000000000000000000000000000000000000000000000000000000000000000000000000000000000000000]
specbitsmap_ln0         (specbitsmap  ) [ 0000000000000000000000000000000000000000000000000000000000000000000000000000000000000000000000000000000000000000000000000000000000000000000000000]
specinterface_ln0       (specinterface) [ 0000000000000000000000000000000000000000000000000000000000000000000000000000000000000000000000000000000000000000000000000000000000000000000000000]
specbitsmap_ln0         (specbitsmap  ) [ 0000000000000000000000000000000000000000000000000000000000000000000000000000000000000000000000000000000000000000000000000000000000000000000000000]
specinterface_ln0       (specinterface) [ 0000000000000000000000000000000000000000000000000000000000000000000000000000000000000000000000000000000000000000000000000000000000000000000000000]
specbitsmap_ln0         (specbitsmap  ) [ 0000000000000000000000000000000000000000000000000000000000000000000000000000000000000000000000000000000000000000000000000000000000000000000000000]
specinterface_ln0       (specinterface) [ 0000000000000000000000000000000000000000000000000000000000000000000000000000000000000000000000000000000000000000000000000000000000000000000000000]
specbitsmap_ln0         (specbitsmap  ) [ 0000000000000000000000000000000000000000000000000000000000000000000000000000000000000000000000000000000000000000000000000000000000000000000000000]
specinterface_ln0       (specinterface) [ 0000000000000000000000000000000000000000000000000000000000000000000000000000000000000000000000000000000000000000000000000000000000000000000000000]
specbitsmap_ln0         (specbitsmap  ) [ 0000000000000000000000000000000000000000000000000000000000000000000000000000000000000000000000000000000000000000000000000000000000000000000000000]
specinterface_ln0       (specinterface) [ 0000000000000000000000000000000000000000000000000000000000000000000000000000000000000000000000000000000000000000000000000000000000000000000000000]
specbitsmap_ln0         (specbitsmap  ) [ 0000000000000000000000000000000000000000000000000000000000000000000000000000000000000000000000000000000000000000000000000000000000000000000000000]
specinterface_ln0       (specinterface) [ 0000000000000000000000000000000000000000000000000000000000000000000000000000000000000000000000000000000000000000000000000000000000000000000000000]
specbitsmap_ln0         (specbitsmap  ) [ 0000000000000000000000000000000000000000000000000000000000000000000000000000000000000000000000000000000000000000000000000000000000000000000000000]
specinterface_ln0       (specinterface) [ 0000000000000000000000000000000000000000000000000000000000000000000000000000000000000000000000000000000000000000000000000000000000000000000000000]
specbitsmap_ln0         (specbitsmap  ) [ 0000000000000000000000000000000000000000000000000000000000000000000000000000000000000000000000000000000000000000000000000000000000000000000000000]
specinterface_ln0       (specinterface) [ 0000000000000000000000000000000000000000000000000000000000000000000000000000000000000000000000000000000000000000000000000000000000000000000000000]
specbitsmap_ln0         (specbitsmap  ) [ 0000000000000000000000000000000000000000000000000000000000000000000000000000000000000000000000000000000000000000000000000000000000000000000000000]
specinterface_ln0       (specinterface) [ 0000000000000000000000000000000000000000000000000000000000000000000000000000000000000000000000000000000000000000000000000000000000000000000000000]
specbitsmap_ln0         (specbitsmap  ) [ 0000000000000000000000000000000000000000000000000000000000000000000000000000000000000000000000000000000000000000000000000000000000000000000000000]
specinterface_ln0       (specinterface) [ 0000000000000000000000000000000000000000000000000000000000000000000000000000000000000000000000000000000000000000000000000000000000000000000000000]
specinterface_ln0       (specinterface) [ 0000000000000000000000000000000000000000000000000000000000000000000000000000000000000000000000000000000000000000000000000000000000000000000000000]
specinterface_ln0       (specinterface) [ 0000000000000000000000000000000000000000000000000000000000000000000000000000000000000000000000000000000000000000000000000000000000000000000000000]
specmemcore_ln32        (specmemcore  ) [ 0000000000000000000000000000000000000000000000000000000000000000000000000000000000000000000000000000000000000000000000000000000000000000000000000]
add13                   (add          ) [ 0001111111111111111111111111111111111111111111111111111111111111111111111111111111111111111111111111111111111111111111111111111111111111111111110]
sub68                   (add          ) [ 0001111111111111111111111111111111111111111111111111111111111111111111111111111111111111111111111111111111111111111111111111111111111111111111110]
cast                    (zext         ) [ 0000000000000000000000000000000000000000000000000000000000000000000000000000000000000000000000000000000000000000000000000000000000000000000000000]
bound                   (mul          ) [ 0001111111111111111111111111111111111111111111111111111111111111111111111111111111111111111111111111111111111111111111111111111111111111111111110]
br_ln41                 (br           ) [ 0000000000000000000000000000000000000000000000000000000000000000000000000000000000000000000000000000000000000000000000000000000000000000000000000]
col_1                   (load         ) [ 0000000000000000000000000000000000000000000000000000000000000000000000000000000000000000000000000000000000000000000000000000000000000000000000000]
row_1                   (load         ) [ 0000000000000000000000000000000000000000000000000000000000000000000000000000000000000000000000000000000000000000000000000000000000000000000000000]
indvar_flatten_load     (load         ) [ 0000000000000000000000000000000000000000000000000000000000000000000000000000000000000000000000000000000000000000000000000000000000000000000000000]
zext_ln41_1             (zext         ) [ 0000000000000000000000000000000000000000000000000000000000000000000000000000000000000000000000000000000000000000000000000000000000000000000000000]
tmp                     (partselect   ) [ 0000000000000000000000000000000000000000000000000000000000000000000000000000000000000000000000000000000000000000000000000000000000000000000000000]
icmp                    (icmp         ) [ 0000000000000000000000000000000000000000000000000000000000000000000000000000000000000000000000000000000000000000000000000000000000000000000000000]
cmp69                   (icmp         ) [ 0000000000000000000000000000000000000000000000000000000000000000000000000000000000000000000000000000000000000000000000000000000000000000000000000]
tmp_1                   (partselect   ) [ 0000000000000000000000000000000000000000000000000000000000000000000000000000000000000000000000000000000000000000000000000000000000000000000000000]
icmp16                  (icmp         ) [ 0000000000000000000000000000000000000000000000000000000000000000000000000000000000000000000000000000000000000000000000000000000000000000000000000]
notrhs                  (icmp         ) [ 0000000000000000000000000000000000000000000000000000000000000000000000000000000000000000000000000000000000000000000000000000000000000000000000000]
and_ln55                (and          ) [ 0000000000000000000000000000000000000000000000000000000000000000000000000000000000000000000000000000000000000000000000000000000000000000000000000]
zext_ln43_1             (zext         ) [ 0000000000000000000000000000000000000000000000000000000000000000000000000000000000000000000000000000000000000000000000000000000000000000000000000]
icmp_ln43               (icmp         ) [ 0000000000000000000000000000000000000000000000000000000000000000000000000000000000000000000000000000000000000000000000000000000000000000000000000]
icmp_ln41               (icmp         ) [ 0001111111111111111111111111111111111111111111111111111111111111111111111111111111111111111111111111111111111111111111111111111111111111111111110]
add_ln41                (add          ) [ 0000000000000000000000000000000000000000000000000000000000000000000000000000000000000000000000000000000000000000000000000000000000000000000000000]
br_ln41                 (br           ) [ 0000000000000000000000000000000000000000000000000000000000000000000000000000000000000000000000000000000000000000000000000000000000000000000000000]
add_ln41_1              (add          ) [ 0000000000000000000000000000000000000000000000000000000000000000000000000000000000000000000000000000000000000000000000000000000000000000000000000]
zext_ln41               (zext         ) [ 0000000000000000000000000000000000000000000000000000000000000000000000000000000000000000000000000000000000000000000000000000000000000000000000000]
select_ln41             (select       ) [ 0000000000000000000000000000000000000000000000000000000000000000000000000000000000000000000000000000000000000000000000000000000000000000000000000]
tmp_2                   (partselect   ) [ 0000000000000000000000000000000000000000000000000000000000000000000000000000000000000000000000000000000000000000000000000000000000000000000000000]
icmp22                  (icmp         ) [ 0000000000000000000000000000000000000000000000000000000000000000000000000000000000000000000000000000000000000000000000000000000000000000000000000]
select_ln41_1           (select       ) [ 0000000000000000000000000000000000000000000000000000000000000000000000000000000000000000000000000000000000000000000000000000000000000000000000000]
cmp69_mid1              (icmp         ) [ 0000000000000000000000000000000000000000000000000000000000000000000000000000000000000000000000000000000000000000000000000000000000000000000000000]
select_ln41_2           (select       ) [ 0000000000000000000000000000000000000000000000000000000000000000000000000000000000000000000000000000000000000000000000000000000000000000000000000]
tmp_3                   (partselect   ) [ 0000000000000000000000000000000000000000000000000000000000000000000000000000000000000000000000000000000000000000000000000000000000000000000000000]
icmp25                  (icmp         ) [ 0000000000000000000000000000000000000000000000000000000000000000000000000000000000000000000000000000000000000000000000000000000000000000000000000]
notrhs_mid1             (icmp         ) [ 0000000000000000000000000000000000000000000000000000000000000000000000000000000000000000000000000000000000000000000000000000000000000000000000000]
and_ln55_3              (and          ) [ 0000000000000000000000000000000000000000000000000000000000000000000000000000000000000000000000000000000000000000000000000000000000000000000000000]
select_ln41_3           (select       ) [ 0000000000000000000000000000000000000000000000000000000000000000000000000000000000000000000000000000000000000000000000000000000000000000000000000]
zext_ln41_2             (zext         ) [ 0000000000000000000000000000000000000000000000000000000000000000000000000000000000000000000000000000000000000000000000000000000000000000000000000]
select_ln41_4           (select       ) [ 0000000000000000000000000000000000000000000000000000000000000000000000000000000000000000000000000000000000000000000000000000000000000000000000000]
zext_ln43               (zext         ) [ 0000000000000000000000000000000000000000000000000000000000000000000000000000000000000000000000000000000000000000000000000000000000000000000000000]
tmp_4                   (partselect   ) [ 0000000000000000000000000000000000000000000000000000000000000000000000000000000000000000000000000000000000000000000000000000000000000000000000000]
icmp_ln56               (icmp         ) [ 0000000000000000000000000000000000000000000000000000000000000000000000000000000000000000000000000000000000000000000000000000000000000000000000000]
icmp_ln56_1             (icmp         ) [ 0000000000000000000000000000000000000000000000000000000000000000000000000000000000000000000000000000000000000000000000000000000000000000000000000]
and_ln55_2              (and          ) [ 0000000000000000000000000000000000000000000000000000000000000000000000000000000000000000000000000000000000000000000000000000000000000000000000000]
and_ln55_1              (and          ) [ 0001111111111111111111111111111111111111111111111111111111111111111111111111111111111111111111111111111111111111111111111111111111111111111111110]
br_ln55                 (br           ) [ 0001111111111111111111111111111111111111111111111111111111111111111111111111111111111111111111111111111111111111111111111111111111111111111111110]
empty_64                (read         ) [ 0000000000000000000000000000000000000000000000000000000000000000000000000000000000000000000000000000000000000000000000000000000000000000000000000]
tmp_9                   (extractvalue ) [ 0000000000000000000000000000000000000000000000000000000000000000000000000000000000000000000000000000000000000000000000000000000000000000000000000]
new_pixel               (bitcast      ) [ 0001111111111111111111111111111111111111111111111111111111111111111111111111111111111111111111111111111111111111111111111111111111111111111111110]
br_ln59                 (br           ) [ 0001111111111111111111111111111111111111111111111111111111111111111111111111111111111111111111111111111111111111111111111111111111111111111111110]
line_buf_0_addr         (getelementptr) [ 0001100000000000000000000000000000000000000000000000000000000000000000000000000000000000000000000000000000000000000000000000000000000000000000000]
reuse_addr_reg62_load   (load         ) [ 0000000000000000000000000000000000000000000000000000000000000000000000000000000000000000000000000000000000000000000000000000000000000000000000000]
addr_cmp65              (icmp         ) [ 0001100000000000000000000000000000000000000000000000000000000000000000000000000000000000000000000000000000000000000000000000000000000000000000000]
line_buf_1_addr         (getelementptr) [ 0001100000000000000000000000000000000000000000000000000000000000000000000000000000000000000000000000000000000000000000000000000000000000000000000]
reuse_addr_reg56_load   (load         ) [ 0000000000000000000000000000000000000000000000000000000000000000000000000000000000000000000000000000000000000000000000000000000000000000000000000]
addr_cmp59              (icmp         ) [ 0001100000000000000000000000000000000000000000000000000000000000000000000000000000000000000000000000000000000000000000000000000000000000000000000]
store_ln43              (store        ) [ 0000000000000000000000000000000000000000000000000000000000000000000000000000000000000000000000000000000000000000000000000000000000000000000000000]
line_buf_2_addr         (getelementptr) [ 0001100000000000000000000000000000000000000000000000000000000000000000000000000000000000000000000000000000000000000000000000000000000000000000000]
reuse_addr_reg50_load   (load         ) [ 0000000000000000000000000000000000000000000000000000000000000000000000000000000000000000000000000000000000000000000000000000000000000000000000000]
addr_cmp53              (icmp         ) [ 0001100000000000000000000000000000000000000000000000000000000000000000000000000000000000000000000000000000000000000000000000000000000000000000000]
store_ln43              (store        ) [ 0000000000000000000000000000000000000000000000000000000000000000000000000000000000000000000000000000000000000000000000000000000000000000000000000]
line_buf_3_addr         (getelementptr) [ 0001100000000000000000000000000000000000000000000000000000000000000000000000000000000000000000000000000000000000000000000000000000000000000000000]
reuse_addr_reg_load     (load         ) [ 0000000000000000000000000000000000000000000000000000000000000000000000000000000000000000000000000000000000000000000000000000000000000000000000000]
addr_cmp                (icmp         ) [ 0001100000000000000000000000000000000000000000000000000000000000000000000000000000000000000000000000000000000000000000000000000000000000000000000]
store_ln43              (store        ) [ 0000000000000000000000000000000000000000000000000000000000000000000000000000000000000000000000000000000000000000000000000000000000000000000000000]
store_ln43              (store        ) [ 0000000000000000000000000000000000000000000000000000000000000000000000000000000000000000000000000000000000000000000000000000000000000000000000000]
tmp_6                   (partselect   ) [ 0000000000000000000000000000000000000000000000000000000000000000000000000000000000000000000000000000000000000000000000000000000000000000000000000]
icmp_ln74               (icmp         ) [ 0000000000000000000000000000000000000000000000000000000000000000000000000000000000000000000000000000000000000000000000000000000000000000000000000]
and_ln74                (and          ) [ 0001111111111111111111111111111111111111111111111111111111111111111111111111111111111111111111111111111111111111111111111111111111111111111111110]
br_ln74                 (br           ) [ 0000000000000000000000000000000000000000000000000000000000000000000000000000000000000000000000000000000000000000000000000000000000000000000000000]
icmp_ln92               (icmp         ) [ 0000000000000000000000000000000000000000000000000000000000000000000000000000000000000000000000000000000000000000000000000000000000000000000000000]
out_pkt_last_V          (and          ) [ 0001111111111111111111111111111111111111111111111111111111111111111111111111111111111111111111111111111111111111111111111111111111111111111111110]
add_ln43                (add          ) [ 0000000000000000000000000000000000000000000000000000000000000000000000000000000000000000000000000000000000000000000000000000000000000000000000000]
store_ln41              (store        ) [ 0000000000000000000000000000000000000000000000000000000000000000000000000000000000000000000000000000000000000000000000000000000000000000000000000]
store_ln41              (store        ) [ 0000000000000000000000000000000000000000000000000000000000000000000000000000000000000000000000000000000000000000000000000000000000000000000000000]
store_ln43              (store        ) [ 0000000000000000000000000000000000000000000000000000000000000000000000000000000000000000000000000000000000000000000000000000000000000000000000000]
window_0_3_loc_1_load_1 (load         ) [ 0000000000000000000000000000000000000000000000000000000000000000000000000000000000000000000000000000000000000000000000000000000000000000000000000]
store_ln49              (store        ) [ 0000000000000000000000000000000000000000000000000000000000000000000000000000000000000000000000000000000000000000000000000000000000000000000000000]
window_0_4_load         (load         ) [ 0001011100000000000000000000000000000000000000000000000000000000000000000000000000000000000000000000000000000000000000000000000000000000000000000]
store_ln49              (store        ) [ 0000000000000000000000000000000000000000000000000000000000000000000000000000000000000000000000000000000000000000000000000000000000000000000000000]
new_pixel_1             (phi          ) [ 0001111111111111111111111111111111111111111111111111111111111111111111111111111111111111111111111111111111110000000000000000000000000000000000000]
reuse_reg61_load        (load         ) [ 0000000000000000000000000000000000000000000000000000000000000000000000000000000000000000000000000000000000000000000000000000000000000000000000000]
line_buf_0_load         (load         ) [ 0000000000000000000000000000000000000000000000000000000000000000000000000000000000000000000000000000000000000000000000000000000000000000000000000]
reuse_select66          (select       ) [ 0001011110000000000000000000000000000000000000000000000000000000000000000000000000000000000000000000000000000000000000000000000000000000000000000]
store_ln63              (store        ) [ 0000000000000000000000000000000000000000000000000000000000000000000000000000000000000000000000000000000000000000000000000000000000000000000000000]
reuse_reg55_load        (load         ) [ 0000000000000000000000000000000000000000000000000000000000000000000000000000000000000000000000000000000000000000000000000000000000000000000000000]
line_buf_1_load         (load         ) [ 0000000000000000000000000000000000000000000000000000000000000000000000000000000000000000000000000000000000000000000000000000000000000000000000000]
reuse_select60          (select       ) [ 0001011111111111111111111111111110000000000000000000000000000000000000000000000000000000000000000000000000000000000000000000000000000000000000000]
store_ln66              (store        ) [ 0000000000000000000000000000000000000000000000000000000000000000000000000000000000000000000000000000000000000000000000000000000000000000000000000]
store_ln43              (store        ) [ 0000000000000000000000000000000000000000000000000000000000000000000000000000000000000000000000000000000000000000000000000000000000000000000000000]
reuse_reg49_load        (load         ) [ 0000000000000000000000000000000000000000000000000000000000000000000000000000000000000000000000000000000000000000000000000000000000000000000000000]
line_buf_2_load         (load         ) [ 0000000000000000000000000000000000000000000000000000000000000000000000000000000000000000000000000000000000000000000000000000000000000000000000000]
reuse_select54          (select       ) [ 0001011111111111111111111111111111111111111111111111111111000000000000000000000000000000000000000000000000000000000000000000000000000000000000000]
store_ln66              (store        ) [ 0000000000000000000000000000000000000000000000000000000000000000000000000000000000000000000000000000000000000000000000000000000000000000000000000]
store_ln43              (store        ) [ 0000000000000000000000000000000000000000000000000000000000000000000000000000000000000000000000000000000000000000000000000000000000000000000000000]
reuse_reg_load          (load         ) [ 0000000000000000000000000000000000000000000000000000000000000000000000000000000000000000000000000000000000000000000000000000000000000000000000000]
line_buf_3_load         (load         ) [ 0000000000000000000000000000000000000000000000000000000000000000000000000000000000000000000000000000000000000000000000000000000000000000000000000]
reuse_select            (select       ) [ 0001011111111111111111111111111111111111111111111111111111111111111111111111111111100000000000000000000000000000000000000000000000000000000000000]
store_ln66              (store        ) [ 0000000000000000000000000000000000000000000000000000000000000000000000000000000000000000000000000000000000000000000000000000000000000000000000000]
store_ln43              (store        ) [ 0000000000000000000000000000000000000000000000000000000000000000000000000000000000000000000000000000000000000000000000000000000000000000000000000]
store_ln66              (store        ) [ 0000000000000000000000000000000000000000000000000000000000000000000000000000000000000000000000000000000000000000000000000000000000000000000000000]
store_ln7               (store        ) [ 0000000000000000000000000000000000000000000000000000000000000000000000000000000000000000000000000000000000000000000000000000000000000000000000000]
window_0_3_loc_1_load31 (load         ) [ 0001011100000000000000000000000000000000000000000000000000000000000000000000000000000000000000000000000000000000000000000000000000000000000000000]
window_0_3_loc_1_load   (load         ) [ 0001011110000000000000000000000000000000000000000000000000000000000000000000000000000000000000000000000000000000000000000000000000000000000000000]
store_ln49              (store        ) [ 0000000000000000000000000000000000000000000000000000000000000000000000000000000000000000000000000000000000000000000000000000000000000000000000000]
mul_0_2                 (fmul         ) [ 0001000011111111111111111111111110000000000000000000000000000000000000000000000000000000000000000000000000000000000000000000000000000000000000000]
mul_0_3                 (fmul         ) [ 0001000011111111111111111111111111111100000000000000000000000000000000000000000000000000000000000000000000000000000000000000000000000000000000000]
mul_0_4                 (fmul         ) [ 0001000001111111111111111111111111111111111000000000000000000000000000000000000000000000000000000000000000000000000000000000000000000000000000000]
window_0_3_loc_1_add    (fadd         ) [ 0001000001000000000000000000000000000000000000000000000000000000000000000000000000000000000000000000000000000000000000000000000000000000000000000]
window_0_2_loc_1_load_1 (load         ) [ 0000000000000000000000000000000000000000000000000000000000000000000000000000000000000000000000000000000000000000000000000000000000000000000000000]
store_ln49              (store        ) [ 0000000000000000000000000000000000000000000000000000000000000000000000000000000000000000000000000000000000000000000000000000000000000000000000000]
window_0_2_loc_1_load_2 (load         ) [ 0001000000111000000000000000000000000000000000000000000000000000000000000000000000000000000000000000000000000000000000000000000000000000000000000]
window_0_2_loc_1_load   (load         ) [ 0001000000111100000000000000000000000000000000000000000000000000000000000000000000000000000000000000000000000000000000000000000000000000000000000]
store_ln0               (store        ) [ 0000000000000000000000000000000000000000000000000000000000000000000000000000000000000000000000000000000000000000000000000000000000000000000000000]
mul_0_1                 (fmul         ) [ 0001000000000111111111111111000000000000000000000000000000000000000000000000000000000000000000000000000000000000000000000000000000000000000000000]
window_0_2_loc_1_add    (fadd         ) [ 0001000000000010000000000000000000000000000000000000000000000000000000000000000000000000000000000000000000000000000000000000000000000000000000000]
window_load_4           (load         ) [ 0001000000000001110000000000000000000000000000000000000000000000000000000000000000000000000000000000000000000000000000000000000000000000000000000]
store_ln0               (store        ) [ 0000000000000000000000000000000000000000000000000000000000000000000000000000000000000000000000000000000000000000000000000000000000000000000000000]
mul                     (fmul         ) [ 0001000000000000001111100000000000000000000000000000000000000000000000000000000000000000000000000000000000000000000000000000000000000000000000000]
acc_1                   (fadd         ) [ 0001000000000000000000011111000000000000000000000000000000000000000000000000000000000000000000000000000000000000000000000000000000000000000000000]
acc_1_0_1               (fadd         ) [ 0001000000000000000000000000111110000000000000000000000000000000000000000000000000000000000000000000000000000000000000000000000000000000000000000]
window_1_3_loc_1_load_1 (load         ) [ 0000000000000000000000000000000000000000000000000000000000000000000000000000000000000000000000000000000000000000000000000000000000000000000000000]
store_ln49              (store        ) [ 0000000000000000000000000000000000000000000000000000000000000000000000000000000000000000000000000000000000000000000000000000000000000000000000000]
window_1_4_load         (load         ) [ 0001000000000000000000000000001110000000000000000000000000000000000000000000000000000000000000000000000000000000000000000000000000000000000000000]
store_ln49              (store        ) [ 0000000000000000000000000000000000000000000000000000000000000000000000000000000000000000000000000000000000000000000000000000000000000000000000000]
store_ln63              (store        ) [ 0000000000000000000000000000000000000000000000000000000000000000000000000000000000000000000000000000000000000000000000000000000000000000000000000]
window_1_3_loc_1_load_2 (load         ) [ 0001000000000000000000000000001110000000000000000000000000000000000000000000000000000000000000000000000000000000000000000000000000000000000000000]
window_1_3_loc_1_load   (load         ) [ 0001000000000000000000000000001111000000000000000000000000000000000000000000000000000000000000000000000000000000000000000000000000000000000000000]
store_ln49              (store        ) [ 0000000000000000000000000000000000000000000000000000000000000000000000000000000000000000000000000000000000000000000000000000000000000000000000000]
acc_1_0_2               (fadd         ) [ 0001000000000000000000000000000001111100000000000000000000000000000000000000000000000000000000000000000000000000000000000000000000000000000000000]
mul_1_2                 (fmul         ) [ 0001000000000000000000000000000001111111111111111111111111000000000000000000000000000000000000000000000000000000000000000000000000000000000000000]
mul_1_3                 (fmul         ) [ 0001000000000000000000000000000001111111111111111111111111111110000000000000000000000000000000000000000000000000000000000000000000000000000000000]
mul_1_4                 (fmul         ) [ 0001000000000000000000000000000001111111111111111111111111111111111100000000000000000000000000000000000000000000000000000000000000000000000000000]
window_1_3_loc_1_add    (fadd         ) [ 0001000000000000000000000000000000100000000000000000000000000000000000000000000000000000000000000000000000000000000000000000000000000000000000000]
window_1_2_loc_1_load_1 (load         ) [ 0000000000000000000000000000000000000000000000000000000000000000000000000000000000000000000000000000000000000000000000000000000000000000000000000]
store_ln49              (store        ) [ 0000000000000000000000000000000000000000000000000000000000000000000000000000000000000000000000000000000000000000000000000000000000000000000000000]
window_1_2_loc_1_load_2 (load         ) [ 0001000000000000000000000000000000011100000000000000000000000000000000000000000000000000000000000000000000000000000000000000000000000000000000000]
window_1_2_loc_1_load   (load         ) [ 0001000000000000000000000000000000011110000000000000000000000000000000000000000000000000000000000000000000000000000000000000000000000000000000000]
store_ln0               (store        ) [ 0000000000000000000000000000000000000000000000000000000000000000000000000000000000000000000000000000000000000000000000000000000000000000000000000]
acc_1_0_3               (fadd         ) [ 0001000000000000000000000000000000000011111000000000000000000000000000000000000000000000000000000000000000000000000000000000000000000000000000000]
mul_1_1                 (fmul         ) [ 0001000000000000000000000000000000000011111111111111100000000000000000000000000000000000000000000000000000000000000000000000000000000000000000000]
window_1_2_loc_1_add    (fadd         ) [ 0001000000000000000000000000000000000001000000000000000000000000000000000000000000000000000000000000000000000000000000000000000000000000000000000]
window_load_3           (load         ) [ 0001000000000000000000000000000000000000111000000000000000000000000000000000000000000000000000000000000000000000000000000000000000000000000000000]
store_ln0               (store        ) [ 0000000000000000000000000000000000000000000000000000000000000000000000000000000000000000000000000000000000000000000000000000000000000000000000000]
acc_1_0_4               (fadd         ) [ 0001000000000000000000000000000000000000000111110000000000000000000000000000000000000000000000000000000000000000000000000000000000000000000000000]
mul_1                   (fmul         ) [ 0001000000000000000000000000000000000000000111110000000000000000000000000000000000000000000000000000000000000000000000000000000000000000000000000]
acc_1_1                 (fadd         ) [ 0001000000000000000000000000000000000000000000001111100000000000000000000000000000000000000000000000000000000000000000000000000000000000000000000]
acc_1_1_1               (fadd         ) [ 0001000000000000000000000000000000000000000000000000011111000000000000000000000000000000000000000000000000000000000000000000000000000000000000000]
window_2_3_loc_1_load_1 (load         ) [ 0000000000000000000000000000000000000000000000000000000000000000000000000000000000000000000000000000000000000000000000000000000000000000000000000]
store_ln49              (store        ) [ 0000000000000000000000000000000000000000000000000000000000000000000000000000000000000000000000000000000000000000000000000000000000000000000000000]
window_2_4_load         (load         ) [ 0001000000000000000000000000000000000000000000000000000111000000000000000000000000000000000000000000000000000000000000000000000000000000000000000]
store_ln49              (store        ) [ 0000000000000000000000000000000000000000000000000000000000000000000000000000000000000000000000000000000000000000000000000000000000000000000000000]
store_ln63              (store        ) [ 0000000000000000000000000000000000000000000000000000000000000000000000000000000000000000000000000000000000000000000000000000000000000000000000000]
window_2_3_loc_1_load_2 (load         ) [ 0001000000000000000000000000000000000000000000000000000111000000000000000000000000000000000000000000000000000000000000000000000000000000000000000]
window_2_3_loc_1_load   (load         ) [ 0001000000000000000000000000000000000000000000000000000111100000000000000000000000000000000000000000000000000000000000000000000000000000000000000]
store_ln49              (store        ) [ 0000000000000000000000000000000000000000000000000000000000000000000000000000000000000000000000000000000000000000000000000000000000000000000000000]
acc_1_1_2               (fadd         ) [ 0001000000000000000000000000000000000000000000000000000000111110000000000000000000000000000000000000000000000000000000000000000000000000000000000]
mul_2_2                 (fmul         ) [ 0001000000000000000000000000000000000000000000000000000000111111111111111111111111100000000000000000000000000000000000000000000000000000000000000]
mul_2_3                 (fmul         ) [ 0001000000000000000000000000000000000000000000000000000000111111111111111111111111111111000000000000000000000000000000000000000000000000000000000]
mul_2_4                 (fmul         ) [ 0001000000000000000000000000000000000000000000000000000000111111111111111111111111111111111110000000000000000000000000000000000000000000000000000]
window_2_3_loc_1_add    (fadd         ) [ 0001000000000000000000000000000000000000000000000000000000010000000000000000000000000000000000000000000000000000000000000000000000000000000000000]
window_2_2_loc_1_load_1 (load         ) [ 0000000000000000000000000000000000000000000000000000000000000000000000000000000000000000000000000000000000000000000000000000000000000000000000000]
store_ln49              (store        ) [ 0000000000000000000000000000000000000000000000000000000000000000000000000000000000000000000000000000000000000000000000000000000000000000000000000]
window_2_2_loc_1_load_2 (load         ) [ 0001000000000000000000000000000000000000000000000000000000001110000000000000000000000000000000000000000000000000000000000000000000000000000000000]
window_2_2_loc_1_load   (load         ) [ 0001000000000000000000000000000000000000000000000000000000001111000000000000000000000000000000000000000000000000000000000000000000000000000000000]
store_ln0               (store        ) [ 0000000000000000000000000000000000000000000000000000000000000000000000000000000000000000000000000000000000000000000000000000000000000000000000000]
acc_1_1_3               (fadd         ) [ 0001000000000000000000000000000000000000000000000000000000000001111100000000000000000000000000000000000000000000000000000000000000000000000000000]
mul_2_1                 (fmul         ) [ 0001000000000000000000000000000000000000000000000000000000000001111111111111110000000000000000000000000000000000000000000000000000000000000000000]
window_2_2_loc_1_add    (fadd         ) [ 0001000000000000000000000000000000000000000000000000000000000000100000000000000000000000000000000000000000000000000000000000000000000000000000000]
window_load_2           (load         ) [ 0001000000000000000000000000000000000000000000000000000000000000011100000000000000000000000000000000000000000000000000000000000000000000000000000]
store_ln0               (store        ) [ 0000000000000000000000000000000000000000000000000000000000000000000000000000000000000000000000000000000000000000000000000000000000000000000000000]
acc_1_1_4               (fadd         ) [ 0001000000000000000000000000000000000000000000000000000000000000000011111000000000000000000000000000000000000000000000000000000000000000000000000]
mul_2                   (fmul         ) [ 0001000000000000000000000000000000000000000000000000000000000000000011111000000000000000000000000000000000000000000000000000000000000000000000000]
acc_1_2                 (fadd         ) [ 0001000000000000000000000000000000000000000000000000000000000000000000000111110000000000000000000000000000000000000000000000000000000000000000000]
acc_1_2_1               (fadd         ) [ 0001000000000000000000000000000000000000000000000000000000000000000000000000001111100000000000000000000000000000000000000000000000000000000000000]
window_3_3_loc_1_load_1 (load         ) [ 0000000000000000000000000000000000000000000000000000000000000000000000000000000000000000000000000000000000000000000000000000000000000000000000000]
store_ln49              (store        ) [ 0000000000000000000000000000000000000000000000000000000000000000000000000000000000000000000000000000000000000000000000000000000000000000000000000]
window_3_4_load         (load         ) [ 0001000000000000000000000000000000000000000000000000000000000000000000000000000011100000000000000000000000000000000000000000000000000000000000000]
store_ln49              (store        ) [ 0000000000000000000000000000000000000000000000000000000000000000000000000000000000000000000000000000000000000000000000000000000000000000000000000]
store_ln63              (store        ) [ 0000000000000000000000000000000000000000000000000000000000000000000000000000000000000000000000000000000000000000000000000000000000000000000000000]
window_3_3_loc_1_load_2 (load         ) [ 0001000000000000000000000000000000000000000000000000000000000000000000000000000011100000000000000000000000000000000000000000000000000000000000000]
window_3_3_loc_1_load   (load         ) [ 0001000000000000000000000000000000000000000000000000000000000000000000000000000011110000000000000000000000000000000000000000000000000000000000000]
store_ln49              (store        ) [ 0000000000000000000000000000000000000000000000000000000000000000000000000000000000000000000000000000000000000000000000000000000000000000000000000]
acc_1_2_2               (fadd         ) [ 0001000000000000000000000000000000000000000000000000000000000000000000000000000000011111000000000000000000000000000000000000000000000000000000000]
mul_3_2                 (fmul         ) [ 0001000000000000000000000000000000000000000000000000000000000000000000000000000000011111111111111111111111110000000000000000000000000000000000000]
mul_3_3                 (fmul         ) [ 0001000000000000000000000000000000000000000000000000000000000000000000000000000000011111111111111111111111111111100000000000000000000000000000000]
mul_3_4                 (fmul         ) [ 0001000000000000000000000000000000000000000000000000000000000000000000000000000000011111111111111111111111111111111111000000000000000000000000000]
window_3_3_loc_1_add    (fadd         ) [ 0001000000000000000000000000000000000000000000000000000000000000000000000000000000001000000000000000000000000000000000000000000000000000000000000]
window_3_2_loc_1_load_1 (load         ) [ 0000000000000000000000000000000000000000000000000000000000000000000000000000000000000000000000000000000000000000000000000000000000000000000000000]
store_ln49              (store        ) [ 0000000000000000000000000000000000000000000000000000000000000000000000000000000000000000000000000000000000000000000000000000000000000000000000000]
window_3_2_loc_1_load41 (load         ) [ 0001000000000000000000000000000000000000000000000000000000000000000000000000000000000111000000000000000000000000000000000000000000000000000000000]
window_3_2_loc_1_load   (load         ) [ 0001000000000000000000000000000000000000000000000000000000000000000000000000000000000111100000000000000000000000000000000000000000000000000000000]
store_ln0               (store        ) [ 0000000000000000000000000000000000000000000000000000000000000000000000000000000000000000000000000000000000000000000000000000000000000000000000000]
acc_1_2_3               (fadd         ) [ 0001000000000000000000000000000000000000000000000000000000000000000000000000000000000000111110000000000000000000000000000000000000000000000000000]
mul_3_1                 (fmul         ) [ 0001000000000000000000000000000000000000000000000000000000000000000000000000000000000000111111111111111000000000000000000000000000000000000000000]
window_3_2_loc_1_add    (fadd         ) [ 0001000000000000000000000000000000000000000000000000000000000000000000000000000000000000010000000000000000000000000000000000000000000000000000000]
window_load_1           (load         ) [ 0001000000000000000000000000000000000000000000000000000000000000000000000000000000000000001110000000000000000000000000000000000000000000000000000]
store_ln0               (store        ) [ 0000000000000000000000000000000000000000000000000000000000000000000000000000000000000000000000000000000000000000000000000000000000000000000000000]
acc_1_2_4               (fadd         ) [ 0001000000000000000000000000000000000000000000000000000000000000000000000000000000000000000001111100000000000000000000000000000000000000000000000]
mul_3                   (fmul         ) [ 0001000000000000000000000000000000000000000000000000000000000000000000000000000000000000000001111100000000000000000000000000000000000000000000000]
acc_1_3                 (fadd         ) [ 0001000000000000000000000000000000000000000000000000000000000000000000000000000000000000000000000011111000000000000000000000000000000000000000000]
acc_1_3_1               (fadd         ) [ 0001000000000000000000000000000000000000000000000000000000000000000000000000000000000000000000000000000111110000000000000000000000000000000000000]
window_4_3_loc_1_load_1 (load         ) [ 0000000000000000000000000000000000000000000000000000000000000000000000000000000000000000000000000000000000000000000000000000000000000000000000000]
store_ln49              (store        ) [ 0000000000000000000000000000000000000000000000000000000000000000000000000000000000000000000000000000000000000000000000000000000000000000000000000]
window_4_4_load         (load         ) [ 0001000000000000000000000000000000000000000000000000000000000000000000000000000000000000000000000000000001110000000000000000000000000000000000000]
store_ln49              (store        ) [ 0000000000000000000000000000000000000000000000000000000000000000000000000000000000000000000000000000000000000000000000000000000000000000000000000]
store_ln71              (store        ) [ 0000000000000000000000000000000000000000000000000000000000000000000000000000000000000000000000000000000000000000000000000000000000000000000000000]
window_4_3_loc_1_load_2 (load         ) [ 0001000000000000000000000000000000000000000000000000000000000000000000000000000000000000000000000000000001110000000000000000000000000000000000000]
window_4_3_loc_1_load   (load         ) [ 0001000000000000000000000000000000000000000000000000000000000000000000000000000000000000000000000000000001111000000000000000000000000000000000000]
store_ln49              (store        ) [ 0000000000000000000000000000000000000000000000000000000000000000000000000000000000000000000000000000000000000000000000000000000000000000000000000]
acc_1_3_2               (fadd         ) [ 0001000000000000000000000000000000000000000000000000000000000000000000000000000000000000000000000000000000001111100000000000000000000000000000000]
mul_4_2                 (fmul         ) [ 0001000000000000000000000000000000000000000000000000000000000000000000000000000000000000000000000000000000001111111111111111111111111000000000000]
mul_4_3                 (fmul         ) [ 0001000000000000000000000000000000000000000000000000000000000000000000000000000000000000000000000000000000001111111111111111111111111111110000000]
mul_4_4                 (fmul         ) [ 0001000000000000000000000000000000000000000000000000000000000000000000000000000000000000000000000000000000001111111111111111111111111111111111100]
window_4_3_loc_1_add    (fadd         ) [ 0001000000000000000000000000000000000000000000000000000000000000000000000000000000000000000000000000000000000100000000000000000000000000000000000]
window_4_2_loc_1_load_1 (load         ) [ 0000000000000000000000000000000000000000000000000000000000000000000000000000000000000000000000000000000000000000000000000000000000000000000000000]
specloopname_ln0        (specloopname ) [ 0000000000000000000000000000000000000000000000000000000000000000000000000000000000000000000000000000000000000000000000000000000000000000000000000]
specpipeline_ln43       (specpipeline ) [ 0000000000000000000000000000000000000000000000000000000000000000000000000000000000000000000000000000000000000000000000000000000000000000000000000]
specloopname_ln43       (specloopname ) [ 0000000000000000000000000000000000000000000000000000000000000000000000000000000000000000000000000000000000000000000000000000000000000000000000000]
store_ln49              (store        ) [ 0000000000000000000000000000000000000000000000000000000000000000000000000000000000000000000000000000000000000000000000000000000000000000000000000]
window_4_2_loc_1_load_2 (load         ) [ 0001000000000000000000000000000000000000000000000000000000000000000000000000000000000000000000000000000000000011100000000000000000000000000000000]
window_4_2_loc_1_load   (load         ) [ 0001000000000000000000000000000000000000000000000000000000000000000000000000000000000000000000000000000000000011110000000000000000000000000000000]
store_ln0               (store        ) [ 0000000000000000000000000000000000000000000000000000000000000000000000000000000000000000000000000000000000000000000000000000000000000000000000000]
acc_1_3_3               (fadd         ) [ 0001000000000000000000000000000000000000000000000000000000000000000000000000000000000000000000000000000000000000011111000000000000000000000000000]
mul_4_1                 (fmul         ) [ 0001000000000000000000000000000000000000000000000000000000000000000000000000000000000000000000000000000000000000011111111111111100000000000000000]
window_4_2_loc_1_add    (fadd         ) [ 0001000000000000000000000000000000000000000000000000000000000000000000000000000000000000000000000000000000000000001000000000000000000000000000000]
window_load             (load         ) [ 0001000000000000000000000000000000000000000000000000000000000000000000000000000000000000000000000000000000000000000111000000000000000000000000000]
store_ln0               (store        ) [ 0000000000000000000000000000000000000000000000000000000000000000000000000000000000000000000000000000000000000000000000000000000000000000000000000]
br_ln0                  (br           ) [ 0000000000000000000000000000000000000000000000000000000000000000000000000000000000000000000000000000000000000000000000000000000000000000000000000]
acc_1_3_4               (fadd         ) [ 0001000000000000000000000000000000000000000000000000000000000000000000000000000000000000000000000000000000000000000000111110000000000000000000000]
mul_4                   (fmul         ) [ 0001000000000000000000000000000000000000000000000000000000000000000000000000000000000000000000000000000000000000000000111110000000000000000000000]
acc_1_4                 (fadd         ) [ 0001000000000000000000000000000000000000000000000000000000000000000000000000000000000000000000000000000000000000000000000001111100000000000000000]
acc_1_4_1               (fadd         ) [ 0001000000000000000000000000000000000000000000000000000000000000000000000000000000000000000000000000000000000000000000000000000011111000000000000]
acc_1_4_2               (fadd         ) [ 0001000000000000000000000000000000000000000000000000000000000000000000000000000000000000000000000000000000000000000000000000000000000111110000000]
acc_1_4_3               (fadd         ) [ 0001000000000000000000000000000000000000000000000000000000000000000000000000000000000000000000000000000000000000000000000000000000000000001111100]
acc_1_4_4               (fadd         ) [ 0000000000000000000000000000000000000000000000000000000000000000000000000000000000000000000000000000000000000000000000000000000000000000000000000]
out_pkt_data_V          (bitcast      ) [ 0001000000000000000000000000000000000000000000000000000000000000000000000000000000000000000000000000000000000000000000000000000000000000000000010]
write_ln304             (write        ) [ 0000000000000000000000000000000000000000000000000000000000000000000000000000000000000000000000000000000000000000000000000000000000000000000000000]
br_ln94                 (br           ) [ 0000000000000000000000000000000000000000000000000000000000000000000000000000000000000000000000000000000000000000000000000000000000000000000000000]
ret_ln97                (ret          ) [ 0000000000000000000000000000000000000000000000000000000000000000000000000000000000000000000000000000000000000000000000000000000000000000000000000]
</LifeTime>

<model>

<comp_list>
<comp id="0" class="1000" name="in_stream_V_data_V">
<pin_list>
<pin id="1" dir="1" index="0" bw="1" slack="0"/>
</pin_list>
<bind>
<StgValue><ssdm name="in_stream_V_data_V"/></StgValue>
</bind>
</comp>

<comp id="2" class="1000" name="in_stream_V_keep_V">
<pin_list>
<pin id="3" dir="1" index="0" bw="1" slack="0"/>
</pin_list>
<bind>
<StgValue><ssdm name="in_stream_V_keep_V"/></StgValue>
</bind>
</comp>

<comp id="4" class="1000" name="in_stream_V_strb_V">
<pin_list>
<pin id="5" dir="1" index="0" bw="1" slack="0"/>
</pin_list>
<bind>
<StgValue><ssdm name="in_stream_V_strb_V"/></StgValue>
</bind>
</comp>

<comp id="6" class="1000" name="in_stream_V_user_V">
<pin_list>
<pin id="7" dir="1" index="0" bw="1" slack="0"/>
</pin_list>
<bind>
<StgValue><ssdm name="in_stream_V_user_V"/></StgValue>
</bind>
</comp>

<comp id="8" class="1000" name="in_stream_V_last_V">
<pin_list>
<pin id="9" dir="1" index="0" bw="1" slack="0"/>
</pin_list>
<bind>
<StgValue><ssdm name="in_stream_V_last_V"/></StgValue>
</bind>
</comp>

<comp id="10" class="1000" name="in_stream_V_id_V">
<pin_list>
<pin id="11" dir="1" index="0" bw="1" slack="0"/>
</pin_list>
<bind>
<StgValue><ssdm name="in_stream_V_id_V"/></StgValue>
</bind>
</comp>

<comp id="12" class="1000" name="in_stream_V_dest_V">
<pin_list>
<pin id="13" dir="1" index="0" bw="1" slack="0"/>
</pin_list>
<bind>
<StgValue><ssdm name="in_stream_V_dest_V"/></StgValue>
</bind>
</comp>

<comp id="14" class="1000" name="out_stream_V_data_V">
<pin_list>
<pin id="15" dir="1" index="0" bw="1" slack="0"/>
</pin_list>
<bind>
<StgValue><ssdm name="out_stream_V_data_V"/></StgValue>
</bind>
</comp>

<comp id="16" class="1000" name="out_stream_V_keep_V">
<pin_list>
<pin id="17" dir="1" index="0" bw="1" slack="0"/>
</pin_list>
<bind>
<StgValue><ssdm name="out_stream_V_keep_V"/></StgValue>
</bind>
</comp>

<comp id="18" class="1000" name="out_stream_V_strb_V">
<pin_list>
<pin id="19" dir="1" index="0" bw="1" slack="0"/>
</pin_list>
<bind>
<StgValue><ssdm name="out_stream_V_strb_V"/></StgValue>
</bind>
</comp>

<comp id="20" class="1000" name="out_stream_V_user_V">
<pin_list>
<pin id="21" dir="1" index="0" bw="1" slack="0"/>
</pin_list>
<bind>
<StgValue><ssdm name="out_stream_V_user_V"/></StgValue>
</bind>
</comp>

<comp id="22" class="1000" name="out_stream_V_last_V">
<pin_list>
<pin id="23" dir="1" index="0" bw="1" slack="0"/>
</pin_list>
<bind>
<StgValue><ssdm name="out_stream_V_last_V"/></StgValue>
</bind>
</comp>

<comp id="24" class="1000" name="out_stream_V_id_V">
<pin_list>
<pin id="25" dir="1" index="0" bw="1" slack="0"/>
</pin_list>
<bind>
<StgValue><ssdm name="out_stream_V_id_V"/></StgValue>
</bind>
</comp>

<comp id="26" class="1000" name="out_stream_V_dest_V">
<pin_list>
<pin id="27" dir="1" index="0" bw="1" slack="0"/>
</pin_list>
<bind>
<StgValue><ssdm name="out_stream_V_dest_V"/></StgValue>
</bind>
</comp>

<comp id="28" class="1000" name="kernel_in_0_0">
<pin_list>
<pin id="29" dir="1" index="0" bw="1" slack="0"/>
</pin_list>
<bind>
<StgValue><ssdm name="kernel_in_0_0"/></StgValue>
</bind>
</comp>

<comp id="30" class="1000" name="kernel_in_0_1">
<pin_list>
<pin id="31" dir="1" index="0" bw="1" slack="0"/>
</pin_list>
<bind>
<StgValue><ssdm name="kernel_in_0_1"/></StgValue>
</bind>
</comp>

<comp id="32" class="1000" name="kernel_in_0_2">
<pin_list>
<pin id="33" dir="1" index="0" bw="1" slack="0"/>
</pin_list>
<bind>
<StgValue><ssdm name="kernel_in_0_2"/></StgValue>
</bind>
</comp>

<comp id="34" class="1000" name="kernel_in_0_3">
<pin_list>
<pin id="35" dir="1" index="0" bw="1" slack="0"/>
</pin_list>
<bind>
<StgValue><ssdm name="kernel_in_0_3"/></StgValue>
</bind>
</comp>

<comp id="36" class="1000" name="kernel_in_0_4">
<pin_list>
<pin id="37" dir="1" index="0" bw="1" slack="0"/>
</pin_list>
<bind>
<StgValue><ssdm name="kernel_in_0_4"/></StgValue>
</bind>
</comp>

<comp id="38" class="1000" name="kernel_in_1_0">
<pin_list>
<pin id="39" dir="1" index="0" bw="1" slack="0"/>
</pin_list>
<bind>
<StgValue><ssdm name="kernel_in_1_0"/></StgValue>
</bind>
</comp>

<comp id="40" class="1000" name="kernel_in_1_1">
<pin_list>
<pin id="41" dir="1" index="0" bw="1" slack="0"/>
</pin_list>
<bind>
<StgValue><ssdm name="kernel_in_1_1"/></StgValue>
</bind>
</comp>

<comp id="42" class="1000" name="kernel_in_1_2">
<pin_list>
<pin id="43" dir="1" index="0" bw="1" slack="0"/>
</pin_list>
<bind>
<StgValue><ssdm name="kernel_in_1_2"/></StgValue>
</bind>
</comp>

<comp id="44" class="1000" name="kernel_in_1_3">
<pin_list>
<pin id="45" dir="1" index="0" bw="1" slack="0"/>
</pin_list>
<bind>
<StgValue><ssdm name="kernel_in_1_3"/></StgValue>
</bind>
</comp>

<comp id="46" class="1000" name="kernel_in_1_4">
<pin_list>
<pin id="47" dir="1" index="0" bw="1" slack="0"/>
</pin_list>
<bind>
<StgValue><ssdm name="kernel_in_1_4"/></StgValue>
</bind>
</comp>

<comp id="48" class="1000" name="kernel_in_2_0">
<pin_list>
<pin id="49" dir="1" index="0" bw="1" slack="0"/>
</pin_list>
<bind>
<StgValue><ssdm name="kernel_in_2_0"/></StgValue>
</bind>
</comp>

<comp id="50" class="1000" name="kernel_in_2_1">
<pin_list>
<pin id="51" dir="1" index="0" bw="1" slack="0"/>
</pin_list>
<bind>
<StgValue><ssdm name="kernel_in_2_1"/></StgValue>
</bind>
</comp>

<comp id="52" class="1000" name="kernel_in_2_2">
<pin_list>
<pin id="53" dir="1" index="0" bw="1" slack="0"/>
</pin_list>
<bind>
<StgValue><ssdm name="kernel_in_2_2"/></StgValue>
</bind>
</comp>

<comp id="54" class="1000" name="kernel_in_2_3">
<pin_list>
<pin id="55" dir="1" index="0" bw="1" slack="0"/>
</pin_list>
<bind>
<StgValue><ssdm name="kernel_in_2_3"/></StgValue>
</bind>
</comp>

<comp id="56" class="1000" name="kernel_in_2_4">
<pin_list>
<pin id="57" dir="1" index="0" bw="1" slack="0"/>
</pin_list>
<bind>
<StgValue><ssdm name="kernel_in_2_4"/></StgValue>
</bind>
</comp>

<comp id="58" class="1000" name="kernel_in_3_0">
<pin_list>
<pin id="59" dir="1" index="0" bw="1" slack="0"/>
</pin_list>
<bind>
<StgValue><ssdm name="kernel_in_3_0"/></StgValue>
</bind>
</comp>

<comp id="60" class="1000" name="kernel_in_3_1">
<pin_list>
<pin id="61" dir="1" index="0" bw="1" slack="0"/>
</pin_list>
<bind>
<StgValue><ssdm name="kernel_in_3_1"/></StgValue>
</bind>
</comp>

<comp id="62" class="1000" name="kernel_in_3_2">
<pin_list>
<pin id="63" dir="1" index="0" bw="1" slack="0"/>
</pin_list>
<bind>
<StgValue><ssdm name="kernel_in_3_2"/></StgValue>
</bind>
</comp>

<comp id="64" class="1000" name="kernel_in_3_3">
<pin_list>
<pin id="65" dir="1" index="0" bw="1" slack="0"/>
</pin_list>
<bind>
<StgValue><ssdm name="kernel_in_3_3"/></StgValue>
</bind>
</comp>

<comp id="66" class="1000" name="kernel_in_3_4">
<pin_list>
<pin id="67" dir="1" index="0" bw="1" slack="0"/>
</pin_list>
<bind>
<StgValue><ssdm name="kernel_in_3_4"/></StgValue>
</bind>
</comp>

<comp id="68" class="1000" name="kernel_in_4_0">
<pin_list>
<pin id="69" dir="1" index="0" bw="1" slack="0"/>
</pin_list>
<bind>
<StgValue><ssdm name="kernel_in_4_0"/></StgValue>
</bind>
</comp>

<comp id="70" class="1000" name="kernel_in_4_1">
<pin_list>
<pin id="71" dir="1" index="0" bw="1" slack="0"/>
</pin_list>
<bind>
<StgValue><ssdm name="kernel_in_4_1"/></StgValue>
</bind>
</comp>

<comp id="72" class="1000" name="kernel_in_4_2">
<pin_list>
<pin id="73" dir="1" index="0" bw="1" slack="0"/>
</pin_list>
<bind>
<StgValue><ssdm name="kernel_in_4_2"/></StgValue>
</bind>
</comp>

<comp id="74" class="1000" name="kernel_in_4_3">
<pin_list>
<pin id="75" dir="1" index="0" bw="1" slack="0"/>
</pin_list>
<bind>
<StgValue><ssdm name="kernel_in_4_3"/></StgValue>
</bind>
</comp>

<comp id="76" class="1000" name="kernel_in_4_4">
<pin_list>
<pin id="77" dir="1" index="0" bw="1" slack="0"/>
</pin_list>
<bind>
<StgValue><ssdm name="kernel_in_4_4"/></StgValue>
</bind>
</comp>

<comp id="78" class="1000" name="img_size">
<pin_list>
<pin id="79" dir="1" index="0" bw="1" slack="0"/>
</pin_list>
<bind>
<StgValue><ssdm name="img_size"/></StgValue>
</bind>
</comp>

<comp id="80" class="1000" name="window_0_1">
<pin_list>
<pin id="81" dir="1" index="0" bw="1" slack="0"/>
</pin_list>
<bind>
<StgValue><ssdm name="window_0_1"/></StgValue>
</bind>
</comp>

<comp id="82" class="1000" name="window_0_2">
<pin_list>
<pin id="83" dir="1" index="0" bw="1" slack="0"/>
</pin_list>
<bind>
<StgValue><ssdm name="window_0_2"/></StgValue>
</bind>
</comp>

<comp id="84" class="1000" name="window_0_3">
<pin_list>
<pin id="85" dir="1" index="0" bw="1" slack="0"/>
</pin_list>
<bind>
<StgValue><ssdm name="window_0_3"/></StgValue>
</bind>
</comp>

<comp id="86" class="1000" name="window_1_1">
<pin_list>
<pin id="87" dir="1" index="0" bw="1" slack="0"/>
</pin_list>
<bind>
<StgValue><ssdm name="window_1_1"/></StgValue>
</bind>
</comp>

<comp id="88" class="1000" name="window_1_2">
<pin_list>
<pin id="89" dir="1" index="0" bw="1" slack="0"/>
</pin_list>
<bind>
<StgValue><ssdm name="window_1_2"/></StgValue>
</bind>
</comp>

<comp id="90" class="1000" name="window_1_3">
<pin_list>
<pin id="91" dir="1" index="0" bw="1" slack="0"/>
</pin_list>
<bind>
<StgValue><ssdm name="window_1_3"/></StgValue>
</bind>
</comp>

<comp id="92" class="1000" name="window_2_1">
<pin_list>
<pin id="93" dir="1" index="0" bw="1" slack="0"/>
</pin_list>
<bind>
<StgValue><ssdm name="window_2_1"/></StgValue>
</bind>
</comp>

<comp id="94" class="1000" name="window_2_2">
<pin_list>
<pin id="95" dir="1" index="0" bw="1" slack="0"/>
</pin_list>
<bind>
<StgValue><ssdm name="window_2_2"/></StgValue>
</bind>
</comp>

<comp id="96" class="1000" name="window_2_3">
<pin_list>
<pin id="97" dir="1" index="0" bw="1" slack="0"/>
</pin_list>
<bind>
<StgValue><ssdm name="window_2_3"/></StgValue>
</bind>
</comp>

<comp id="98" class="1000" name="window_3_1">
<pin_list>
<pin id="99" dir="1" index="0" bw="1" slack="0"/>
</pin_list>
<bind>
<StgValue><ssdm name="window_3_1"/></StgValue>
</bind>
</comp>

<comp id="100" class="1000" name="window_3_2">
<pin_list>
<pin id="101" dir="1" index="0" bw="1" slack="0"/>
</pin_list>
<bind>
<StgValue><ssdm name="window_3_2"/></StgValue>
</bind>
</comp>

<comp id="102" class="1000" name="window_3_3">
<pin_list>
<pin id="103" dir="1" index="0" bw="1" slack="0"/>
</pin_list>
<bind>
<StgValue><ssdm name="window_3_3"/></StgValue>
</bind>
</comp>

<comp id="104" class="1000" name="window_4_1">
<pin_list>
<pin id="105" dir="1" index="0" bw="1" slack="0"/>
</pin_list>
<bind>
<StgValue><ssdm name="window_4_1"/></StgValue>
</bind>
</comp>

<comp id="106" class="1000" name="window_4_2">
<pin_list>
<pin id="107" dir="1" index="0" bw="1" slack="0"/>
</pin_list>
<bind>
<StgValue><ssdm name="window_4_2"/></StgValue>
</bind>
</comp>

<comp id="108" class="1000" name="window_4_3">
<pin_list>
<pin id="109" dir="1" index="0" bw="1" slack="0"/>
</pin_list>
<bind>
<StgValue><ssdm name="window_4_3"/></StgValue>
</bind>
</comp>

<comp id="110" class="1000" name="line_buf_0">
<pin_list>
<pin id="111" dir="1" index="0" bw="1" slack="0"/>
</pin_list>
<bind>
<StgValue><ssdm name="line_buf_0"/><MemPortTyVec>1 0 </MemPortTyVec>
</StgValue>
</bind>
</comp>

<comp id="112" class="1000" name="window_0_4">
<pin_list>
<pin id="113" dir="1" index="0" bw="1" slack="0"/>
</pin_list>
<bind>
<StgValue><ssdm name="window_0_4"/></StgValue>
</bind>
</comp>

<comp id="114" class="1000" name="line_buf_1">
<pin_list>
<pin id="115" dir="1" index="0" bw="1" slack="0"/>
</pin_list>
<bind>
<StgValue><ssdm name="line_buf_1"/><MemPortTyVec>1 0 </MemPortTyVec>
</StgValue>
</bind>
</comp>

<comp id="116" class="1000" name="window_1_4">
<pin_list>
<pin id="117" dir="1" index="0" bw="1" slack="0"/>
</pin_list>
<bind>
<StgValue><ssdm name="window_1_4"/></StgValue>
</bind>
</comp>

<comp id="118" class="1000" name="line_buf_2">
<pin_list>
<pin id="119" dir="1" index="0" bw="1" slack="0"/>
</pin_list>
<bind>
<StgValue><ssdm name="line_buf_2"/><MemPortTyVec>1 0 </MemPortTyVec>
</StgValue>
</bind>
</comp>

<comp id="120" class="1000" name="window_2_4">
<pin_list>
<pin id="121" dir="1" index="0" bw="1" slack="0"/>
</pin_list>
<bind>
<StgValue><ssdm name="window_2_4"/></StgValue>
</bind>
</comp>

<comp id="122" class="1000" name="line_buf_3">
<pin_list>
<pin id="123" dir="1" index="0" bw="1" slack="0"/>
</pin_list>
<bind>
<StgValue><ssdm name="line_buf_3"/><MemPortTyVec>1 0 </MemPortTyVec>
</StgValue>
</bind>
</comp>

<comp id="124" class="1000" name="window_3_4">
<pin_list>
<pin id="125" dir="1" index="0" bw="1" slack="0"/>
</pin_list>
<bind>
<StgValue><ssdm name="window_3_4"/></StgValue>
</bind>
</comp>

<comp id="126" class="1000" name="window_4_4">
<pin_list>
<pin id="127" dir="1" index="0" bw="1" slack="0"/>
</pin_list>
<bind>
<StgValue><ssdm name="window_4_4"/></StgValue>
</bind>
</comp>

<comp id="128" class="1001" name="const_128">
<pin_list>
<pin id="129" dir="1" index="0" bw="1" slack="0"/>
</pin_list>
<bind>
<StgValue><ssdm name=""/></StgValue>
</bind>
</comp>

<comp id="130" class="1001" name="const_130">
<pin_list>
<pin id="131" dir="1" index="0" bw="1" slack="0"/>
</pin_list>
<bind>
<StgValue><ssdm name="_ssdm_op_Read.s_axilite.i32"/></StgValue>
</bind>
</comp>

<comp id="132" class="1001" name="const_132">
<pin_list>
<pin id="133" dir="1" index="0" bw="1" slack="0"/>
</pin_list>
<bind>
<StgValue><ssdm name=""/></StgValue>
</bind>
</comp>

<comp id="134" class="1001" name="const_134">
<pin_list>
<pin id="135" dir="1" index="0" bw="1" slack="0"/>
</pin_list>
<bind>
<StgValue><ssdm name="_ssdm_op_Read.s_axilite.i32P0A"/></StgValue>
</bind>
</comp>

<comp id="136" class="1001" name="const_136">
<pin_list>
<pin id="137" dir="1" index="0" bw="1" slack="0"/>
</pin_list>
<bind>
<StgValue><ssdm name=""/></StgValue>
</bind>
</comp>

<comp id="138" class="1001" name="const_138">
<pin_list>
<pin id="139" dir="1" index="0" bw="1" slack="0"/>
</pin_list>
<bind>
<StgValue><ssdm name=""/></StgValue>
</bind>
</comp>

<comp id="140" class="1001" name="const_140">
<pin_list>
<pin id="141" dir="1" index="0" bw="1" slack="0"/>
</pin_list>
<bind>
<StgValue><ssdm name=""/></StgValue>
</bind>
</comp>

<comp id="142" class="1001" name="const_142">
<pin_list>
<pin id="143" dir="1" index="0" bw="1" slack="0"/>
</pin_list>
<bind>
<StgValue><ssdm name=""/></StgValue>
</bind>
</comp>

<comp id="144" class="1001" name="const_144">
<pin_list>
<pin id="145" dir="1" index="0" bw="1" slack="0"/>
</pin_list>
<bind>
<StgValue><ssdm name=""/></StgValue>
</bind>
</comp>

<comp id="146" class="1001" name="const_146">
<pin_list>
<pin id="147" dir="1" index="0" bw="1" slack="2147483647"/>
</pin_list>
<bind>
<StgValue><ssdm name="_ssdm_op_SpecTopModule"/></StgValue>
</bind>
</comp>

<comp id="148" class="1001" name="const_148">
<pin_list>
<pin id="149" dir="1" index="0" bw="1" slack="2147483647"/>
</pin_list>
<bind>
<StgValue><ssdm name="empty_5"/></StgValue>
</bind>
</comp>

<comp id="150" class="1001" name="const_150">
<pin_list>
<pin id="151" dir="1" index="0" bw="1" slack="2147483647"/>
</pin_list>
<bind>
<StgValue><ssdm name="_ssdm_op_SpecInterface"/></StgValue>
</bind>
</comp>

<comp id="152" class="1001" name="const_152">
<pin_list>
<pin id="153" dir="1" index="0" bw="1" slack="2147483647"/>
</pin_list>
<bind>
<StgValue><ssdm name="empty_9"/></StgValue>
</bind>
</comp>

<comp id="154" class="1001" name="const_154">
<pin_list>
<pin id="155" dir="1" index="0" bw="1" slack="2147483647"/>
</pin_list>
<bind>
<StgValue><ssdm name="empty_24"/></StgValue>
</bind>
</comp>

<comp id="156" class="1001" name="const_156">
<pin_list>
<pin id="157" dir="1" index="0" bw="1" slack="2147483647"/>
</pin_list>
<bind>
<StgValue><ssdm name=""/></StgValue>
</bind>
</comp>

<comp id="158" class="1001" name="const_158">
<pin_list>
<pin id="159" dir="1" index="0" bw="1" slack="2147483647"/>
</pin_list>
<bind>
<StgValue><ssdm name="empty_4"/></StgValue>
</bind>
</comp>

<comp id="160" class="1001" name="const_160">
<pin_list>
<pin id="161" dir="1" index="0" bw="1" slack="2147483647"/>
</pin_list>
<bind>
<StgValue><ssdm name="_ssdm_op_SpecBitsMap"/></StgValue>
</bind>
</comp>

<comp id="162" class="1001" name="const_162">
<pin_list>
<pin id="163" dir="1" index="0" bw="1" slack="2147483647"/>
</pin_list>
<bind>
<StgValue><ssdm name="empty"/></StgValue>
</bind>
</comp>

<comp id="164" class="1001" name="const_164">
<pin_list>
<pin id="165" dir="1" index="0" bw="1" slack="2147483647"/>
</pin_list>
<bind>
<StgValue><ssdm name="empty_6"/></StgValue>
</bind>
</comp>

<comp id="166" class="1001" name="const_166">
<pin_list>
<pin id="167" dir="1" index="0" bw="1" slack="2147483647"/>
</pin_list>
<bind>
<StgValue><ssdm name="empty_7"/></StgValue>
</bind>
</comp>

<comp id="168" class="1001" name="const_168">
<pin_list>
<pin id="169" dir="1" index="0" bw="1" slack="2147483647"/>
</pin_list>
<bind>
<StgValue><ssdm name="empty_10"/></StgValue>
</bind>
</comp>

<comp id="170" class="1001" name="const_170">
<pin_list>
<pin id="171" dir="1" index="0" bw="1" slack="2147483647"/>
</pin_list>
<bind>
<StgValue><ssdm name="empty_30"/></StgValue>
</bind>
</comp>

<comp id="172" class="1001" name="const_172">
<pin_list>
<pin id="173" dir="1" index="0" bw="1" slack="2147483647"/>
</pin_list>
<bind>
<StgValue><ssdm name="empty_32"/></StgValue>
</bind>
</comp>

<comp id="174" class="1001" name="const_174">
<pin_list>
<pin id="175" dir="1" index="0" bw="1" slack="2147483647"/>
</pin_list>
<bind>
<StgValue><ssdm name="empty_25"/></StgValue>
</bind>
</comp>

<comp id="176" class="1001" name="const_176">
<pin_list>
<pin id="177" dir="1" index="0" bw="1" slack="2147483647"/>
</pin_list>
<bind>
<StgValue><ssdm name="empty_11"/></StgValue>
</bind>
</comp>

<comp id="178" class="1001" name="const_178">
<pin_list>
<pin id="179" dir="1" index="0" bw="1" slack="2147483647"/>
</pin_list>
<bind>
<StgValue><ssdm name="empty_12"/></StgValue>
</bind>
</comp>

<comp id="180" class="1001" name="const_180">
<pin_list>
<pin id="181" dir="1" index="0" bw="1" slack="2147483647"/>
</pin_list>
<bind>
<StgValue><ssdm name="empty_13"/></StgValue>
</bind>
</comp>

<comp id="182" class="1001" name="const_182">
<pin_list>
<pin id="183" dir="1" index="0" bw="1" slack="2147483647"/>
</pin_list>
<bind>
<StgValue><ssdm name="empty_14"/></StgValue>
</bind>
</comp>

<comp id="184" class="1001" name="const_184">
<pin_list>
<pin id="185" dir="1" index="0" bw="1" slack="2147483647"/>
</pin_list>
<bind>
<StgValue><ssdm name="empty_15"/></StgValue>
</bind>
</comp>

<comp id="186" class="1001" name="const_186">
<pin_list>
<pin id="187" dir="1" index="0" bw="1" slack="2147483647"/>
</pin_list>
<bind>
<StgValue><ssdm name="empty_16"/></StgValue>
</bind>
</comp>

<comp id="188" class="1001" name="const_188">
<pin_list>
<pin id="189" dir="1" index="0" bw="1" slack="2147483647"/>
</pin_list>
<bind>
<StgValue><ssdm name="empty_17"/></StgValue>
</bind>
</comp>

<comp id="190" class="1001" name="const_190">
<pin_list>
<pin id="191" dir="1" index="0" bw="1" slack="2147483647"/>
</pin_list>
<bind>
<StgValue><ssdm name="empty_18"/></StgValue>
</bind>
</comp>

<comp id="192" class="1001" name="const_192">
<pin_list>
<pin id="193" dir="1" index="0" bw="1" slack="2147483647"/>
</pin_list>
<bind>
<StgValue><ssdm name="empty_19"/></StgValue>
</bind>
</comp>

<comp id="194" class="1001" name="const_194">
<pin_list>
<pin id="195" dir="1" index="0" bw="1" slack="2147483647"/>
</pin_list>
<bind>
<StgValue><ssdm name="empty_20"/></StgValue>
</bind>
</comp>

<comp id="196" class="1001" name="const_196">
<pin_list>
<pin id="197" dir="1" index="0" bw="1" slack="2147483647"/>
</pin_list>
<bind>
<StgValue><ssdm name="empty_22"/></StgValue>
</bind>
</comp>

<comp id="198" class="1001" name="const_198">
<pin_list>
<pin id="199" dir="1" index="0" bw="1" slack="2147483647"/>
</pin_list>
<bind>
<StgValue><ssdm name="empty_23"/></StgValue>
</bind>
</comp>

<comp id="200" class="1001" name="const_200">
<pin_list>
<pin id="201" dir="1" index="0" bw="1" slack="2147483647"/>
</pin_list>
<bind>
<StgValue><ssdm name="empty_8"/></StgValue>
</bind>
</comp>

<comp id="202" class="1001" name="const_202">
<pin_list>
<pin id="203" dir="1" index="0" bw="1" slack="2147483647"/>
</pin_list>
<bind>
<StgValue><ssdm name="empty_21"/></StgValue>
</bind>
</comp>

<comp id="204" class="1001" name="const_204">
<pin_list>
<pin id="205" dir="1" index="0" bw="1" slack="2147483647"/>
</pin_list>
<bind>
<StgValue><ssdm name="empty_3"/></StgValue>
</bind>
</comp>

<comp id="206" class="1001" name="const_206">
<pin_list>
<pin id="207" dir="1" index="0" bw="1" slack="2147483647"/>
</pin_list>
<bind>
<StgValue><ssdm name="empty_26"/></StgValue>
</bind>
</comp>

<comp id="208" class="1001" name="const_208">
<pin_list>
<pin id="209" dir="1" index="0" bw="1" slack="2147483647"/>
</pin_list>
<bind>
<StgValue><ssdm name="empty_27"/></StgValue>
</bind>
</comp>

<comp id="210" class="1001" name="const_210">
<pin_list>
<pin id="211" dir="1" index="0" bw="1" slack="2147483647"/>
</pin_list>
<bind>
<StgValue><ssdm name="empty_28"/></StgValue>
</bind>
</comp>

<comp id="212" class="1001" name="const_212">
<pin_list>
<pin id="213" dir="1" index="0" bw="1" slack="2147483647"/>
</pin_list>
<bind>
<StgValue><ssdm name="empty_29"/></StgValue>
</bind>
</comp>

<comp id="214" class="1001" name="const_214">
<pin_list>
<pin id="215" dir="1" index="0" bw="1" slack="2147483647"/>
</pin_list>
<bind>
<StgValue><ssdm name="empty_1"/></StgValue>
</bind>
</comp>

<comp id="216" class="1001" name="const_216">
<pin_list>
<pin id="217" dir="1" index="0" bw="1" slack="2147483647"/>
</pin_list>
<bind>
<StgValue><ssdm name="empty_31"/></StgValue>
</bind>
</comp>

<comp id="218" class="1001" name="const_218">
<pin_list>
<pin id="219" dir="1" index="0" bw="1" slack="2147483647"/>
</pin_list>
<bind>
<StgValue><ssdm name="empty_2"/></StgValue>
</bind>
</comp>

<comp id="220" class="1001" name="const_220">
<pin_list>
<pin id="221" dir="1" index="0" bw="1" slack="2147483647"/>
</pin_list>
<bind>
<StgValue><ssdm name="_ssdm_op_SpecMemCore"/></StgValue>
</bind>
</comp>

<comp id="222" class="1001" name="const_222">
<pin_list>
<pin id="223" dir="1" index="0" bw="1" slack="2147483647"/>
</pin_list>
<bind>
<StgValue><ssdm name=""/></StgValue>
</bind>
</comp>

<comp id="224" class="1001" name="const_224">
<pin_list>
<pin id="225" dir="1" index="0" bw="1" slack="2147483647"/>
</pin_list>
<bind>
<StgValue><ssdm name=""/></StgValue>
</bind>
</comp>

<comp id="226" class="1001" name="const_226">
<pin_list>
<pin id="227" dir="1" index="0" bw="1" slack="0"/>
</pin_list>
<bind>
<StgValue><ssdm name=""/></StgValue>
</bind>
</comp>

<comp id="228" class="1001" name="const_228">
<pin_list>
<pin id="229" dir="1" index="0" bw="1" slack="0"/>
</pin_list>
<bind>
<StgValue><ssdm name=""/></StgValue>
</bind>
</comp>

<comp id="230" class="1001" name="const_230">
<pin_list>
<pin id="231" dir="1" index="0" bw="1" slack="0"/>
</pin_list>
<bind>
<StgValue><ssdm name="_ssdm_op_PartSelect.i29.i31.i32.i32"/></StgValue>
</bind>
</comp>

<comp id="232" class="1001" name="const_232">
<pin_list>
<pin id="233" dir="1" index="0" bw="1" slack="0"/>
</pin_list>
<bind>
<StgValue><ssdm name=""/></StgValue>
</bind>
</comp>

<comp id="234" class="1001" name="const_234">
<pin_list>
<pin id="235" dir="1" index="0" bw="1" slack="0"/>
</pin_list>
<bind>
<StgValue><ssdm name=""/></StgValue>
</bind>
</comp>

<comp id="236" class="1001" name="const_236">
<pin_list>
<pin id="237" dir="1" index="0" bw="1" slack="0"/>
</pin_list>
<bind>
<StgValue><ssdm name="_ssdm_op_PartSelect.i30.i31.i32.i32"/></StgValue>
</bind>
</comp>

<comp id="238" class="1001" name="const_238">
<pin_list>
<pin id="239" dir="1" index="0" bw="1" slack="0"/>
</pin_list>
<bind>
<StgValue><ssdm name=""/></StgValue>
</bind>
</comp>

<comp id="240" class="1001" name="const_240">
<pin_list>
<pin id="241" dir="1" index="0" bw="1" slack="0"/>
</pin_list>
<bind>
<StgValue><ssdm name=""/></StgValue>
</bind>
</comp>

<comp id="242" class="1001" name="const_242">
<pin_list>
<pin id="243" dir="1" index="0" bw="1" slack="0"/>
</pin_list>
<bind>
<StgValue><ssdm name=""/></StgValue>
</bind>
</comp>

<comp id="244" class="1001" name="const_244">
<pin_list>
<pin id="245" dir="1" index="0" bw="1" slack="0"/>
</pin_list>
<bind>
<StgValue><ssdm name="_ssdm_op_PartSelect.i8.i9.i32.i32"/></StgValue>
</bind>
</comp>

<comp id="246" class="1001" name="const_246">
<pin_list>
<pin id="247" dir="1" index="0" bw="1" slack="0"/>
</pin_list>
<bind>
<StgValue><ssdm name=""/></StgValue>
</bind>
</comp>

<comp id="248" class="1001" name="const_248">
<pin_list>
<pin id="249" dir="1" index="0" bw="1" slack="0"/>
</pin_list>
<bind>
<StgValue><ssdm name=""/></StgValue>
</bind>
</comp>

<comp id="250" class="1001" name="const_250">
<pin_list>
<pin id="251" dir="1" index="0" bw="1" slack="0"/>
</pin_list>
<bind>
<StgValue><ssdm name="_ssdm_op_Read.axis.volatile.i32P0A.i4P0A.i4P0A.i1P0A.i1P0A.i1P0A.i1P0A"/></StgValue>
</bind>
</comp>

<comp id="252" class="1001" name="const_252">
<pin_list>
<pin id="253" dir="1" index="0" bw="1" slack="0"/>
</pin_list>
<bind>
<StgValue><ssdm name="_ssdm_op_PartSelect.i7.i9.i32.i32"/></StgValue>
</bind>
</comp>

<comp id="254" class="1001" name="const_254">
<pin_list>
<pin id="255" dir="1" index="0" bw="1" slack="0"/>
</pin_list>
<bind>
<StgValue><ssdm name=""/></StgValue>
</bind>
</comp>

<comp id="256" class="1001" name="const_256">
<pin_list>
<pin id="257" dir="1" index="0" bw="1" slack="0"/>
</pin_list>
<bind>
<StgValue><ssdm name=""/></StgValue>
</bind>
</comp>

<comp id="258" class="1001" name="const_258">
<pin_list>
<pin id="259" dir="1" index="0" bw="1" slack="2147483647"/>
</pin_list>
<bind>
<StgValue><ssdm name="_ssdm_op_SpecLoopName"/></StgValue>
</bind>
</comp>

<comp id="260" class="1001" name="const_260">
<pin_list>
<pin id="261" dir="1" index="0" bw="1" slack="2147483647"/>
</pin_list>
<bind>
<StgValue><ssdm name="ROW_SLIDE_COL_SLIDE_str"/></StgValue>
</bind>
</comp>

<comp id="262" class="1001" name="const_262">
<pin_list>
<pin id="263" dir="1" index="0" bw="1" slack="2147483647"/>
</pin_list>
<bind>
<StgValue><ssdm name="_ssdm_op_SpecPipeline"/></StgValue>
</bind>
</comp>

<comp id="264" class="1001" name="const_264">
<pin_list>
<pin id="265" dir="1" index="0" bw="1" slack="2147483647"/>
</pin_list>
<bind>
<StgValue><ssdm name="empty_0"/></StgValue>
</bind>
</comp>

<comp id="266" class="1001" name="const_266">
<pin_list>
<pin id="267" dir="1" index="0" bw="1" slack="0"/>
</pin_list>
<bind>
<StgValue><ssdm name="_ssdm_op_Write.axis.volatile.i32P0A.i4P0A.i4P0A.i1P0A.i1P0A.i1P0A.i1P0A"/></StgValue>
</bind>
</comp>

<comp id="268" class="1001" name="const_268">
<pin_list>
<pin id="269" dir="1" index="0" bw="1" slack="0"/>
</pin_list>
<bind>
<StgValue><ssdm name=""/></StgValue>
</bind>
</comp>

<comp id="270" class="1001" name="const_270">
<pin_list>
<pin id="271" dir="1" index="0" bw="1" slack="0"/>
</pin_list>
<bind>
<StgValue><ssdm name=""/></StgValue>
</bind>
</comp>

<comp id="272" class="1004" name="reuse_addr_reg62_fu_272">
<pin_list>
<pin id="273" dir="0" index="0" bw="1" slack="0"/>
<pin id="274" dir="1" index="1" bw="64" slack="0"/>
</pin_list>
<bind>
<opcode="alloca(26) " fcode="alloca"/>
<opset="reuse_addr_reg62/1 "/>
</bind>
</comp>

<comp id="276" class="1004" name="reuse_reg61_fu_276">
<pin_list>
<pin id="277" dir="0" index="0" bw="1" slack="0"/>
<pin id="278" dir="1" index="1" bw="32" slack="0"/>
</pin_list>
<bind>
<opcode="alloca(26) " fcode="alloca"/>
<opset="reuse_reg61/1 "/>
</bind>
</comp>

<comp id="280" class="1004" name="reuse_addr_reg56_fu_280">
<pin_list>
<pin id="281" dir="0" index="0" bw="1" slack="0"/>
<pin id="282" dir="1" index="1" bw="64" slack="0"/>
</pin_list>
<bind>
<opcode="alloca(26) " fcode="alloca"/>
<opset="reuse_addr_reg56/1 "/>
</bind>
</comp>

<comp id="284" class="1004" name="reuse_reg55_fu_284">
<pin_list>
<pin id="285" dir="0" index="0" bw="1" slack="0"/>
<pin id="286" dir="1" index="1" bw="32" slack="0"/>
</pin_list>
<bind>
<opcode="alloca(26) " fcode="alloca"/>
<opset="reuse_reg55/1 "/>
</bind>
</comp>

<comp id="288" class="1004" name="reuse_addr_reg50_fu_288">
<pin_list>
<pin id="289" dir="0" index="0" bw="1" slack="0"/>
<pin id="290" dir="1" index="1" bw="64" slack="0"/>
</pin_list>
<bind>
<opcode="alloca(26) " fcode="alloca"/>
<opset="reuse_addr_reg50/1 "/>
</bind>
</comp>

<comp id="292" class="1004" name="reuse_reg49_fu_292">
<pin_list>
<pin id="293" dir="0" index="0" bw="1" slack="0"/>
<pin id="294" dir="1" index="1" bw="32" slack="0"/>
</pin_list>
<bind>
<opcode="alloca(26) " fcode="alloca"/>
<opset="reuse_reg49/1 "/>
</bind>
</comp>

<comp id="296" class="1004" name="reuse_addr_reg_fu_296">
<pin_list>
<pin id="297" dir="0" index="0" bw="1" slack="0"/>
<pin id="298" dir="1" index="1" bw="64" slack="0"/>
</pin_list>
<bind>
<opcode="alloca(26) " fcode="alloca"/>
<opset="reuse_addr_reg/1 "/>
</bind>
</comp>

<comp id="300" class="1004" name="reuse_reg_fu_300">
<pin_list>
<pin id="301" dir="0" index="0" bw="1" slack="0"/>
<pin id="302" dir="1" index="1" bw="32" slack="0"/>
</pin_list>
<bind>
<opcode="alloca(26) " fcode="alloca"/>
<opset="reuse_reg/1 "/>
</bind>
</comp>

<comp id="304" class="1004" name="col_fu_304">
<pin_list>
<pin id="305" dir="0" index="0" bw="1" slack="0"/>
<pin id="306" dir="1" index="1" bw="9" slack="0"/>
</pin_list>
<bind>
<opcode="alloca(26) " fcode="alloca"/>
<opset="col/1 "/>
</bind>
</comp>

<comp id="308" class="1004" name="window_4_3_loc_1_fu_308">
<pin_list>
<pin id="309" dir="0" index="0" bw="1" slack="0"/>
<pin id="310" dir="1" index="1" bw="32" slack="0"/>
</pin_list>
<bind>
<opcode="alloca(26) " fcode="alloca"/>
<opset="window_4_3_loc_1/1 "/>
</bind>
</comp>

<comp id="312" class="1004" name="window_4_2_loc_1_fu_312">
<pin_list>
<pin id="313" dir="0" index="0" bw="1" slack="0"/>
<pin id="314" dir="1" index="1" bw="32" slack="0"/>
</pin_list>
<bind>
<opcode="alloca(26) " fcode="alloca"/>
<opset="window_4_2_loc_1/1 "/>
</bind>
</comp>

<comp id="316" class="1004" name="window_load_1_4_0_fu_316">
<pin_list>
<pin id="317" dir="0" index="0" bw="1" slack="0"/>
<pin id="318" dir="1" index="1" bw="32" slack="0"/>
</pin_list>
<bind>
<opcode="alloca(26) " fcode="alloca"/>
<opset="window_load_1_4_0/1 "/>
</bind>
</comp>

<comp id="320" class="1004" name="window_3_3_loc_1_fu_320">
<pin_list>
<pin id="321" dir="0" index="0" bw="1" slack="0"/>
<pin id="322" dir="1" index="1" bw="32" slack="0"/>
</pin_list>
<bind>
<opcode="alloca(26) " fcode="alloca"/>
<opset="window_3_3_loc_1/1 "/>
</bind>
</comp>

<comp id="324" class="1004" name="window_3_2_loc_1_fu_324">
<pin_list>
<pin id="325" dir="0" index="0" bw="1" slack="0"/>
<pin id="326" dir="1" index="1" bw="32" slack="0"/>
</pin_list>
<bind>
<opcode="alloca(26) " fcode="alloca"/>
<opset="window_3_2_loc_1/1 "/>
</bind>
</comp>

<comp id="328" class="1004" name="window_load_1_3_0_fu_328">
<pin_list>
<pin id="329" dir="0" index="0" bw="1" slack="0"/>
<pin id="330" dir="1" index="1" bw="32" slack="0"/>
</pin_list>
<bind>
<opcode="alloca(26) " fcode="alloca"/>
<opset="window_load_1_3_0/1 "/>
</bind>
</comp>

<comp id="332" class="1004" name="window_2_3_loc_1_fu_332">
<pin_list>
<pin id="333" dir="0" index="0" bw="1" slack="0"/>
<pin id="334" dir="1" index="1" bw="32" slack="0"/>
</pin_list>
<bind>
<opcode="alloca(26) " fcode="alloca"/>
<opset="window_2_3_loc_1/1 "/>
</bind>
</comp>

<comp id="336" class="1004" name="window_2_2_loc_1_fu_336">
<pin_list>
<pin id="337" dir="0" index="0" bw="1" slack="0"/>
<pin id="338" dir="1" index="1" bw="32" slack="0"/>
</pin_list>
<bind>
<opcode="alloca(26) " fcode="alloca"/>
<opset="window_2_2_loc_1/1 "/>
</bind>
</comp>

<comp id="340" class="1004" name="window_load_1_2_0_fu_340">
<pin_list>
<pin id="341" dir="0" index="0" bw="1" slack="0"/>
<pin id="342" dir="1" index="1" bw="32" slack="0"/>
</pin_list>
<bind>
<opcode="alloca(26) " fcode="alloca"/>
<opset="window_load_1_2_0/1 "/>
</bind>
</comp>

<comp id="344" class="1004" name="window_1_3_loc_1_fu_344">
<pin_list>
<pin id="345" dir="0" index="0" bw="1" slack="0"/>
<pin id="346" dir="1" index="1" bw="32" slack="0"/>
</pin_list>
<bind>
<opcode="alloca(26) " fcode="alloca"/>
<opset="window_1_3_loc_1/1 "/>
</bind>
</comp>

<comp id="348" class="1004" name="window_1_2_loc_1_fu_348">
<pin_list>
<pin id="349" dir="0" index="0" bw="1" slack="0"/>
<pin id="350" dir="1" index="1" bw="32" slack="0"/>
</pin_list>
<bind>
<opcode="alloca(26) " fcode="alloca"/>
<opset="window_1_2_loc_1/1 "/>
</bind>
</comp>

<comp id="352" class="1004" name="window_load_1_1_0_fu_352">
<pin_list>
<pin id="353" dir="0" index="0" bw="1" slack="0"/>
<pin id="354" dir="1" index="1" bw="32" slack="0"/>
</pin_list>
<bind>
<opcode="alloca(26) " fcode="alloca"/>
<opset="window_load_1_1_0/1 "/>
</bind>
</comp>

<comp id="356" class="1004" name="window_0_3_loc_1_fu_356">
<pin_list>
<pin id="357" dir="0" index="0" bw="1" slack="0"/>
<pin id="358" dir="1" index="1" bw="32" slack="0"/>
</pin_list>
<bind>
<opcode="alloca(26) " fcode="alloca"/>
<opset="window_0_3_loc_1/1 "/>
</bind>
</comp>

<comp id="360" class="1004" name="window_0_2_loc_1_fu_360">
<pin_list>
<pin id="361" dir="0" index="0" bw="1" slack="0"/>
<pin id="362" dir="1" index="1" bw="32" slack="0"/>
</pin_list>
<bind>
<opcode="alloca(26) " fcode="alloca"/>
<opset="window_0_2_loc_1/1 "/>
</bind>
</comp>

<comp id="364" class="1004" name="window_load_1_0_0_fu_364">
<pin_list>
<pin id="365" dir="0" index="0" bw="1" slack="0"/>
<pin id="366" dir="1" index="1" bw="32" slack="0"/>
</pin_list>
<bind>
<opcode="alloca(26) " fcode="alloca"/>
<opset="window_load_1_0_0/1 "/>
</bind>
</comp>

<comp id="368" class="1004" name="row_fu_368">
<pin_list>
<pin id="369" dir="0" index="0" bw="1" slack="0"/>
<pin id="370" dir="1" index="1" bw="31" slack="0"/>
</pin_list>
<bind>
<opcode="alloca(26) " fcode="alloca"/>
<opset="row/1 "/>
</bind>
</comp>

<comp id="372" class="1004" name="indvar_flatten_fu_372">
<pin_list>
<pin id="373" dir="0" index="0" bw="1" slack="0"/>
<pin id="374" dir="1" index="1" bw="64" slack="0"/>
</pin_list>
<bind>
<opcode="alloca(26) " fcode="alloca"/>
<opset="indvar_flatten/1 "/>
</bind>
</comp>

<comp id="376" class="1004" name="img_size_read_read_fu_376">
<pin_list>
<pin id="377" dir="0" index="0" bw="32" slack="0"/>
<pin id="378" dir="0" index="1" bw="32" slack="0"/>
<pin id="379" dir="1" index="2" bw="32" slack="0"/>
</pin_list>
<bind>
<opcode="read(1150) " fcode="read"/>
<opset="img_size_read/1 "/>
</bind>
</comp>

<comp id="382" class="1004" name="kernel_in_4_4_read_read_fu_382">
<pin_list>
<pin id="383" dir="0" index="0" bw="32" slack="0"/>
<pin id="384" dir="0" index="1" bw="32" slack="0"/>
<pin id="385" dir="1" index="2" bw="32" slack="0"/>
</pin_list>
<bind>
<opcode="read(1150) " fcode="read"/>
<opset="kernel_in_4_4_read/1 "/>
</bind>
</comp>

<comp id="388" class="1004" name="kernel_in_4_0_read_read_fu_388">
<pin_list>
<pin id="389" dir="0" index="0" bw="32" slack="0"/>
<pin id="390" dir="0" index="1" bw="32" slack="0"/>
<pin id="391" dir="1" index="2" bw="32" slack="0"/>
</pin_list>
<bind>
<opcode="read(1150) " fcode="read"/>
<opset="kernel_in_4_0_read/1 "/>
</bind>
</comp>

<comp id="394" class="1004" name="kernel_in_4_1_read_read_fu_394">
<pin_list>
<pin id="395" dir="0" index="0" bw="32" slack="0"/>
<pin id="396" dir="0" index="1" bw="32" slack="0"/>
<pin id="397" dir="1" index="2" bw="32" slack="0"/>
</pin_list>
<bind>
<opcode="read(1150) " fcode="read"/>
<opset="kernel_in_4_1_read/1 "/>
</bind>
</comp>

<comp id="400" class="1004" name="kernel_in_4_2_read_read_fu_400">
<pin_list>
<pin id="401" dir="0" index="0" bw="32" slack="0"/>
<pin id="402" dir="0" index="1" bw="32" slack="0"/>
<pin id="403" dir="1" index="2" bw="32" slack="0"/>
</pin_list>
<bind>
<opcode="read(1150) " fcode="read"/>
<opset="kernel_in_4_2_read/1 "/>
</bind>
</comp>

<comp id="406" class="1004" name="kernel_in_4_3_read_read_fu_406">
<pin_list>
<pin id="407" dir="0" index="0" bw="32" slack="0"/>
<pin id="408" dir="0" index="1" bw="32" slack="0"/>
<pin id="409" dir="1" index="2" bw="32" slack="0"/>
</pin_list>
<bind>
<opcode="read(1150) " fcode="read"/>
<opset="kernel_in_4_3_read/1 "/>
</bind>
</comp>

<comp id="412" class="1004" name="kernel_in_0_4_read_read_fu_412">
<pin_list>
<pin id="413" dir="0" index="0" bw="32" slack="0"/>
<pin id="414" dir="0" index="1" bw="32" slack="0"/>
<pin id="415" dir="1" index="2" bw="32" slack="0"/>
</pin_list>
<bind>
<opcode="read(1150) " fcode="read"/>
<opset="kernel_in_0_4_read/1 "/>
</bind>
</comp>

<comp id="418" class="1004" name="kernel_in_0_0_read_read_fu_418">
<pin_list>
<pin id="419" dir="0" index="0" bw="32" slack="0"/>
<pin id="420" dir="0" index="1" bw="32" slack="0"/>
<pin id="421" dir="1" index="2" bw="32" slack="0"/>
</pin_list>
<bind>
<opcode="read(1150) " fcode="read"/>
<opset="kernel_in_0_0_read/1 "/>
</bind>
</comp>

<comp id="424" class="1004" name="kernel_in_0_1_read_read_fu_424">
<pin_list>
<pin id="425" dir="0" index="0" bw="32" slack="0"/>
<pin id="426" dir="0" index="1" bw="32" slack="0"/>
<pin id="427" dir="1" index="2" bw="32" slack="0"/>
</pin_list>
<bind>
<opcode="read(1150) " fcode="read"/>
<opset="kernel_in_0_1_read/1 "/>
</bind>
</comp>

<comp id="430" class="1004" name="kernel_in_0_2_read_read_fu_430">
<pin_list>
<pin id="431" dir="0" index="0" bw="32" slack="0"/>
<pin id="432" dir="0" index="1" bw="32" slack="0"/>
<pin id="433" dir="1" index="2" bw="32" slack="0"/>
</pin_list>
<bind>
<opcode="read(1150) " fcode="read"/>
<opset="kernel_in_0_2_read/1 "/>
</bind>
</comp>

<comp id="436" class="1004" name="kernel_in_0_3_read_read_fu_436">
<pin_list>
<pin id="437" dir="0" index="0" bw="32" slack="0"/>
<pin id="438" dir="0" index="1" bw="32" slack="0"/>
<pin id="439" dir="1" index="2" bw="32" slack="0"/>
</pin_list>
<bind>
<opcode="read(1150) " fcode="read"/>
<opset="kernel_in_0_3_read/1 "/>
</bind>
</comp>

<comp id="442" class="1004" name="kernel_in_1_4_read_read_fu_442">
<pin_list>
<pin id="443" dir="0" index="0" bw="32" slack="0"/>
<pin id="444" dir="0" index="1" bw="32" slack="0"/>
<pin id="445" dir="1" index="2" bw="32" slack="0"/>
</pin_list>
<bind>
<opcode="read(1150) " fcode="read"/>
<opset="kernel_in_1_4_read/1 "/>
</bind>
</comp>

<comp id="448" class="1004" name="kernel_in_1_0_read_read_fu_448">
<pin_list>
<pin id="449" dir="0" index="0" bw="32" slack="0"/>
<pin id="450" dir="0" index="1" bw="32" slack="0"/>
<pin id="451" dir="1" index="2" bw="32" slack="0"/>
</pin_list>
<bind>
<opcode="read(1150) " fcode="read"/>
<opset="kernel_in_1_0_read/1 "/>
</bind>
</comp>

<comp id="454" class="1004" name="kernel_in_1_1_read_read_fu_454">
<pin_list>
<pin id="455" dir="0" index="0" bw="32" slack="0"/>
<pin id="456" dir="0" index="1" bw="32" slack="0"/>
<pin id="457" dir="1" index="2" bw="32" slack="0"/>
</pin_list>
<bind>
<opcode="read(1150) " fcode="read"/>
<opset="kernel_in_1_1_read/1 "/>
</bind>
</comp>

<comp id="460" class="1004" name="kernel_in_1_2_read_read_fu_460">
<pin_list>
<pin id="461" dir="0" index="0" bw="32" slack="0"/>
<pin id="462" dir="0" index="1" bw="32" slack="0"/>
<pin id="463" dir="1" index="2" bw="32" slack="0"/>
</pin_list>
<bind>
<opcode="read(1150) " fcode="read"/>
<opset="kernel_in_1_2_read/1 "/>
</bind>
</comp>

<comp id="466" class="1004" name="kernel_in_1_3_read_read_fu_466">
<pin_list>
<pin id="467" dir="0" index="0" bw="32" slack="0"/>
<pin id="468" dir="0" index="1" bw="32" slack="0"/>
<pin id="469" dir="1" index="2" bw="32" slack="0"/>
</pin_list>
<bind>
<opcode="read(1150) " fcode="read"/>
<opset="kernel_in_1_3_read/1 "/>
</bind>
</comp>

<comp id="472" class="1004" name="kernel_in_2_4_read_read_fu_472">
<pin_list>
<pin id="473" dir="0" index="0" bw="32" slack="0"/>
<pin id="474" dir="0" index="1" bw="32" slack="0"/>
<pin id="475" dir="1" index="2" bw="32" slack="0"/>
</pin_list>
<bind>
<opcode="read(1150) " fcode="read"/>
<opset="kernel_in_2_4_read/1 "/>
</bind>
</comp>

<comp id="478" class="1004" name="kernel_in_2_0_read_read_fu_478">
<pin_list>
<pin id="479" dir="0" index="0" bw="32" slack="0"/>
<pin id="480" dir="0" index="1" bw="32" slack="0"/>
<pin id="481" dir="1" index="2" bw="32" slack="0"/>
</pin_list>
<bind>
<opcode="read(1150) " fcode="read"/>
<opset="kernel_in_2_0_read/1 "/>
</bind>
</comp>

<comp id="484" class="1004" name="kernel_in_2_1_read_read_fu_484">
<pin_list>
<pin id="485" dir="0" index="0" bw="32" slack="0"/>
<pin id="486" dir="0" index="1" bw="32" slack="0"/>
<pin id="487" dir="1" index="2" bw="32" slack="0"/>
</pin_list>
<bind>
<opcode="read(1150) " fcode="read"/>
<opset="kernel_in_2_1_read/1 "/>
</bind>
</comp>

<comp id="490" class="1004" name="kernel_in_2_2_read_read_fu_490">
<pin_list>
<pin id="491" dir="0" index="0" bw="32" slack="0"/>
<pin id="492" dir="0" index="1" bw="32" slack="0"/>
<pin id="493" dir="1" index="2" bw="32" slack="0"/>
</pin_list>
<bind>
<opcode="read(1150) " fcode="read"/>
<opset="kernel_in_2_2_read/1 "/>
</bind>
</comp>

<comp id="496" class="1004" name="kernel_in_2_3_read_read_fu_496">
<pin_list>
<pin id="497" dir="0" index="0" bw="32" slack="0"/>
<pin id="498" dir="0" index="1" bw="32" slack="0"/>
<pin id="499" dir="1" index="2" bw="32" slack="0"/>
</pin_list>
<bind>
<opcode="read(1150) " fcode="read"/>
<opset="kernel_in_2_3_read/1 "/>
</bind>
</comp>

<comp id="502" class="1004" name="kernel_in_3_4_read_read_fu_502">
<pin_list>
<pin id="503" dir="0" index="0" bw="32" slack="0"/>
<pin id="504" dir="0" index="1" bw="32" slack="0"/>
<pin id="505" dir="1" index="2" bw="32" slack="0"/>
</pin_list>
<bind>
<opcode="read(1150) " fcode="read"/>
<opset="kernel_in_3_4_read/1 "/>
</bind>
</comp>

<comp id="508" class="1004" name="kernel_in_3_0_read_read_fu_508">
<pin_list>
<pin id="509" dir="0" index="0" bw="32" slack="0"/>
<pin id="510" dir="0" index="1" bw="32" slack="0"/>
<pin id="511" dir="1" index="2" bw="32" slack="0"/>
</pin_list>
<bind>
<opcode="read(1150) " fcode="read"/>
<opset="kernel_in_3_0_read/1 "/>
</bind>
</comp>

<comp id="514" class="1004" name="kernel_in_3_1_read_read_fu_514">
<pin_list>
<pin id="515" dir="0" index="0" bw="32" slack="0"/>
<pin id="516" dir="0" index="1" bw="32" slack="0"/>
<pin id="517" dir="1" index="2" bw="32" slack="0"/>
</pin_list>
<bind>
<opcode="read(1150) " fcode="read"/>
<opset="kernel_in_3_1_read/1 "/>
</bind>
</comp>

<comp id="520" class="1004" name="kernel_in_3_2_read_read_fu_520">
<pin_list>
<pin id="521" dir="0" index="0" bw="32" slack="0"/>
<pin id="522" dir="0" index="1" bw="32" slack="0"/>
<pin id="523" dir="1" index="2" bw="32" slack="0"/>
</pin_list>
<bind>
<opcode="read(1150) " fcode="read"/>
<opset="kernel_in_3_2_read/1 "/>
</bind>
</comp>

<comp id="526" class="1004" name="kernel_in_3_3_read_read_fu_526">
<pin_list>
<pin id="527" dir="0" index="0" bw="32" slack="0"/>
<pin id="528" dir="0" index="1" bw="32" slack="0"/>
<pin id="529" dir="1" index="2" bw="32" slack="0"/>
</pin_list>
<bind>
<opcode="read(1150) " fcode="read"/>
<opset="kernel_in_3_3_read/1 "/>
</bind>
</comp>

<comp id="532" class="1004" name="empty_64_read_fu_532">
<pin_list>
<pin id="533" dir="0" index="0" bw="44" slack="0"/>
<pin id="534" dir="0" index="1" bw="32" slack="0"/>
<pin id="535" dir="0" index="2" bw="4" slack="0"/>
<pin id="536" dir="0" index="3" bw="4" slack="0"/>
<pin id="537" dir="0" index="4" bw="1" slack="0"/>
<pin id="538" dir="0" index="5" bw="1" slack="0"/>
<pin id="539" dir="0" index="6" bw="1" slack="0"/>
<pin id="540" dir="0" index="7" bw="1" slack="0"/>
<pin id="541" dir="1" index="8" bw="44" slack="0"/>
</pin_list>
<bind>
<opcode="read(1150) " fcode="read"/>
<opset="empty_64/3 "/>
</bind>
</comp>

<comp id="550" class="1004" name="grp_write_fu_550">
<pin_list>
<pin id="551" dir="0" index="0" bw="0" slack="0"/>
<pin id="552" dir="0" index="1" bw="32" slack="0"/>
<pin id="553" dir="0" index="2" bw="4" slack="0"/>
<pin id="554" dir="0" index="3" bw="4" slack="0"/>
<pin id="555" dir="0" index="4" bw="1" slack="0"/>
<pin id="556" dir="0" index="5" bw="1" slack="0"/>
<pin id="557" dir="0" index="6" bw="1" slack="0"/>
<pin id="558" dir="0" index="7" bw="1" slack="0"/>
<pin id="559" dir="0" index="8" bw="32" slack="0"/>
<pin id="560" dir="0" index="9" bw="1" slack="0"/>
<pin id="561" dir="0" index="10" bw="1" slack="0"/>
<pin id="562" dir="0" index="11" bw="1" slack="0"/>
<pin id="563" dir="0" index="12" bw="1" slack="139"/>
<pin id="564" dir="0" index="13" bw="1" slack="0"/>
<pin id="565" dir="0" index="14" bw="1" slack="0"/>
<pin id="566" dir="1" index="15" bw="0" slack="2147483647"/>
</pin_list>
<bind>
<opcode="write(1151) " fcode="write"/>
<opset="write_ln304/142 "/>
</bind>
</comp>

<comp id="580" class="1004" name="line_buf_0_addr_gep_fu_580">
<pin_list>
<pin id="581" dir="0" index="0" bw="32" slack="0"/>
<pin id="582" dir="0" index="1" bw="1" slack="0"/>
<pin id="583" dir="0" index="2" bw="9" slack="0"/>
<pin id="584" dir="1" index="3" bw="8" slack="0"/>
</pin_list>
<bind>
<opcode="getelementptr(29) " fcode="getelementptr"/>
<opset="line_buf_0_addr/3 "/>
</bind>
</comp>

<comp id="587" class="1004" name="grp_access_fu_587">
<pin_list>
<pin id="588" dir="0" index="0" bw="8" slack="0"/>
<pin id="589" dir="0" index="1" bw="32" slack="2147483647"/>
<pin id="590" dir="0" index="2" bw="0" slack="1"/>
<pin id="632" dir="0" index="4" bw="8" slack="0"/>
<pin id="633" dir="0" index="5" bw="32" slack="2147483647"/>
<pin id="634" dir="0" index="6" bw="0" slack="2147483647"/>
<pin id="591" dir="1" index="3" bw="32" slack="0"/>
<pin id="635" dir="1" index="7" bw="32" slack="2147483647"/>
</pin_list>
<bind>
<opcode="load(27) store(28) " fcode="store"/>
<opset="line_buf_0_load/3 store_ln66/4 "/>
</bind>
</comp>

<comp id="593" class="1004" name="line_buf_1_addr_gep_fu_593">
<pin_list>
<pin id="594" dir="0" index="0" bw="32" slack="0"/>
<pin id="595" dir="0" index="1" bw="1" slack="0"/>
<pin id="596" dir="0" index="2" bw="9" slack="0"/>
<pin id="597" dir="1" index="3" bw="8" slack="0"/>
</pin_list>
<bind>
<opcode="getelementptr(29) " fcode="getelementptr"/>
<opset="line_buf_1_addr/3 "/>
</bind>
</comp>

<comp id="600" class="1004" name="grp_access_fu_600">
<pin_list>
<pin id="601" dir="0" index="0" bw="8" slack="0"/>
<pin id="602" dir="0" index="1" bw="32" slack="2147483647"/>
<pin id="603" dir="0" index="2" bw="0" slack="1"/>
<pin id="636" dir="0" index="4" bw="8" slack="0"/>
<pin id="637" dir="0" index="5" bw="32" slack="2147483647"/>
<pin id="638" dir="0" index="6" bw="0" slack="2147483647"/>
<pin id="604" dir="1" index="3" bw="32" slack="0"/>
<pin id="639" dir="1" index="7" bw="32" slack="2147483647"/>
</pin_list>
<bind>
<opcode="load(27) store(28) " fcode="store"/>
<opset="line_buf_1_load/3 store_ln66/4 "/>
</bind>
</comp>

<comp id="606" class="1004" name="line_buf_2_addr_gep_fu_606">
<pin_list>
<pin id="607" dir="0" index="0" bw="32" slack="0"/>
<pin id="608" dir="0" index="1" bw="1" slack="0"/>
<pin id="609" dir="0" index="2" bw="9" slack="0"/>
<pin id="610" dir="1" index="3" bw="8" slack="0"/>
</pin_list>
<bind>
<opcode="getelementptr(29) " fcode="getelementptr"/>
<opset="line_buf_2_addr/3 "/>
</bind>
</comp>

<comp id="613" class="1004" name="grp_access_fu_613">
<pin_list>
<pin id="614" dir="0" index="0" bw="8" slack="0"/>
<pin id="615" dir="0" index="1" bw="32" slack="2147483647"/>
<pin id="616" dir="0" index="2" bw="0" slack="1"/>
<pin id="640" dir="0" index="4" bw="8" slack="0"/>
<pin id="641" dir="0" index="5" bw="32" slack="2147483647"/>
<pin id="642" dir="0" index="6" bw="0" slack="2147483647"/>
<pin id="617" dir="1" index="3" bw="32" slack="0"/>
<pin id="643" dir="1" index="7" bw="32" slack="2147483647"/>
</pin_list>
<bind>
<opcode="load(27) store(28) " fcode="store"/>
<opset="line_buf_2_load/3 store_ln66/4 "/>
</bind>
</comp>

<comp id="619" class="1004" name="line_buf_3_addr_gep_fu_619">
<pin_list>
<pin id="620" dir="0" index="0" bw="32" slack="0"/>
<pin id="621" dir="0" index="1" bw="1" slack="0"/>
<pin id="622" dir="0" index="2" bw="9" slack="0"/>
<pin id="623" dir="1" index="3" bw="8" slack="0"/>
</pin_list>
<bind>
<opcode="getelementptr(29) " fcode="getelementptr"/>
<opset="line_buf_3_addr/3 "/>
</bind>
</comp>

<comp id="626" class="1004" name="grp_access_fu_626">
<pin_list>
<pin id="627" dir="0" index="0" bw="8" slack="0"/>
<pin id="628" dir="0" index="1" bw="32" slack="2147483647"/>
<pin id="629" dir="0" index="2" bw="0" slack="1"/>
<pin id="644" dir="0" index="4" bw="8" slack="0"/>
<pin id="645" dir="0" index="5" bw="32" slack="2147483647"/>
<pin id="646" dir="0" index="6" bw="0" slack="2147483647"/>
<pin id="630" dir="1" index="3" bw="32" slack="0"/>
<pin id="647" dir="1" index="7" bw="32" slack="2147483647"/>
</pin_list>
<bind>
<opcode="load(27) store(28) " fcode="store"/>
<opset="line_buf_3_load/3 store_ln66/4 "/>
</bind>
</comp>

<comp id="648" class="1005" name="new_pixel_1_reg_648">
<pin_list>
<pin id="649" dir="0" index="0" bw="32" slack="1"/>
<pin id="650" dir="1" index="1" bw="32" slack="1"/>
</pin_list>
<bind>
<opset="new_pixel_1 (phireg) "/>
</bind>
</comp>

<comp id="652" class="1004" name="new_pixel_1_phi_fu_652">
<pin_list>
<pin id="653" dir="0" index="0" bw="32" slack="1"/>
<pin id="654" dir="0" index="1" bw="0" slack="2147483647"/>
<pin id="655" dir="0" index="2" bw="32" slack="1"/>
<pin id="656" dir="0" index="3" bw="0" slack="2147483647"/>
<pin id="657" dir="1" index="4" bw="32" slack="0"/>
</pin_list>
<bind>
<opcode="phi(47) " fcode="phi"/>
<opset="new_pixel_1/4 "/>
</bind>
</comp>

<comp id="661" class="1004" name="grp_fu_661">
<pin_list>
<pin id="662" dir="0" index="0" bw="32" slack="0"/>
<pin id="663" dir="0" index="1" bw="32" slack="0"/>
<pin id="664" dir="1" index="2" bw="32" slack="1"/>
</pin_list>
<bind>
<opcode="fadd(9) " fcode="fadd"/>
<opset="window_0_3_loc_1_add/4 "/>
</bind>
</comp>

<comp id="666" class="1004" name="grp_fu_666">
<pin_list>
<pin id="667" dir="0" index="0" bw="32" slack="0"/>
<pin id="668" dir="0" index="1" bw="32" slack="0"/>
<pin id="669" dir="1" index="2" bw="32" slack="1"/>
</pin_list>
<bind>
<opcode="fadd(9) " fcode="fadd"/>
<opset="window_0_2_loc_1_add/9 "/>
</bind>
</comp>

<comp id="671" class="1004" name="grp_fu_671">
<pin_list>
<pin id="672" dir="0" index="0" bw="32" slack="1"/>
<pin id="673" dir="0" index="1" bw="32" slack="0"/>
<pin id="674" dir="1" index="2" bw="32" slack="1"/>
</pin_list>
<bind>
<opcode="fadd(9) " fcode="fadd"/>
<opset="acc_1/18 "/>
</bind>
</comp>

<comp id="676" class="1004" name="grp_fu_676">
<pin_list>
<pin id="677" dir="0" index="0" bw="32" slack="1"/>
<pin id="678" dir="0" index="1" bw="32" slack="11"/>
<pin id="679" dir="1" index="2" bw="32" slack="1"/>
</pin_list>
<bind>
<opcode="fadd(9) " fcode="fadd"/>
<opset="acc_1_0_1/23 "/>
</bind>
</comp>

<comp id="680" class="1004" name="grp_fu_680">
<pin_list>
<pin id="681" dir="0" index="0" bw="32" slack="1"/>
<pin id="682" dir="0" index="1" bw="32" slack="21"/>
<pin id="683" dir="1" index="2" bw="32" slack="1"/>
</pin_list>
<bind>
<opcode="fadd(9) " fcode="fadd"/>
<opset="acc_1_0_2/28 "/>
</bind>
</comp>

<comp id="684" class="1004" name="grp_fu_684">
<pin_list>
<pin id="685" dir="0" index="0" bw="32" slack="0"/>
<pin id="686" dir="0" index="1" bw="32" slack="0"/>
<pin id="687" dir="1" index="2" bw="32" slack="1"/>
</pin_list>
<bind>
<opcode="fadd(9) " fcode="fadd"/>
<opset="window_1_3_loc_1_add/29 "/>
</bind>
</comp>

<comp id="689" class="1004" name="grp_fu_689">
<pin_list>
<pin id="690" dir="0" index="0" bw="32" slack="1"/>
<pin id="691" dir="0" index="1" bw="32" slack="26"/>
<pin id="692" dir="1" index="2" bw="32" slack="1"/>
</pin_list>
<bind>
<opcode="fadd(9) " fcode="fadd"/>
<opset="acc_1_0_3/33 "/>
</bind>
</comp>

<comp id="693" class="1004" name="grp_fu_693">
<pin_list>
<pin id="694" dir="0" index="0" bw="32" slack="0"/>
<pin id="695" dir="0" index="1" bw="32" slack="0"/>
<pin id="696" dir="1" index="2" bw="32" slack="1"/>
</pin_list>
<bind>
<opcode="fadd(9) " fcode="fadd"/>
<opset="window_1_2_loc_1_add/34 "/>
</bind>
</comp>

<comp id="698" class="1004" name="grp_fu_698">
<pin_list>
<pin id="699" dir="0" index="0" bw="32" slack="1"/>
<pin id="700" dir="0" index="1" bw="32" slack="30"/>
<pin id="701" dir="1" index="2" bw="32" slack="1"/>
</pin_list>
<bind>
<opcode="fadd(9) " fcode="fadd"/>
<opset="acc_1_0_4/38 "/>
</bind>
</comp>

<comp id="702" class="1004" name="grp_fu_702">
<pin_list>
<pin id="703" dir="0" index="0" bw="32" slack="1"/>
<pin id="704" dir="0" index="1" bw="32" slack="1"/>
<pin id="705" dir="1" index="2" bw="32" slack="1"/>
</pin_list>
<bind>
<opcode="fadd(9) " fcode="fadd"/>
<opset="acc_1_1/43 "/>
</bind>
</comp>

<comp id="706" class="1004" name="grp_fu_706">
<pin_list>
<pin id="707" dir="0" index="0" bw="32" slack="1"/>
<pin id="708" dir="0" index="1" bw="32" slack="11"/>
<pin id="709" dir="1" index="2" bw="32" slack="1"/>
</pin_list>
<bind>
<opcode="fadd(9) " fcode="fadd"/>
<opset="acc_1_1_1/48 "/>
</bind>
</comp>

<comp id="710" class="1004" name="grp_fu_710">
<pin_list>
<pin id="711" dir="0" index="0" bw="32" slack="1"/>
<pin id="712" dir="0" index="1" bw="32" slack="21"/>
<pin id="713" dir="1" index="2" bw="32" slack="1"/>
</pin_list>
<bind>
<opcode="fadd(9) " fcode="fadd"/>
<opset="acc_1_1_2/53 "/>
</bind>
</comp>

<comp id="714" class="1004" name="grp_fu_714">
<pin_list>
<pin id="715" dir="0" index="0" bw="32" slack="0"/>
<pin id="716" dir="0" index="1" bw="32" slack="0"/>
<pin id="717" dir="1" index="2" bw="32" slack="1"/>
</pin_list>
<bind>
<opcode="fadd(9) " fcode="fadd"/>
<opset="window_2_3_loc_1_add/54 "/>
</bind>
</comp>

<comp id="719" class="1004" name="grp_fu_719">
<pin_list>
<pin id="720" dir="0" index="0" bw="32" slack="1"/>
<pin id="721" dir="0" index="1" bw="32" slack="26"/>
<pin id="722" dir="1" index="2" bw="32" slack="1"/>
</pin_list>
<bind>
<opcode="fadd(9) " fcode="fadd"/>
<opset="acc_1_1_3/58 "/>
</bind>
</comp>

<comp id="723" class="1004" name="grp_fu_723">
<pin_list>
<pin id="724" dir="0" index="0" bw="32" slack="0"/>
<pin id="725" dir="0" index="1" bw="32" slack="0"/>
<pin id="726" dir="1" index="2" bw="32" slack="1"/>
</pin_list>
<bind>
<opcode="fadd(9) " fcode="fadd"/>
<opset="window_2_2_loc_1_add/59 "/>
</bind>
</comp>

<comp id="728" class="1004" name="grp_fu_728">
<pin_list>
<pin id="729" dir="0" index="0" bw="32" slack="1"/>
<pin id="730" dir="0" index="1" bw="32" slack="31"/>
<pin id="731" dir="1" index="2" bw="32" slack="1"/>
</pin_list>
<bind>
<opcode="fadd(9) " fcode="fadd"/>
<opset="acc_1_1_4/63 "/>
</bind>
</comp>

<comp id="732" class="1004" name="grp_fu_732">
<pin_list>
<pin id="733" dir="0" index="0" bw="32" slack="1"/>
<pin id="734" dir="0" index="1" bw="32" slack="1"/>
<pin id="735" dir="1" index="2" bw="32" slack="1"/>
</pin_list>
<bind>
<opcode="fadd(9) " fcode="fadd"/>
<opset="acc_1_2/68 "/>
</bind>
</comp>

<comp id="736" class="1004" name="grp_fu_736">
<pin_list>
<pin id="737" dir="0" index="0" bw="32" slack="1"/>
<pin id="738" dir="0" index="1" bw="32" slack="11"/>
<pin id="739" dir="1" index="2" bw="32" slack="1"/>
</pin_list>
<bind>
<opcode="fadd(9) " fcode="fadd"/>
<opset="acc_1_2_1/73 "/>
</bind>
</comp>

<comp id="740" class="1004" name="grp_fu_740">
<pin_list>
<pin id="741" dir="0" index="0" bw="32" slack="1"/>
<pin id="742" dir="0" index="1" bw="32" slack="21"/>
<pin id="743" dir="1" index="2" bw="32" slack="1"/>
</pin_list>
<bind>
<opcode="fadd(9) " fcode="fadd"/>
<opset="acc_1_2_2/78 "/>
</bind>
</comp>

<comp id="744" class="1004" name="grp_fu_744">
<pin_list>
<pin id="745" dir="0" index="0" bw="32" slack="0"/>
<pin id="746" dir="0" index="1" bw="32" slack="0"/>
<pin id="747" dir="1" index="2" bw="32" slack="1"/>
</pin_list>
<bind>
<opcode="fadd(9) " fcode="fadd"/>
<opset="window_3_3_loc_1_add/79 "/>
</bind>
</comp>

<comp id="749" class="1004" name="grp_fu_749">
<pin_list>
<pin id="750" dir="0" index="0" bw="32" slack="1"/>
<pin id="751" dir="0" index="1" bw="32" slack="26"/>
<pin id="752" dir="1" index="2" bw="32" slack="1"/>
</pin_list>
<bind>
<opcode="fadd(9) " fcode="fadd"/>
<opset="acc_1_2_3/83 "/>
</bind>
</comp>

<comp id="753" class="1004" name="grp_fu_753">
<pin_list>
<pin id="754" dir="0" index="0" bw="32" slack="0"/>
<pin id="755" dir="0" index="1" bw="32" slack="0"/>
<pin id="756" dir="1" index="2" bw="32" slack="1"/>
</pin_list>
<bind>
<opcode="fadd(9) " fcode="fadd"/>
<opset="window_3_2_loc_1_add/84 "/>
</bind>
</comp>

<comp id="758" class="1004" name="grp_fu_758">
<pin_list>
<pin id="759" dir="0" index="0" bw="32" slack="1"/>
<pin id="760" dir="0" index="1" bw="32" slack="31"/>
<pin id="761" dir="1" index="2" bw="32" slack="1"/>
</pin_list>
<bind>
<opcode="fadd(9) " fcode="fadd"/>
<opset="acc_1_2_4/88 "/>
</bind>
</comp>

<comp id="762" class="1004" name="grp_fu_762">
<pin_list>
<pin id="763" dir="0" index="0" bw="32" slack="1"/>
<pin id="764" dir="0" index="1" bw="32" slack="1"/>
<pin id="765" dir="1" index="2" bw="32" slack="1"/>
</pin_list>
<bind>
<opcode="fadd(9) " fcode="fadd"/>
<opset="acc_1_3/93 "/>
</bind>
</comp>

<comp id="766" class="1004" name="grp_fu_766">
<pin_list>
<pin id="767" dir="0" index="0" bw="32" slack="1"/>
<pin id="768" dir="0" index="1" bw="32" slack="11"/>
<pin id="769" dir="1" index="2" bw="32" slack="1"/>
</pin_list>
<bind>
<opcode="fadd(9) " fcode="fadd"/>
<opset="acc_1_3_1/98 "/>
</bind>
</comp>

<comp id="770" class="1004" name="grp_fu_770">
<pin_list>
<pin id="771" dir="0" index="0" bw="32" slack="1"/>
<pin id="772" dir="0" index="1" bw="32" slack="21"/>
<pin id="773" dir="1" index="2" bw="32" slack="1"/>
</pin_list>
<bind>
<opcode="fadd(9) " fcode="fadd"/>
<opset="acc_1_3_2/103 "/>
</bind>
</comp>

<comp id="774" class="1004" name="grp_fu_774">
<pin_list>
<pin id="775" dir="0" index="0" bw="32" slack="0"/>
<pin id="776" dir="0" index="1" bw="32" slack="0"/>
<pin id="777" dir="1" index="2" bw="32" slack="1"/>
</pin_list>
<bind>
<opcode="fadd(9) " fcode="fadd"/>
<opset="window_4_3_loc_1_add/104 "/>
</bind>
</comp>

<comp id="779" class="1004" name="grp_fu_779">
<pin_list>
<pin id="780" dir="0" index="0" bw="32" slack="1"/>
<pin id="781" dir="0" index="1" bw="32" slack="26"/>
<pin id="782" dir="1" index="2" bw="32" slack="1"/>
</pin_list>
<bind>
<opcode="fadd(9) " fcode="fadd"/>
<opset="acc_1_3_3/108 "/>
</bind>
</comp>

<comp id="783" class="1004" name="grp_fu_783">
<pin_list>
<pin id="784" dir="0" index="0" bw="32" slack="0"/>
<pin id="785" dir="0" index="1" bw="32" slack="0"/>
<pin id="786" dir="1" index="2" bw="32" slack="1"/>
</pin_list>
<bind>
<opcode="fadd(9) " fcode="fadd"/>
<opset="window_4_2_loc_1_add/109 "/>
</bind>
</comp>

<comp id="788" class="1004" name="grp_fu_788">
<pin_list>
<pin id="789" dir="0" index="0" bw="32" slack="1"/>
<pin id="790" dir="0" index="1" bw="32" slack="31"/>
<pin id="791" dir="1" index="2" bw="32" slack="1"/>
</pin_list>
<bind>
<opcode="fadd(9) " fcode="fadd"/>
<opset="acc_1_3_4/113 "/>
</bind>
</comp>

<comp id="792" class="1004" name="grp_fu_792">
<pin_list>
<pin id="793" dir="0" index="0" bw="32" slack="1"/>
<pin id="794" dir="0" index="1" bw="32" slack="1"/>
<pin id="795" dir="1" index="2" bw="32" slack="1"/>
</pin_list>
<bind>
<opcode="fadd(9) " fcode="fadd"/>
<opset="acc_1_4/118 "/>
</bind>
</comp>

<comp id="796" class="1004" name="grp_fu_796">
<pin_list>
<pin id="797" dir="0" index="0" bw="32" slack="1"/>
<pin id="798" dir="0" index="1" bw="32" slack="11"/>
<pin id="799" dir="1" index="2" bw="32" slack="1"/>
</pin_list>
<bind>
<opcode="fadd(9) " fcode="fadd"/>
<opset="acc_1_4_1/123 "/>
</bind>
</comp>

<comp id="800" class="1004" name="grp_fu_800">
<pin_list>
<pin id="801" dir="0" index="0" bw="32" slack="1"/>
<pin id="802" dir="0" index="1" bw="32" slack="21"/>
<pin id="803" dir="1" index="2" bw="32" slack="1"/>
</pin_list>
<bind>
<opcode="fadd(9) " fcode="fadd"/>
<opset="acc_1_4_2/128 "/>
</bind>
</comp>

<comp id="804" class="1004" name="grp_fu_804">
<pin_list>
<pin id="805" dir="0" index="0" bw="32" slack="1"/>
<pin id="806" dir="0" index="1" bw="32" slack="26"/>
<pin id="807" dir="1" index="2" bw="32" slack="1"/>
</pin_list>
<bind>
<opcode="fadd(9) " fcode="fadd"/>
<opset="acc_1_4_3/133 "/>
</bind>
</comp>

<comp id="808" class="1004" name="grp_fu_808">
<pin_list>
<pin id="809" dir="0" index="0" bw="32" slack="1"/>
<pin id="810" dir="0" index="1" bw="32" slack="31"/>
<pin id="811" dir="1" index="2" bw="32" slack="0"/>
</pin_list>
<bind>
<opcode="fadd(9) " fcode="fadd"/>
<opset="acc_1_4_4/138 "/>
</bind>
</comp>

<comp id="812" class="1004" name="grp_fu_812">
<pin_list>
<pin id="813" dir="0" index="0" bw="32" slack="0"/>
<pin id="814" dir="0" index="1" bw="32" slack="3"/>
<pin id="815" dir="1" index="2" bw="32" slack="21"/>
</pin_list>
<bind>
<opcode="fmul(13) " fcode="fmul"/>
<opset="mul_0_2/4 "/>
</bind>
</comp>

<comp id="816" class="1004" name="grp_fu_816">
<pin_list>
<pin id="817" dir="0" index="0" bw="32" slack="0"/>
<pin id="818" dir="0" index="1" bw="32" slack="3"/>
<pin id="819" dir="1" index="2" bw="32" slack="26"/>
</pin_list>
<bind>
<opcode="fmul(13) " fcode="fmul"/>
<opset="mul_0_3/4 "/>
</bind>
</comp>

<comp id="820" class="1004" name="grp_fu_820">
<pin_list>
<pin id="821" dir="0" index="0" bw="32" slack="1"/>
<pin id="822" dir="0" index="1" bw="32" slack="4"/>
<pin id="823" dir="1" index="2" bw="32" slack="30"/>
</pin_list>
<bind>
<opcode="fmul(13) " fcode="fmul"/>
<opset="mul_0_4/5 "/>
</bind>
</comp>

<comp id="824" class="1004" name="grp_fu_824">
<pin_list>
<pin id="825" dir="0" index="0" bw="32" slack="0"/>
<pin id="826" dir="0" index="1" bw="32" slack="8"/>
<pin id="827" dir="1" index="2" bw="32" slack="11"/>
</pin_list>
<bind>
<opcode="fmul(13) " fcode="fmul"/>
<opset="mul_0_1/9 "/>
</bind>
</comp>

<comp id="828" class="1004" name="grp_fu_828">
<pin_list>
<pin id="829" dir="0" index="0" bw="32" slack="0"/>
<pin id="830" dir="0" index="1" bw="32" slack="13"/>
<pin id="831" dir="1" index="2" bw="32" slack="1"/>
</pin_list>
<bind>
<opcode="fmul(13) " fcode="fmul"/>
<opset="mul/14 "/>
</bind>
</comp>

<comp id="832" class="1004" name="grp_fu_832">
<pin_list>
<pin id="833" dir="0" index="0" bw="32" slack="0"/>
<pin id="834" dir="0" index="1" bw="32" slack="28"/>
<pin id="835" dir="1" index="2" bw="32" slack="21"/>
</pin_list>
<bind>
<opcode="fmul(13) " fcode="fmul"/>
<opset="mul_1_2/29 "/>
</bind>
</comp>

<comp id="836" class="1004" name="grp_fu_836">
<pin_list>
<pin id="837" dir="0" index="0" bw="32" slack="0"/>
<pin id="838" dir="0" index="1" bw="32" slack="28"/>
<pin id="839" dir="1" index="2" bw="32" slack="26"/>
</pin_list>
<bind>
<opcode="fmul(13) " fcode="fmul"/>
<opset="mul_1_3/29 "/>
</bind>
</comp>

<comp id="840" class="1004" name="grp_fu_840">
<pin_list>
<pin id="841" dir="0" index="0" bw="32" slack="25"/>
<pin id="842" dir="0" index="1" bw="32" slack="28"/>
<pin id="843" dir="1" index="2" bw="32" slack="31"/>
</pin_list>
<bind>
<opcode="fmul(13) " fcode="fmul"/>
<opset="mul_1_4/29 "/>
</bind>
</comp>

<comp id="844" class="1004" name="grp_fu_844">
<pin_list>
<pin id="845" dir="0" index="0" bw="32" slack="0"/>
<pin id="846" dir="0" index="1" bw="32" slack="33"/>
<pin id="847" dir="1" index="2" bw="32" slack="11"/>
</pin_list>
<bind>
<opcode="fmul(13) " fcode="fmul"/>
<opset="mul_1_1/34 "/>
</bind>
</comp>

<comp id="848" class="1004" name="grp_fu_848">
<pin_list>
<pin id="849" dir="0" index="0" bw="32" slack="0"/>
<pin id="850" dir="0" index="1" bw="32" slack="38"/>
<pin id="851" dir="1" index="2" bw="32" slack="1"/>
</pin_list>
<bind>
<opcode="fmul(13) " fcode="fmul"/>
<opset="mul_1/39 "/>
</bind>
</comp>

<comp id="852" class="1004" name="grp_fu_852">
<pin_list>
<pin id="853" dir="0" index="0" bw="32" slack="0"/>
<pin id="854" dir="0" index="1" bw="32" slack="53"/>
<pin id="855" dir="1" index="2" bw="32" slack="21"/>
</pin_list>
<bind>
<opcode="fmul(13) " fcode="fmul"/>
<opset="mul_2_2/54 "/>
</bind>
</comp>

<comp id="856" class="1004" name="grp_fu_856">
<pin_list>
<pin id="857" dir="0" index="0" bw="32" slack="0"/>
<pin id="858" dir="0" index="1" bw="32" slack="53"/>
<pin id="859" dir="1" index="2" bw="32" slack="26"/>
</pin_list>
<bind>
<opcode="fmul(13) " fcode="fmul"/>
<opset="mul_2_3/54 "/>
</bind>
</comp>

<comp id="860" class="1004" name="grp_fu_860">
<pin_list>
<pin id="861" dir="0" index="0" bw="32" slack="50"/>
<pin id="862" dir="0" index="1" bw="32" slack="53"/>
<pin id="863" dir="1" index="2" bw="32" slack="31"/>
</pin_list>
<bind>
<opcode="fmul(13) " fcode="fmul"/>
<opset="mul_2_4/54 "/>
</bind>
</comp>

<comp id="864" class="1004" name="grp_fu_864">
<pin_list>
<pin id="865" dir="0" index="0" bw="32" slack="0"/>
<pin id="866" dir="0" index="1" bw="32" slack="58"/>
<pin id="867" dir="1" index="2" bw="32" slack="11"/>
</pin_list>
<bind>
<opcode="fmul(13) " fcode="fmul"/>
<opset="mul_2_1/59 "/>
</bind>
</comp>

<comp id="868" class="1004" name="grp_fu_868">
<pin_list>
<pin id="869" dir="0" index="0" bw="32" slack="0"/>
<pin id="870" dir="0" index="1" bw="32" slack="63"/>
<pin id="871" dir="1" index="2" bw="32" slack="1"/>
</pin_list>
<bind>
<opcode="fmul(13) " fcode="fmul"/>
<opset="mul_2/64 "/>
</bind>
</comp>

<comp id="872" class="1004" name="grp_fu_872">
<pin_list>
<pin id="873" dir="0" index="0" bw="32" slack="0"/>
<pin id="874" dir="0" index="1" bw="32" slack="78"/>
<pin id="875" dir="1" index="2" bw="32" slack="21"/>
</pin_list>
<bind>
<opcode="fmul(13) " fcode="fmul"/>
<opset="mul_3_2/79 "/>
</bind>
</comp>

<comp id="876" class="1004" name="grp_fu_876">
<pin_list>
<pin id="877" dir="0" index="0" bw="32" slack="0"/>
<pin id="878" dir="0" index="1" bw="32" slack="78"/>
<pin id="879" dir="1" index="2" bw="32" slack="26"/>
</pin_list>
<bind>
<opcode="fmul(13) " fcode="fmul"/>
<opset="mul_3_3/79 "/>
</bind>
</comp>

<comp id="880" class="1004" name="grp_fu_880">
<pin_list>
<pin id="881" dir="0" index="0" bw="32" slack="75"/>
<pin id="882" dir="0" index="1" bw="32" slack="78"/>
<pin id="883" dir="1" index="2" bw="32" slack="31"/>
</pin_list>
<bind>
<opcode="fmul(13) " fcode="fmul"/>
<opset="mul_3_4/79 "/>
</bind>
</comp>

<comp id="884" class="1004" name="grp_fu_884">
<pin_list>
<pin id="885" dir="0" index="0" bw="32" slack="0"/>
<pin id="886" dir="0" index="1" bw="32" slack="83"/>
<pin id="887" dir="1" index="2" bw="32" slack="11"/>
</pin_list>
<bind>
<opcode="fmul(13) " fcode="fmul"/>
<opset="mul_3_1/84 "/>
</bind>
</comp>

<comp id="888" class="1004" name="grp_fu_888">
<pin_list>
<pin id="889" dir="0" index="0" bw="32" slack="0"/>
<pin id="890" dir="0" index="1" bw="32" slack="88"/>
<pin id="891" dir="1" index="2" bw="32" slack="1"/>
</pin_list>
<bind>
<opcode="fmul(13) " fcode="fmul"/>
<opset="mul_3/89 "/>
</bind>
</comp>

<comp id="892" class="1004" name="grp_fu_892">
<pin_list>
<pin id="893" dir="0" index="0" bw="32" slack="0"/>
<pin id="894" dir="0" index="1" bw="32" slack="103"/>
<pin id="895" dir="1" index="2" bw="32" slack="21"/>
</pin_list>
<bind>
<opcode="fmul(13) " fcode="fmul"/>
<opset="mul_4_2/104 "/>
</bind>
</comp>

<comp id="896" class="1004" name="grp_fu_896">
<pin_list>
<pin id="897" dir="0" index="0" bw="32" slack="0"/>
<pin id="898" dir="0" index="1" bw="32" slack="103"/>
<pin id="899" dir="1" index="2" bw="32" slack="26"/>
</pin_list>
<bind>
<opcode="fmul(13) " fcode="fmul"/>
<opset="mul_4_3/104 "/>
</bind>
</comp>

<comp id="900" class="1004" name="grp_fu_900">
<pin_list>
<pin id="901" dir="0" index="0" bw="32" slack="100"/>
<pin id="902" dir="0" index="1" bw="32" slack="103"/>
<pin id="903" dir="1" index="2" bw="32" slack="31"/>
</pin_list>
<bind>
<opcode="fmul(13) " fcode="fmul"/>
<opset="mul_4_4/104 "/>
</bind>
</comp>

<comp id="905" class="1004" name="grp_fu_905">
<pin_list>
<pin id="906" dir="0" index="0" bw="32" slack="0"/>
<pin id="907" dir="0" index="1" bw="32" slack="108"/>
<pin id="908" dir="1" index="2" bw="32" slack="11"/>
</pin_list>
<bind>
<opcode="fmul(13) " fcode="fmul"/>
<opset="mul_4_1/109 "/>
</bind>
</comp>

<comp id="909" class="1004" name="grp_fu_909">
<pin_list>
<pin id="910" dir="0" index="0" bw="32" slack="0"/>
<pin id="911" dir="0" index="1" bw="32" slack="113"/>
<pin id="912" dir="1" index="2" bw="32" slack="1"/>
</pin_list>
<bind>
<opcode="fmul(13) " fcode="fmul"/>
<opset="mul_4/114 "/>
</bind>
</comp>

<comp id="913" class="1004" name="virt_size_fu_913">
<pin_list>
<pin id="914" dir="0" index="0" bw="32" slack="0"/>
<pin id="915" dir="0" index="1" bw="4" slack="0"/>
<pin id="916" dir="1" index="2" bw="32" slack="1"/>
</pin_list>
<bind>
<opcode="add(8) " fcode="add"/>
<opset="virt_size/1 "/>
</bind>
</comp>

<comp id="919" class="1004" name="window_0_1_load_load_fu_919">
<pin_list>
<pin id="920" dir="0" index="0" bw="32" slack="0"/>
<pin id="921" dir="1" index="1" bw="32" slack="0"/>
</pin_list>
<bind>
<opcode="load(27) " fcode="load"/>
<opset="window_0_1_load/1 "/>
</bind>
</comp>

<comp id="923" class="1004" name="window_0_2_load_load_fu_923">
<pin_list>
<pin id="924" dir="0" index="0" bw="32" slack="0"/>
<pin id="925" dir="1" index="1" bw="32" slack="0"/>
</pin_list>
<bind>
<opcode="load(27) " fcode="load"/>
<opset="window_0_2_load/1 "/>
</bind>
</comp>

<comp id="927" class="1004" name="window_0_3_load_load_fu_927">
<pin_list>
<pin id="928" dir="0" index="0" bw="32" slack="0"/>
<pin id="929" dir="1" index="1" bw="32" slack="0"/>
</pin_list>
<bind>
<opcode="load(27) " fcode="load"/>
<opset="window_0_3_load/1 "/>
</bind>
</comp>

<comp id="931" class="1004" name="window_1_1_load_load_fu_931">
<pin_list>
<pin id="932" dir="0" index="0" bw="32" slack="0"/>
<pin id="933" dir="1" index="1" bw="32" slack="0"/>
</pin_list>
<bind>
<opcode="load(27) " fcode="load"/>
<opset="window_1_1_load/1 "/>
</bind>
</comp>

<comp id="935" class="1004" name="window_1_2_load_load_fu_935">
<pin_list>
<pin id="936" dir="0" index="0" bw="32" slack="0"/>
<pin id="937" dir="1" index="1" bw="32" slack="0"/>
</pin_list>
<bind>
<opcode="load(27) " fcode="load"/>
<opset="window_1_2_load/1 "/>
</bind>
</comp>

<comp id="939" class="1004" name="window_1_3_load_load_fu_939">
<pin_list>
<pin id="940" dir="0" index="0" bw="32" slack="0"/>
<pin id="941" dir="1" index="1" bw="32" slack="0"/>
</pin_list>
<bind>
<opcode="load(27) " fcode="load"/>
<opset="window_1_3_load/1 "/>
</bind>
</comp>

<comp id="943" class="1004" name="window_2_1_load_load_fu_943">
<pin_list>
<pin id="944" dir="0" index="0" bw="32" slack="0"/>
<pin id="945" dir="1" index="1" bw="32" slack="0"/>
</pin_list>
<bind>
<opcode="load(27) " fcode="load"/>
<opset="window_2_1_load/1 "/>
</bind>
</comp>

<comp id="947" class="1004" name="window_2_2_load_load_fu_947">
<pin_list>
<pin id="948" dir="0" index="0" bw="32" slack="0"/>
<pin id="949" dir="1" index="1" bw="32" slack="0"/>
</pin_list>
<bind>
<opcode="load(27) " fcode="load"/>
<opset="window_2_2_load/1 "/>
</bind>
</comp>

<comp id="951" class="1004" name="window_2_3_load_load_fu_951">
<pin_list>
<pin id="952" dir="0" index="0" bw="32" slack="0"/>
<pin id="953" dir="1" index="1" bw="32" slack="0"/>
</pin_list>
<bind>
<opcode="load(27) " fcode="load"/>
<opset="window_2_3_load/1 "/>
</bind>
</comp>

<comp id="955" class="1004" name="window_3_1_load_load_fu_955">
<pin_list>
<pin id="956" dir="0" index="0" bw="32" slack="0"/>
<pin id="957" dir="1" index="1" bw="32" slack="0"/>
</pin_list>
<bind>
<opcode="load(27) " fcode="load"/>
<opset="window_3_1_load/1 "/>
</bind>
</comp>

<comp id="959" class="1004" name="window_3_2_load_load_fu_959">
<pin_list>
<pin id="960" dir="0" index="0" bw="32" slack="0"/>
<pin id="961" dir="1" index="1" bw="32" slack="0"/>
</pin_list>
<bind>
<opcode="load(27) " fcode="load"/>
<opset="window_3_2_load/1 "/>
</bind>
</comp>

<comp id="963" class="1004" name="window_3_3_load_load_fu_963">
<pin_list>
<pin id="964" dir="0" index="0" bw="32" slack="0"/>
<pin id="965" dir="1" index="1" bw="32" slack="0"/>
</pin_list>
<bind>
<opcode="load(27) " fcode="load"/>
<opset="window_3_3_load/1 "/>
</bind>
</comp>

<comp id="967" class="1004" name="window_4_1_load_load_fu_967">
<pin_list>
<pin id="968" dir="0" index="0" bw="32" slack="0"/>
<pin id="969" dir="1" index="1" bw="32" slack="0"/>
</pin_list>
<bind>
<opcode="load(27) " fcode="load"/>
<opset="window_4_1_load/1 "/>
</bind>
</comp>

<comp id="971" class="1004" name="window_4_2_load_load_fu_971">
<pin_list>
<pin id="972" dir="0" index="0" bw="32" slack="0"/>
<pin id="973" dir="1" index="1" bw="32" slack="0"/>
</pin_list>
<bind>
<opcode="load(27) " fcode="load"/>
<opset="window_4_2_load/1 "/>
</bind>
</comp>

<comp id="975" class="1004" name="window_4_3_load_load_fu_975">
<pin_list>
<pin id="976" dir="0" index="0" bw="32" slack="0"/>
<pin id="977" dir="1" index="1" bw="32" slack="0"/>
</pin_list>
<bind>
<opcode="load(27) " fcode="load"/>
<opset="window_4_3_load/1 "/>
</bind>
</comp>

<comp id="979" class="1004" name="empty_fu_979">
<pin_list>
<pin id="980" dir="0" index="0" bw="32" slack="0"/>
<pin id="981" dir="1" index="1" bw="32" slack="13"/>
</pin_list>
<bind>
<opcode="bitcast(44) " fcode="bitcast"/>
<opset="empty/1 "/>
</bind>
</comp>

<comp id="983" class="1004" name="empty_40_fu_983">
<pin_list>
<pin id="984" dir="0" index="0" bw="32" slack="0"/>
<pin id="985" dir="1" index="1" bw="32" slack="8"/>
</pin_list>
<bind>
<opcode="bitcast(44) " fcode="bitcast"/>
<opset="empty_40/1 "/>
</bind>
</comp>

<comp id="987" class="1004" name="empty_41_fu_987">
<pin_list>
<pin id="988" dir="0" index="0" bw="32" slack="0"/>
<pin id="989" dir="1" index="1" bw="32" slack="3"/>
</pin_list>
<bind>
<opcode="bitcast(44) " fcode="bitcast"/>
<opset="empty_41/1 "/>
</bind>
</comp>

<comp id="991" class="1004" name="empty_42_fu_991">
<pin_list>
<pin id="992" dir="0" index="0" bw="32" slack="0"/>
<pin id="993" dir="1" index="1" bw="32" slack="3"/>
</pin_list>
<bind>
<opcode="bitcast(44) " fcode="bitcast"/>
<opset="empty_42/1 "/>
</bind>
</comp>

<comp id="995" class="1004" name="empty_43_fu_995">
<pin_list>
<pin id="996" dir="0" index="0" bw="32" slack="0"/>
<pin id="997" dir="1" index="1" bw="32" slack="4"/>
</pin_list>
<bind>
<opcode="bitcast(44) " fcode="bitcast"/>
<opset="empty_43/1 "/>
</bind>
</comp>

<comp id="999" class="1004" name="empty_44_fu_999">
<pin_list>
<pin id="1000" dir="0" index="0" bw="32" slack="0"/>
<pin id="1001" dir="1" index="1" bw="32" slack="38"/>
</pin_list>
<bind>
<opcode="bitcast(44) " fcode="bitcast"/>
<opset="empty_44/1 "/>
</bind>
</comp>

<comp id="1003" class="1004" name="empty_45_fu_1003">
<pin_list>
<pin id="1004" dir="0" index="0" bw="32" slack="0"/>
<pin id="1005" dir="1" index="1" bw="32" slack="33"/>
</pin_list>
<bind>
<opcode="bitcast(44) " fcode="bitcast"/>
<opset="empty_45/1 "/>
</bind>
</comp>

<comp id="1007" class="1004" name="empty_46_fu_1007">
<pin_list>
<pin id="1008" dir="0" index="0" bw="32" slack="0"/>
<pin id="1009" dir="1" index="1" bw="32" slack="28"/>
</pin_list>
<bind>
<opcode="bitcast(44) " fcode="bitcast"/>
<opset="empty_46/1 "/>
</bind>
</comp>

<comp id="1011" class="1004" name="empty_47_fu_1011">
<pin_list>
<pin id="1012" dir="0" index="0" bw="32" slack="0"/>
<pin id="1013" dir="1" index="1" bw="32" slack="28"/>
</pin_list>
<bind>
<opcode="bitcast(44) " fcode="bitcast"/>
<opset="empty_47/1 "/>
</bind>
</comp>

<comp id="1015" class="1004" name="empty_48_fu_1015">
<pin_list>
<pin id="1016" dir="0" index="0" bw="32" slack="0"/>
<pin id="1017" dir="1" index="1" bw="32" slack="28"/>
</pin_list>
<bind>
<opcode="bitcast(44) " fcode="bitcast"/>
<opset="empty_48/1 "/>
</bind>
</comp>

<comp id="1019" class="1004" name="empty_49_fu_1019">
<pin_list>
<pin id="1020" dir="0" index="0" bw="32" slack="0"/>
<pin id="1021" dir="1" index="1" bw="32" slack="63"/>
</pin_list>
<bind>
<opcode="bitcast(44) " fcode="bitcast"/>
<opset="empty_49/1 "/>
</bind>
</comp>

<comp id="1023" class="1004" name="empty_50_fu_1023">
<pin_list>
<pin id="1024" dir="0" index="0" bw="32" slack="0"/>
<pin id="1025" dir="1" index="1" bw="32" slack="58"/>
</pin_list>
<bind>
<opcode="bitcast(44) " fcode="bitcast"/>
<opset="empty_50/1 "/>
</bind>
</comp>

<comp id="1027" class="1004" name="empty_51_fu_1027">
<pin_list>
<pin id="1028" dir="0" index="0" bw="32" slack="0"/>
<pin id="1029" dir="1" index="1" bw="32" slack="53"/>
</pin_list>
<bind>
<opcode="bitcast(44) " fcode="bitcast"/>
<opset="empty_51/1 "/>
</bind>
</comp>

<comp id="1031" class="1004" name="empty_52_fu_1031">
<pin_list>
<pin id="1032" dir="0" index="0" bw="32" slack="0"/>
<pin id="1033" dir="1" index="1" bw="32" slack="53"/>
</pin_list>
<bind>
<opcode="bitcast(44) " fcode="bitcast"/>
<opset="empty_52/1 "/>
</bind>
</comp>

<comp id="1035" class="1004" name="empty_53_fu_1035">
<pin_list>
<pin id="1036" dir="0" index="0" bw="32" slack="0"/>
<pin id="1037" dir="1" index="1" bw="32" slack="53"/>
</pin_list>
<bind>
<opcode="bitcast(44) " fcode="bitcast"/>
<opset="empty_53/1 "/>
</bind>
</comp>

<comp id="1039" class="1004" name="empty_54_fu_1039">
<pin_list>
<pin id="1040" dir="0" index="0" bw="32" slack="0"/>
<pin id="1041" dir="1" index="1" bw="32" slack="88"/>
</pin_list>
<bind>
<opcode="bitcast(44) " fcode="bitcast"/>
<opset="empty_54/1 "/>
</bind>
</comp>

<comp id="1043" class="1004" name="empty_55_fu_1043">
<pin_list>
<pin id="1044" dir="0" index="0" bw="32" slack="0"/>
<pin id="1045" dir="1" index="1" bw="32" slack="83"/>
</pin_list>
<bind>
<opcode="bitcast(44) " fcode="bitcast"/>
<opset="empty_55/1 "/>
</bind>
</comp>

<comp id="1047" class="1004" name="empty_56_fu_1047">
<pin_list>
<pin id="1048" dir="0" index="0" bw="32" slack="0"/>
<pin id="1049" dir="1" index="1" bw="32" slack="78"/>
</pin_list>
<bind>
<opcode="bitcast(44) " fcode="bitcast"/>
<opset="empty_56/1 "/>
</bind>
</comp>

<comp id="1051" class="1004" name="empty_57_fu_1051">
<pin_list>
<pin id="1052" dir="0" index="0" bw="32" slack="0"/>
<pin id="1053" dir="1" index="1" bw="32" slack="78"/>
</pin_list>
<bind>
<opcode="bitcast(44) " fcode="bitcast"/>
<opset="empty_57/1 "/>
</bind>
</comp>

<comp id="1055" class="1004" name="empty_58_fu_1055">
<pin_list>
<pin id="1056" dir="0" index="0" bw="32" slack="0"/>
<pin id="1057" dir="1" index="1" bw="32" slack="78"/>
</pin_list>
<bind>
<opcode="bitcast(44) " fcode="bitcast"/>
<opset="empty_58/1 "/>
</bind>
</comp>

<comp id="1059" class="1004" name="empty_59_fu_1059">
<pin_list>
<pin id="1060" dir="0" index="0" bw="32" slack="0"/>
<pin id="1061" dir="1" index="1" bw="32" slack="113"/>
</pin_list>
<bind>
<opcode="bitcast(44) " fcode="bitcast"/>
<opset="empty_59/1 "/>
</bind>
</comp>

<comp id="1063" class="1004" name="empty_60_fu_1063">
<pin_list>
<pin id="1064" dir="0" index="0" bw="32" slack="0"/>
<pin id="1065" dir="1" index="1" bw="32" slack="108"/>
</pin_list>
<bind>
<opcode="bitcast(44) " fcode="bitcast"/>
<opset="empty_60/1 "/>
</bind>
</comp>

<comp id="1067" class="1004" name="empty_61_fu_1067">
<pin_list>
<pin id="1068" dir="0" index="0" bw="32" slack="0"/>
<pin id="1069" dir="1" index="1" bw="32" slack="103"/>
</pin_list>
<bind>
<opcode="bitcast(44) " fcode="bitcast"/>
<opset="empty_61/1 "/>
</bind>
</comp>

<comp id="1071" class="1004" name="empty_62_fu_1071">
<pin_list>
<pin id="1072" dir="0" index="0" bw="32" slack="0"/>
<pin id="1073" dir="1" index="1" bw="32" slack="103"/>
</pin_list>
<bind>
<opcode="bitcast(44) " fcode="bitcast"/>
<opset="empty_62/1 "/>
</bind>
</comp>

<comp id="1075" class="1004" name="empty_63_fu_1075">
<pin_list>
<pin id="1076" dir="0" index="0" bw="32" slack="0"/>
<pin id="1077" dir="1" index="1" bw="32" slack="103"/>
</pin_list>
<bind>
<opcode="bitcast(44) " fcode="bitcast"/>
<opset="empty_63/1 "/>
</bind>
</comp>

<comp id="1079" class="1004" name="store_ln41_store_fu_1079">
<pin_list>
<pin id="1080" dir="0" index="0" bw="1" slack="0"/>
<pin id="1081" dir="0" index="1" bw="64" slack="0"/>
<pin id="1082" dir="1" index="2" bw="0" slack="2147483647"/>
</pin_list>
<bind>
<opcode="store(28) " fcode="store"/>
<opset="store_ln41/1 "/>
</bind>
</comp>

<comp id="1084" class="1004" name="store_ln41_store_fu_1084">
<pin_list>
<pin id="1085" dir="0" index="0" bw="1" slack="0"/>
<pin id="1086" dir="0" index="1" bw="31" slack="0"/>
<pin id="1087" dir="1" index="2" bw="0" slack="2147483647"/>
</pin_list>
<bind>
<opcode="store(28) " fcode="store"/>
<opset="store_ln41/1 "/>
</bind>
</comp>

<comp id="1089" class="1004" name="store_ln41_store_fu_1089">
<pin_list>
<pin id="1090" dir="0" index="0" bw="32" slack="0"/>
<pin id="1091" dir="0" index="1" bw="32" slack="0"/>
<pin id="1092" dir="1" index="2" bw="0" slack="2147483647"/>
</pin_list>
<bind>
<opcode="store(28) " fcode="store"/>
<opset="store_ln41/1 "/>
</bind>
</comp>

<comp id="1094" class="1004" name="store_ln41_store_fu_1094">
<pin_list>
<pin id="1095" dir="0" index="0" bw="32" slack="0"/>
<pin id="1096" dir="0" index="1" bw="32" slack="0"/>
<pin id="1097" dir="1" index="2" bw="0" slack="2147483647"/>
</pin_list>
<bind>
<opcode="store(28) " fcode="store"/>
<opset="store_ln41/1 "/>
</bind>
</comp>

<comp id="1099" class="1004" name="store_ln41_store_fu_1099">
<pin_list>
<pin id="1100" dir="0" index="0" bw="32" slack="0"/>
<pin id="1101" dir="0" index="1" bw="32" slack="0"/>
<pin id="1102" dir="1" index="2" bw="0" slack="2147483647"/>
</pin_list>
<bind>
<opcode="store(28) " fcode="store"/>
<opset="store_ln41/1 "/>
</bind>
</comp>

<comp id="1104" class="1004" name="store_ln41_store_fu_1104">
<pin_list>
<pin id="1105" dir="0" index="0" bw="32" slack="0"/>
<pin id="1106" dir="0" index="1" bw="32" slack="0"/>
<pin id="1107" dir="1" index="2" bw="0" slack="2147483647"/>
</pin_list>
<bind>
<opcode="store(28) " fcode="store"/>
<opset="store_ln41/1 "/>
</bind>
</comp>

<comp id="1109" class="1004" name="store_ln41_store_fu_1109">
<pin_list>
<pin id="1110" dir="0" index="0" bw="32" slack="0"/>
<pin id="1111" dir="0" index="1" bw="32" slack="0"/>
<pin id="1112" dir="1" index="2" bw="0" slack="2147483647"/>
</pin_list>
<bind>
<opcode="store(28) " fcode="store"/>
<opset="store_ln41/1 "/>
</bind>
</comp>

<comp id="1114" class="1004" name="store_ln41_store_fu_1114">
<pin_list>
<pin id="1115" dir="0" index="0" bw="32" slack="0"/>
<pin id="1116" dir="0" index="1" bw="32" slack="0"/>
<pin id="1117" dir="1" index="2" bw="0" slack="2147483647"/>
</pin_list>
<bind>
<opcode="store(28) " fcode="store"/>
<opset="store_ln41/1 "/>
</bind>
</comp>

<comp id="1119" class="1004" name="store_ln41_store_fu_1119">
<pin_list>
<pin id="1120" dir="0" index="0" bw="32" slack="0"/>
<pin id="1121" dir="0" index="1" bw="32" slack="0"/>
<pin id="1122" dir="1" index="2" bw="0" slack="2147483647"/>
</pin_list>
<bind>
<opcode="store(28) " fcode="store"/>
<opset="store_ln41/1 "/>
</bind>
</comp>

<comp id="1124" class="1004" name="store_ln41_store_fu_1124">
<pin_list>
<pin id="1125" dir="0" index="0" bw="32" slack="0"/>
<pin id="1126" dir="0" index="1" bw="32" slack="0"/>
<pin id="1127" dir="1" index="2" bw="0" slack="2147483647"/>
</pin_list>
<bind>
<opcode="store(28) " fcode="store"/>
<opset="store_ln41/1 "/>
</bind>
</comp>

<comp id="1129" class="1004" name="store_ln41_store_fu_1129">
<pin_list>
<pin id="1130" dir="0" index="0" bw="32" slack="0"/>
<pin id="1131" dir="0" index="1" bw="32" slack="0"/>
<pin id="1132" dir="1" index="2" bw="0" slack="2147483647"/>
</pin_list>
<bind>
<opcode="store(28) " fcode="store"/>
<opset="store_ln41/1 "/>
</bind>
</comp>

<comp id="1134" class="1004" name="store_ln41_store_fu_1134">
<pin_list>
<pin id="1135" dir="0" index="0" bw="32" slack="0"/>
<pin id="1136" dir="0" index="1" bw="32" slack="0"/>
<pin id="1137" dir="1" index="2" bw="0" slack="2147483647"/>
</pin_list>
<bind>
<opcode="store(28) " fcode="store"/>
<opset="store_ln41/1 "/>
</bind>
</comp>

<comp id="1139" class="1004" name="store_ln41_store_fu_1139">
<pin_list>
<pin id="1140" dir="0" index="0" bw="32" slack="0"/>
<pin id="1141" dir="0" index="1" bw="32" slack="0"/>
<pin id="1142" dir="1" index="2" bw="0" slack="2147483647"/>
</pin_list>
<bind>
<opcode="store(28) " fcode="store"/>
<opset="store_ln41/1 "/>
</bind>
</comp>

<comp id="1144" class="1004" name="store_ln41_store_fu_1144">
<pin_list>
<pin id="1145" dir="0" index="0" bw="32" slack="0"/>
<pin id="1146" dir="0" index="1" bw="32" slack="0"/>
<pin id="1147" dir="1" index="2" bw="0" slack="2147483647"/>
</pin_list>
<bind>
<opcode="store(28) " fcode="store"/>
<opset="store_ln41/1 "/>
</bind>
</comp>

<comp id="1149" class="1004" name="store_ln41_store_fu_1149">
<pin_list>
<pin id="1150" dir="0" index="0" bw="32" slack="0"/>
<pin id="1151" dir="0" index="1" bw="32" slack="0"/>
<pin id="1152" dir="1" index="2" bw="0" slack="2147483647"/>
</pin_list>
<bind>
<opcode="store(28) " fcode="store"/>
<opset="store_ln41/1 "/>
</bind>
</comp>

<comp id="1154" class="1004" name="store_ln41_store_fu_1154">
<pin_list>
<pin id="1155" dir="0" index="0" bw="32" slack="0"/>
<pin id="1156" dir="0" index="1" bw="32" slack="0"/>
<pin id="1157" dir="1" index="2" bw="0" slack="2147483647"/>
</pin_list>
<bind>
<opcode="store(28) " fcode="store"/>
<opset="store_ln41/1 "/>
</bind>
</comp>

<comp id="1159" class="1004" name="store_ln41_store_fu_1159">
<pin_list>
<pin id="1160" dir="0" index="0" bw="32" slack="0"/>
<pin id="1161" dir="0" index="1" bw="32" slack="0"/>
<pin id="1162" dir="1" index="2" bw="0" slack="2147483647"/>
</pin_list>
<bind>
<opcode="store(28) " fcode="store"/>
<opset="store_ln41/1 "/>
</bind>
</comp>

<comp id="1164" class="1004" name="store_ln41_store_fu_1164">
<pin_list>
<pin id="1165" dir="0" index="0" bw="1" slack="0"/>
<pin id="1166" dir="0" index="1" bw="9" slack="0"/>
<pin id="1167" dir="1" index="2" bw="0" slack="2147483647"/>
</pin_list>
<bind>
<opcode="store(28) " fcode="store"/>
<opset="store_ln41/1 "/>
</bind>
</comp>

<comp id="1169" class="1004" name="store_ln0_store_fu_1169">
<pin_list>
<pin id="1170" dir="0" index="0" bw="32" slack="0"/>
<pin id="1171" dir="0" index="1" bw="32" slack="0"/>
<pin id="1172" dir="1" index="2" bw="0" slack="2147483647"/>
</pin_list>
<bind>
<opcode="store(28) " fcode="store"/>
<opset="store_ln0/1 "/>
</bind>
</comp>

<comp id="1174" class="1004" name="store_ln0_store_fu_1174">
<pin_list>
<pin id="1175" dir="0" index="0" bw="1" slack="0"/>
<pin id="1176" dir="0" index="1" bw="64" slack="0"/>
<pin id="1177" dir="1" index="2" bw="0" slack="2147483647"/>
</pin_list>
<bind>
<opcode="store(28) " fcode="store"/>
<opset="store_ln0/1 "/>
</bind>
</comp>

<comp id="1179" class="1004" name="store_ln0_store_fu_1179">
<pin_list>
<pin id="1180" dir="0" index="0" bw="32" slack="0"/>
<pin id="1181" dir="0" index="1" bw="32" slack="0"/>
<pin id="1182" dir="1" index="2" bw="0" slack="2147483647"/>
</pin_list>
<bind>
<opcode="store(28) " fcode="store"/>
<opset="store_ln0/1 "/>
</bind>
</comp>

<comp id="1184" class="1004" name="store_ln0_store_fu_1184">
<pin_list>
<pin id="1185" dir="0" index="0" bw="1" slack="0"/>
<pin id="1186" dir="0" index="1" bw="64" slack="0"/>
<pin id="1187" dir="1" index="2" bw="0" slack="2147483647"/>
</pin_list>
<bind>
<opcode="store(28) " fcode="store"/>
<opset="store_ln0/1 "/>
</bind>
</comp>

<comp id="1189" class="1004" name="store_ln0_store_fu_1189">
<pin_list>
<pin id="1190" dir="0" index="0" bw="32" slack="0"/>
<pin id="1191" dir="0" index="1" bw="32" slack="0"/>
<pin id="1192" dir="1" index="2" bw="0" slack="2147483647"/>
</pin_list>
<bind>
<opcode="store(28) " fcode="store"/>
<opset="store_ln0/1 "/>
</bind>
</comp>

<comp id="1194" class="1004" name="store_ln0_store_fu_1194">
<pin_list>
<pin id="1195" dir="0" index="0" bw="1" slack="0"/>
<pin id="1196" dir="0" index="1" bw="64" slack="0"/>
<pin id="1197" dir="1" index="2" bw="0" slack="2147483647"/>
</pin_list>
<bind>
<opcode="store(28) " fcode="store"/>
<opset="store_ln0/1 "/>
</bind>
</comp>

<comp id="1199" class="1004" name="store_ln0_store_fu_1199">
<pin_list>
<pin id="1200" dir="0" index="0" bw="32" slack="0"/>
<pin id="1201" dir="0" index="1" bw="32" slack="0"/>
<pin id="1202" dir="1" index="2" bw="0" slack="2147483647"/>
</pin_list>
<bind>
<opcode="store(28) " fcode="store"/>
<opset="store_ln0/1 "/>
</bind>
</comp>

<comp id="1204" class="1004" name="store_ln0_store_fu_1204">
<pin_list>
<pin id="1205" dir="0" index="0" bw="1" slack="0"/>
<pin id="1206" dir="0" index="1" bw="64" slack="0"/>
<pin id="1207" dir="1" index="2" bw="0" slack="2147483647"/>
</pin_list>
<bind>
<opcode="store(28) " fcode="store"/>
<opset="store_ln0/1 "/>
</bind>
</comp>

<comp id="1209" class="1004" name="add13_fu_1209">
<pin_list>
<pin id="1210" dir="0" index="0" bw="32" slack="1"/>
<pin id="1211" dir="0" index="1" bw="3" slack="0"/>
<pin id="1212" dir="1" index="2" bw="32" slack="1"/>
</pin_list>
<bind>
<opcode="add(8) " fcode="add"/>
<opset="add13/2 "/>
</bind>
</comp>

<comp id="1214" class="1004" name="sub68_fu_1214">
<pin_list>
<pin id="1215" dir="0" index="0" bw="32" slack="1"/>
<pin id="1216" dir="0" index="1" bw="3" slack="0"/>
<pin id="1217" dir="1" index="2" bw="32" slack="1"/>
</pin_list>
<bind>
<opcode="add(8) " fcode="add"/>
<opset="sub68/2 "/>
</bind>
</comp>

<comp id="1219" class="1004" name="cast_fu_1219">
<pin_list>
<pin id="1220" dir="0" index="0" bw="32" slack="1"/>
<pin id="1221" dir="1" index="1" bw="64" slack="0"/>
</pin_list>
<bind>
<opcode="zext(34) " fcode="zext"/>
<opset="cast/2 "/>
</bind>
</comp>

<comp id="1222" class="1004" name="bound_fu_1222">
<pin_list>
<pin id="1223" dir="0" index="0" bw="32" slack="0"/>
<pin id="1224" dir="0" index="1" bw="32" slack="0"/>
<pin id="1225" dir="1" index="2" bw="64" slack="1"/>
</pin_list>
<bind>
<opcode="mul(12) " fcode="mul"/>
<opset="bound/2 "/>
</bind>
</comp>

<comp id="1228" class="1004" name="col_1_load_fu_1228">
<pin_list>
<pin id="1229" dir="0" index="0" bw="9" slack="2"/>
<pin id="1230" dir="1" index="1" bw="9" slack="0"/>
</pin_list>
<bind>
<opcode="load(27) " fcode="load"/>
<opset="col_1/3 "/>
</bind>
</comp>

<comp id="1231" class="1004" name="row_1_load_fu_1231">
<pin_list>
<pin id="1232" dir="0" index="0" bw="31" slack="2"/>
<pin id="1233" dir="1" index="1" bw="31" slack="0"/>
</pin_list>
<bind>
<opcode="load(27) " fcode="load"/>
<opset="row_1/3 "/>
</bind>
</comp>

<comp id="1234" class="1004" name="indvar_flatten_load_load_fu_1234">
<pin_list>
<pin id="1235" dir="0" index="0" bw="64" slack="2"/>
<pin id="1236" dir="1" index="1" bw="64" slack="0"/>
</pin_list>
<bind>
<opcode="load(27) " fcode="load"/>
<opset="indvar_flatten_load/3 "/>
</bind>
</comp>

<comp id="1237" class="1004" name="zext_ln41_1_fu_1237">
<pin_list>
<pin id="1238" dir="0" index="0" bw="31" slack="0"/>
<pin id="1239" dir="1" index="1" bw="32" slack="0"/>
</pin_list>
<bind>
<opcode="zext(34) " fcode="zext"/>
<opset="zext_ln41_1/3 "/>
</bind>
</comp>

<comp id="1241" class="1004" name="tmp_fu_1241">
<pin_list>
<pin id="1242" dir="0" index="0" bw="29" slack="0"/>
<pin id="1243" dir="0" index="1" bw="31" slack="0"/>
<pin id="1244" dir="0" index="2" bw="3" slack="0"/>
<pin id="1245" dir="0" index="3" bw="6" slack="0"/>
<pin id="1246" dir="1" index="4" bw="29" slack="0"/>
</pin_list>
<bind>
<opcode="partselect(1002) " fcode="partselect"/>
<opset="tmp/3 "/>
</bind>
</comp>

<comp id="1251" class="1004" name="icmp_fu_1251">
<pin_list>
<pin id="1252" dir="0" index="0" bw="29" slack="0"/>
<pin id="1253" dir="0" index="1" bw="1" slack="0"/>
<pin id="1254" dir="1" index="2" bw="1" slack="0"/>
</pin_list>
<bind>
<opcode="icmp(45) " fcode="icmp"/>
<opset="icmp/3 "/>
</bind>
</comp>

<comp id="1257" class="1004" name="cmp69_fu_1257">
<pin_list>
<pin id="1258" dir="0" index="0" bw="31" slack="0"/>
<pin id="1259" dir="0" index="1" bw="32" slack="1"/>
<pin id="1260" dir="1" index="2" bw="1" slack="0"/>
</pin_list>
<bind>
<opcode="icmp(45) " fcode="icmp"/>
<opset="cmp69/3 "/>
</bind>
</comp>

<comp id="1262" class="1004" name="tmp_1_fu_1262">
<pin_list>
<pin id="1263" dir="0" index="0" bw="30" slack="0"/>
<pin id="1264" dir="0" index="1" bw="31" slack="0"/>
<pin id="1265" dir="0" index="2" bw="1" slack="0"/>
<pin id="1266" dir="0" index="3" bw="6" slack="0"/>
<pin id="1267" dir="1" index="4" bw="30" slack="0"/>
</pin_list>
<bind>
<opcode="partselect(1002) " fcode="partselect"/>
<opset="tmp_1/3 "/>
</bind>
</comp>

<comp id="1272" class="1004" name="icmp16_fu_1272">
<pin_list>
<pin id="1273" dir="0" index="0" bw="30" slack="0"/>
<pin id="1274" dir="0" index="1" bw="1" slack="0"/>
<pin id="1275" dir="1" index="2" bw="1" slack="0"/>
</pin_list>
<bind>
<opcode="icmp(45) " fcode="icmp"/>
<opset="icmp16/3 "/>
</bind>
</comp>

<comp id="1278" class="1004" name="notrhs_fu_1278">
<pin_list>
<pin id="1279" dir="0" index="0" bw="31" slack="0"/>
<pin id="1280" dir="0" index="1" bw="32" slack="1"/>
<pin id="1281" dir="1" index="2" bw="1" slack="0"/>
</pin_list>
<bind>
<opcode="icmp(45) " fcode="icmp"/>
<opset="notrhs/3 "/>
</bind>
</comp>

<comp id="1283" class="1004" name="and_ln55_fu_1283">
<pin_list>
<pin id="1284" dir="0" index="0" bw="1" slack="0"/>
<pin id="1285" dir="0" index="1" bw="1" slack="0"/>
<pin id="1286" dir="1" index="2" bw="1" slack="0"/>
</pin_list>
<bind>
<opcode="and(23) " fcode="and"/>
<opset="and_ln55/3 "/>
</bind>
</comp>

<comp id="1289" class="1004" name="zext_ln43_1_fu_1289">
<pin_list>
<pin id="1290" dir="0" index="0" bw="9" slack="0"/>
<pin id="1291" dir="1" index="1" bw="32" slack="0"/>
</pin_list>
<bind>
<opcode="zext(34) " fcode="zext"/>
<opset="zext_ln43_1/3 "/>
</bind>
</comp>

<comp id="1293" class="1004" name="icmp_ln43_fu_1293">
<pin_list>
<pin id="1294" dir="0" index="0" bw="9" slack="0"/>
<pin id="1295" dir="0" index="1" bw="32" slack="2"/>
<pin id="1296" dir="1" index="2" bw="1" slack="0"/>
</pin_list>
<bind>
<opcode="icmp(45) " fcode="icmp"/>
<opset="icmp_ln43/3 "/>
</bind>
</comp>

<comp id="1298" class="1004" name="icmp_ln41_fu_1298">
<pin_list>
<pin id="1299" dir="0" index="0" bw="64" slack="0"/>
<pin id="1300" dir="0" index="1" bw="64" slack="1"/>
<pin id="1301" dir="1" index="2" bw="1" slack="1"/>
</pin_list>
<bind>
<opcode="icmp(45) " fcode="icmp"/>
<opset="icmp_ln41/3 "/>
</bind>
</comp>

<comp id="1303" class="1004" name="add_ln41_fu_1303">
<pin_list>
<pin id="1304" dir="0" index="0" bw="64" slack="0"/>
<pin id="1305" dir="0" index="1" bw="1" slack="0"/>
<pin id="1306" dir="1" index="2" bw="64" slack="0"/>
</pin_list>
<bind>
<opcode="add(8) " fcode="add"/>
<opset="add_ln41/3 "/>
</bind>
</comp>

<comp id="1309" class="1004" name="add_ln41_1_fu_1309">
<pin_list>
<pin id="1310" dir="0" index="0" bw="31" slack="0"/>
<pin id="1311" dir="0" index="1" bw="1" slack="0"/>
<pin id="1312" dir="1" index="2" bw="31" slack="0"/>
</pin_list>
<bind>
<opcode="add(8) " fcode="add"/>
<opset="add_ln41_1/3 "/>
</bind>
</comp>

<comp id="1315" class="1004" name="zext_ln41_fu_1315">
<pin_list>
<pin id="1316" dir="0" index="0" bw="31" slack="0"/>
<pin id="1317" dir="1" index="1" bw="32" slack="0"/>
</pin_list>
<bind>
<opcode="zext(34) " fcode="zext"/>
<opset="zext_ln41/3 "/>
</bind>
</comp>

<comp id="1319" class="1004" name="select_ln41_fu_1319">
<pin_list>
<pin id="1320" dir="0" index="0" bw="1" slack="0"/>
<pin id="1321" dir="0" index="1" bw="1" slack="0"/>
<pin id="1322" dir="0" index="2" bw="9" slack="0"/>
<pin id="1323" dir="1" index="3" bw="9" slack="0"/>
</pin_list>
<bind>
<opcode="select(49) " fcode="select"/>
<opset="select_ln41/3 "/>
</bind>
</comp>

<comp id="1327" class="1004" name="tmp_2_fu_1327">
<pin_list>
<pin id="1328" dir="0" index="0" bw="29" slack="0"/>
<pin id="1329" dir="0" index="1" bw="31" slack="0"/>
<pin id="1330" dir="0" index="2" bw="3" slack="0"/>
<pin id="1331" dir="0" index="3" bw="6" slack="0"/>
<pin id="1332" dir="1" index="4" bw="29" slack="0"/>
</pin_list>
<bind>
<opcode="partselect(1002) " fcode="partselect"/>
<opset="tmp_2/3 "/>
</bind>
</comp>

<comp id="1337" class="1004" name="icmp22_fu_1337">
<pin_list>
<pin id="1338" dir="0" index="0" bw="29" slack="0"/>
<pin id="1339" dir="0" index="1" bw="1" slack="0"/>
<pin id="1340" dir="1" index="2" bw="1" slack="0"/>
</pin_list>
<bind>
<opcode="icmp(45) " fcode="icmp"/>
<opset="icmp22/3 "/>
</bind>
</comp>

<comp id="1343" class="1004" name="select_ln41_1_fu_1343">
<pin_list>
<pin id="1344" dir="0" index="0" bw="1" slack="0"/>
<pin id="1345" dir="0" index="1" bw="1" slack="0"/>
<pin id="1346" dir="0" index="2" bw="1" slack="0"/>
<pin id="1347" dir="1" index="3" bw="1" slack="0"/>
</pin_list>
<bind>
<opcode="select(49) " fcode="select"/>
<opset="select_ln41_1/3 "/>
</bind>
</comp>

<comp id="1351" class="1004" name="cmp69_mid1_fu_1351">
<pin_list>
<pin id="1352" dir="0" index="0" bw="31" slack="0"/>
<pin id="1353" dir="0" index="1" bw="32" slack="1"/>
<pin id="1354" dir="1" index="2" bw="1" slack="0"/>
</pin_list>
<bind>
<opcode="icmp(45) " fcode="icmp"/>
<opset="cmp69_mid1/3 "/>
</bind>
</comp>

<comp id="1356" class="1004" name="select_ln41_2_fu_1356">
<pin_list>
<pin id="1357" dir="0" index="0" bw="1" slack="0"/>
<pin id="1358" dir="0" index="1" bw="1" slack="0"/>
<pin id="1359" dir="0" index="2" bw="1" slack="0"/>
<pin id="1360" dir="1" index="3" bw="1" slack="0"/>
</pin_list>
<bind>
<opcode="select(49) " fcode="select"/>
<opset="select_ln41_2/3 "/>
</bind>
</comp>

<comp id="1364" class="1004" name="tmp_3_fu_1364">
<pin_list>
<pin id="1365" dir="0" index="0" bw="30" slack="0"/>
<pin id="1366" dir="0" index="1" bw="31" slack="0"/>
<pin id="1367" dir="0" index="2" bw="1" slack="0"/>
<pin id="1368" dir="0" index="3" bw="6" slack="0"/>
<pin id="1369" dir="1" index="4" bw="30" slack="0"/>
</pin_list>
<bind>
<opcode="partselect(1002) " fcode="partselect"/>
<opset="tmp_3/3 "/>
</bind>
</comp>

<comp id="1374" class="1004" name="icmp25_fu_1374">
<pin_list>
<pin id="1375" dir="0" index="0" bw="30" slack="0"/>
<pin id="1376" dir="0" index="1" bw="1" slack="0"/>
<pin id="1377" dir="1" index="2" bw="1" slack="0"/>
</pin_list>
<bind>
<opcode="icmp(45) " fcode="icmp"/>
<opset="icmp25/3 "/>
</bind>
</comp>

<comp id="1380" class="1004" name="notrhs_mid1_fu_1380">
<pin_list>
<pin id="1381" dir="0" index="0" bw="31" slack="0"/>
<pin id="1382" dir="0" index="1" bw="32" slack="1"/>
<pin id="1383" dir="1" index="2" bw="1" slack="0"/>
</pin_list>
<bind>
<opcode="icmp(45) " fcode="icmp"/>
<opset="notrhs_mid1/3 "/>
</bind>
</comp>

<comp id="1385" class="1004" name="and_ln55_3_fu_1385">
<pin_list>
<pin id="1386" dir="0" index="0" bw="1" slack="0"/>
<pin id="1387" dir="0" index="1" bw="1" slack="0"/>
<pin id="1388" dir="1" index="2" bw="1" slack="0"/>
</pin_list>
<bind>
<opcode="and(23) " fcode="and"/>
<opset="and_ln55_3/3 "/>
</bind>
</comp>

<comp id="1391" class="1004" name="select_ln41_3_fu_1391">
<pin_list>
<pin id="1392" dir="0" index="0" bw="1" slack="0"/>
<pin id="1393" dir="0" index="1" bw="1" slack="0"/>
<pin id="1394" dir="0" index="2" bw="1" slack="0"/>
<pin id="1395" dir="1" index="3" bw="1" slack="0"/>
</pin_list>
<bind>
<opcode="select(49) " fcode="select"/>
<opset="select_ln41_3/3 "/>
</bind>
</comp>

<comp id="1399" class="1004" name="zext_ln41_2_fu_1399">
<pin_list>
<pin id="1400" dir="0" index="0" bw="9" slack="0"/>
<pin id="1401" dir="1" index="1" bw="32" slack="0"/>
</pin_list>
<bind>
<opcode="zext(34) " fcode="zext"/>
<opset="zext_ln41_2/3 "/>
</bind>
</comp>

<comp id="1403" class="1004" name="select_ln41_4_fu_1403">
<pin_list>
<pin id="1404" dir="0" index="0" bw="1" slack="0"/>
<pin id="1405" dir="0" index="1" bw="31" slack="0"/>
<pin id="1406" dir="0" index="2" bw="31" slack="0"/>
<pin id="1407" dir="1" index="3" bw="31" slack="0"/>
</pin_list>
<bind>
<opcode="select(49) " fcode="select"/>
<opset="select_ln41_4/3 "/>
</bind>
</comp>

<comp id="1411" class="1004" name="zext_ln43_fu_1411">
<pin_list>
<pin id="1412" dir="0" index="0" bw="9" slack="0"/>
<pin id="1413" dir="1" index="1" bw="64" slack="0"/>
</pin_list>
<bind>
<opcode="zext(34) " fcode="zext"/>
<opset="zext_ln43/3 "/>
</bind>
</comp>

<comp id="1419" class="1004" name="tmp_4_fu_1419">
<pin_list>
<pin id="1420" dir="0" index="0" bw="8" slack="0"/>
<pin id="1421" dir="0" index="1" bw="9" slack="0"/>
<pin id="1422" dir="0" index="2" bw="1" slack="0"/>
<pin id="1423" dir="0" index="3" bw="5" slack="0"/>
<pin id="1424" dir="1" index="4" bw="8" slack="0"/>
</pin_list>
<bind>
<opcode="partselect(1002) " fcode="partselect"/>
<opset="tmp_4/3 "/>
</bind>
</comp>

<comp id="1429" class="1004" name="icmp_ln56_fu_1429">
<pin_list>
<pin id="1430" dir="0" index="0" bw="8" slack="0"/>
<pin id="1431" dir="0" index="1" bw="1" slack="0"/>
<pin id="1432" dir="1" index="2" bw="1" slack="0"/>
</pin_list>
<bind>
<opcode="icmp(45) " fcode="icmp"/>
<opset="icmp_ln56/3 "/>
</bind>
</comp>

<comp id="1435" class="1004" name="icmp_ln56_1_fu_1435">
<pin_list>
<pin id="1436" dir="0" index="0" bw="9" slack="0"/>
<pin id="1437" dir="0" index="1" bw="32" slack="1"/>
<pin id="1438" dir="1" index="2" bw="1" slack="0"/>
</pin_list>
<bind>
<opcode="icmp(45) " fcode="icmp"/>
<opset="icmp_ln56_1/3 "/>
</bind>
</comp>

<comp id="1440" class="1004" name="and_ln55_2_fu_1440">
<pin_list>
<pin id="1441" dir="0" index="0" bw="1" slack="0"/>
<pin id="1442" dir="0" index="1" bw="1" slack="0"/>
<pin id="1443" dir="1" index="2" bw="1" slack="0"/>
</pin_list>
<bind>
<opcode="and(23) " fcode="and"/>
<opset="and_ln55_2/3 "/>
</bind>
</comp>

<comp id="1446" class="1004" name="and_ln55_1_fu_1446">
<pin_list>
<pin id="1447" dir="0" index="0" bw="1" slack="0"/>
<pin id="1448" dir="0" index="1" bw="1" slack="0"/>
<pin id="1449" dir="1" index="2" bw="1" slack="1"/>
</pin_list>
<bind>
<opcode="and(23) " fcode="and"/>
<opset="and_ln55_1/3 "/>
</bind>
</comp>

<comp id="1452" class="1004" name="tmp_9_fu_1452">
<pin_list>
<pin id="1453" dir="0" index="0" bw="44" slack="0"/>
<pin id="1454" dir="1" index="1" bw="32" slack="0"/>
</pin_list>
<bind>
<opcode="extractvalue(56) " fcode="extractvalue"/>
<opset="tmp_9/3 "/>
</bind>
</comp>

<comp id="1456" class="1004" name="new_pixel_fu_1456">
<pin_list>
<pin id="1457" dir="0" index="0" bw="32" slack="0"/>
<pin id="1458" dir="1" index="1" bw="32" slack="1"/>
</pin_list>
<bind>
<opcode="bitcast(44) " fcode="bitcast"/>
<opset="new_pixel/3 "/>
</bind>
</comp>

<comp id="1460" class="1004" name="reuse_addr_reg62_load_load_fu_1460">
<pin_list>
<pin id="1461" dir="0" index="0" bw="64" slack="2"/>
<pin id="1462" dir="1" index="1" bw="64" slack="0"/>
</pin_list>
<bind>
<opcode="load(27) " fcode="load"/>
<opset="reuse_addr_reg62_load/3 "/>
</bind>
</comp>

<comp id="1463" class="1004" name="addr_cmp65_fu_1463">
<pin_list>
<pin id="1464" dir="0" index="0" bw="64" slack="0"/>
<pin id="1465" dir="0" index="1" bw="9" slack="0"/>
<pin id="1466" dir="1" index="2" bw="1" slack="1"/>
</pin_list>
<bind>
<opcode="icmp(45) " fcode="icmp"/>
<opset="addr_cmp65/3 "/>
</bind>
</comp>

<comp id="1469" class="1004" name="reuse_addr_reg56_load_load_fu_1469">
<pin_list>
<pin id="1470" dir="0" index="0" bw="64" slack="2"/>
<pin id="1471" dir="1" index="1" bw="64" slack="0"/>
</pin_list>
<bind>
<opcode="load(27) " fcode="load"/>
<opset="reuse_addr_reg56_load/3 "/>
</bind>
</comp>

<comp id="1472" class="1004" name="addr_cmp59_fu_1472">
<pin_list>
<pin id="1473" dir="0" index="0" bw="64" slack="0"/>
<pin id="1474" dir="0" index="1" bw="9" slack="0"/>
<pin id="1475" dir="1" index="2" bw="1" slack="1"/>
</pin_list>
<bind>
<opcode="icmp(45) " fcode="icmp"/>
<opset="addr_cmp59/3 "/>
</bind>
</comp>

<comp id="1478" class="1004" name="store_ln43_store_fu_1478">
<pin_list>
<pin id="1479" dir="0" index="0" bw="9" slack="0"/>
<pin id="1480" dir="0" index="1" bw="64" slack="2"/>
<pin id="1481" dir="1" index="2" bw="0" slack="2147483647"/>
</pin_list>
<bind>
<opcode="store(28) " fcode="store"/>
<opset="store_ln43/3 "/>
</bind>
</comp>

<comp id="1483" class="1004" name="reuse_addr_reg50_load_load_fu_1483">
<pin_list>
<pin id="1484" dir="0" index="0" bw="64" slack="2"/>
<pin id="1485" dir="1" index="1" bw="64" slack="0"/>
</pin_list>
<bind>
<opcode="load(27) " fcode="load"/>
<opset="reuse_addr_reg50_load/3 "/>
</bind>
</comp>

<comp id="1486" class="1004" name="addr_cmp53_fu_1486">
<pin_list>
<pin id="1487" dir="0" index="0" bw="64" slack="0"/>
<pin id="1488" dir="0" index="1" bw="9" slack="0"/>
<pin id="1489" dir="1" index="2" bw="1" slack="1"/>
</pin_list>
<bind>
<opcode="icmp(45) " fcode="icmp"/>
<opset="addr_cmp53/3 "/>
</bind>
</comp>

<comp id="1492" class="1004" name="store_ln43_store_fu_1492">
<pin_list>
<pin id="1493" dir="0" index="0" bw="9" slack="0"/>
<pin id="1494" dir="0" index="1" bw="64" slack="2"/>
<pin id="1495" dir="1" index="2" bw="0" slack="2147483647"/>
</pin_list>
<bind>
<opcode="store(28) " fcode="store"/>
<opset="store_ln43/3 "/>
</bind>
</comp>

<comp id="1497" class="1004" name="reuse_addr_reg_load_load_fu_1497">
<pin_list>
<pin id="1498" dir="0" index="0" bw="64" slack="2"/>
<pin id="1499" dir="1" index="1" bw="64" slack="0"/>
</pin_list>
<bind>
<opcode="load(27) " fcode="load"/>
<opset="reuse_addr_reg_load/3 "/>
</bind>
</comp>

<comp id="1500" class="1004" name="addr_cmp_fu_1500">
<pin_list>
<pin id="1501" dir="0" index="0" bw="64" slack="0"/>
<pin id="1502" dir="0" index="1" bw="9" slack="0"/>
<pin id="1503" dir="1" index="2" bw="1" slack="1"/>
</pin_list>
<bind>
<opcode="icmp(45) " fcode="icmp"/>
<opset="addr_cmp/3 "/>
</bind>
</comp>

<comp id="1506" class="1004" name="store_ln43_store_fu_1506">
<pin_list>
<pin id="1507" dir="0" index="0" bw="9" slack="0"/>
<pin id="1508" dir="0" index="1" bw="64" slack="2"/>
<pin id="1509" dir="1" index="2" bw="0" slack="2147483647"/>
</pin_list>
<bind>
<opcode="store(28) " fcode="store"/>
<opset="store_ln43/3 "/>
</bind>
</comp>

<comp id="1511" class="1004" name="store_ln43_store_fu_1511">
<pin_list>
<pin id="1512" dir="0" index="0" bw="9" slack="0"/>
<pin id="1513" dir="0" index="1" bw="64" slack="2"/>
<pin id="1514" dir="1" index="2" bw="0" slack="2147483647"/>
</pin_list>
<bind>
<opcode="store(28) " fcode="store"/>
<opset="store_ln43/3 "/>
</bind>
</comp>

<comp id="1516" class="1004" name="tmp_6_fu_1516">
<pin_list>
<pin id="1517" dir="0" index="0" bw="7" slack="0"/>
<pin id="1518" dir="0" index="1" bw="9" slack="0"/>
<pin id="1519" dir="0" index="2" bw="3" slack="0"/>
<pin id="1520" dir="0" index="3" bw="5" slack="0"/>
<pin id="1521" dir="1" index="4" bw="7" slack="0"/>
</pin_list>
<bind>
<opcode="partselect(1002) " fcode="partselect"/>
<opset="tmp_6/3 "/>
</bind>
</comp>

<comp id="1526" class="1004" name="icmp_ln74_fu_1526">
<pin_list>
<pin id="1527" dir="0" index="0" bw="7" slack="0"/>
<pin id="1528" dir="0" index="1" bw="1" slack="0"/>
<pin id="1529" dir="1" index="2" bw="1" slack="0"/>
</pin_list>
<bind>
<opcode="icmp(45) " fcode="icmp"/>
<opset="icmp_ln74/3 "/>
</bind>
</comp>

<comp id="1532" class="1004" name="and_ln74_fu_1532">
<pin_list>
<pin id="1533" dir="0" index="0" bw="1" slack="0"/>
<pin id="1534" dir="0" index="1" bw="1" slack="0"/>
<pin id="1535" dir="1" index="2" bw="1" slack="1"/>
</pin_list>
<bind>
<opcode="and(23) " fcode="and"/>
<opset="and_ln74/3 "/>
</bind>
</comp>

<comp id="1538" class="1004" name="icmp_ln92_fu_1538">
<pin_list>
<pin id="1539" dir="0" index="0" bw="9" slack="0"/>
<pin id="1540" dir="0" index="1" bw="32" slack="1"/>
<pin id="1541" dir="1" index="2" bw="1" slack="0"/>
</pin_list>
<bind>
<opcode="icmp(45) " fcode="icmp"/>
<opset="icmp_ln92/3 "/>
</bind>
</comp>

<comp id="1543" class="1004" name="out_pkt_last_V_fu_1543">
<pin_list>
<pin id="1544" dir="0" index="0" bw="1" slack="0"/>
<pin id="1545" dir="0" index="1" bw="1" slack="0"/>
<pin id="1546" dir="1" index="2" bw="1" slack="139"/>
</pin_list>
<bind>
<opcode="and(23) " fcode="and"/>
<opset="out_pkt_last_V/3 "/>
</bind>
</comp>

<comp id="1549" class="1004" name="add_ln43_fu_1549">
<pin_list>
<pin id="1550" dir="0" index="0" bw="9" slack="0"/>
<pin id="1551" dir="0" index="1" bw="1" slack="0"/>
<pin id="1552" dir="1" index="2" bw="9" slack="0"/>
</pin_list>
<bind>
<opcode="add(8) " fcode="add"/>
<opset="add_ln43/3 "/>
</bind>
</comp>

<comp id="1555" class="1004" name="store_ln41_store_fu_1555">
<pin_list>
<pin id="1556" dir="0" index="0" bw="64" slack="0"/>
<pin id="1557" dir="0" index="1" bw="64" slack="2"/>
<pin id="1558" dir="1" index="2" bw="0" slack="2147483647"/>
</pin_list>
<bind>
<opcode="store(28) " fcode="store"/>
<opset="store_ln41/3 "/>
</bind>
</comp>

<comp id="1560" class="1004" name="store_ln41_store_fu_1560">
<pin_list>
<pin id="1561" dir="0" index="0" bw="31" slack="0"/>
<pin id="1562" dir="0" index="1" bw="31" slack="2"/>
<pin id="1563" dir="1" index="2" bw="0" slack="2147483647"/>
</pin_list>
<bind>
<opcode="store(28) " fcode="store"/>
<opset="store_ln41/3 "/>
</bind>
</comp>

<comp id="1565" class="1004" name="store_ln43_store_fu_1565">
<pin_list>
<pin id="1566" dir="0" index="0" bw="9" slack="0"/>
<pin id="1567" dir="0" index="1" bw="9" slack="2"/>
<pin id="1568" dir="1" index="2" bw="0" slack="2147483647"/>
</pin_list>
<bind>
<opcode="store(28) " fcode="store"/>
<opset="store_ln43/3 "/>
</bind>
</comp>

<comp id="1570" class="1004" name="window_0_3_loc_1_load_1_load_fu_1570">
<pin_list>
<pin id="1571" dir="0" index="0" bw="32" slack="3"/>
<pin id="1572" dir="1" index="1" bw="32" slack="0"/>
</pin_list>
<bind>
<opcode="load(27) " fcode="load"/>
<opset="window_0_3_loc_1_load_1/4 "/>
</bind>
</comp>

<comp id="1573" class="1004" name="store_ln49_store_fu_1573">
<pin_list>
<pin id="1574" dir="0" index="0" bw="32" slack="0"/>
<pin id="1575" dir="0" index="1" bw="32" slack="0"/>
<pin id="1576" dir="1" index="2" bw="0" slack="2147483647"/>
</pin_list>
<bind>
<opcode="store(28) " fcode="store"/>
<opset="store_ln49/4 "/>
</bind>
</comp>

<comp id="1579" class="1004" name="window_0_4_load_load_fu_1579">
<pin_list>
<pin id="1580" dir="0" index="0" bw="32" slack="0"/>
<pin id="1581" dir="1" index="1" bw="32" slack="0"/>
</pin_list>
<bind>
<opcode="load(27) " fcode="load"/>
<opset="window_0_4_load/4 "/>
</bind>
</comp>

<comp id="1584" class="1004" name="store_ln49_store_fu_1584">
<pin_list>
<pin id="1585" dir="0" index="0" bw="32" slack="0"/>
<pin id="1586" dir="0" index="1" bw="32" slack="0"/>
<pin id="1587" dir="1" index="2" bw="0" slack="2147483647"/>
</pin_list>
<bind>
<opcode="store(28) " fcode="store"/>
<opset="store_ln49/4 "/>
</bind>
</comp>

<comp id="1590" class="1004" name="reuse_reg61_load_load_fu_1590">
<pin_list>
<pin id="1591" dir="0" index="0" bw="32" slack="3"/>
<pin id="1592" dir="1" index="1" bw="32" slack="0"/>
</pin_list>
<bind>
<opcode="load(27) " fcode="load"/>
<opset="reuse_reg61_load/4 "/>
</bind>
</comp>

<comp id="1593" class="1004" name="reuse_select66_fu_1593">
<pin_list>
<pin id="1594" dir="0" index="0" bw="1" slack="1"/>
<pin id="1595" dir="0" index="1" bw="32" slack="0"/>
<pin id="1596" dir="0" index="2" bw="32" slack="0"/>
<pin id="1597" dir="1" index="3" bw="32" slack="0"/>
</pin_list>
<bind>
<opcode="select(49) " fcode="select"/>
<opset="reuse_select66/4 "/>
</bind>
</comp>

<comp id="1600" class="1004" name="store_ln63_store_fu_1600">
<pin_list>
<pin id="1601" dir="0" index="0" bw="32" slack="0"/>
<pin id="1602" dir="0" index="1" bw="32" slack="0"/>
<pin id="1603" dir="1" index="2" bw="0" slack="2147483647"/>
</pin_list>
<bind>
<opcode="store(28) " fcode="store"/>
<opset="store_ln63/4 "/>
</bind>
</comp>

<comp id="1606" class="1004" name="reuse_reg55_load_load_fu_1606">
<pin_list>
<pin id="1607" dir="0" index="0" bw="32" slack="3"/>
<pin id="1608" dir="1" index="1" bw="32" slack="0"/>
</pin_list>
<bind>
<opcode="load(27) " fcode="load"/>
<opset="reuse_reg55_load/4 "/>
</bind>
</comp>

<comp id="1609" class="1004" name="reuse_select60_fu_1609">
<pin_list>
<pin id="1610" dir="0" index="0" bw="1" slack="1"/>
<pin id="1611" dir="0" index="1" bw="32" slack="0"/>
<pin id="1612" dir="0" index="2" bw="32" slack="0"/>
<pin id="1613" dir="1" index="3" bw="32" slack="0"/>
</pin_list>
<bind>
<opcode="select(49) " fcode="select"/>
<opset="reuse_select60/4 "/>
</bind>
</comp>

<comp id="1617" class="1004" name="store_ln43_store_fu_1617">
<pin_list>
<pin id="1618" dir="0" index="0" bw="32" slack="0"/>
<pin id="1619" dir="0" index="1" bw="32" slack="3"/>
<pin id="1620" dir="1" index="2" bw="0" slack="2147483647"/>
</pin_list>
<bind>
<opcode="store(28) " fcode="store"/>
<opset="store_ln43/4 "/>
</bind>
</comp>

<comp id="1622" class="1004" name="reuse_reg49_load_load_fu_1622">
<pin_list>
<pin id="1623" dir="0" index="0" bw="32" slack="3"/>
<pin id="1624" dir="1" index="1" bw="32" slack="0"/>
</pin_list>
<bind>
<opcode="load(27) " fcode="load"/>
<opset="reuse_reg49_load/4 "/>
</bind>
</comp>

<comp id="1625" class="1004" name="reuse_select54_fu_1625">
<pin_list>
<pin id="1626" dir="0" index="0" bw="1" slack="1"/>
<pin id="1627" dir="0" index="1" bw="32" slack="0"/>
<pin id="1628" dir="0" index="2" bw="32" slack="0"/>
<pin id="1629" dir="1" index="3" bw="32" slack="0"/>
</pin_list>
<bind>
<opcode="select(49) " fcode="select"/>
<opset="reuse_select54/4 "/>
</bind>
</comp>

<comp id="1633" class="1004" name="store_ln43_store_fu_1633">
<pin_list>
<pin id="1634" dir="0" index="0" bw="32" slack="0"/>
<pin id="1635" dir="0" index="1" bw="32" slack="3"/>
<pin id="1636" dir="1" index="2" bw="0" slack="2147483647"/>
</pin_list>
<bind>
<opcode="store(28) " fcode="store"/>
<opset="store_ln43/4 "/>
</bind>
</comp>

<comp id="1638" class="1004" name="reuse_reg_load_load_fu_1638">
<pin_list>
<pin id="1639" dir="0" index="0" bw="32" slack="3"/>
<pin id="1640" dir="1" index="1" bw="32" slack="0"/>
</pin_list>
<bind>
<opcode="load(27) " fcode="load"/>
<opset="reuse_reg_load/4 "/>
</bind>
</comp>

<comp id="1641" class="1004" name="reuse_select_fu_1641">
<pin_list>
<pin id="1642" dir="0" index="0" bw="1" slack="1"/>
<pin id="1643" dir="0" index="1" bw="32" slack="0"/>
<pin id="1644" dir="0" index="2" bw="32" slack="0"/>
<pin id="1645" dir="1" index="3" bw="32" slack="0"/>
</pin_list>
<bind>
<opcode="select(49) " fcode="select"/>
<opset="reuse_select/4 "/>
</bind>
</comp>

<comp id="1649" class="1004" name="store_ln43_store_fu_1649">
<pin_list>
<pin id="1650" dir="0" index="0" bw="32" slack="0"/>
<pin id="1651" dir="0" index="1" bw="32" slack="3"/>
<pin id="1652" dir="1" index="2" bw="0" slack="2147483647"/>
</pin_list>
<bind>
<opcode="store(28) " fcode="store"/>
<opset="store_ln43/4 "/>
</bind>
</comp>

<comp id="1654" class="1004" name="store_ln7_store_fu_1654">
<pin_list>
<pin id="1655" dir="0" index="0" bw="32" slack="0"/>
<pin id="1656" dir="0" index="1" bw="32" slack="3"/>
<pin id="1657" dir="1" index="2" bw="0" slack="2147483647"/>
</pin_list>
<bind>
<opcode="store(28) " fcode="store"/>
<opset="store_ln7/4 "/>
</bind>
</comp>

<comp id="1659" class="1004" name="window_0_3_loc_1_load31_load_fu_1659">
<pin_list>
<pin id="1660" dir="0" index="0" bw="32" slack="3"/>
<pin id="1661" dir="1" index="1" bw="32" slack="0"/>
</pin_list>
<bind>
<opcode="load(27) " fcode="load"/>
<opset="window_0_3_loc_1_load31/4 "/>
</bind>
</comp>

<comp id="1663" class="1004" name="window_0_3_loc_1_load_load_fu_1663">
<pin_list>
<pin id="1664" dir="0" index="0" bw="32" slack="3"/>
<pin id="1665" dir="1" index="1" bw="32" slack="0"/>
</pin_list>
<bind>
<opcode="load(27) " fcode="load"/>
<opset="window_0_3_loc_1_load/4 "/>
</bind>
</comp>

<comp id="1667" class="1004" name="store_ln49_store_fu_1667">
<pin_list>
<pin id="1668" dir="0" index="0" bw="32" slack="0"/>
<pin id="1669" dir="0" index="1" bw="32" slack="3"/>
<pin id="1670" dir="1" index="2" bw="0" slack="2147483647"/>
</pin_list>
<bind>
<opcode="store(28) " fcode="store"/>
<opset="store_ln49/4 "/>
</bind>
</comp>

<comp id="1672" class="1004" name="window_0_2_loc_1_load_1_load_fu_1672">
<pin_list>
<pin id="1673" dir="0" index="0" bw="32" slack="8"/>
<pin id="1674" dir="1" index="1" bw="32" slack="0"/>
</pin_list>
<bind>
<opcode="load(27) " fcode="load"/>
<opset="window_0_2_loc_1_load_1/9 "/>
</bind>
</comp>

<comp id="1675" class="1004" name="store_ln49_store_fu_1675">
<pin_list>
<pin id="1676" dir="0" index="0" bw="32" slack="0"/>
<pin id="1677" dir="0" index="1" bw="32" slack="0"/>
<pin id="1678" dir="1" index="2" bw="0" slack="2147483647"/>
</pin_list>
<bind>
<opcode="store(28) " fcode="store"/>
<opset="store_ln49/9 "/>
</bind>
</comp>

<comp id="1681" class="1004" name="window_0_2_loc_1_load_2_load_fu_1681">
<pin_list>
<pin id="1682" dir="0" index="0" bw="32" slack="8"/>
<pin id="1683" dir="1" index="1" bw="32" slack="0"/>
</pin_list>
<bind>
<opcode="load(27) " fcode="load"/>
<opset="window_0_2_loc_1_load_2/9 "/>
</bind>
</comp>

<comp id="1685" class="1004" name="window_0_2_loc_1_load_load_fu_1685">
<pin_list>
<pin id="1686" dir="0" index="0" bw="32" slack="8"/>
<pin id="1687" dir="1" index="1" bw="32" slack="0"/>
</pin_list>
<bind>
<opcode="load(27) " fcode="load"/>
<opset="window_0_2_loc_1_load/9 "/>
</bind>
</comp>

<comp id="1689" class="1004" name="store_ln0_store_fu_1689">
<pin_list>
<pin id="1690" dir="0" index="0" bw="32" slack="1"/>
<pin id="1691" dir="0" index="1" bw="32" slack="8"/>
<pin id="1692" dir="1" index="2" bw="0" slack="2147483647"/>
</pin_list>
<bind>
<opcode="store(28) " fcode="store"/>
<opset="store_ln0/9 "/>
</bind>
</comp>

<comp id="1693" class="1004" name="window_load_4_load_fu_1693">
<pin_list>
<pin id="1694" dir="0" index="0" bw="32" slack="13"/>
<pin id="1695" dir="1" index="1" bw="32" slack="0"/>
</pin_list>
<bind>
<opcode="load(27) " fcode="load"/>
<opset="window_load_4/14 "/>
</bind>
</comp>

<comp id="1697" class="1004" name="store_ln0_store_fu_1697">
<pin_list>
<pin id="1698" dir="0" index="0" bw="32" slack="1"/>
<pin id="1699" dir="0" index="1" bw="32" slack="13"/>
<pin id="1700" dir="1" index="2" bw="0" slack="2147483647"/>
</pin_list>
<bind>
<opcode="store(28) " fcode="store"/>
<opset="store_ln0/14 "/>
</bind>
</comp>

<comp id="1701" class="1004" name="window_1_3_loc_1_load_1_load_fu_1701">
<pin_list>
<pin id="1702" dir="0" index="0" bw="32" slack="28"/>
<pin id="1703" dir="1" index="1" bw="32" slack="0"/>
</pin_list>
<bind>
<opcode="load(27) " fcode="load"/>
<opset="window_1_3_loc_1_load_1/29 "/>
</bind>
</comp>

<comp id="1704" class="1004" name="store_ln49_store_fu_1704">
<pin_list>
<pin id="1705" dir="0" index="0" bw="32" slack="0"/>
<pin id="1706" dir="0" index="1" bw="32" slack="0"/>
<pin id="1707" dir="1" index="2" bw="0" slack="2147483647"/>
</pin_list>
<bind>
<opcode="store(28) " fcode="store"/>
<opset="store_ln49/29 "/>
</bind>
</comp>

<comp id="1710" class="1004" name="window_1_4_load_load_fu_1710">
<pin_list>
<pin id="1711" dir="0" index="0" bw="32" slack="0"/>
<pin id="1712" dir="1" index="1" bw="32" slack="0"/>
</pin_list>
<bind>
<opcode="load(27) " fcode="load"/>
<opset="window_1_4_load/29 "/>
</bind>
</comp>

<comp id="1715" class="1004" name="store_ln49_store_fu_1715">
<pin_list>
<pin id="1716" dir="0" index="0" bw="32" slack="0"/>
<pin id="1717" dir="0" index="1" bw="32" slack="0"/>
<pin id="1718" dir="1" index="2" bw="0" slack="2147483647"/>
</pin_list>
<bind>
<opcode="store(28) " fcode="store"/>
<opset="store_ln49/29 "/>
</bind>
</comp>

<comp id="1721" class="1004" name="store_ln63_store_fu_1721">
<pin_list>
<pin id="1722" dir="0" index="0" bw="32" slack="25"/>
<pin id="1723" dir="0" index="1" bw="32" slack="0"/>
<pin id="1724" dir="1" index="2" bw="0" slack="2147483647"/>
</pin_list>
<bind>
<opcode="store(28) " fcode="store"/>
<opset="store_ln63/29 "/>
</bind>
</comp>

<comp id="1726" class="1004" name="window_1_3_loc_1_load_2_load_fu_1726">
<pin_list>
<pin id="1727" dir="0" index="0" bw="32" slack="28"/>
<pin id="1728" dir="1" index="1" bw="32" slack="0"/>
</pin_list>
<bind>
<opcode="load(27) " fcode="load"/>
<opset="window_1_3_loc_1_load_2/29 "/>
</bind>
</comp>

<comp id="1730" class="1004" name="window_1_3_loc_1_load_load_fu_1730">
<pin_list>
<pin id="1731" dir="0" index="0" bw="32" slack="28"/>
<pin id="1732" dir="1" index="1" bw="32" slack="0"/>
</pin_list>
<bind>
<opcode="load(27) " fcode="load"/>
<opset="window_1_3_loc_1_load/29 "/>
</bind>
</comp>

<comp id="1734" class="1004" name="store_ln49_store_fu_1734">
<pin_list>
<pin id="1735" dir="0" index="0" bw="32" slack="0"/>
<pin id="1736" dir="0" index="1" bw="32" slack="28"/>
<pin id="1737" dir="1" index="2" bw="0" slack="2147483647"/>
</pin_list>
<bind>
<opcode="store(28) " fcode="store"/>
<opset="store_ln49/29 "/>
</bind>
</comp>

<comp id="1739" class="1004" name="window_1_2_loc_1_load_1_load_fu_1739">
<pin_list>
<pin id="1740" dir="0" index="0" bw="32" slack="33"/>
<pin id="1741" dir="1" index="1" bw="32" slack="0"/>
</pin_list>
<bind>
<opcode="load(27) " fcode="load"/>
<opset="window_1_2_loc_1_load_1/34 "/>
</bind>
</comp>

<comp id="1742" class="1004" name="store_ln49_store_fu_1742">
<pin_list>
<pin id="1743" dir="0" index="0" bw="32" slack="0"/>
<pin id="1744" dir="0" index="1" bw="32" slack="0"/>
<pin id="1745" dir="1" index="2" bw="0" slack="2147483647"/>
</pin_list>
<bind>
<opcode="store(28) " fcode="store"/>
<opset="store_ln49/34 "/>
</bind>
</comp>

<comp id="1748" class="1004" name="window_1_2_loc_1_load_2_load_fu_1748">
<pin_list>
<pin id="1749" dir="0" index="0" bw="32" slack="33"/>
<pin id="1750" dir="1" index="1" bw="32" slack="0"/>
</pin_list>
<bind>
<opcode="load(27) " fcode="load"/>
<opset="window_1_2_loc_1_load_2/34 "/>
</bind>
</comp>

<comp id="1752" class="1004" name="window_1_2_loc_1_load_load_fu_1752">
<pin_list>
<pin id="1753" dir="0" index="0" bw="32" slack="33"/>
<pin id="1754" dir="1" index="1" bw="32" slack="0"/>
</pin_list>
<bind>
<opcode="load(27) " fcode="load"/>
<opset="window_1_2_loc_1_load/34 "/>
</bind>
</comp>

<comp id="1756" class="1004" name="store_ln0_store_fu_1756">
<pin_list>
<pin id="1757" dir="0" index="0" bw="32" slack="1"/>
<pin id="1758" dir="0" index="1" bw="32" slack="33"/>
<pin id="1759" dir="1" index="2" bw="0" slack="2147483647"/>
</pin_list>
<bind>
<opcode="store(28) " fcode="store"/>
<opset="store_ln0/34 "/>
</bind>
</comp>

<comp id="1760" class="1004" name="window_load_3_load_fu_1760">
<pin_list>
<pin id="1761" dir="0" index="0" bw="32" slack="38"/>
<pin id="1762" dir="1" index="1" bw="32" slack="0"/>
</pin_list>
<bind>
<opcode="load(27) " fcode="load"/>
<opset="window_load_3/39 "/>
</bind>
</comp>

<comp id="1764" class="1004" name="store_ln0_store_fu_1764">
<pin_list>
<pin id="1765" dir="0" index="0" bw="32" slack="1"/>
<pin id="1766" dir="0" index="1" bw="32" slack="38"/>
<pin id="1767" dir="1" index="2" bw="0" slack="2147483647"/>
</pin_list>
<bind>
<opcode="store(28) " fcode="store"/>
<opset="store_ln0/39 "/>
</bind>
</comp>

<comp id="1768" class="1004" name="window_2_3_loc_1_load_1_load_fu_1768">
<pin_list>
<pin id="1769" dir="0" index="0" bw="32" slack="53"/>
<pin id="1770" dir="1" index="1" bw="32" slack="0"/>
</pin_list>
<bind>
<opcode="load(27) " fcode="load"/>
<opset="window_2_3_loc_1_load_1/54 "/>
</bind>
</comp>

<comp id="1771" class="1004" name="store_ln49_store_fu_1771">
<pin_list>
<pin id="1772" dir="0" index="0" bw="32" slack="0"/>
<pin id="1773" dir="0" index="1" bw="32" slack="0"/>
<pin id="1774" dir="1" index="2" bw="0" slack="2147483647"/>
</pin_list>
<bind>
<opcode="store(28) " fcode="store"/>
<opset="store_ln49/54 "/>
</bind>
</comp>

<comp id="1777" class="1004" name="window_2_4_load_load_fu_1777">
<pin_list>
<pin id="1778" dir="0" index="0" bw="32" slack="0"/>
<pin id="1779" dir="1" index="1" bw="32" slack="0"/>
</pin_list>
<bind>
<opcode="load(27) " fcode="load"/>
<opset="window_2_4_load/54 "/>
</bind>
</comp>

<comp id="1782" class="1004" name="store_ln49_store_fu_1782">
<pin_list>
<pin id="1783" dir="0" index="0" bw="32" slack="0"/>
<pin id="1784" dir="0" index="1" bw="32" slack="0"/>
<pin id="1785" dir="1" index="2" bw="0" slack="2147483647"/>
</pin_list>
<bind>
<opcode="store(28) " fcode="store"/>
<opset="store_ln49/54 "/>
</bind>
</comp>

<comp id="1788" class="1004" name="store_ln63_store_fu_1788">
<pin_list>
<pin id="1789" dir="0" index="0" bw="32" slack="50"/>
<pin id="1790" dir="0" index="1" bw="32" slack="0"/>
<pin id="1791" dir="1" index="2" bw="0" slack="2147483647"/>
</pin_list>
<bind>
<opcode="store(28) " fcode="store"/>
<opset="store_ln63/54 "/>
</bind>
</comp>

<comp id="1793" class="1004" name="window_2_3_loc_1_load_2_load_fu_1793">
<pin_list>
<pin id="1794" dir="0" index="0" bw="32" slack="53"/>
<pin id="1795" dir="1" index="1" bw="32" slack="0"/>
</pin_list>
<bind>
<opcode="load(27) " fcode="load"/>
<opset="window_2_3_loc_1_load_2/54 "/>
</bind>
</comp>

<comp id="1797" class="1004" name="window_2_3_loc_1_load_load_fu_1797">
<pin_list>
<pin id="1798" dir="0" index="0" bw="32" slack="53"/>
<pin id="1799" dir="1" index="1" bw="32" slack="0"/>
</pin_list>
<bind>
<opcode="load(27) " fcode="load"/>
<opset="window_2_3_loc_1_load/54 "/>
</bind>
</comp>

<comp id="1801" class="1004" name="store_ln49_store_fu_1801">
<pin_list>
<pin id="1802" dir="0" index="0" bw="32" slack="0"/>
<pin id="1803" dir="0" index="1" bw="32" slack="53"/>
<pin id="1804" dir="1" index="2" bw="0" slack="2147483647"/>
</pin_list>
<bind>
<opcode="store(28) " fcode="store"/>
<opset="store_ln49/54 "/>
</bind>
</comp>

<comp id="1806" class="1004" name="window_2_2_loc_1_load_1_load_fu_1806">
<pin_list>
<pin id="1807" dir="0" index="0" bw="32" slack="58"/>
<pin id="1808" dir="1" index="1" bw="32" slack="0"/>
</pin_list>
<bind>
<opcode="load(27) " fcode="load"/>
<opset="window_2_2_loc_1_load_1/59 "/>
</bind>
</comp>

<comp id="1809" class="1004" name="store_ln49_store_fu_1809">
<pin_list>
<pin id="1810" dir="0" index="0" bw="32" slack="0"/>
<pin id="1811" dir="0" index="1" bw="32" slack="0"/>
<pin id="1812" dir="1" index="2" bw="0" slack="2147483647"/>
</pin_list>
<bind>
<opcode="store(28) " fcode="store"/>
<opset="store_ln49/59 "/>
</bind>
</comp>

<comp id="1815" class="1004" name="window_2_2_loc_1_load_2_load_fu_1815">
<pin_list>
<pin id="1816" dir="0" index="0" bw="32" slack="58"/>
<pin id="1817" dir="1" index="1" bw="32" slack="0"/>
</pin_list>
<bind>
<opcode="load(27) " fcode="load"/>
<opset="window_2_2_loc_1_load_2/59 "/>
</bind>
</comp>

<comp id="1819" class="1004" name="window_2_2_loc_1_load_load_fu_1819">
<pin_list>
<pin id="1820" dir="0" index="0" bw="32" slack="58"/>
<pin id="1821" dir="1" index="1" bw="32" slack="0"/>
</pin_list>
<bind>
<opcode="load(27) " fcode="load"/>
<opset="window_2_2_loc_1_load/59 "/>
</bind>
</comp>

<comp id="1823" class="1004" name="store_ln0_store_fu_1823">
<pin_list>
<pin id="1824" dir="0" index="0" bw="32" slack="1"/>
<pin id="1825" dir="0" index="1" bw="32" slack="58"/>
<pin id="1826" dir="1" index="2" bw="0" slack="2147483647"/>
</pin_list>
<bind>
<opcode="store(28) " fcode="store"/>
<opset="store_ln0/59 "/>
</bind>
</comp>

<comp id="1827" class="1004" name="window_load_2_load_fu_1827">
<pin_list>
<pin id="1828" dir="0" index="0" bw="32" slack="63"/>
<pin id="1829" dir="1" index="1" bw="32" slack="0"/>
</pin_list>
<bind>
<opcode="load(27) " fcode="load"/>
<opset="window_load_2/64 "/>
</bind>
</comp>

<comp id="1831" class="1004" name="store_ln0_store_fu_1831">
<pin_list>
<pin id="1832" dir="0" index="0" bw="32" slack="1"/>
<pin id="1833" dir="0" index="1" bw="32" slack="63"/>
<pin id="1834" dir="1" index="2" bw="0" slack="2147483647"/>
</pin_list>
<bind>
<opcode="store(28) " fcode="store"/>
<opset="store_ln0/64 "/>
</bind>
</comp>

<comp id="1835" class="1004" name="window_3_3_loc_1_load_1_load_fu_1835">
<pin_list>
<pin id="1836" dir="0" index="0" bw="32" slack="78"/>
<pin id="1837" dir="1" index="1" bw="32" slack="0"/>
</pin_list>
<bind>
<opcode="load(27) " fcode="load"/>
<opset="window_3_3_loc_1_load_1/79 "/>
</bind>
</comp>

<comp id="1838" class="1004" name="store_ln49_store_fu_1838">
<pin_list>
<pin id="1839" dir="0" index="0" bw="32" slack="0"/>
<pin id="1840" dir="0" index="1" bw="32" slack="0"/>
<pin id="1841" dir="1" index="2" bw="0" slack="2147483647"/>
</pin_list>
<bind>
<opcode="store(28) " fcode="store"/>
<opset="store_ln49/79 "/>
</bind>
</comp>

<comp id="1844" class="1004" name="window_3_4_load_load_fu_1844">
<pin_list>
<pin id="1845" dir="0" index="0" bw="32" slack="0"/>
<pin id="1846" dir="1" index="1" bw="32" slack="0"/>
</pin_list>
<bind>
<opcode="load(27) " fcode="load"/>
<opset="window_3_4_load/79 "/>
</bind>
</comp>

<comp id="1849" class="1004" name="store_ln49_store_fu_1849">
<pin_list>
<pin id="1850" dir="0" index="0" bw="32" slack="0"/>
<pin id="1851" dir="0" index="1" bw="32" slack="0"/>
<pin id="1852" dir="1" index="2" bw="0" slack="2147483647"/>
</pin_list>
<bind>
<opcode="store(28) " fcode="store"/>
<opset="store_ln49/79 "/>
</bind>
</comp>

<comp id="1855" class="1004" name="store_ln63_store_fu_1855">
<pin_list>
<pin id="1856" dir="0" index="0" bw="32" slack="75"/>
<pin id="1857" dir="0" index="1" bw="32" slack="0"/>
<pin id="1858" dir="1" index="2" bw="0" slack="2147483647"/>
</pin_list>
<bind>
<opcode="store(28) " fcode="store"/>
<opset="store_ln63/79 "/>
</bind>
</comp>

<comp id="1860" class="1004" name="window_3_3_loc_1_load_2_load_fu_1860">
<pin_list>
<pin id="1861" dir="0" index="0" bw="32" slack="78"/>
<pin id="1862" dir="1" index="1" bw="32" slack="0"/>
</pin_list>
<bind>
<opcode="load(27) " fcode="load"/>
<opset="window_3_3_loc_1_load_2/79 "/>
</bind>
</comp>

<comp id="1864" class="1004" name="window_3_3_loc_1_load_load_fu_1864">
<pin_list>
<pin id="1865" dir="0" index="0" bw="32" slack="78"/>
<pin id="1866" dir="1" index="1" bw="32" slack="0"/>
</pin_list>
<bind>
<opcode="load(27) " fcode="load"/>
<opset="window_3_3_loc_1_load/79 "/>
</bind>
</comp>

<comp id="1868" class="1004" name="store_ln49_store_fu_1868">
<pin_list>
<pin id="1869" dir="0" index="0" bw="32" slack="0"/>
<pin id="1870" dir="0" index="1" bw="32" slack="78"/>
<pin id="1871" dir="1" index="2" bw="0" slack="2147483647"/>
</pin_list>
<bind>
<opcode="store(28) " fcode="store"/>
<opset="store_ln49/79 "/>
</bind>
</comp>

<comp id="1873" class="1004" name="window_3_2_loc_1_load_1_load_fu_1873">
<pin_list>
<pin id="1874" dir="0" index="0" bw="32" slack="83"/>
<pin id="1875" dir="1" index="1" bw="32" slack="0"/>
</pin_list>
<bind>
<opcode="load(27) " fcode="load"/>
<opset="window_3_2_loc_1_load_1/84 "/>
</bind>
</comp>

<comp id="1876" class="1004" name="store_ln49_store_fu_1876">
<pin_list>
<pin id="1877" dir="0" index="0" bw="32" slack="0"/>
<pin id="1878" dir="0" index="1" bw="32" slack="0"/>
<pin id="1879" dir="1" index="2" bw="0" slack="2147483647"/>
</pin_list>
<bind>
<opcode="store(28) " fcode="store"/>
<opset="store_ln49/84 "/>
</bind>
</comp>

<comp id="1882" class="1004" name="window_3_2_loc_1_load41_load_fu_1882">
<pin_list>
<pin id="1883" dir="0" index="0" bw="32" slack="83"/>
<pin id="1884" dir="1" index="1" bw="32" slack="0"/>
</pin_list>
<bind>
<opcode="load(27) " fcode="load"/>
<opset="window_3_2_loc_1_load41/84 "/>
</bind>
</comp>

<comp id="1886" class="1004" name="window_3_2_loc_1_load_load_fu_1886">
<pin_list>
<pin id="1887" dir="0" index="0" bw="32" slack="83"/>
<pin id="1888" dir="1" index="1" bw="32" slack="0"/>
</pin_list>
<bind>
<opcode="load(27) " fcode="load"/>
<opset="window_3_2_loc_1_load/84 "/>
</bind>
</comp>

<comp id="1890" class="1004" name="store_ln0_store_fu_1890">
<pin_list>
<pin id="1891" dir="0" index="0" bw="32" slack="1"/>
<pin id="1892" dir="0" index="1" bw="32" slack="83"/>
<pin id="1893" dir="1" index="2" bw="0" slack="2147483647"/>
</pin_list>
<bind>
<opcode="store(28) " fcode="store"/>
<opset="store_ln0/84 "/>
</bind>
</comp>

<comp id="1894" class="1004" name="window_load_1_load_fu_1894">
<pin_list>
<pin id="1895" dir="0" index="0" bw="32" slack="88"/>
<pin id="1896" dir="1" index="1" bw="32" slack="0"/>
</pin_list>
<bind>
<opcode="load(27) " fcode="load"/>
<opset="window_load_1/89 "/>
</bind>
</comp>

<comp id="1898" class="1004" name="store_ln0_store_fu_1898">
<pin_list>
<pin id="1899" dir="0" index="0" bw="32" slack="1"/>
<pin id="1900" dir="0" index="1" bw="32" slack="88"/>
<pin id="1901" dir="1" index="2" bw="0" slack="2147483647"/>
</pin_list>
<bind>
<opcode="store(28) " fcode="store"/>
<opset="store_ln0/89 "/>
</bind>
</comp>

<comp id="1902" class="1004" name="window_4_3_loc_1_load_1_load_fu_1902">
<pin_list>
<pin id="1903" dir="0" index="0" bw="32" slack="103"/>
<pin id="1904" dir="1" index="1" bw="32" slack="0"/>
</pin_list>
<bind>
<opcode="load(27) " fcode="load"/>
<opset="window_4_3_loc_1_load_1/104 "/>
</bind>
</comp>

<comp id="1905" class="1004" name="store_ln49_store_fu_1905">
<pin_list>
<pin id="1906" dir="0" index="0" bw="32" slack="0"/>
<pin id="1907" dir="0" index="1" bw="32" slack="0"/>
<pin id="1908" dir="1" index="2" bw="0" slack="2147483647"/>
</pin_list>
<bind>
<opcode="store(28) " fcode="store"/>
<opset="store_ln49/104 "/>
</bind>
</comp>

<comp id="1911" class="1004" name="window_4_4_load_load_fu_1911">
<pin_list>
<pin id="1912" dir="0" index="0" bw="32" slack="0"/>
<pin id="1913" dir="1" index="1" bw="32" slack="0"/>
</pin_list>
<bind>
<opcode="load(27) " fcode="load"/>
<opset="window_4_4_load/104 "/>
</bind>
</comp>

<comp id="1916" class="1004" name="store_ln49_store_fu_1916">
<pin_list>
<pin id="1917" dir="0" index="0" bw="32" slack="0"/>
<pin id="1918" dir="0" index="1" bw="32" slack="0"/>
<pin id="1919" dir="1" index="2" bw="0" slack="2147483647"/>
</pin_list>
<bind>
<opcode="store(28) " fcode="store"/>
<opset="store_ln49/104 "/>
</bind>
</comp>

<comp id="1922" class="1004" name="store_ln71_store_fu_1922">
<pin_list>
<pin id="1923" dir="0" index="0" bw="32" slack="100"/>
<pin id="1924" dir="0" index="1" bw="32" slack="0"/>
<pin id="1925" dir="1" index="2" bw="0" slack="2147483647"/>
</pin_list>
<bind>
<opcode="store(28) " fcode="store"/>
<opset="store_ln71/104 "/>
</bind>
</comp>

<comp id="1928" class="1004" name="window_4_3_loc_1_load_2_load_fu_1928">
<pin_list>
<pin id="1929" dir="0" index="0" bw="32" slack="103"/>
<pin id="1930" dir="1" index="1" bw="32" slack="0"/>
</pin_list>
<bind>
<opcode="load(27) " fcode="load"/>
<opset="window_4_3_loc_1_load_2/104 "/>
</bind>
</comp>

<comp id="1932" class="1004" name="window_4_3_loc_1_load_load_fu_1932">
<pin_list>
<pin id="1933" dir="0" index="0" bw="32" slack="103"/>
<pin id="1934" dir="1" index="1" bw="32" slack="0"/>
</pin_list>
<bind>
<opcode="load(27) " fcode="load"/>
<opset="window_4_3_loc_1_load/104 "/>
</bind>
</comp>

<comp id="1936" class="1004" name="store_ln49_store_fu_1936">
<pin_list>
<pin id="1937" dir="0" index="0" bw="32" slack="0"/>
<pin id="1938" dir="0" index="1" bw="32" slack="103"/>
<pin id="1939" dir="1" index="2" bw="0" slack="2147483647"/>
</pin_list>
<bind>
<opcode="store(28) " fcode="store"/>
<opset="store_ln49/104 "/>
</bind>
</comp>

<comp id="1941" class="1004" name="window_4_2_loc_1_load_1_load_fu_1941">
<pin_list>
<pin id="1942" dir="0" index="0" bw="32" slack="108"/>
<pin id="1943" dir="1" index="1" bw="32" slack="0"/>
</pin_list>
<bind>
<opcode="load(27) " fcode="load"/>
<opset="window_4_2_loc_1_load_1/109 "/>
</bind>
</comp>

<comp id="1944" class="1004" name="store_ln49_store_fu_1944">
<pin_list>
<pin id="1945" dir="0" index="0" bw="32" slack="0"/>
<pin id="1946" dir="0" index="1" bw="32" slack="0"/>
<pin id="1947" dir="1" index="2" bw="0" slack="2147483647"/>
</pin_list>
<bind>
<opcode="store(28) " fcode="store"/>
<opset="store_ln49/109 "/>
</bind>
</comp>

<comp id="1950" class="1004" name="window_4_2_loc_1_load_2_load_fu_1950">
<pin_list>
<pin id="1951" dir="0" index="0" bw="32" slack="108"/>
<pin id="1952" dir="1" index="1" bw="32" slack="0"/>
</pin_list>
<bind>
<opcode="load(27) " fcode="load"/>
<opset="window_4_2_loc_1_load_2/109 "/>
</bind>
</comp>

<comp id="1954" class="1004" name="window_4_2_loc_1_load_load_fu_1954">
<pin_list>
<pin id="1955" dir="0" index="0" bw="32" slack="108"/>
<pin id="1956" dir="1" index="1" bw="32" slack="0"/>
</pin_list>
<bind>
<opcode="load(27) " fcode="load"/>
<opset="window_4_2_loc_1_load/109 "/>
</bind>
</comp>

<comp id="1958" class="1004" name="store_ln0_store_fu_1958">
<pin_list>
<pin id="1959" dir="0" index="0" bw="32" slack="1"/>
<pin id="1960" dir="0" index="1" bw="32" slack="108"/>
<pin id="1961" dir="1" index="2" bw="0" slack="2147483647"/>
</pin_list>
<bind>
<opcode="store(28) " fcode="store"/>
<opset="store_ln0/109 "/>
</bind>
</comp>

<comp id="1962" class="1004" name="window_load_load_fu_1962">
<pin_list>
<pin id="1963" dir="0" index="0" bw="32" slack="113"/>
<pin id="1964" dir="1" index="1" bw="32" slack="0"/>
</pin_list>
<bind>
<opcode="load(27) " fcode="load"/>
<opset="window_load/114 "/>
</bind>
</comp>

<comp id="1966" class="1004" name="store_ln0_store_fu_1966">
<pin_list>
<pin id="1967" dir="0" index="0" bw="32" slack="1"/>
<pin id="1968" dir="0" index="1" bw="32" slack="113"/>
<pin id="1969" dir="1" index="2" bw="0" slack="2147483647"/>
</pin_list>
<bind>
<opcode="store(28) " fcode="store"/>
<opset="store_ln0/114 "/>
</bind>
</comp>

<comp id="1970" class="1004" name="out_pkt_data_V_fu_1970">
<pin_list>
<pin id="1971" dir="0" index="0" bw="32" slack="0"/>
<pin id="1972" dir="1" index="1" bw="32" slack="0"/>
</pin_list>
<bind>
<opcode="bitcast(44) " fcode="bitcast"/>
<opset="out_pkt_data_V/142 "/>
</bind>
</comp>

<comp id="1975" class="1005" name="reuse_addr_reg62_reg_1975">
<pin_list>
<pin id="1976" dir="0" index="0" bw="64" slack="0"/>
<pin id="1977" dir="1" index="1" bw="64" slack="0"/>
</pin_list>
<bind>
<opset="reuse_addr_reg62 "/>
</bind>
</comp>

<comp id="1982" class="1005" name="reuse_reg61_reg_1982">
<pin_list>
<pin id="1983" dir="0" index="0" bw="32" slack="0"/>
<pin id="1984" dir="1" index="1" bw="32" slack="0"/>
</pin_list>
<bind>
<opset="reuse_reg61 "/>
</bind>
</comp>

<comp id="1989" class="1005" name="reuse_addr_reg56_reg_1989">
<pin_list>
<pin id="1990" dir="0" index="0" bw="64" slack="0"/>
<pin id="1991" dir="1" index="1" bw="64" slack="0"/>
</pin_list>
<bind>
<opset="reuse_addr_reg56 "/>
</bind>
</comp>

<comp id="1996" class="1005" name="reuse_reg55_reg_1996">
<pin_list>
<pin id="1997" dir="0" index="0" bw="32" slack="0"/>
<pin id="1998" dir="1" index="1" bw="32" slack="0"/>
</pin_list>
<bind>
<opset="reuse_reg55 "/>
</bind>
</comp>

<comp id="2003" class="1005" name="reuse_addr_reg50_reg_2003">
<pin_list>
<pin id="2004" dir="0" index="0" bw="64" slack="0"/>
<pin id="2005" dir="1" index="1" bw="64" slack="0"/>
</pin_list>
<bind>
<opset="reuse_addr_reg50 "/>
</bind>
</comp>

<comp id="2010" class="1005" name="reuse_reg49_reg_2010">
<pin_list>
<pin id="2011" dir="0" index="0" bw="32" slack="0"/>
<pin id="2012" dir="1" index="1" bw="32" slack="0"/>
</pin_list>
<bind>
<opset="reuse_reg49 "/>
</bind>
</comp>

<comp id="2017" class="1005" name="reuse_addr_reg_reg_2017">
<pin_list>
<pin id="2018" dir="0" index="0" bw="64" slack="0"/>
<pin id="2019" dir="1" index="1" bw="64" slack="0"/>
</pin_list>
<bind>
<opset="reuse_addr_reg "/>
</bind>
</comp>

<comp id="2024" class="1005" name="reuse_reg_reg_2024">
<pin_list>
<pin id="2025" dir="0" index="0" bw="32" slack="0"/>
<pin id="2026" dir="1" index="1" bw="32" slack="0"/>
</pin_list>
<bind>
<opset="reuse_reg "/>
</bind>
</comp>

<comp id="2031" class="1005" name="col_reg_2031">
<pin_list>
<pin id="2032" dir="0" index="0" bw="9" slack="0"/>
<pin id="2033" dir="1" index="1" bw="9" slack="0"/>
</pin_list>
<bind>
<opset="col "/>
</bind>
</comp>

<comp id="2038" class="1005" name="window_4_3_loc_1_reg_2038">
<pin_list>
<pin id="2039" dir="0" index="0" bw="32" slack="0"/>
<pin id="2040" dir="1" index="1" bw="32" slack="0"/>
</pin_list>
<bind>
<opset="window_4_3_loc_1 "/>
</bind>
</comp>

<comp id="2047" class="1005" name="window_4_2_loc_1_reg_2047">
<pin_list>
<pin id="2048" dir="0" index="0" bw="32" slack="0"/>
<pin id="2049" dir="1" index="1" bw="32" slack="0"/>
</pin_list>
<bind>
<opset="window_4_2_loc_1 "/>
</bind>
</comp>

<comp id="2056" class="1005" name="window_load_1_4_0_reg_2056">
<pin_list>
<pin id="2057" dir="0" index="0" bw="32" slack="0"/>
<pin id="2058" dir="1" index="1" bw="32" slack="0"/>
</pin_list>
<bind>
<opset="window_load_1_4_0 "/>
</bind>
</comp>

<comp id="2063" class="1005" name="window_3_3_loc_1_reg_2063">
<pin_list>
<pin id="2064" dir="0" index="0" bw="32" slack="0"/>
<pin id="2065" dir="1" index="1" bw="32" slack="0"/>
</pin_list>
<bind>
<opset="window_3_3_loc_1 "/>
</bind>
</comp>

<comp id="2072" class="1005" name="window_3_2_loc_1_reg_2072">
<pin_list>
<pin id="2073" dir="0" index="0" bw="32" slack="0"/>
<pin id="2074" dir="1" index="1" bw="32" slack="0"/>
</pin_list>
<bind>
<opset="window_3_2_loc_1 "/>
</bind>
</comp>

<comp id="2081" class="1005" name="window_load_1_3_0_reg_2081">
<pin_list>
<pin id="2082" dir="0" index="0" bw="32" slack="0"/>
<pin id="2083" dir="1" index="1" bw="32" slack="0"/>
</pin_list>
<bind>
<opset="window_load_1_3_0 "/>
</bind>
</comp>

<comp id="2088" class="1005" name="window_2_3_loc_1_reg_2088">
<pin_list>
<pin id="2089" dir="0" index="0" bw="32" slack="0"/>
<pin id="2090" dir="1" index="1" bw="32" slack="0"/>
</pin_list>
<bind>
<opset="window_2_3_loc_1 "/>
</bind>
</comp>

<comp id="2097" class="1005" name="window_2_2_loc_1_reg_2097">
<pin_list>
<pin id="2098" dir="0" index="0" bw="32" slack="0"/>
<pin id="2099" dir="1" index="1" bw="32" slack="0"/>
</pin_list>
<bind>
<opset="window_2_2_loc_1 "/>
</bind>
</comp>

<comp id="2106" class="1005" name="window_load_1_2_0_reg_2106">
<pin_list>
<pin id="2107" dir="0" index="0" bw="32" slack="0"/>
<pin id="2108" dir="1" index="1" bw="32" slack="0"/>
</pin_list>
<bind>
<opset="window_load_1_2_0 "/>
</bind>
</comp>

<comp id="2113" class="1005" name="window_1_3_loc_1_reg_2113">
<pin_list>
<pin id="2114" dir="0" index="0" bw="32" slack="0"/>
<pin id="2115" dir="1" index="1" bw="32" slack="0"/>
</pin_list>
<bind>
<opset="window_1_3_loc_1 "/>
</bind>
</comp>

<comp id="2122" class="1005" name="window_1_2_loc_1_reg_2122">
<pin_list>
<pin id="2123" dir="0" index="0" bw="32" slack="0"/>
<pin id="2124" dir="1" index="1" bw="32" slack="0"/>
</pin_list>
<bind>
<opset="window_1_2_loc_1 "/>
</bind>
</comp>

<comp id="2131" class="1005" name="window_load_1_1_0_reg_2131">
<pin_list>
<pin id="2132" dir="0" index="0" bw="32" slack="0"/>
<pin id="2133" dir="1" index="1" bw="32" slack="0"/>
</pin_list>
<bind>
<opset="window_load_1_1_0 "/>
</bind>
</comp>

<comp id="2138" class="1005" name="window_0_3_loc_1_reg_2138">
<pin_list>
<pin id="2139" dir="0" index="0" bw="32" slack="0"/>
<pin id="2140" dir="1" index="1" bw="32" slack="0"/>
</pin_list>
<bind>
<opset="window_0_3_loc_1 "/>
</bind>
</comp>

<comp id="2147" class="1005" name="window_0_2_loc_1_reg_2147">
<pin_list>
<pin id="2148" dir="0" index="0" bw="32" slack="0"/>
<pin id="2149" dir="1" index="1" bw="32" slack="0"/>
</pin_list>
<bind>
<opset="window_0_2_loc_1 "/>
</bind>
</comp>

<comp id="2156" class="1005" name="window_load_1_0_0_reg_2156">
<pin_list>
<pin id="2157" dir="0" index="0" bw="32" slack="0"/>
<pin id="2158" dir="1" index="1" bw="32" slack="0"/>
</pin_list>
<bind>
<opset="window_load_1_0_0 "/>
</bind>
</comp>

<comp id="2163" class="1005" name="row_reg_2163">
<pin_list>
<pin id="2164" dir="0" index="0" bw="31" slack="0"/>
<pin id="2165" dir="1" index="1" bw="31" slack="0"/>
</pin_list>
<bind>
<opset="row "/>
</bind>
</comp>

<comp id="2170" class="1005" name="indvar_flatten_reg_2170">
<pin_list>
<pin id="2171" dir="0" index="0" bw="64" slack="0"/>
<pin id="2172" dir="1" index="1" bw="64" slack="0"/>
</pin_list>
<bind>
<opset="indvar_flatten "/>
</bind>
</comp>

<comp id="2177" class="1005" name="img_size_read_reg_2177">
<pin_list>
<pin id="2178" dir="0" index="0" bw="32" slack="1"/>
<pin id="2179" dir="1" index="1" bw="32" slack="1"/>
</pin_list>
<bind>
<opset="img_size_read "/>
</bind>
</comp>

<comp id="2183" class="1005" name="virt_size_reg_2183">
<pin_list>
<pin id="2184" dir="0" index="0" bw="32" slack="1"/>
<pin id="2185" dir="1" index="1" bw="32" slack="1"/>
</pin_list>
<bind>
<opset="virt_size "/>
</bind>
</comp>

<comp id="2189" class="1005" name="empty_reg_2189">
<pin_list>
<pin id="2190" dir="0" index="0" bw="32" slack="13"/>
<pin id="2191" dir="1" index="1" bw="32" slack="13"/>
</pin_list>
<bind>
<opset="empty "/>
</bind>
</comp>

<comp id="2194" class="1005" name="empty_40_reg_2194">
<pin_list>
<pin id="2195" dir="0" index="0" bw="32" slack="8"/>
<pin id="2196" dir="1" index="1" bw="32" slack="8"/>
</pin_list>
<bind>
<opset="empty_40 "/>
</bind>
</comp>

<comp id="2199" class="1005" name="empty_41_reg_2199">
<pin_list>
<pin id="2200" dir="0" index="0" bw="32" slack="3"/>
<pin id="2201" dir="1" index="1" bw="32" slack="3"/>
</pin_list>
<bind>
<opset="empty_41 "/>
</bind>
</comp>

<comp id="2204" class="1005" name="empty_42_reg_2204">
<pin_list>
<pin id="2205" dir="0" index="0" bw="32" slack="3"/>
<pin id="2206" dir="1" index="1" bw="32" slack="3"/>
</pin_list>
<bind>
<opset="empty_42 "/>
</bind>
</comp>

<comp id="2209" class="1005" name="empty_43_reg_2209">
<pin_list>
<pin id="2210" dir="0" index="0" bw="32" slack="4"/>
<pin id="2211" dir="1" index="1" bw="32" slack="4"/>
</pin_list>
<bind>
<opset="empty_43 "/>
</bind>
</comp>

<comp id="2214" class="1005" name="empty_44_reg_2214">
<pin_list>
<pin id="2215" dir="0" index="0" bw="32" slack="38"/>
<pin id="2216" dir="1" index="1" bw="32" slack="38"/>
</pin_list>
<bind>
<opset="empty_44 "/>
</bind>
</comp>

<comp id="2219" class="1005" name="empty_45_reg_2219">
<pin_list>
<pin id="2220" dir="0" index="0" bw="32" slack="33"/>
<pin id="2221" dir="1" index="1" bw="32" slack="33"/>
</pin_list>
<bind>
<opset="empty_45 "/>
</bind>
</comp>

<comp id="2224" class="1005" name="empty_46_reg_2224">
<pin_list>
<pin id="2225" dir="0" index="0" bw="32" slack="28"/>
<pin id="2226" dir="1" index="1" bw="32" slack="28"/>
</pin_list>
<bind>
<opset="empty_46 "/>
</bind>
</comp>

<comp id="2229" class="1005" name="empty_47_reg_2229">
<pin_list>
<pin id="2230" dir="0" index="0" bw="32" slack="28"/>
<pin id="2231" dir="1" index="1" bw="32" slack="28"/>
</pin_list>
<bind>
<opset="empty_47 "/>
</bind>
</comp>

<comp id="2234" class="1005" name="empty_48_reg_2234">
<pin_list>
<pin id="2235" dir="0" index="0" bw="32" slack="28"/>
<pin id="2236" dir="1" index="1" bw="32" slack="28"/>
</pin_list>
<bind>
<opset="empty_48 "/>
</bind>
</comp>

<comp id="2239" class="1005" name="empty_49_reg_2239">
<pin_list>
<pin id="2240" dir="0" index="0" bw="32" slack="63"/>
<pin id="2241" dir="1" index="1" bw="32" slack="63"/>
</pin_list>
<bind>
<opset="empty_49 "/>
</bind>
</comp>

<comp id="2244" class="1005" name="empty_50_reg_2244">
<pin_list>
<pin id="2245" dir="0" index="0" bw="32" slack="58"/>
<pin id="2246" dir="1" index="1" bw="32" slack="58"/>
</pin_list>
<bind>
<opset="empty_50 "/>
</bind>
</comp>

<comp id="2249" class="1005" name="empty_51_reg_2249">
<pin_list>
<pin id="2250" dir="0" index="0" bw="32" slack="53"/>
<pin id="2251" dir="1" index="1" bw="32" slack="53"/>
</pin_list>
<bind>
<opset="empty_51 "/>
</bind>
</comp>

<comp id="2254" class="1005" name="empty_52_reg_2254">
<pin_list>
<pin id="2255" dir="0" index="0" bw="32" slack="53"/>
<pin id="2256" dir="1" index="1" bw="32" slack="53"/>
</pin_list>
<bind>
<opset="empty_52 "/>
</bind>
</comp>

<comp id="2259" class="1005" name="empty_53_reg_2259">
<pin_list>
<pin id="2260" dir="0" index="0" bw="32" slack="53"/>
<pin id="2261" dir="1" index="1" bw="32" slack="53"/>
</pin_list>
<bind>
<opset="empty_53 "/>
</bind>
</comp>

<comp id="2264" class="1005" name="empty_54_reg_2264">
<pin_list>
<pin id="2265" dir="0" index="0" bw="32" slack="88"/>
<pin id="2266" dir="1" index="1" bw="32" slack="88"/>
</pin_list>
<bind>
<opset="empty_54 "/>
</bind>
</comp>

<comp id="2269" class="1005" name="empty_55_reg_2269">
<pin_list>
<pin id="2270" dir="0" index="0" bw="32" slack="83"/>
<pin id="2271" dir="1" index="1" bw="32" slack="83"/>
</pin_list>
<bind>
<opset="empty_55 "/>
</bind>
</comp>

<comp id="2274" class="1005" name="empty_56_reg_2274">
<pin_list>
<pin id="2275" dir="0" index="0" bw="32" slack="78"/>
<pin id="2276" dir="1" index="1" bw="32" slack="78"/>
</pin_list>
<bind>
<opset="empty_56 "/>
</bind>
</comp>

<comp id="2279" class="1005" name="empty_57_reg_2279">
<pin_list>
<pin id="2280" dir="0" index="0" bw="32" slack="78"/>
<pin id="2281" dir="1" index="1" bw="32" slack="78"/>
</pin_list>
<bind>
<opset="empty_57 "/>
</bind>
</comp>

<comp id="2284" class="1005" name="empty_58_reg_2284">
<pin_list>
<pin id="2285" dir="0" index="0" bw="32" slack="78"/>
<pin id="2286" dir="1" index="1" bw="32" slack="78"/>
</pin_list>
<bind>
<opset="empty_58 "/>
</bind>
</comp>

<comp id="2289" class="1005" name="empty_59_reg_2289">
<pin_list>
<pin id="2290" dir="0" index="0" bw="32" slack="113"/>
<pin id="2291" dir="1" index="1" bw="32" slack="113"/>
</pin_list>
<bind>
<opset="empty_59 "/>
</bind>
</comp>

<comp id="2294" class="1005" name="empty_60_reg_2294">
<pin_list>
<pin id="2295" dir="0" index="0" bw="32" slack="108"/>
<pin id="2296" dir="1" index="1" bw="32" slack="108"/>
</pin_list>
<bind>
<opset="empty_60 "/>
</bind>
</comp>

<comp id="2299" class="1005" name="empty_61_reg_2299">
<pin_list>
<pin id="2300" dir="0" index="0" bw="32" slack="103"/>
<pin id="2301" dir="1" index="1" bw="32" slack="103"/>
</pin_list>
<bind>
<opset="empty_61 "/>
</bind>
</comp>

<comp id="2304" class="1005" name="empty_62_reg_2304">
<pin_list>
<pin id="2305" dir="0" index="0" bw="32" slack="103"/>
<pin id="2306" dir="1" index="1" bw="32" slack="103"/>
</pin_list>
<bind>
<opset="empty_62 "/>
</bind>
</comp>

<comp id="2309" class="1005" name="empty_63_reg_2309">
<pin_list>
<pin id="2310" dir="0" index="0" bw="32" slack="103"/>
<pin id="2311" dir="1" index="1" bw="32" slack="103"/>
</pin_list>
<bind>
<opset="empty_63 "/>
</bind>
</comp>

<comp id="2314" class="1005" name="add13_reg_2314">
<pin_list>
<pin id="2315" dir="0" index="0" bw="32" slack="1"/>
<pin id="2316" dir="1" index="1" bw="32" slack="1"/>
</pin_list>
<bind>
<opset="add13 "/>
</bind>
</comp>

<comp id="2321" class="1005" name="sub68_reg_2321">
<pin_list>
<pin id="2322" dir="0" index="0" bw="32" slack="1"/>
<pin id="2323" dir="1" index="1" bw="32" slack="1"/>
</pin_list>
<bind>
<opset="sub68 "/>
</bind>
</comp>

<comp id="2328" class="1005" name="bound_reg_2328">
<pin_list>
<pin id="2329" dir="0" index="0" bw="64" slack="1"/>
<pin id="2330" dir="1" index="1" bw="64" slack="1"/>
</pin_list>
<bind>
<opset="bound "/>
</bind>
</comp>

<comp id="2333" class="1005" name="icmp_ln41_reg_2333">
<pin_list>
<pin id="2334" dir="0" index="0" bw="1" slack="1"/>
<pin id="2335" dir="1" index="1" bw="1" slack="2147483647"/>
</pin_list>
<bind>
<opset="icmp_ln41 "/>
</bind>
</comp>

<comp id="2337" class="1005" name="and_ln55_1_reg_2337">
<pin_list>
<pin id="2338" dir="0" index="0" bw="1" slack="1"/>
<pin id="2339" dir="1" index="1" bw="1" slack="2147483647"/>
</pin_list>
<bind>
<opset="and_ln55_1 "/>
</bind>
</comp>

<comp id="2341" class="1005" name="new_pixel_reg_2341">
<pin_list>
<pin id="2342" dir="0" index="0" bw="32" slack="1"/>
<pin id="2343" dir="1" index="1" bw="32" slack="1"/>
</pin_list>
<bind>
<opset="new_pixel "/>
</bind>
</comp>

<comp id="2346" class="1005" name="line_buf_0_addr_reg_2346">
<pin_list>
<pin id="2347" dir="0" index="0" bw="8" slack="1"/>
<pin id="2348" dir="1" index="1" bw="8" slack="1"/>
</pin_list>
<bind>
<opset="line_buf_0_addr "/>
</bind>
</comp>

<comp id="2352" class="1005" name="addr_cmp65_reg_2352">
<pin_list>
<pin id="2353" dir="0" index="0" bw="1" slack="1"/>
<pin id="2354" dir="1" index="1" bw="1" slack="1"/>
</pin_list>
<bind>
<opset="addr_cmp65 "/>
</bind>
</comp>

<comp id="2357" class="1005" name="line_buf_1_addr_reg_2357">
<pin_list>
<pin id="2358" dir="0" index="0" bw="8" slack="1"/>
<pin id="2359" dir="1" index="1" bw="8" slack="1"/>
</pin_list>
<bind>
<opset="line_buf_1_addr "/>
</bind>
</comp>

<comp id="2363" class="1005" name="addr_cmp59_reg_2363">
<pin_list>
<pin id="2364" dir="0" index="0" bw="1" slack="1"/>
<pin id="2365" dir="1" index="1" bw="1" slack="1"/>
</pin_list>
<bind>
<opset="addr_cmp59 "/>
</bind>
</comp>

<comp id="2368" class="1005" name="line_buf_2_addr_reg_2368">
<pin_list>
<pin id="2369" dir="0" index="0" bw="8" slack="1"/>
<pin id="2370" dir="1" index="1" bw="8" slack="1"/>
</pin_list>
<bind>
<opset="line_buf_2_addr "/>
</bind>
</comp>

<comp id="2374" class="1005" name="addr_cmp53_reg_2374">
<pin_list>
<pin id="2375" dir="0" index="0" bw="1" slack="1"/>
<pin id="2376" dir="1" index="1" bw="1" slack="1"/>
</pin_list>
<bind>
<opset="addr_cmp53 "/>
</bind>
</comp>

<comp id="2379" class="1005" name="line_buf_3_addr_reg_2379">
<pin_list>
<pin id="2380" dir="0" index="0" bw="8" slack="1"/>
<pin id="2381" dir="1" index="1" bw="8" slack="1"/>
</pin_list>
<bind>
<opset="line_buf_3_addr "/>
</bind>
</comp>

<comp id="2385" class="1005" name="addr_cmp_reg_2385">
<pin_list>
<pin id="2386" dir="0" index="0" bw="1" slack="1"/>
<pin id="2387" dir="1" index="1" bw="1" slack="1"/>
</pin_list>
<bind>
<opset="addr_cmp "/>
</bind>
</comp>

<comp id="2390" class="1005" name="and_ln74_reg_2390">
<pin_list>
<pin id="2391" dir="0" index="0" bw="1" slack="1"/>
<pin id="2392" dir="1" index="1" bw="1" slack="2147483647"/>
</pin_list>
<bind>
<opset="and_ln74 "/>
</bind>
</comp>

<comp id="2394" class="1005" name="out_pkt_last_V_reg_2394">
<pin_list>
<pin id="2395" dir="0" index="0" bw="1" slack="139"/>
<pin id="2396" dir="1" index="1" bw="1" slack="139"/>
</pin_list>
<bind>
<opset="out_pkt_last_V "/>
</bind>
</comp>

<comp id="2399" class="1005" name="window_0_4_load_reg_2399">
<pin_list>
<pin id="2400" dir="0" index="0" bw="32" slack="1"/>
<pin id="2401" dir="1" index="1" bw="32" slack="1"/>
</pin_list>
<bind>
<opset="window_0_4_load "/>
</bind>
</comp>

<comp id="2404" class="1005" name="reuse_select66_reg_2404">
<pin_list>
<pin id="2405" dir="0" index="0" bw="32" slack="1"/>
<pin id="2406" dir="1" index="1" bw="32" slack="1"/>
</pin_list>
<bind>
<opset="reuse_select66 "/>
</bind>
</comp>

<comp id="2409" class="1005" name="reuse_select60_reg_2409">
<pin_list>
<pin id="2410" dir="0" index="0" bw="32" slack="25"/>
<pin id="2411" dir="1" index="1" bw="32" slack="25"/>
</pin_list>
<bind>
<opset="reuse_select60 "/>
</bind>
</comp>

<comp id="2415" class="1005" name="reuse_select54_reg_2415">
<pin_list>
<pin id="2416" dir="0" index="0" bw="32" slack="50"/>
<pin id="2417" dir="1" index="1" bw="32" slack="50"/>
</pin_list>
<bind>
<opset="reuse_select54 "/>
</bind>
</comp>

<comp id="2421" class="1005" name="reuse_select_reg_2421">
<pin_list>
<pin id="2422" dir="0" index="0" bw="32" slack="75"/>
<pin id="2423" dir="1" index="1" bw="32" slack="75"/>
</pin_list>
<bind>
<opset="reuse_select "/>
</bind>
</comp>

<comp id="2427" class="1005" name="window_0_3_loc_1_load31_reg_2427">
<pin_list>
<pin id="2428" dir="0" index="0" bw="32" slack="1"/>
<pin id="2429" dir="1" index="1" bw="32" slack="1"/>
</pin_list>
<bind>
<opset="window_0_3_loc_1_load31 "/>
</bind>
</comp>

<comp id="2432" class="1005" name="window_0_3_loc_1_load_reg_2432">
<pin_list>
<pin id="2433" dir="0" index="0" bw="32" slack="1"/>
<pin id="2434" dir="1" index="1" bw="32" slack="1"/>
</pin_list>
<bind>
<opset="window_0_3_loc_1_load "/>
</bind>
</comp>

<comp id="2437" class="1005" name="mul_0_2_reg_2437">
<pin_list>
<pin id="2438" dir="0" index="0" bw="32" slack="21"/>
<pin id="2439" dir="1" index="1" bw="32" slack="21"/>
</pin_list>
<bind>
<opset="mul_0_2 "/>
</bind>
</comp>

<comp id="2442" class="1005" name="mul_0_3_reg_2442">
<pin_list>
<pin id="2443" dir="0" index="0" bw="32" slack="26"/>
<pin id="2444" dir="1" index="1" bw="32" slack="26"/>
</pin_list>
<bind>
<opset="mul_0_3 "/>
</bind>
</comp>

<comp id="2447" class="1005" name="mul_0_4_reg_2447">
<pin_list>
<pin id="2448" dir="0" index="0" bw="32" slack="30"/>
<pin id="2449" dir="1" index="1" bw="32" slack="30"/>
</pin_list>
<bind>
<opset="mul_0_4 "/>
</bind>
</comp>

<comp id="2452" class="1005" name="window_0_3_loc_1_add_reg_2452">
<pin_list>
<pin id="2453" dir="0" index="0" bw="32" slack="1"/>
<pin id="2454" dir="1" index="1" bw="32" slack="1"/>
</pin_list>
<bind>
<opset="window_0_3_loc_1_add "/>
</bind>
</comp>

<comp id="2457" class="1005" name="window_0_2_loc_1_load_2_reg_2457">
<pin_list>
<pin id="2458" dir="0" index="0" bw="32" slack="1"/>
<pin id="2459" dir="1" index="1" bw="32" slack="1"/>
</pin_list>
<bind>
<opset="window_0_2_loc_1_load_2 "/>
</bind>
</comp>

<comp id="2462" class="1005" name="window_0_2_loc_1_load_reg_2462">
<pin_list>
<pin id="2463" dir="0" index="0" bw="32" slack="1"/>
<pin id="2464" dir="1" index="1" bw="32" slack="1"/>
</pin_list>
<bind>
<opset="window_0_2_loc_1_load "/>
</bind>
</comp>

<comp id="2467" class="1005" name="mul_0_1_reg_2467">
<pin_list>
<pin id="2468" dir="0" index="0" bw="32" slack="11"/>
<pin id="2469" dir="1" index="1" bw="32" slack="11"/>
</pin_list>
<bind>
<opset="mul_0_1 "/>
</bind>
</comp>

<comp id="2472" class="1005" name="window_0_2_loc_1_add_reg_2472">
<pin_list>
<pin id="2473" dir="0" index="0" bw="32" slack="1"/>
<pin id="2474" dir="1" index="1" bw="32" slack="1"/>
</pin_list>
<bind>
<opset="window_0_2_loc_1_add "/>
</bind>
</comp>

<comp id="2477" class="1005" name="window_load_4_reg_2477">
<pin_list>
<pin id="2478" dir="0" index="0" bw="32" slack="1"/>
<pin id="2479" dir="1" index="1" bw="32" slack="1"/>
</pin_list>
<bind>
<opset="window_load_4 "/>
</bind>
</comp>

<comp id="2482" class="1005" name="mul_reg_2482">
<pin_list>
<pin id="2483" dir="0" index="0" bw="32" slack="1"/>
<pin id="2484" dir="1" index="1" bw="32" slack="1"/>
</pin_list>
<bind>
<opset="mul "/>
</bind>
</comp>

<comp id="2487" class="1005" name="acc_1_reg_2487">
<pin_list>
<pin id="2488" dir="0" index="0" bw="32" slack="1"/>
<pin id="2489" dir="1" index="1" bw="32" slack="1"/>
</pin_list>
<bind>
<opset="acc_1 "/>
</bind>
</comp>

<comp id="2492" class="1005" name="acc_1_0_1_reg_2492">
<pin_list>
<pin id="2493" dir="0" index="0" bw="32" slack="1"/>
<pin id="2494" dir="1" index="1" bw="32" slack="1"/>
</pin_list>
<bind>
<opset="acc_1_0_1 "/>
</bind>
</comp>

<comp id="2497" class="1005" name="window_1_4_load_reg_2497">
<pin_list>
<pin id="2498" dir="0" index="0" bw="32" slack="1"/>
<pin id="2499" dir="1" index="1" bw="32" slack="1"/>
</pin_list>
<bind>
<opset="window_1_4_load "/>
</bind>
</comp>

<comp id="2502" class="1005" name="window_1_3_loc_1_load_2_reg_2502">
<pin_list>
<pin id="2503" dir="0" index="0" bw="32" slack="1"/>
<pin id="2504" dir="1" index="1" bw="32" slack="1"/>
</pin_list>
<bind>
<opset="window_1_3_loc_1_load_2 "/>
</bind>
</comp>

<comp id="2507" class="1005" name="window_1_3_loc_1_load_reg_2507">
<pin_list>
<pin id="2508" dir="0" index="0" bw="32" slack="1"/>
<pin id="2509" dir="1" index="1" bw="32" slack="1"/>
</pin_list>
<bind>
<opset="window_1_3_loc_1_load "/>
</bind>
</comp>

<comp id="2512" class="1005" name="acc_1_0_2_reg_2512">
<pin_list>
<pin id="2513" dir="0" index="0" bw="32" slack="1"/>
<pin id="2514" dir="1" index="1" bw="32" slack="1"/>
</pin_list>
<bind>
<opset="acc_1_0_2 "/>
</bind>
</comp>

<comp id="2517" class="1005" name="mul_1_2_reg_2517">
<pin_list>
<pin id="2518" dir="0" index="0" bw="32" slack="21"/>
<pin id="2519" dir="1" index="1" bw="32" slack="21"/>
</pin_list>
<bind>
<opset="mul_1_2 "/>
</bind>
</comp>

<comp id="2522" class="1005" name="mul_1_3_reg_2522">
<pin_list>
<pin id="2523" dir="0" index="0" bw="32" slack="26"/>
<pin id="2524" dir="1" index="1" bw="32" slack="26"/>
</pin_list>
<bind>
<opset="mul_1_3 "/>
</bind>
</comp>

<comp id="2527" class="1005" name="mul_1_4_reg_2527">
<pin_list>
<pin id="2528" dir="0" index="0" bw="32" slack="31"/>
<pin id="2529" dir="1" index="1" bw="32" slack="31"/>
</pin_list>
<bind>
<opset="mul_1_4 "/>
</bind>
</comp>

<comp id="2532" class="1005" name="window_1_3_loc_1_add_reg_2532">
<pin_list>
<pin id="2533" dir="0" index="0" bw="32" slack="1"/>
<pin id="2534" dir="1" index="1" bw="32" slack="1"/>
</pin_list>
<bind>
<opset="window_1_3_loc_1_add "/>
</bind>
</comp>

<comp id="2537" class="1005" name="window_1_2_loc_1_load_2_reg_2537">
<pin_list>
<pin id="2538" dir="0" index="0" bw="32" slack="1"/>
<pin id="2539" dir="1" index="1" bw="32" slack="1"/>
</pin_list>
<bind>
<opset="window_1_2_loc_1_load_2 "/>
</bind>
</comp>

<comp id="2542" class="1005" name="window_1_2_loc_1_load_reg_2542">
<pin_list>
<pin id="2543" dir="0" index="0" bw="32" slack="1"/>
<pin id="2544" dir="1" index="1" bw="32" slack="1"/>
</pin_list>
<bind>
<opset="window_1_2_loc_1_load "/>
</bind>
</comp>

<comp id="2547" class="1005" name="acc_1_0_3_reg_2547">
<pin_list>
<pin id="2548" dir="0" index="0" bw="32" slack="1"/>
<pin id="2549" dir="1" index="1" bw="32" slack="1"/>
</pin_list>
<bind>
<opset="acc_1_0_3 "/>
</bind>
</comp>

<comp id="2552" class="1005" name="mul_1_1_reg_2552">
<pin_list>
<pin id="2553" dir="0" index="0" bw="32" slack="11"/>
<pin id="2554" dir="1" index="1" bw="32" slack="11"/>
</pin_list>
<bind>
<opset="mul_1_1 "/>
</bind>
</comp>

<comp id="2557" class="1005" name="window_1_2_loc_1_add_reg_2557">
<pin_list>
<pin id="2558" dir="0" index="0" bw="32" slack="1"/>
<pin id="2559" dir="1" index="1" bw="32" slack="1"/>
</pin_list>
<bind>
<opset="window_1_2_loc_1_add "/>
</bind>
</comp>

<comp id="2562" class="1005" name="window_load_3_reg_2562">
<pin_list>
<pin id="2563" dir="0" index="0" bw="32" slack="1"/>
<pin id="2564" dir="1" index="1" bw="32" slack="1"/>
</pin_list>
<bind>
<opset="window_load_3 "/>
</bind>
</comp>

<comp id="2567" class="1005" name="acc_1_0_4_reg_2567">
<pin_list>
<pin id="2568" dir="0" index="0" bw="32" slack="1"/>
<pin id="2569" dir="1" index="1" bw="32" slack="1"/>
</pin_list>
<bind>
<opset="acc_1_0_4 "/>
</bind>
</comp>

<comp id="2572" class="1005" name="mul_1_reg_2572">
<pin_list>
<pin id="2573" dir="0" index="0" bw="32" slack="1"/>
<pin id="2574" dir="1" index="1" bw="32" slack="1"/>
</pin_list>
<bind>
<opset="mul_1 "/>
</bind>
</comp>

<comp id="2577" class="1005" name="acc_1_1_reg_2577">
<pin_list>
<pin id="2578" dir="0" index="0" bw="32" slack="1"/>
<pin id="2579" dir="1" index="1" bw="32" slack="1"/>
</pin_list>
<bind>
<opset="acc_1_1 "/>
</bind>
</comp>

<comp id="2582" class="1005" name="acc_1_1_1_reg_2582">
<pin_list>
<pin id="2583" dir="0" index="0" bw="32" slack="1"/>
<pin id="2584" dir="1" index="1" bw="32" slack="1"/>
</pin_list>
<bind>
<opset="acc_1_1_1 "/>
</bind>
</comp>

<comp id="2587" class="1005" name="window_2_4_load_reg_2587">
<pin_list>
<pin id="2588" dir="0" index="0" bw="32" slack="1"/>
<pin id="2589" dir="1" index="1" bw="32" slack="1"/>
</pin_list>
<bind>
<opset="window_2_4_load "/>
</bind>
</comp>

<comp id="2592" class="1005" name="window_2_3_loc_1_load_2_reg_2592">
<pin_list>
<pin id="2593" dir="0" index="0" bw="32" slack="1"/>
<pin id="2594" dir="1" index="1" bw="32" slack="1"/>
</pin_list>
<bind>
<opset="window_2_3_loc_1_load_2 "/>
</bind>
</comp>

<comp id="2597" class="1005" name="window_2_3_loc_1_load_reg_2597">
<pin_list>
<pin id="2598" dir="0" index="0" bw="32" slack="1"/>
<pin id="2599" dir="1" index="1" bw="32" slack="1"/>
</pin_list>
<bind>
<opset="window_2_3_loc_1_load "/>
</bind>
</comp>

<comp id="2602" class="1005" name="acc_1_1_2_reg_2602">
<pin_list>
<pin id="2603" dir="0" index="0" bw="32" slack="1"/>
<pin id="2604" dir="1" index="1" bw="32" slack="1"/>
</pin_list>
<bind>
<opset="acc_1_1_2 "/>
</bind>
</comp>

<comp id="2607" class="1005" name="mul_2_2_reg_2607">
<pin_list>
<pin id="2608" dir="0" index="0" bw="32" slack="21"/>
<pin id="2609" dir="1" index="1" bw="32" slack="21"/>
</pin_list>
<bind>
<opset="mul_2_2 "/>
</bind>
</comp>

<comp id="2612" class="1005" name="mul_2_3_reg_2612">
<pin_list>
<pin id="2613" dir="0" index="0" bw="32" slack="26"/>
<pin id="2614" dir="1" index="1" bw="32" slack="26"/>
</pin_list>
<bind>
<opset="mul_2_3 "/>
</bind>
</comp>

<comp id="2617" class="1005" name="mul_2_4_reg_2617">
<pin_list>
<pin id="2618" dir="0" index="0" bw="32" slack="31"/>
<pin id="2619" dir="1" index="1" bw="32" slack="31"/>
</pin_list>
<bind>
<opset="mul_2_4 "/>
</bind>
</comp>

<comp id="2622" class="1005" name="window_2_3_loc_1_add_reg_2622">
<pin_list>
<pin id="2623" dir="0" index="0" bw="32" slack="1"/>
<pin id="2624" dir="1" index="1" bw="32" slack="1"/>
</pin_list>
<bind>
<opset="window_2_3_loc_1_add "/>
</bind>
</comp>

<comp id="2627" class="1005" name="window_2_2_loc_1_load_2_reg_2627">
<pin_list>
<pin id="2628" dir="0" index="0" bw="32" slack="1"/>
<pin id="2629" dir="1" index="1" bw="32" slack="1"/>
</pin_list>
<bind>
<opset="window_2_2_loc_1_load_2 "/>
</bind>
</comp>

<comp id="2632" class="1005" name="window_2_2_loc_1_load_reg_2632">
<pin_list>
<pin id="2633" dir="0" index="0" bw="32" slack="1"/>
<pin id="2634" dir="1" index="1" bw="32" slack="1"/>
</pin_list>
<bind>
<opset="window_2_2_loc_1_load "/>
</bind>
</comp>

<comp id="2637" class="1005" name="acc_1_1_3_reg_2637">
<pin_list>
<pin id="2638" dir="0" index="0" bw="32" slack="1"/>
<pin id="2639" dir="1" index="1" bw="32" slack="1"/>
</pin_list>
<bind>
<opset="acc_1_1_3 "/>
</bind>
</comp>

<comp id="2642" class="1005" name="mul_2_1_reg_2642">
<pin_list>
<pin id="2643" dir="0" index="0" bw="32" slack="11"/>
<pin id="2644" dir="1" index="1" bw="32" slack="11"/>
</pin_list>
<bind>
<opset="mul_2_1 "/>
</bind>
</comp>

<comp id="2647" class="1005" name="window_2_2_loc_1_add_reg_2647">
<pin_list>
<pin id="2648" dir="0" index="0" bw="32" slack="1"/>
<pin id="2649" dir="1" index="1" bw="32" slack="1"/>
</pin_list>
<bind>
<opset="window_2_2_loc_1_add "/>
</bind>
</comp>

<comp id="2652" class="1005" name="window_load_2_reg_2652">
<pin_list>
<pin id="2653" dir="0" index="0" bw="32" slack="1"/>
<pin id="2654" dir="1" index="1" bw="32" slack="1"/>
</pin_list>
<bind>
<opset="window_load_2 "/>
</bind>
</comp>

<comp id="2657" class="1005" name="acc_1_1_4_reg_2657">
<pin_list>
<pin id="2658" dir="0" index="0" bw="32" slack="1"/>
<pin id="2659" dir="1" index="1" bw="32" slack="1"/>
</pin_list>
<bind>
<opset="acc_1_1_4 "/>
</bind>
</comp>

<comp id="2662" class="1005" name="mul_2_reg_2662">
<pin_list>
<pin id="2663" dir="0" index="0" bw="32" slack="1"/>
<pin id="2664" dir="1" index="1" bw="32" slack="1"/>
</pin_list>
<bind>
<opset="mul_2 "/>
</bind>
</comp>

<comp id="2667" class="1005" name="acc_1_2_reg_2667">
<pin_list>
<pin id="2668" dir="0" index="0" bw="32" slack="1"/>
<pin id="2669" dir="1" index="1" bw="32" slack="1"/>
</pin_list>
<bind>
<opset="acc_1_2 "/>
</bind>
</comp>

<comp id="2672" class="1005" name="acc_1_2_1_reg_2672">
<pin_list>
<pin id="2673" dir="0" index="0" bw="32" slack="1"/>
<pin id="2674" dir="1" index="1" bw="32" slack="1"/>
</pin_list>
<bind>
<opset="acc_1_2_1 "/>
</bind>
</comp>

<comp id="2677" class="1005" name="window_3_4_load_reg_2677">
<pin_list>
<pin id="2678" dir="0" index="0" bw="32" slack="1"/>
<pin id="2679" dir="1" index="1" bw="32" slack="1"/>
</pin_list>
<bind>
<opset="window_3_4_load "/>
</bind>
</comp>

<comp id="2682" class="1005" name="window_3_3_loc_1_load_2_reg_2682">
<pin_list>
<pin id="2683" dir="0" index="0" bw="32" slack="1"/>
<pin id="2684" dir="1" index="1" bw="32" slack="1"/>
</pin_list>
<bind>
<opset="window_3_3_loc_1_load_2 "/>
</bind>
</comp>

<comp id="2687" class="1005" name="window_3_3_loc_1_load_reg_2687">
<pin_list>
<pin id="2688" dir="0" index="0" bw="32" slack="1"/>
<pin id="2689" dir="1" index="1" bw="32" slack="1"/>
</pin_list>
<bind>
<opset="window_3_3_loc_1_load "/>
</bind>
</comp>

<comp id="2692" class="1005" name="acc_1_2_2_reg_2692">
<pin_list>
<pin id="2693" dir="0" index="0" bw="32" slack="1"/>
<pin id="2694" dir="1" index="1" bw="32" slack="1"/>
</pin_list>
<bind>
<opset="acc_1_2_2 "/>
</bind>
</comp>

<comp id="2697" class="1005" name="mul_3_2_reg_2697">
<pin_list>
<pin id="2698" dir="0" index="0" bw="32" slack="21"/>
<pin id="2699" dir="1" index="1" bw="32" slack="21"/>
</pin_list>
<bind>
<opset="mul_3_2 "/>
</bind>
</comp>

<comp id="2702" class="1005" name="mul_3_3_reg_2702">
<pin_list>
<pin id="2703" dir="0" index="0" bw="32" slack="26"/>
<pin id="2704" dir="1" index="1" bw="32" slack="26"/>
</pin_list>
<bind>
<opset="mul_3_3 "/>
</bind>
</comp>

<comp id="2707" class="1005" name="mul_3_4_reg_2707">
<pin_list>
<pin id="2708" dir="0" index="0" bw="32" slack="31"/>
<pin id="2709" dir="1" index="1" bw="32" slack="31"/>
</pin_list>
<bind>
<opset="mul_3_4 "/>
</bind>
</comp>

<comp id="2712" class="1005" name="window_3_3_loc_1_add_reg_2712">
<pin_list>
<pin id="2713" dir="0" index="0" bw="32" slack="1"/>
<pin id="2714" dir="1" index="1" bw="32" slack="1"/>
</pin_list>
<bind>
<opset="window_3_3_loc_1_add "/>
</bind>
</comp>

<comp id="2717" class="1005" name="window_3_2_loc_1_load41_reg_2717">
<pin_list>
<pin id="2718" dir="0" index="0" bw="32" slack="1"/>
<pin id="2719" dir="1" index="1" bw="32" slack="1"/>
</pin_list>
<bind>
<opset="window_3_2_loc_1_load41 "/>
</bind>
</comp>

<comp id="2722" class="1005" name="window_3_2_loc_1_load_reg_2722">
<pin_list>
<pin id="2723" dir="0" index="0" bw="32" slack="1"/>
<pin id="2724" dir="1" index="1" bw="32" slack="1"/>
</pin_list>
<bind>
<opset="window_3_2_loc_1_load "/>
</bind>
</comp>

<comp id="2727" class="1005" name="acc_1_2_3_reg_2727">
<pin_list>
<pin id="2728" dir="0" index="0" bw="32" slack="1"/>
<pin id="2729" dir="1" index="1" bw="32" slack="1"/>
</pin_list>
<bind>
<opset="acc_1_2_3 "/>
</bind>
</comp>

<comp id="2732" class="1005" name="mul_3_1_reg_2732">
<pin_list>
<pin id="2733" dir="0" index="0" bw="32" slack="11"/>
<pin id="2734" dir="1" index="1" bw="32" slack="11"/>
</pin_list>
<bind>
<opset="mul_3_1 "/>
</bind>
</comp>

<comp id="2737" class="1005" name="window_3_2_loc_1_add_reg_2737">
<pin_list>
<pin id="2738" dir="0" index="0" bw="32" slack="1"/>
<pin id="2739" dir="1" index="1" bw="32" slack="1"/>
</pin_list>
<bind>
<opset="window_3_2_loc_1_add "/>
</bind>
</comp>

<comp id="2742" class="1005" name="window_load_1_reg_2742">
<pin_list>
<pin id="2743" dir="0" index="0" bw="32" slack="1"/>
<pin id="2744" dir="1" index="1" bw="32" slack="1"/>
</pin_list>
<bind>
<opset="window_load_1 "/>
</bind>
</comp>

<comp id="2747" class="1005" name="acc_1_2_4_reg_2747">
<pin_list>
<pin id="2748" dir="0" index="0" bw="32" slack="1"/>
<pin id="2749" dir="1" index="1" bw="32" slack="1"/>
</pin_list>
<bind>
<opset="acc_1_2_4 "/>
</bind>
</comp>

<comp id="2752" class="1005" name="mul_3_reg_2752">
<pin_list>
<pin id="2753" dir="0" index="0" bw="32" slack="1"/>
<pin id="2754" dir="1" index="1" bw="32" slack="1"/>
</pin_list>
<bind>
<opset="mul_3 "/>
</bind>
</comp>

<comp id="2757" class="1005" name="acc_1_3_reg_2757">
<pin_list>
<pin id="2758" dir="0" index="0" bw="32" slack="1"/>
<pin id="2759" dir="1" index="1" bw="32" slack="1"/>
</pin_list>
<bind>
<opset="acc_1_3 "/>
</bind>
</comp>

<comp id="2762" class="1005" name="acc_1_3_1_reg_2762">
<pin_list>
<pin id="2763" dir="0" index="0" bw="32" slack="1"/>
<pin id="2764" dir="1" index="1" bw="32" slack="1"/>
</pin_list>
<bind>
<opset="acc_1_3_1 "/>
</bind>
</comp>

<comp id="2767" class="1005" name="window_4_4_load_reg_2767">
<pin_list>
<pin id="2768" dir="0" index="0" bw="32" slack="1"/>
<pin id="2769" dir="1" index="1" bw="32" slack="1"/>
</pin_list>
<bind>
<opset="window_4_4_load "/>
</bind>
</comp>

<comp id="2772" class="1005" name="window_4_3_loc_1_load_2_reg_2772">
<pin_list>
<pin id="2773" dir="0" index="0" bw="32" slack="1"/>
<pin id="2774" dir="1" index="1" bw="32" slack="1"/>
</pin_list>
<bind>
<opset="window_4_3_loc_1_load_2 "/>
</bind>
</comp>

<comp id="2777" class="1005" name="window_4_3_loc_1_load_reg_2777">
<pin_list>
<pin id="2778" dir="0" index="0" bw="32" slack="1"/>
<pin id="2779" dir="1" index="1" bw="32" slack="1"/>
</pin_list>
<bind>
<opset="window_4_3_loc_1_load "/>
</bind>
</comp>

<comp id="2782" class="1005" name="acc_1_3_2_reg_2782">
<pin_list>
<pin id="2783" dir="0" index="0" bw="32" slack="1"/>
<pin id="2784" dir="1" index="1" bw="32" slack="1"/>
</pin_list>
<bind>
<opset="acc_1_3_2 "/>
</bind>
</comp>

<comp id="2787" class="1005" name="mul_4_2_reg_2787">
<pin_list>
<pin id="2788" dir="0" index="0" bw="32" slack="21"/>
<pin id="2789" dir="1" index="1" bw="32" slack="21"/>
</pin_list>
<bind>
<opset="mul_4_2 "/>
</bind>
</comp>

<comp id="2792" class="1005" name="mul_4_3_reg_2792">
<pin_list>
<pin id="2793" dir="0" index="0" bw="32" slack="26"/>
<pin id="2794" dir="1" index="1" bw="32" slack="26"/>
</pin_list>
<bind>
<opset="mul_4_3 "/>
</bind>
</comp>

<comp id="2797" class="1005" name="mul_4_4_reg_2797">
<pin_list>
<pin id="2798" dir="0" index="0" bw="32" slack="31"/>
<pin id="2799" dir="1" index="1" bw="32" slack="31"/>
</pin_list>
<bind>
<opset="mul_4_4 "/>
</bind>
</comp>

<comp id="2802" class="1005" name="window_4_3_loc_1_add_reg_2802">
<pin_list>
<pin id="2803" dir="0" index="0" bw="32" slack="1"/>
<pin id="2804" dir="1" index="1" bw="32" slack="1"/>
</pin_list>
<bind>
<opset="window_4_3_loc_1_add "/>
</bind>
</comp>

<comp id="2807" class="1005" name="window_4_2_loc_1_load_2_reg_2807">
<pin_list>
<pin id="2808" dir="0" index="0" bw="32" slack="1"/>
<pin id="2809" dir="1" index="1" bw="32" slack="1"/>
</pin_list>
<bind>
<opset="window_4_2_loc_1_load_2 "/>
</bind>
</comp>

<comp id="2812" class="1005" name="window_4_2_loc_1_load_reg_2812">
<pin_list>
<pin id="2813" dir="0" index="0" bw="32" slack="1"/>
<pin id="2814" dir="1" index="1" bw="32" slack="1"/>
</pin_list>
<bind>
<opset="window_4_2_loc_1_load "/>
</bind>
</comp>

<comp id="2817" class="1005" name="acc_1_3_3_reg_2817">
<pin_list>
<pin id="2818" dir="0" index="0" bw="32" slack="1"/>
<pin id="2819" dir="1" index="1" bw="32" slack="1"/>
</pin_list>
<bind>
<opset="acc_1_3_3 "/>
</bind>
</comp>

<comp id="2822" class="1005" name="mul_4_1_reg_2822">
<pin_list>
<pin id="2823" dir="0" index="0" bw="32" slack="11"/>
<pin id="2824" dir="1" index="1" bw="32" slack="11"/>
</pin_list>
<bind>
<opset="mul_4_1 "/>
</bind>
</comp>

<comp id="2827" class="1005" name="window_4_2_loc_1_add_reg_2827">
<pin_list>
<pin id="2828" dir="0" index="0" bw="32" slack="1"/>
<pin id="2829" dir="1" index="1" bw="32" slack="1"/>
</pin_list>
<bind>
<opset="window_4_2_loc_1_add "/>
</bind>
</comp>

<comp id="2832" class="1005" name="window_load_reg_2832">
<pin_list>
<pin id="2833" dir="0" index="0" bw="32" slack="1"/>
<pin id="2834" dir="1" index="1" bw="32" slack="1"/>
</pin_list>
<bind>
<opset="window_load "/>
</bind>
</comp>

<comp id="2837" class="1005" name="acc_1_3_4_reg_2837">
<pin_list>
<pin id="2838" dir="0" index="0" bw="32" slack="1"/>
<pin id="2839" dir="1" index="1" bw="32" slack="1"/>
</pin_list>
<bind>
<opset="acc_1_3_4 "/>
</bind>
</comp>

<comp id="2842" class="1005" name="mul_4_reg_2842">
<pin_list>
<pin id="2843" dir="0" index="0" bw="32" slack="1"/>
<pin id="2844" dir="1" index="1" bw="32" slack="1"/>
</pin_list>
<bind>
<opset="mul_4 "/>
</bind>
</comp>

<comp id="2847" class="1005" name="acc_1_4_reg_2847">
<pin_list>
<pin id="2848" dir="0" index="0" bw="32" slack="1"/>
<pin id="2849" dir="1" index="1" bw="32" slack="1"/>
</pin_list>
<bind>
<opset="acc_1_4 "/>
</bind>
</comp>

<comp id="2852" class="1005" name="acc_1_4_1_reg_2852">
<pin_list>
<pin id="2853" dir="0" index="0" bw="32" slack="1"/>
<pin id="2854" dir="1" index="1" bw="32" slack="1"/>
</pin_list>
<bind>
<opset="acc_1_4_1 "/>
</bind>
</comp>

<comp id="2857" class="1005" name="acc_1_4_2_reg_2857">
<pin_list>
<pin id="2858" dir="0" index="0" bw="32" slack="1"/>
<pin id="2859" dir="1" index="1" bw="32" slack="1"/>
</pin_list>
<bind>
<opset="acc_1_4_2 "/>
</bind>
</comp>

<comp id="2862" class="1005" name="acc_1_4_3_reg_2862">
<pin_list>
<pin id="2863" dir="0" index="0" bw="32" slack="1"/>
<pin id="2864" dir="1" index="1" bw="32" slack="1"/>
</pin_list>
<bind>
<opset="acc_1_4_3 "/>
</bind>
</comp>

<comp id="2867" class="1005" name="out_pkt_data_V_reg_2867">
<pin_list>
<pin id="2868" dir="0" index="0" bw="32" slack="1"/>
<pin id="2869" dir="1" index="1" bw="32" slack="1"/>
</pin_list>
<bind>
<opset="out_pkt_data_V "/>
</bind>
</comp>

</comp_list>

<net_list>
<net id="275"><net_src comp="128" pin="0"/><net_sink comp="272" pin=0"/></net>

<net id="279"><net_src comp="128" pin="0"/><net_sink comp="276" pin=0"/></net>

<net id="283"><net_src comp="128" pin="0"/><net_sink comp="280" pin=0"/></net>

<net id="287"><net_src comp="128" pin="0"/><net_sink comp="284" pin=0"/></net>

<net id="291"><net_src comp="128" pin="0"/><net_sink comp="288" pin=0"/></net>

<net id="295"><net_src comp="128" pin="0"/><net_sink comp="292" pin=0"/></net>

<net id="299"><net_src comp="128" pin="0"/><net_sink comp="296" pin=0"/></net>

<net id="303"><net_src comp="128" pin="0"/><net_sink comp="300" pin=0"/></net>

<net id="307"><net_src comp="128" pin="0"/><net_sink comp="304" pin=0"/></net>

<net id="311"><net_src comp="128" pin="0"/><net_sink comp="308" pin=0"/></net>

<net id="315"><net_src comp="128" pin="0"/><net_sink comp="312" pin=0"/></net>

<net id="319"><net_src comp="128" pin="0"/><net_sink comp="316" pin=0"/></net>

<net id="323"><net_src comp="128" pin="0"/><net_sink comp="320" pin=0"/></net>

<net id="327"><net_src comp="128" pin="0"/><net_sink comp="324" pin=0"/></net>

<net id="331"><net_src comp="128" pin="0"/><net_sink comp="328" pin=0"/></net>

<net id="335"><net_src comp="128" pin="0"/><net_sink comp="332" pin=0"/></net>

<net id="339"><net_src comp="128" pin="0"/><net_sink comp="336" pin=0"/></net>

<net id="343"><net_src comp="128" pin="0"/><net_sink comp="340" pin=0"/></net>

<net id="347"><net_src comp="128" pin="0"/><net_sink comp="344" pin=0"/></net>

<net id="351"><net_src comp="128" pin="0"/><net_sink comp="348" pin=0"/></net>

<net id="355"><net_src comp="128" pin="0"/><net_sink comp="352" pin=0"/></net>

<net id="359"><net_src comp="128" pin="0"/><net_sink comp="356" pin=0"/></net>

<net id="363"><net_src comp="128" pin="0"/><net_sink comp="360" pin=0"/></net>

<net id="367"><net_src comp="128" pin="0"/><net_sink comp="364" pin=0"/></net>

<net id="371"><net_src comp="128" pin="0"/><net_sink comp="368" pin=0"/></net>

<net id="375"><net_src comp="128" pin="0"/><net_sink comp="372" pin=0"/></net>

<net id="380"><net_src comp="130" pin="0"/><net_sink comp="376" pin=0"/></net>

<net id="381"><net_src comp="78" pin="0"/><net_sink comp="376" pin=1"/></net>

<net id="386"><net_src comp="134" pin="0"/><net_sink comp="382" pin=0"/></net>

<net id="387"><net_src comp="76" pin="0"/><net_sink comp="382" pin=1"/></net>

<net id="392"><net_src comp="134" pin="0"/><net_sink comp="388" pin=0"/></net>

<net id="393"><net_src comp="68" pin="0"/><net_sink comp="388" pin=1"/></net>

<net id="398"><net_src comp="134" pin="0"/><net_sink comp="394" pin=0"/></net>

<net id="399"><net_src comp="70" pin="0"/><net_sink comp="394" pin=1"/></net>

<net id="404"><net_src comp="134" pin="0"/><net_sink comp="400" pin=0"/></net>

<net id="405"><net_src comp="72" pin="0"/><net_sink comp="400" pin=1"/></net>

<net id="410"><net_src comp="134" pin="0"/><net_sink comp="406" pin=0"/></net>

<net id="411"><net_src comp="74" pin="0"/><net_sink comp="406" pin=1"/></net>

<net id="416"><net_src comp="134" pin="0"/><net_sink comp="412" pin=0"/></net>

<net id="417"><net_src comp="36" pin="0"/><net_sink comp="412" pin=1"/></net>

<net id="422"><net_src comp="134" pin="0"/><net_sink comp="418" pin=0"/></net>

<net id="423"><net_src comp="28" pin="0"/><net_sink comp="418" pin=1"/></net>

<net id="428"><net_src comp="134" pin="0"/><net_sink comp="424" pin=0"/></net>

<net id="429"><net_src comp="30" pin="0"/><net_sink comp="424" pin=1"/></net>

<net id="434"><net_src comp="134" pin="0"/><net_sink comp="430" pin=0"/></net>

<net id="435"><net_src comp="32" pin="0"/><net_sink comp="430" pin=1"/></net>

<net id="440"><net_src comp="134" pin="0"/><net_sink comp="436" pin=0"/></net>

<net id="441"><net_src comp="34" pin="0"/><net_sink comp="436" pin=1"/></net>

<net id="446"><net_src comp="134" pin="0"/><net_sink comp="442" pin=0"/></net>

<net id="447"><net_src comp="46" pin="0"/><net_sink comp="442" pin=1"/></net>

<net id="452"><net_src comp="134" pin="0"/><net_sink comp="448" pin=0"/></net>

<net id="453"><net_src comp="38" pin="0"/><net_sink comp="448" pin=1"/></net>

<net id="458"><net_src comp="134" pin="0"/><net_sink comp="454" pin=0"/></net>

<net id="459"><net_src comp="40" pin="0"/><net_sink comp="454" pin=1"/></net>

<net id="464"><net_src comp="134" pin="0"/><net_sink comp="460" pin=0"/></net>

<net id="465"><net_src comp="42" pin="0"/><net_sink comp="460" pin=1"/></net>

<net id="470"><net_src comp="134" pin="0"/><net_sink comp="466" pin=0"/></net>

<net id="471"><net_src comp="44" pin="0"/><net_sink comp="466" pin=1"/></net>

<net id="476"><net_src comp="134" pin="0"/><net_sink comp="472" pin=0"/></net>

<net id="477"><net_src comp="56" pin="0"/><net_sink comp="472" pin=1"/></net>

<net id="482"><net_src comp="134" pin="0"/><net_sink comp="478" pin=0"/></net>

<net id="483"><net_src comp="48" pin="0"/><net_sink comp="478" pin=1"/></net>

<net id="488"><net_src comp="134" pin="0"/><net_sink comp="484" pin=0"/></net>

<net id="489"><net_src comp="50" pin="0"/><net_sink comp="484" pin=1"/></net>

<net id="494"><net_src comp="134" pin="0"/><net_sink comp="490" pin=0"/></net>

<net id="495"><net_src comp="52" pin="0"/><net_sink comp="490" pin=1"/></net>

<net id="500"><net_src comp="134" pin="0"/><net_sink comp="496" pin=0"/></net>

<net id="501"><net_src comp="54" pin="0"/><net_sink comp="496" pin=1"/></net>

<net id="506"><net_src comp="134" pin="0"/><net_sink comp="502" pin=0"/></net>

<net id="507"><net_src comp="66" pin="0"/><net_sink comp="502" pin=1"/></net>

<net id="512"><net_src comp="134" pin="0"/><net_sink comp="508" pin=0"/></net>

<net id="513"><net_src comp="58" pin="0"/><net_sink comp="508" pin=1"/></net>

<net id="518"><net_src comp="134" pin="0"/><net_sink comp="514" pin=0"/></net>

<net id="519"><net_src comp="60" pin="0"/><net_sink comp="514" pin=1"/></net>

<net id="524"><net_src comp="134" pin="0"/><net_sink comp="520" pin=0"/></net>

<net id="525"><net_src comp="62" pin="0"/><net_sink comp="520" pin=1"/></net>

<net id="530"><net_src comp="134" pin="0"/><net_sink comp="526" pin=0"/></net>

<net id="531"><net_src comp="64" pin="0"/><net_sink comp="526" pin=1"/></net>

<net id="542"><net_src comp="250" pin="0"/><net_sink comp="532" pin=0"/></net>

<net id="543"><net_src comp="0" pin="0"/><net_sink comp="532" pin=1"/></net>

<net id="544"><net_src comp="2" pin="0"/><net_sink comp="532" pin=2"/></net>

<net id="545"><net_src comp="4" pin="0"/><net_sink comp="532" pin=3"/></net>

<net id="546"><net_src comp="6" pin="0"/><net_sink comp="532" pin=4"/></net>

<net id="547"><net_src comp="8" pin="0"/><net_sink comp="532" pin=5"/></net>

<net id="548"><net_src comp="10" pin="0"/><net_sink comp="532" pin=6"/></net>

<net id="549"><net_src comp="12" pin="0"/><net_sink comp="532" pin=7"/></net>

<net id="567"><net_src comp="266" pin="0"/><net_sink comp="550" pin=0"/></net>

<net id="568"><net_src comp="14" pin="0"/><net_sink comp="550" pin=1"/></net>

<net id="569"><net_src comp="16" pin="0"/><net_sink comp="550" pin=2"/></net>

<net id="570"><net_src comp="18" pin="0"/><net_sink comp="550" pin=3"/></net>

<net id="571"><net_src comp="20" pin="0"/><net_sink comp="550" pin=4"/></net>

<net id="572"><net_src comp="22" pin="0"/><net_sink comp="550" pin=5"/></net>

<net id="573"><net_src comp="24" pin="0"/><net_sink comp="550" pin=6"/></net>

<net id="574"><net_src comp="26" pin="0"/><net_sink comp="550" pin=7"/></net>

<net id="575"><net_src comp="268" pin="0"/><net_sink comp="550" pin=9"/></net>

<net id="576"><net_src comp="268" pin="0"/><net_sink comp="550" pin=10"/></net>

<net id="577"><net_src comp="270" pin="0"/><net_sink comp="550" pin=11"/></net>

<net id="578"><net_src comp="270" pin="0"/><net_sink comp="550" pin=13"/></net>

<net id="579"><net_src comp="270" pin="0"/><net_sink comp="550" pin=14"/></net>

<net id="585"><net_src comp="110" pin="0"/><net_sink comp="580" pin=0"/></net>

<net id="586"><net_src comp="136" pin="0"/><net_sink comp="580" pin=1"/></net>

<net id="592"><net_src comp="580" pin="3"/><net_sink comp="587" pin=0"/></net>

<net id="598"><net_src comp="114" pin="0"/><net_sink comp="593" pin=0"/></net>

<net id="599"><net_src comp="136" pin="0"/><net_sink comp="593" pin=1"/></net>

<net id="605"><net_src comp="593" pin="3"/><net_sink comp="600" pin=0"/></net>

<net id="611"><net_src comp="118" pin="0"/><net_sink comp="606" pin=0"/></net>

<net id="612"><net_src comp="136" pin="0"/><net_sink comp="606" pin=1"/></net>

<net id="618"><net_src comp="606" pin="3"/><net_sink comp="613" pin=0"/></net>

<net id="624"><net_src comp="122" pin="0"/><net_sink comp="619" pin=0"/></net>

<net id="625"><net_src comp="136" pin="0"/><net_sink comp="619" pin=1"/></net>

<net id="631"><net_src comp="619" pin="3"/><net_sink comp="626" pin=0"/></net>

<net id="651"><net_src comp="142" pin="0"/><net_sink comp="648" pin=0"/></net>

<net id="658"><net_src comp="648" pin="1"/><net_sink comp="652" pin=2"/></net>

<net id="659"><net_src comp="652" pin="4"/><net_sink comp="626" pin=4"/></net>

<net id="660"><net_src comp="652" pin="4"/><net_sink comp="648" pin=0"/></net>

<net id="665"><net_src comp="142" pin="0"/><net_sink comp="661" pin=1"/></net>

<net id="670"><net_src comp="142" pin="0"/><net_sink comp="666" pin=1"/></net>

<net id="675"><net_src comp="142" pin="0"/><net_sink comp="671" pin=1"/></net>

<net id="688"><net_src comp="142" pin="0"/><net_sink comp="684" pin=1"/></net>

<net id="697"><net_src comp="142" pin="0"/><net_sink comp="693" pin=1"/></net>

<net id="718"><net_src comp="142" pin="0"/><net_sink comp="714" pin=1"/></net>

<net id="727"><net_src comp="142" pin="0"/><net_sink comp="723" pin=1"/></net>

<net id="748"><net_src comp="142" pin="0"/><net_sink comp="744" pin=1"/></net>

<net id="757"><net_src comp="142" pin="0"/><net_sink comp="753" pin=1"/></net>

<net id="778"><net_src comp="142" pin="0"/><net_sink comp="774" pin=1"/></net>

<net id="787"><net_src comp="142" pin="0"/><net_sink comp="783" pin=1"/></net>

<net id="904"><net_src comp="648" pin="1"/><net_sink comp="900" pin=0"/></net>

<net id="917"><net_src comp="376" pin="2"/><net_sink comp="913" pin=0"/></net>

<net id="918"><net_src comp="132" pin="0"/><net_sink comp="913" pin=1"/></net>

<net id="922"><net_src comp="80" pin="0"/><net_sink comp="919" pin=0"/></net>

<net id="926"><net_src comp="82" pin="0"/><net_sink comp="923" pin=0"/></net>

<net id="930"><net_src comp="84" pin="0"/><net_sink comp="927" pin=0"/></net>

<net id="934"><net_src comp="86" pin="0"/><net_sink comp="931" pin=0"/></net>

<net id="938"><net_src comp="88" pin="0"/><net_sink comp="935" pin=0"/></net>

<net id="942"><net_src comp="90" pin="0"/><net_sink comp="939" pin=0"/></net>

<net id="946"><net_src comp="92" pin="0"/><net_sink comp="943" pin=0"/></net>

<net id="950"><net_src comp="94" pin="0"/><net_sink comp="947" pin=0"/></net>

<net id="954"><net_src comp="96" pin="0"/><net_sink comp="951" pin=0"/></net>

<net id="958"><net_src comp="98" pin="0"/><net_sink comp="955" pin=0"/></net>

<net id="962"><net_src comp="100" pin="0"/><net_sink comp="959" pin=0"/></net>

<net id="966"><net_src comp="102" pin="0"/><net_sink comp="963" pin=0"/></net>

<net id="970"><net_src comp="104" pin="0"/><net_sink comp="967" pin=0"/></net>

<net id="974"><net_src comp="106" pin="0"/><net_sink comp="971" pin=0"/></net>

<net id="978"><net_src comp="108" pin="0"/><net_sink comp="975" pin=0"/></net>

<net id="982"><net_src comp="382" pin="2"/><net_sink comp="979" pin=0"/></net>

<net id="986"><net_src comp="406" pin="2"/><net_sink comp="983" pin=0"/></net>

<net id="990"><net_src comp="400" pin="2"/><net_sink comp="987" pin=0"/></net>

<net id="994"><net_src comp="394" pin="2"/><net_sink comp="991" pin=0"/></net>

<net id="998"><net_src comp="388" pin="2"/><net_sink comp="995" pin=0"/></net>

<net id="1002"><net_src comp="502" pin="2"/><net_sink comp="999" pin=0"/></net>

<net id="1006"><net_src comp="526" pin="2"/><net_sink comp="1003" pin=0"/></net>

<net id="1010"><net_src comp="520" pin="2"/><net_sink comp="1007" pin=0"/></net>

<net id="1014"><net_src comp="514" pin="2"/><net_sink comp="1011" pin=0"/></net>

<net id="1018"><net_src comp="508" pin="2"/><net_sink comp="1015" pin=0"/></net>

<net id="1022"><net_src comp="472" pin="2"/><net_sink comp="1019" pin=0"/></net>

<net id="1026"><net_src comp="496" pin="2"/><net_sink comp="1023" pin=0"/></net>

<net id="1030"><net_src comp="490" pin="2"/><net_sink comp="1027" pin=0"/></net>

<net id="1034"><net_src comp="484" pin="2"/><net_sink comp="1031" pin=0"/></net>

<net id="1038"><net_src comp="478" pin="2"/><net_sink comp="1035" pin=0"/></net>

<net id="1042"><net_src comp="442" pin="2"/><net_sink comp="1039" pin=0"/></net>

<net id="1046"><net_src comp="466" pin="2"/><net_sink comp="1043" pin=0"/></net>

<net id="1050"><net_src comp="460" pin="2"/><net_sink comp="1047" pin=0"/></net>

<net id="1054"><net_src comp="454" pin="2"/><net_sink comp="1051" pin=0"/></net>

<net id="1058"><net_src comp="448" pin="2"/><net_sink comp="1055" pin=0"/></net>

<net id="1062"><net_src comp="412" pin="2"/><net_sink comp="1059" pin=0"/></net>

<net id="1066"><net_src comp="436" pin="2"/><net_sink comp="1063" pin=0"/></net>

<net id="1070"><net_src comp="430" pin="2"/><net_sink comp="1067" pin=0"/></net>

<net id="1074"><net_src comp="424" pin="2"/><net_sink comp="1071" pin=0"/></net>

<net id="1078"><net_src comp="418" pin="2"/><net_sink comp="1075" pin=0"/></net>

<net id="1083"><net_src comp="136" pin="0"/><net_sink comp="1079" pin=0"/></net>

<net id="1088"><net_src comp="138" pin="0"/><net_sink comp="1084" pin=0"/></net>

<net id="1093"><net_src comp="919" pin="1"/><net_sink comp="1089" pin=0"/></net>

<net id="1098"><net_src comp="923" pin="1"/><net_sink comp="1094" pin=0"/></net>

<net id="1103"><net_src comp="927" pin="1"/><net_sink comp="1099" pin=0"/></net>

<net id="1108"><net_src comp="931" pin="1"/><net_sink comp="1104" pin=0"/></net>

<net id="1113"><net_src comp="935" pin="1"/><net_sink comp="1109" pin=0"/></net>

<net id="1118"><net_src comp="939" pin="1"/><net_sink comp="1114" pin=0"/></net>

<net id="1123"><net_src comp="943" pin="1"/><net_sink comp="1119" pin=0"/></net>

<net id="1128"><net_src comp="947" pin="1"/><net_sink comp="1124" pin=0"/></net>

<net id="1133"><net_src comp="951" pin="1"/><net_sink comp="1129" pin=0"/></net>

<net id="1138"><net_src comp="955" pin="1"/><net_sink comp="1134" pin=0"/></net>

<net id="1143"><net_src comp="959" pin="1"/><net_sink comp="1139" pin=0"/></net>

<net id="1148"><net_src comp="963" pin="1"/><net_sink comp="1144" pin=0"/></net>

<net id="1153"><net_src comp="967" pin="1"/><net_sink comp="1149" pin=0"/></net>

<net id="1158"><net_src comp="971" pin="1"/><net_sink comp="1154" pin=0"/></net>

<net id="1163"><net_src comp="975" pin="1"/><net_sink comp="1159" pin=0"/></net>

<net id="1168"><net_src comp="140" pin="0"/><net_sink comp="1164" pin=0"/></net>

<net id="1173"><net_src comp="142" pin="0"/><net_sink comp="1169" pin=0"/></net>

<net id="1178"><net_src comp="144" pin="0"/><net_sink comp="1174" pin=0"/></net>

<net id="1183"><net_src comp="142" pin="0"/><net_sink comp="1179" pin=0"/></net>

<net id="1188"><net_src comp="144" pin="0"/><net_sink comp="1184" pin=0"/></net>

<net id="1193"><net_src comp="142" pin="0"/><net_sink comp="1189" pin=0"/></net>

<net id="1198"><net_src comp="144" pin="0"/><net_sink comp="1194" pin=0"/></net>

<net id="1203"><net_src comp="142" pin="0"/><net_sink comp="1199" pin=0"/></net>

<net id="1208"><net_src comp="144" pin="0"/><net_sink comp="1204" pin=0"/></net>

<net id="1213"><net_src comp="226" pin="0"/><net_sink comp="1209" pin=1"/></net>

<net id="1218"><net_src comp="228" pin="0"/><net_sink comp="1214" pin=1"/></net>

<net id="1226"><net_src comp="1219" pin="1"/><net_sink comp="1222" pin=0"/></net>

<net id="1227"><net_src comp="1219" pin="1"/><net_sink comp="1222" pin=1"/></net>

<net id="1240"><net_src comp="1231" pin="1"/><net_sink comp="1237" pin=0"/></net>

<net id="1247"><net_src comp="230" pin="0"/><net_sink comp="1241" pin=0"/></net>

<net id="1248"><net_src comp="1231" pin="1"/><net_sink comp="1241" pin=1"/></net>

<net id="1249"><net_src comp="226" pin="0"/><net_sink comp="1241" pin=2"/></net>

<net id="1250"><net_src comp="232" pin="0"/><net_sink comp="1241" pin=3"/></net>

<net id="1255"><net_src comp="1241" pin="4"/><net_sink comp="1251" pin=0"/></net>

<net id="1256"><net_src comp="234" pin="0"/><net_sink comp="1251" pin=1"/></net>

<net id="1261"><net_src comp="1237" pin="1"/><net_sink comp="1257" pin=0"/></net>

<net id="1268"><net_src comp="236" pin="0"/><net_sink comp="1262" pin=0"/></net>

<net id="1269"><net_src comp="1231" pin="1"/><net_sink comp="1262" pin=1"/></net>

<net id="1270"><net_src comp="128" pin="0"/><net_sink comp="1262" pin=2"/></net>

<net id="1271"><net_src comp="232" pin="0"/><net_sink comp="1262" pin=3"/></net>

<net id="1276"><net_src comp="1262" pin="4"/><net_sink comp="1272" pin=0"/></net>

<net id="1277"><net_src comp="238" pin="0"/><net_sink comp="1272" pin=1"/></net>

<net id="1282"><net_src comp="1237" pin="1"/><net_sink comp="1278" pin=0"/></net>

<net id="1287"><net_src comp="1278" pin="2"/><net_sink comp="1283" pin=0"/></net>

<net id="1288"><net_src comp="1272" pin="2"/><net_sink comp="1283" pin=1"/></net>

<net id="1292"><net_src comp="1228" pin="1"/><net_sink comp="1289" pin=0"/></net>

<net id="1297"><net_src comp="1289" pin="1"/><net_sink comp="1293" pin=0"/></net>

<net id="1302"><net_src comp="1234" pin="1"/><net_sink comp="1298" pin=0"/></net>

<net id="1307"><net_src comp="1234" pin="1"/><net_sink comp="1303" pin=0"/></net>

<net id="1308"><net_src comp="240" pin="0"/><net_sink comp="1303" pin=1"/></net>

<net id="1313"><net_src comp="1231" pin="1"/><net_sink comp="1309" pin=0"/></net>

<net id="1314"><net_src comp="242" pin="0"/><net_sink comp="1309" pin=1"/></net>

<net id="1318"><net_src comp="1309" pin="2"/><net_sink comp="1315" pin=0"/></net>

<net id="1324"><net_src comp="1293" pin="2"/><net_sink comp="1319" pin=0"/></net>

<net id="1325"><net_src comp="140" pin="0"/><net_sink comp="1319" pin=1"/></net>

<net id="1326"><net_src comp="1228" pin="1"/><net_sink comp="1319" pin=2"/></net>

<net id="1333"><net_src comp="230" pin="0"/><net_sink comp="1327" pin=0"/></net>

<net id="1334"><net_src comp="1309" pin="2"/><net_sink comp="1327" pin=1"/></net>

<net id="1335"><net_src comp="226" pin="0"/><net_sink comp="1327" pin=2"/></net>

<net id="1336"><net_src comp="232" pin="0"/><net_sink comp="1327" pin=3"/></net>

<net id="1341"><net_src comp="1327" pin="4"/><net_sink comp="1337" pin=0"/></net>

<net id="1342"><net_src comp="234" pin="0"/><net_sink comp="1337" pin=1"/></net>

<net id="1348"><net_src comp="1293" pin="2"/><net_sink comp="1343" pin=0"/></net>

<net id="1349"><net_src comp="1337" pin="2"/><net_sink comp="1343" pin=1"/></net>

<net id="1350"><net_src comp="1251" pin="2"/><net_sink comp="1343" pin=2"/></net>

<net id="1355"><net_src comp="1315" pin="1"/><net_sink comp="1351" pin=0"/></net>

<net id="1361"><net_src comp="1293" pin="2"/><net_sink comp="1356" pin=0"/></net>

<net id="1362"><net_src comp="1351" pin="2"/><net_sink comp="1356" pin=1"/></net>

<net id="1363"><net_src comp="1257" pin="2"/><net_sink comp="1356" pin=2"/></net>

<net id="1370"><net_src comp="236" pin="0"/><net_sink comp="1364" pin=0"/></net>

<net id="1371"><net_src comp="1309" pin="2"/><net_sink comp="1364" pin=1"/></net>

<net id="1372"><net_src comp="128" pin="0"/><net_sink comp="1364" pin=2"/></net>

<net id="1373"><net_src comp="232" pin="0"/><net_sink comp="1364" pin=3"/></net>

<net id="1378"><net_src comp="1364" pin="4"/><net_sink comp="1374" pin=0"/></net>

<net id="1379"><net_src comp="238" pin="0"/><net_sink comp="1374" pin=1"/></net>

<net id="1384"><net_src comp="1315" pin="1"/><net_sink comp="1380" pin=0"/></net>

<net id="1389"><net_src comp="1380" pin="2"/><net_sink comp="1385" pin=0"/></net>

<net id="1390"><net_src comp="1374" pin="2"/><net_sink comp="1385" pin=1"/></net>

<net id="1396"><net_src comp="1293" pin="2"/><net_sink comp="1391" pin=0"/></net>

<net id="1397"><net_src comp="1385" pin="2"/><net_sink comp="1391" pin=1"/></net>

<net id="1398"><net_src comp="1283" pin="2"/><net_sink comp="1391" pin=2"/></net>

<net id="1402"><net_src comp="1319" pin="3"/><net_sink comp="1399" pin=0"/></net>

<net id="1408"><net_src comp="1293" pin="2"/><net_sink comp="1403" pin=0"/></net>

<net id="1409"><net_src comp="1309" pin="2"/><net_sink comp="1403" pin=1"/></net>

<net id="1410"><net_src comp="1231" pin="1"/><net_sink comp="1403" pin=2"/></net>

<net id="1414"><net_src comp="1319" pin="3"/><net_sink comp="1411" pin=0"/></net>

<net id="1415"><net_src comp="1411" pin="1"/><net_sink comp="580" pin=2"/></net>

<net id="1416"><net_src comp="1411" pin="1"/><net_sink comp="593" pin=2"/></net>

<net id="1417"><net_src comp="1411" pin="1"/><net_sink comp="606" pin=2"/></net>

<net id="1418"><net_src comp="1411" pin="1"/><net_sink comp="619" pin=2"/></net>

<net id="1425"><net_src comp="244" pin="0"/><net_sink comp="1419" pin=0"/></net>

<net id="1426"><net_src comp="1319" pin="3"/><net_sink comp="1419" pin=1"/></net>

<net id="1427"><net_src comp="128" pin="0"/><net_sink comp="1419" pin=2"/></net>

<net id="1428"><net_src comp="246" pin="0"/><net_sink comp="1419" pin=3"/></net>

<net id="1433"><net_src comp="1419" pin="4"/><net_sink comp="1429" pin=0"/></net>

<net id="1434"><net_src comp="248" pin="0"/><net_sink comp="1429" pin=1"/></net>

<net id="1439"><net_src comp="1399" pin="1"/><net_sink comp="1435" pin=0"/></net>

<net id="1444"><net_src comp="1429" pin="2"/><net_sink comp="1440" pin=0"/></net>

<net id="1445"><net_src comp="1435" pin="2"/><net_sink comp="1440" pin=1"/></net>

<net id="1450"><net_src comp="1440" pin="2"/><net_sink comp="1446" pin=0"/></net>

<net id="1451"><net_src comp="1391" pin="3"/><net_sink comp="1446" pin=1"/></net>

<net id="1455"><net_src comp="532" pin="8"/><net_sink comp="1452" pin=0"/></net>

<net id="1459"><net_src comp="1452" pin="1"/><net_sink comp="1456" pin=0"/></net>

<net id="1467"><net_src comp="1460" pin="1"/><net_sink comp="1463" pin=0"/></net>

<net id="1468"><net_src comp="1411" pin="1"/><net_sink comp="1463" pin=1"/></net>

<net id="1476"><net_src comp="1469" pin="1"/><net_sink comp="1472" pin=0"/></net>

<net id="1477"><net_src comp="1411" pin="1"/><net_sink comp="1472" pin=1"/></net>

<net id="1482"><net_src comp="1411" pin="1"/><net_sink comp="1478" pin=0"/></net>

<net id="1490"><net_src comp="1483" pin="1"/><net_sink comp="1486" pin=0"/></net>

<net id="1491"><net_src comp="1411" pin="1"/><net_sink comp="1486" pin=1"/></net>

<net id="1496"><net_src comp="1411" pin="1"/><net_sink comp="1492" pin=0"/></net>

<net id="1504"><net_src comp="1497" pin="1"/><net_sink comp="1500" pin=0"/></net>

<net id="1505"><net_src comp="1411" pin="1"/><net_sink comp="1500" pin=1"/></net>

<net id="1510"><net_src comp="1411" pin="1"/><net_sink comp="1506" pin=0"/></net>

<net id="1515"><net_src comp="1411" pin="1"/><net_sink comp="1511" pin=0"/></net>

<net id="1522"><net_src comp="252" pin="0"/><net_sink comp="1516" pin=0"/></net>

<net id="1523"><net_src comp="1319" pin="3"/><net_sink comp="1516" pin=1"/></net>

<net id="1524"><net_src comp="226" pin="0"/><net_sink comp="1516" pin=2"/></net>

<net id="1525"><net_src comp="246" pin="0"/><net_sink comp="1516" pin=3"/></net>

<net id="1530"><net_src comp="1516" pin="4"/><net_sink comp="1526" pin=0"/></net>

<net id="1531"><net_src comp="254" pin="0"/><net_sink comp="1526" pin=1"/></net>

<net id="1536"><net_src comp="1343" pin="3"/><net_sink comp="1532" pin=0"/></net>

<net id="1537"><net_src comp="1526" pin="2"/><net_sink comp="1532" pin=1"/></net>

<net id="1542"><net_src comp="1399" pin="1"/><net_sink comp="1538" pin=0"/></net>

<net id="1547"><net_src comp="1356" pin="3"/><net_sink comp="1543" pin=0"/></net>

<net id="1548"><net_src comp="1538" pin="2"/><net_sink comp="1543" pin=1"/></net>

<net id="1553"><net_src comp="1319" pin="3"/><net_sink comp="1549" pin=0"/></net>

<net id="1554"><net_src comp="256" pin="0"/><net_sink comp="1549" pin=1"/></net>

<net id="1559"><net_src comp="1303" pin="2"/><net_sink comp="1555" pin=0"/></net>

<net id="1564"><net_src comp="1403" pin="3"/><net_sink comp="1560" pin=0"/></net>

<net id="1569"><net_src comp="1549" pin="2"/><net_sink comp="1565" pin=0"/></net>

<net id="1577"><net_src comp="1570" pin="1"/><net_sink comp="1573" pin=0"/></net>

<net id="1578"><net_src comp="82" pin="0"/><net_sink comp="1573" pin=1"/></net>

<net id="1582"><net_src comp="112" pin="0"/><net_sink comp="1579" pin=0"/></net>

<net id="1583"><net_src comp="1579" pin="1"/><net_sink comp="816" pin=0"/></net>

<net id="1588"><net_src comp="1579" pin="1"/><net_sink comp="1584" pin=0"/></net>

<net id="1589"><net_src comp="84" pin="0"/><net_sink comp="1584" pin=1"/></net>

<net id="1598"><net_src comp="1590" pin="1"/><net_sink comp="1593" pin=1"/></net>

<net id="1599"><net_src comp="587" pin="3"/><net_sink comp="1593" pin=2"/></net>

<net id="1604"><net_src comp="1593" pin="3"/><net_sink comp="1600" pin=0"/></net>

<net id="1605"><net_src comp="112" pin="0"/><net_sink comp="1600" pin=1"/></net>

<net id="1614"><net_src comp="1606" pin="1"/><net_sink comp="1609" pin=1"/></net>

<net id="1615"><net_src comp="600" pin="3"/><net_sink comp="1609" pin=2"/></net>

<net id="1616"><net_src comp="1609" pin="3"/><net_sink comp="587" pin=4"/></net>

<net id="1621"><net_src comp="1609" pin="3"/><net_sink comp="1617" pin=0"/></net>

<net id="1630"><net_src comp="1622" pin="1"/><net_sink comp="1625" pin=1"/></net>

<net id="1631"><net_src comp="613" pin="3"/><net_sink comp="1625" pin=2"/></net>

<net id="1632"><net_src comp="1625" pin="3"/><net_sink comp="600" pin=4"/></net>

<net id="1637"><net_src comp="1625" pin="3"/><net_sink comp="1633" pin=0"/></net>

<net id="1646"><net_src comp="1638" pin="1"/><net_sink comp="1641" pin=1"/></net>

<net id="1647"><net_src comp="626" pin="3"/><net_sink comp="1641" pin=2"/></net>

<net id="1648"><net_src comp="1641" pin="3"/><net_sink comp="613" pin=4"/></net>

<net id="1653"><net_src comp="1641" pin="3"/><net_sink comp="1649" pin=0"/></net>

<net id="1658"><net_src comp="652" pin="4"/><net_sink comp="1654" pin=0"/></net>

<net id="1662"><net_src comp="1659" pin="1"/><net_sink comp="812" pin=0"/></net>

<net id="1666"><net_src comp="1663" pin="1"/><net_sink comp="661" pin=0"/></net>

<net id="1671"><net_src comp="1579" pin="1"/><net_sink comp="1667" pin=0"/></net>

<net id="1679"><net_src comp="1672" pin="1"/><net_sink comp="1675" pin=0"/></net>

<net id="1680"><net_src comp="80" pin="0"/><net_sink comp="1675" pin=1"/></net>

<net id="1684"><net_src comp="1681" pin="1"/><net_sink comp="824" pin=0"/></net>

<net id="1688"><net_src comp="1685" pin="1"/><net_sink comp="666" pin=0"/></net>

<net id="1696"><net_src comp="1693" pin="1"/><net_sink comp="828" pin=0"/></net>

<net id="1708"><net_src comp="1701" pin="1"/><net_sink comp="1704" pin=0"/></net>

<net id="1709"><net_src comp="88" pin="0"/><net_sink comp="1704" pin=1"/></net>

<net id="1713"><net_src comp="116" pin="0"/><net_sink comp="1710" pin=0"/></net>

<net id="1714"><net_src comp="1710" pin="1"/><net_sink comp="836" pin=0"/></net>

<net id="1719"><net_src comp="1710" pin="1"/><net_sink comp="1715" pin=0"/></net>

<net id="1720"><net_src comp="90" pin="0"/><net_sink comp="1715" pin=1"/></net>

<net id="1725"><net_src comp="116" pin="0"/><net_sink comp="1721" pin=1"/></net>

<net id="1729"><net_src comp="1726" pin="1"/><net_sink comp="832" pin=0"/></net>

<net id="1733"><net_src comp="1730" pin="1"/><net_sink comp="684" pin=0"/></net>

<net id="1738"><net_src comp="1710" pin="1"/><net_sink comp="1734" pin=0"/></net>

<net id="1746"><net_src comp="1739" pin="1"/><net_sink comp="1742" pin=0"/></net>

<net id="1747"><net_src comp="86" pin="0"/><net_sink comp="1742" pin=1"/></net>

<net id="1751"><net_src comp="1748" pin="1"/><net_sink comp="844" pin=0"/></net>

<net id="1755"><net_src comp="1752" pin="1"/><net_sink comp="693" pin=0"/></net>

<net id="1763"><net_src comp="1760" pin="1"/><net_sink comp="848" pin=0"/></net>

<net id="1775"><net_src comp="1768" pin="1"/><net_sink comp="1771" pin=0"/></net>

<net id="1776"><net_src comp="94" pin="0"/><net_sink comp="1771" pin=1"/></net>

<net id="1780"><net_src comp="120" pin="0"/><net_sink comp="1777" pin=0"/></net>

<net id="1781"><net_src comp="1777" pin="1"/><net_sink comp="856" pin=0"/></net>

<net id="1786"><net_src comp="1777" pin="1"/><net_sink comp="1782" pin=0"/></net>

<net id="1787"><net_src comp="96" pin="0"/><net_sink comp="1782" pin=1"/></net>

<net id="1792"><net_src comp="120" pin="0"/><net_sink comp="1788" pin=1"/></net>

<net id="1796"><net_src comp="1793" pin="1"/><net_sink comp="852" pin=0"/></net>

<net id="1800"><net_src comp="1797" pin="1"/><net_sink comp="714" pin=0"/></net>

<net id="1805"><net_src comp="1777" pin="1"/><net_sink comp="1801" pin=0"/></net>

<net id="1813"><net_src comp="1806" pin="1"/><net_sink comp="1809" pin=0"/></net>

<net id="1814"><net_src comp="92" pin="0"/><net_sink comp="1809" pin=1"/></net>

<net id="1818"><net_src comp="1815" pin="1"/><net_sink comp="864" pin=0"/></net>

<net id="1822"><net_src comp="1819" pin="1"/><net_sink comp="723" pin=0"/></net>

<net id="1830"><net_src comp="1827" pin="1"/><net_sink comp="868" pin=0"/></net>

<net id="1842"><net_src comp="1835" pin="1"/><net_sink comp="1838" pin=0"/></net>

<net id="1843"><net_src comp="100" pin="0"/><net_sink comp="1838" pin=1"/></net>

<net id="1847"><net_src comp="124" pin="0"/><net_sink comp="1844" pin=0"/></net>

<net id="1848"><net_src comp="1844" pin="1"/><net_sink comp="876" pin=0"/></net>

<net id="1853"><net_src comp="1844" pin="1"/><net_sink comp="1849" pin=0"/></net>

<net id="1854"><net_src comp="102" pin="0"/><net_sink comp="1849" pin=1"/></net>

<net id="1859"><net_src comp="124" pin="0"/><net_sink comp="1855" pin=1"/></net>

<net id="1863"><net_src comp="1860" pin="1"/><net_sink comp="872" pin=0"/></net>

<net id="1867"><net_src comp="1864" pin="1"/><net_sink comp="744" pin=0"/></net>

<net id="1872"><net_src comp="1844" pin="1"/><net_sink comp="1868" pin=0"/></net>

<net id="1880"><net_src comp="1873" pin="1"/><net_sink comp="1876" pin=0"/></net>

<net id="1881"><net_src comp="98" pin="0"/><net_sink comp="1876" pin=1"/></net>

<net id="1885"><net_src comp="1882" pin="1"/><net_sink comp="884" pin=0"/></net>

<net id="1889"><net_src comp="1886" pin="1"/><net_sink comp="753" pin=0"/></net>

<net id="1897"><net_src comp="1894" pin="1"/><net_sink comp="888" pin=0"/></net>

<net id="1909"><net_src comp="1902" pin="1"/><net_sink comp="1905" pin=0"/></net>

<net id="1910"><net_src comp="106" pin="0"/><net_sink comp="1905" pin=1"/></net>

<net id="1914"><net_src comp="126" pin="0"/><net_sink comp="1911" pin=0"/></net>

<net id="1915"><net_src comp="1911" pin="1"/><net_sink comp="896" pin=0"/></net>

<net id="1920"><net_src comp="1911" pin="1"/><net_sink comp="1916" pin=0"/></net>

<net id="1921"><net_src comp="108" pin="0"/><net_sink comp="1916" pin=1"/></net>

<net id="1926"><net_src comp="648" pin="1"/><net_sink comp="1922" pin=0"/></net>

<net id="1927"><net_src comp="126" pin="0"/><net_sink comp="1922" pin=1"/></net>

<net id="1931"><net_src comp="1928" pin="1"/><net_sink comp="892" pin=0"/></net>

<net id="1935"><net_src comp="1932" pin="1"/><net_sink comp="774" pin=0"/></net>

<net id="1940"><net_src comp="1911" pin="1"/><net_sink comp="1936" pin=0"/></net>

<net id="1948"><net_src comp="1941" pin="1"/><net_sink comp="1944" pin=0"/></net>

<net id="1949"><net_src comp="104" pin="0"/><net_sink comp="1944" pin=1"/></net>

<net id="1953"><net_src comp="1950" pin="1"/><net_sink comp="905" pin=0"/></net>

<net id="1957"><net_src comp="1954" pin="1"/><net_sink comp="783" pin=0"/></net>

<net id="1965"><net_src comp="1962" pin="1"/><net_sink comp="909" pin=0"/></net>

<net id="1973"><net_src comp="808" pin="2"/><net_sink comp="1970" pin=0"/></net>

<net id="1974"><net_src comp="1970" pin="1"/><net_sink comp="550" pin=8"/></net>

<net id="1978"><net_src comp="272" pin="1"/><net_sink comp="1975" pin=0"/></net>

<net id="1979"><net_src comp="1975" pin="1"/><net_sink comp="1204" pin=1"/></net>

<net id="1980"><net_src comp="1975" pin="1"/><net_sink comp="1460" pin=0"/></net>

<net id="1981"><net_src comp="1975" pin="1"/><net_sink comp="1478" pin=1"/></net>

<net id="1985"><net_src comp="276" pin="1"/><net_sink comp="1982" pin=0"/></net>

<net id="1986"><net_src comp="1982" pin="1"/><net_sink comp="1199" pin=1"/></net>

<net id="1987"><net_src comp="1982" pin="1"/><net_sink comp="1590" pin=0"/></net>

<net id="1988"><net_src comp="1982" pin="1"/><net_sink comp="1617" pin=1"/></net>

<net id="1992"><net_src comp="280" pin="1"/><net_sink comp="1989" pin=0"/></net>

<net id="1993"><net_src comp="1989" pin="1"/><net_sink comp="1194" pin=1"/></net>

<net id="1994"><net_src comp="1989" pin="1"/><net_sink comp="1469" pin=0"/></net>

<net id="1995"><net_src comp="1989" pin="1"/><net_sink comp="1492" pin=1"/></net>

<net id="1999"><net_src comp="284" pin="1"/><net_sink comp="1996" pin=0"/></net>

<net id="2000"><net_src comp="1996" pin="1"/><net_sink comp="1189" pin=1"/></net>

<net id="2001"><net_src comp="1996" pin="1"/><net_sink comp="1606" pin=0"/></net>

<net id="2002"><net_src comp="1996" pin="1"/><net_sink comp="1633" pin=1"/></net>

<net id="2006"><net_src comp="288" pin="1"/><net_sink comp="2003" pin=0"/></net>

<net id="2007"><net_src comp="2003" pin="1"/><net_sink comp="1184" pin=1"/></net>

<net id="2008"><net_src comp="2003" pin="1"/><net_sink comp="1483" pin=0"/></net>

<net id="2009"><net_src comp="2003" pin="1"/><net_sink comp="1506" pin=1"/></net>

<net id="2013"><net_src comp="292" pin="1"/><net_sink comp="2010" pin=0"/></net>

<net id="2014"><net_src comp="2010" pin="1"/><net_sink comp="1179" pin=1"/></net>

<net id="2015"><net_src comp="2010" pin="1"/><net_sink comp="1622" pin=0"/></net>

<net id="2016"><net_src comp="2010" pin="1"/><net_sink comp="1649" pin=1"/></net>

<net id="2020"><net_src comp="296" pin="1"/><net_sink comp="2017" pin=0"/></net>

<net id="2021"><net_src comp="2017" pin="1"/><net_sink comp="1174" pin=1"/></net>

<net id="2022"><net_src comp="2017" pin="1"/><net_sink comp="1497" pin=0"/></net>

<net id="2023"><net_src comp="2017" pin="1"/><net_sink comp="1511" pin=1"/></net>

<net id="2027"><net_src comp="300" pin="1"/><net_sink comp="2024" pin=0"/></net>

<net id="2028"><net_src comp="2024" pin="1"/><net_sink comp="1169" pin=1"/></net>

<net id="2029"><net_src comp="2024" pin="1"/><net_sink comp="1638" pin=0"/></net>

<net id="2030"><net_src comp="2024" pin="1"/><net_sink comp="1654" pin=1"/></net>

<net id="2034"><net_src comp="304" pin="1"/><net_sink comp="2031" pin=0"/></net>

<net id="2035"><net_src comp="2031" pin="1"/><net_sink comp="1164" pin=1"/></net>

<net id="2036"><net_src comp="2031" pin="1"/><net_sink comp="1228" pin=0"/></net>

<net id="2037"><net_src comp="2031" pin="1"/><net_sink comp="1565" pin=1"/></net>

<net id="2041"><net_src comp="308" pin="1"/><net_sink comp="2038" pin=0"/></net>

<net id="2042"><net_src comp="2038" pin="1"/><net_sink comp="1159" pin=1"/></net>

<net id="2043"><net_src comp="2038" pin="1"/><net_sink comp="1902" pin=0"/></net>

<net id="2044"><net_src comp="2038" pin="1"/><net_sink comp="1928" pin=0"/></net>

<net id="2045"><net_src comp="2038" pin="1"/><net_sink comp="1932" pin=0"/></net>

<net id="2046"><net_src comp="2038" pin="1"/><net_sink comp="1936" pin=1"/></net>

<net id="2050"><net_src comp="312" pin="1"/><net_sink comp="2047" pin=0"/></net>

<net id="2051"><net_src comp="2047" pin="1"/><net_sink comp="1154" pin=1"/></net>

<net id="2052"><net_src comp="2047" pin="1"/><net_sink comp="1941" pin=0"/></net>

<net id="2053"><net_src comp="2047" pin="1"/><net_sink comp="1950" pin=0"/></net>

<net id="2054"><net_src comp="2047" pin="1"/><net_sink comp="1954" pin=0"/></net>

<net id="2055"><net_src comp="2047" pin="1"/><net_sink comp="1958" pin=1"/></net>

<net id="2059"><net_src comp="316" pin="1"/><net_sink comp="2056" pin=0"/></net>

<net id="2060"><net_src comp="2056" pin="1"/><net_sink comp="1149" pin=1"/></net>

<net id="2061"><net_src comp="2056" pin="1"/><net_sink comp="1962" pin=0"/></net>

<net id="2062"><net_src comp="2056" pin="1"/><net_sink comp="1966" pin=1"/></net>

<net id="2066"><net_src comp="320" pin="1"/><net_sink comp="2063" pin=0"/></net>

<net id="2067"><net_src comp="2063" pin="1"/><net_sink comp="1144" pin=1"/></net>

<net id="2068"><net_src comp="2063" pin="1"/><net_sink comp="1835" pin=0"/></net>

<net id="2069"><net_src comp="2063" pin="1"/><net_sink comp="1860" pin=0"/></net>

<net id="2070"><net_src comp="2063" pin="1"/><net_sink comp="1864" pin=0"/></net>

<net id="2071"><net_src comp="2063" pin="1"/><net_sink comp="1868" pin=1"/></net>

<net id="2075"><net_src comp="324" pin="1"/><net_sink comp="2072" pin=0"/></net>

<net id="2076"><net_src comp="2072" pin="1"/><net_sink comp="1139" pin=1"/></net>

<net id="2077"><net_src comp="2072" pin="1"/><net_sink comp="1873" pin=0"/></net>

<net id="2078"><net_src comp="2072" pin="1"/><net_sink comp="1882" pin=0"/></net>

<net id="2079"><net_src comp="2072" pin="1"/><net_sink comp="1886" pin=0"/></net>

<net id="2080"><net_src comp="2072" pin="1"/><net_sink comp="1890" pin=1"/></net>

<net id="2084"><net_src comp="328" pin="1"/><net_sink comp="2081" pin=0"/></net>

<net id="2085"><net_src comp="2081" pin="1"/><net_sink comp="1134" pin=1"/></net>

<net id="2086"><net_src comp="2081" pin="1"/><net_sink comp="1894" pin=0"/></net>

<net id="2087"><net_src comp="2081" pin="1"/><net_sink comp="1898" pin=1"/></net>

<net id="2091"><net_src comp="332" pin="1"/><net_sink comp="2088" pin=0"/></net>

<net id="2092"><net_src comp="2088" pin="1"/><net_sink comp="1129" pin=1"/></net>

<net id="2093"><net_src comp="2088" pin="1"/><net_sink comp="1768" pin=0"/></net>

<net id="2094"><net_src comp="2088" pin="1"/><net_sink comp="1793" pin=0"/></net>

<net id="2095"><net_src comp="2088" pin="1"/><net_sink comp="1797" pin=0"/></net>

<net id="2096"><net_src comp="2088" pin="1"/><net_sink comp="1801" pin=1"/></net>

<net id="2100"><net_src comp="336" pin="1"/><net_sink comp="2097" pin=0"/></net>

<net id="2101"><net_src comp="2097" pin="1"/><net_sink comp="1124" pin=1"/></net>

<net id="2102"><net_src comp="2097" pin="1"/><net_sink comp="1806" pin=0"/></net>

<net id="2103"><net_src comp="2097" pin="1"/><net_sink comp="1815" pin=0"/></net>

<net id="2104"><net_src comp="2097" pin="1"/><net_sink comp="1819" pin=0"/></net>

<net id="2105"><net_src comp="2097" pin="1"/><net_sink comp="1823" pin=1"/></net>

<net id="2109"><net_src comp="340" pin="1"/><net_sink comp="2106" pin=0"/></net>

<net id="2110"><net_src comp="2106" pin="1"/><net_sink comp="1119" pin=1"/></net>

<net id="2111"><net_src comp="2106" pin="1"/><net_sink comp="1827" pin=0"/></net>

<net id="2112"><net_src comp="2106" pin="1"/><net_sink comp="1831" pin=1"/></net>

<net id="2116"><net_src comp="344" pin="1"/><net_sink comp="2113" pin=0"/></net>

<net id="2117"><net_src comp="2113" pin="1"/><net_sink comp="1114" pin=1"/></net>

<net id="2118"><net_src comp="2113" pin="1"/><net_sink comp="1701" pin=0"/></net>

<net id="2119"><net_src comp="2113" pin="1"/><net_sink comp="1726" pin=0"/></net>

<net id="2120"><net_src comp="2113" pin="1"/><net_sink comp="1730" pin=0"/></net>

<net id="2121"><net_src comp="2113" pin="1"/><net_sink comp="1734" pin=1"/></net>

<net id="2125"><net_src comp="348" pin="1"/><net_sink comp="2122" pin=0"/></net>

<net id="2126"><net_src comp="2122" pin="1"/><net_sink comp="1109" pin=1"/></net>

<net id="2127"><net_src comp="2122" pin="1"/><net_sink comp="1739" pin=0"/></net>

<net id="2128"><net_src comp="2122" pin="1"/><net_sink comp="1748" pin=0"/></net>

<net id="2129"><net_src comp="2122" pin="1"/><net_sink comp="1752" pin=0"/></net>

<net id="2130"><net_src comp="2122" pin="1"/><net_sink comp="1756" pin=1"/></net>

<net id="2134"><net_src comp="352" pin="1"/><net_sink comp="2131" pin=0"/></net>

<net id="2135"><net_src comp="2131" pin="1"/><net_sink comp="1104" pin=1"/></net>

<net id="2136"><net_src comp="2131" pin="1"/><net_sink comp="1760" pin=0"/></net>

<net id="2137"><net_src comp="2131" pin="1"/><net_sink comp="1764" pin=1"/></net>

<net id="2141"><net_src comp="356" pin="1"/><net_sink comp="2138" pin=0"/></net>

<net id="2142"><net_src comp="2138" pin="1"/><net_sink comp="1099" pin=1"/></net>

<net id="2143"><net_src comp="2138" pin="1"/><net_sink comp="1570" pin=0"/></net>

<net id="2144"><net_src comp="2138" pin="1"/><net_sink comp="1659" pin=0"/></net>

<net id="2145"><net_src comp="2138" pin="1"/><net_sink comp="1663" pin=0"/></net>

<net id="2146"><net_src comp="2138" pin="1"/><net_sink comp="1667" pin=1"/></net>

<net id="2150"><net_src comp="360" pin="1"/><net_sink comp="2147" pin=0"/></net>

<net id="2151"><net_src comp="2147" pin="1"/><net_sink comp="1094" pin=1"/></net>

<net id="2152"><net_src comp="2147" pin="1"/><net_sink comp="1672" pin=0"/></net>

<net id="2153"><net_src comp="2147" pin="1"/><net_sink comp="1681" pin=0"/></net>

<net id="2154"><net_src comp="2147" pin="1"/><net_sink comp="1685" pin=0"/></net>

<net id="2155"><net_src comp="2147" pin="1"/><net_sink comp="1689" pin=1"/></net>

<net id="2159"><net_src comp="364" pin="1"/><net_sink comp="2156" pin=0"/></net>

<net id="2160"><net_src comp="2156" pin="1"/><net_sink comp="1089" pin=1"/></net>

<net id="2161"><net_src comp="2156" pin="1"/><net_sink comp="1693" pin=0"/></net>

<net id="2162"><net_src comp="2156" pin="1"/><net_sink comp="1697" pin=1"/></net>

<net id="2166"><net_src comp="368" pin="1"/><net_sink comp="2163" pin=0"/></net>

<net id="2167"><net_src comp="2163" pin="1"/><net_sink comp="1084" pin=1"/></net>

<net id="2168"><net_src comp="2163" pin="1"/><net_sink comp="1231" pin=0"/></net>

<net id="2169"><net_src comp="2163" pin="1"/><net_sink comp="1560" pin=1"/></net>

<net id="2173"><net_src comp="372" pin="1"/><net_sink comp="2170" pin=0"/></net>

<net id="2174"><net_src comp="2170" pin="1"/><net_sink comp="1079" pin=1"/></net>

<net id="2175"><net_src comp="2170" pin="1"/><net_sink comp="1234" pin=0"/></net>

<net id="2176"><net_src comp="2170" pin="1"/><net_sink comp="1555" pin=1"/></net>

<net id="2180"><net_src comp="376" pin="2"/><net_sink comp="2177" pin=0"/></net>

<net id="2181"><net_src comp="2177" pin="1"/><net_sink comp="1209" pin=0"/></net>

<net id="2182"><net_src comp="2177" pin="1"/><net_sink comp="1214" pin=0"/></net>

<net id="2186"><net_src comp="913" pin="2"/><net_sink comp="2183" pin=0"/></net>

<net id="2187"><net_src comp="2183" pin="1"/><net_sink comp="1219" pin=0"/></net>

<net id="2188"><net_src comp="2183" pin="1"/><net_sink comp="1293" pin=1"/></net>

<net id="2192"><net_src comp="979" pin="1"/><net_sink comp="2189" pin=0"/></net>

<net id="2193"><net_src comp="2189" pin="1"/><net_sink comp="828" pin=1"/></net>

<net id="2197"><net_src comp="983" pin="1"/><net_sink comp="2194" pin=0"/></net>

<net id="2198"><net_src comp="2194" pin="1"/><net_sink comp="824" pin=1"/></net>

<net id="2202"><net_src comp="987" pin="1"/><net_sink comp="2199" pin=0"/></net>

<net id="2203"><net_src comp="2199" pin="1"/><net_sink comp="812" pin=1"/></net>

<net id="2207"><net_src comp="991" pin="1"/><net_sink comp="2204" pin=0"/></net>

<net id="2208"><net_src comp="2204" pin="1"/><net_sink comp="816" pin=1"/></net>

<net id="2212"><net_src comp="995" pin="1"/><net_sink comp="2209" pin=0"/></net>

<net id="2213"><net_src comp="2209" pin="1"/><net_sink comp="820" pin=1"/></net>

<net id="2217"><net_src comp="999" pin="1"/><net_sink comp="2214" pin=0"/></net>

<net id="2218"><net_src comp="2214" pin="1"/><net_sink comp="848" pin=1"/></net>

<net id="2222"><net_src comp="1003" pin="1"/><net_sink comp="2219" pin=0"/></net>

<net id="2223"><net_src comp="2219" pin="1"/><net_sink comp="844" pin=1"/></net>

<net id="2227"><net_src comp="1007" pin="1"/><net_sink comp="2224" pin=0"/></net>

<net id="2228"><net_src comp="2224" pin="1"/><net_sink comp="832" pin=1"/></net>

<net id="2232"><net_src comp="1011" pin="1"/><net_sink comp="2229" pin=0"/></net>

<net id="2233"><net_src comp="2229" pin="1"/><net_sink comp="836" pin=1"/></net>

<net id="2237"><net_src comp="1015" pin="1"/><net_sink comp="2234" pin=0"/></net>

<net id="2238"><net_src comp="2234" pin="1"/><net_sink comp="840" pin=1"/></net>

<net id="2242"><net_src comp="1019" pin="1"/><net_sink comp="2239" pin=0"/></net>

<net id="2243"><net_src comp="2239" pin="1"/><net_sink comp="868" pin=1"/></net>

<net id="2247"><net_src comp="1023" pin="1"/><net_sink comp="2244" pin=0"/></net>

<net id="2248"><net_src comp="2244" pin="1"/><net_sink comp="864" pin=1"/></net>

<net id="2252"><net_src comp="1027" pin="1"/><net_sink comp="2249" pin=0"/></net>

<net id="2253"><net_src comp="2249" pin="1"/><net_sink comp="852" pin=1"/></net>

<net id="2257"><net_src comp="1031" pin="1"/><net_sink comp="2254" pin=0"/></net>

<net id="2258"><net_src comp="2254" pin="1"/><net_sink comp="856" pin=1"/></net>

<net id="2262"><net_src comp="1035" pin="1"/><net_sink comp="2259" pin=0"/></net>

<net id="2263"><net_src comp="2259" pin="1"/><net_sink comp="860" pin=1"/></net>

<net id="2267"><net_src comp="1039" pin="1"/><net_sink comp="2264" pin=0"/></net>

<net id="2268"><net_src comp="2264" pin="1"/><net_sink comp="888" pin=1"/></net>

<net id="2272"><net_src comp="1043" pin="1"/><net_sink comp="2269" pin=0"/></net>

<net id="2273"><net_src comp="2269" pin="1"/><net_sink comp="884" pin=1"/></net>

<net id="2277"><net_src comp="1047" pin="1"/><net_sink comp="2274" pin=0"/></net>

<net id="2278"><net_src comp="2274" pin="1"/><net_sink comp="872" pin=1"/></net>

<net id="2282"><net_src comp="1051" pin="1"/><net_sink comp="2279" pin=0"/></net>

<net id="2283"><net_src comp="2279" pin="1"/><net_sink comp="876" pin=1"/></net>

<net id="2287"><net_src comp="1055" pin="1"/><net_sink comp="2284" pin=0"/></net>

<net id="2288"><net_src comp="2284" pin="1"/><net_sink comp="880" pin=1"/></net>

<net id="2292"><net_src comp="1059" pin="1"/><net_sink comp="2289" pin=0"/></net>

<net id="2293"><net_src comp="2289" pin="1"/><net_sink comp="909" pin=1"/></net>

<net id="2297"><net_src comp="1063" pin="1"/><net_sink comp="2294" pin=0"/></net>

<net id="2298"><net_src comp="2294" pin="1"/><net_sink comp="905" pin=1"/></net>

<net id="2302"><net_src comp="1067" pin="1"/><net_sink comp="2299" pin=0"/></net>

<net id="2303"><net_src comp="2299" pin="1"/><net_sink comp="892" pin=1"/></net>

<net id="2307"><net_src comp="1071" pin="1"/><net_sink comp="2304" pin=0"/></net>

<net id="2308"><net_src comp="2304" pin="1"/><net_sink comp="896" pin=1"/></net>

<net id="2312"><net_src comp="1075" pin="1"/><net_sink comp="2309" pin=0"/></net>

<net id="2313"><net_src comp="2309" pin="1"/><net_sink comp="900" pin=1"/></net>

<net id="2317"><net_src comp="1209" pin="2"/><net_sink comp="2314" pin=0"/></net>

<net id="2318"><net_src comp="2314" pin="1"/><net_sink comp="1278" pin=1"/></net>

<net id="2319"><net_src comp="2314" pin="1"/><net_sink comp="1380" pin=1"/></net>

<net id="2320"><net_src comp="2314" pin="1"/><net_sink comp="1435" pin=1"/></net>

<net id="2324"><net_src comp="1214" pin="2"/><net_sink comp="2321" pin=0"/></net>

<net id="2325"><net_src comp="2321" pin="1"/><net_sink comp="1257" pin=1"/></net>

<net id="2326"><net_src comp="2321" pin="1"/><net_sink comp="1351" pin=1"/></net>

<net id="2327"><net_src comp="2321" pin="1"/><net_sink comp="1538" pin=1"/></net>

<net id="2331"><net_src comp="1222" pin="2"/><net_sink comp="2328" pin=0"/></net>

<net id="2332"><net_src comp="2328" pin="1"/><net_sink comp="1298" pin=1"/></net>

<net id="2336"><net_src comp="1298" pin="2"/><net_sink comp="2333" pin=0"/></net>

<net id="2340"><net_src comp="1446" pin="2"/><net_sink comp="2337" pin=0"/></net>

<net id="2344"><net_src comp="1456" pin="1"/><net_sink comp="2341" pin=0"/></net>

<net id="2345"><net_src comp="2341" pin="1"/><net_sink comp="652" pin=0"/></net>

<net id="2349"><net_src comp="580" pin="3"/><net_sink comp="2346" pin=0"/></net>

<net id="2350"><net_src comp="2346" pin="1"/><net_sink comp="587" pin=0"/></net>

<net id="2351"><net_src comp="2346" pin="1"/><net_sink comp="587" pin=2"/></net>

<net id="2355"><net_src comp="1463" pin="2"/><net_sink comp="2352" pin=0"/></net>

<net id="2356"><net_src comp="2352" pin="1"/><net_sink comp="1593" pin=0"/></net>

<net id="2360"><net_src comp="593" pin="3"/><net_sink comp="2357" pin=0"/></net>

<net id="2361"><net_src comp="2357" pin="1"/><net_sink comp="600" pin=0"/></net>

<net id="2362"><net_src comp="2357" pin="1"/><net_sink comp="600" pin=2"/></net>

<net id="2366"><net_src comp="1472" pin="2"/><net_sink comp="2363" pin=0"/></net>

<net id="2367"><net_src comp="2363" pin="1"/><net_sink comp="1609" pin=0"/></net>

<net id="2371"><net_src comp="606" pin="3"/><net_sink comp="2368" pin=0"/></net>

<net id="2372"><net_src comp="2368" pin="1"/><net_sink comp="613" pin=0"/></net>

<net id="2373"><net_src comp="2368" pin="1"/><net_sink comp="613" pin=2"/></net>

<net id="2377"><net_src comp="1486" pin="2"/><net_sink comp="2374" pin=0"/></net>

<net id="2378"><net_src comp="2374" pin="1"/><net_sink comp="1625" pin=0"/></net>

<net id="2382"><net_src comp="619" pin="3"/><net_sink comp="2379" pin=0"/></net>

<net id="2383"><net_src comp="2379" pin="1"/><net_sink comp="626" pin=0"/></net>

<net id="2384"><net_src comp="2379" pin="1"/><net_sink comp="626" pin=2"/></net>

<net id="2388"><net_src comp="1500" pin="2"/><net_sink comp="2385" pin=0"/></net>

<net id="2389"><net_src comp="2385" pin="1"/><net_sink comp="1641" pin=0"/></net>

<net id="2393"><net_src comp="1532" pin="2"/><net_sink comp="2390" pin=0"/></net>

<net id="2397"><net_src comp="1543" pin="2"/><net_sink comp="2394" pin=0"/></net>

<net id="2398"><net_src comp="2394" pin="1"/><net_sink comp="550" pin=12"/></net>

<net id="2402"><net_src comp="1579" pin="1"/><net_sink comp="2399" pin=0"/></net>

<net id="2403"><net_src comp="2399" pin="1"/><net_sink comp="816" pin=0"/></net>

<net id="2407"><net_src comp="1593" pin="3"/><net_sink comp="2404" pin=0"/></net>

<net id="2408"><net_src comp="2404" pin="1"/><net_sink comp="820" pin=0"/></net>

<net id="2412"><net_src comp="1609" pin="3"/><net_sink comp="2409" pin=0"/></net>

<net id="2413"><net_src comp="2409" pin="1"/><net_sink comp="1721" pin=0"/></net>

<net id="2414"><net_src comp="2409" pin="1"/><net_sink comp="840" pin=0"/></net>

<net id="2418"><net_src comp="1625" pin="3"/><net_sink comp="2415" pin=0"/></net>

<net id="2419"><net_src comp="2415" pin="1"/><net_sink comp="1788" pin=0"/></net>

<net id="2420"><net_src comp="2415" pin="1"/><net_sink comp="860" pin=0"/></net>

<net id="2424"><net_src comp="1641" pin="3"/><net_sink comp="2421" pin=0"/></net>

<net id="2425"><net_src comp="2421" pin="1"/><net_sink comp="1855" pin=0"/></net>

<net id="2426"><net_src comp="2421" pin="1"/><net_sink comp="880" pin=0"/></net>

<net id="2430"><net_src comp="1659" pin="1"/><net_sink comp="2427" pin=0"/></net>

<net id="2431"><net_src comp="2427" pin="1"/><net_sink comp="812" pin=0"/></net>

<net id="2435"><net_src comp="1663" pin="1"/><net_sink comp="2432" pin=0"/></net>

<net id="2436"><net_src comp="2432" pin="1"/><net_sink comp="661" pin=0"/></net>

<net id="2440"><net_src comp="812" pin="2"/><net_sink comp="2437" pin=0"/></net>

<net id="2441"><net_src comp="2437" pin="1"/><net_sink comp="680" pin=1"/></net>

<net id="2445"><net_src comp="816" pin="2"/><net_sink comp="2442" pin=0"/></net>

<net id="2446"><net_src comp="2442" pin="1"/><net_sink comp="689" pin=1"/></net>

<net id="2450"><net_src comp="820" pin="2"/><net_sink comp="2447" pin=0"/></net>

<net id="2451"><net_src comp="2447" pin="1"/><net_sink comp="698" pin=1"/></net>

<net id="2455"><net_src comp="661" pin="2"/><net_sink comp="2452" pin=0"/></net>

<net id="2456"><net_src comp="2452" pin="1"/><net_sink comp="1689" pin=0"/></net>

<net id="2460"><net_src comp="1681" pin="1"/><net_sink comp="2457" pin=0"/></net>

<net id="2461"><net_src comp="2457" pin="1"/><net_sink comp="824" pin=0"/></net>

<net id="2465"><net_src comp="1685" pin="1"/><net_sink comp="2462" pin=0"/></net>

<net id="2466"><net_src comp="2462" pin="1"/><net_sink comp="666" pin=0"/></net>

<net id="2470"><net_src comp="824" pin="2"/><net_sink comp="2467" pin=0"/></net>

<net id="2471"><net_src comp="2467" pin="1"/><net_sink comp="676" pin=1"/></net>

<net id="2475"><net_src comp="666" pin="2"/><net_sink comp="2472" pin=0"/></net>

<net id="2476"><net_src comp="2472" pin="1"/><net_sink comp="1697" pin=0"/></net>

<net id="2480"><net_src comp="1693" pin="1"/><net_sink comp="2477" pin=0"/></net>

<net id="2481"><net_src comp="2477" pin="1"/><net_sink comp="828" pin=0"/></net>

<net id="2485"><net_src comp="828" pin="2"/><net_sink comp="2482" pin=0"/></net>

<net id="2486"><net_src comp="2482" pin="1"/><net_sink comp="671" pin=0"/></net>

<net id="2490"><net_src comp="671" pin="2"/><net_sink comp="2487" pin=0"/></net>

<net id="2491"><net_src comp="2487" pin="1"/><net_sink comp="676" pin=0"/></net>

<net id="2495"><net_src comp="676" pin="2"/><net_sink comp="2492" pin=0"/></net>

<net id="2496"><net_src comp="2492" pin="1"/><net_sink comp="680" pin=0"/></net>

<net id="2500"><net_src comp="1710" pin="1"/><net_sink comp="2497" pin=0"/></net>

<net id="2501"><net_src comp="2497" pin="1"/><net_sink comp="836" pin=0"/></net>

<net id="2505"><net_src comp="1726" pin="1"/><net_sink comp="2502" pin=0"/></net>

<net id="2506"><net_src comp="2502" pin="1"/><net_sink comp="832" pin=0"/></net>

<net id="2510"><net_src comp="1730" pin="1"/><net_sink comp="2507" pin=0"/></net>

<net id="2511"><net_src comp="2507" pin="1"/><net_sink comp="684" pin=0"/></net>

<net id="2515"><net_src comp="680" pin="2"/><net_sink comp="2512" pin=0"/></net>

<net id="2516"><net_src comp="2512" pin="1"/><net_sink comp="689" pin=0"/></net>

<net id="2520"><net_src comp="832" pin="2"/><net_sink comp="2517" pin=0"/></net>

<net id="2521"><net_src comp="2517" pin="1"/><net_sink comp="710" pin=1"/></net>

<net id="2525"><net_src comp="836" pin="2"/><net_sink comp="2522" pin=0"/></net>

<net id="2526"><net_src comp="2522" pin="1"/><net_sink comp="719" pin=1"/></net>

<net id="2530"><net_src comp="840" pin="2"/><net_sink comp="2527" pin=0"/></net>

<net id="2531"><net_src comp="2527" pin="1"/><net_sink comp="728" pin=1"/></net>

<net id="2535"><net_src comp="684" pin="2"/><net_sink comp="2532" pin=0"/></net>

<net id="2536"><net_src comp="2532" pin="1"/><net_sink comp="1756" pin=0"/></net>

<net id="2540"><net_src comp="1748" pin="1"/><net_sink comp="2537" pin=0"/></net>

<net id="2541"><net_src comp="2537" pin="1"/><net_sink comp="844" pin=0"/></net>

<net id="2545"><net_src comp="1752" pin="1"/><net_sink comp="2542" pin=0"/></net>

<net id="2546"><net_src comp="2542" pin="1"/><net_sink comp="693" pin=0"/></net>

<net id="2550"><net_src comp="689" pin="2"/><net_sink comp="2547" pin=0"/></net>

<net id="2551"><net_src comp="2547" pin="1"/><net_sink comp="698" pin=0"/></net>

<net id="2555"><net_src comp="844" pin="2"/><net_sink comp="2552" pin=0"/></net>

<net id="2556"><net_src comp="2552" pin="1"/><net_sink comp="706" pin=1"/></net>

<net id="2560"><net_src comp="693" pin="2"/><net_sink comp="2557" pin=0"/></net>

<net id="2561"><net_src comp="2557" pin="1"/><net_sink comp="1764" pin=0"/></net>

<net id="2565"><net_src comp="1760" pin="1"/><net_sink comp="2562" pin=0"/></net>

<net id="2566"><net_src comp="2562" pin="1"/><net_sink comp="848" pin=0"/></net>

<net id="2570"><net_src comp="698" pin="2"/><net_sink comp="2567" pin=0"/></net>

<net id="2571"><net_src comp="2567" pin="1"/><net_sink comp="702" pin=0"/></net>

<net id="2575"><net_src comp="848" pin="2"/><net_sink comp="2572" pin=0"/></net>

<net id="2576"><net_src comp="2572" pin="1"/><net_sink comp="702" pin=1"/></net>

<net id="2580"><net_src comp="702" pin="2"/><net_sink comp="2577" pin=0"/></net>

<net id="2581"><net_src comp="2577" pin="1"/><net_sink comp="706" pin=0"/></net>

<net id="2585"><net_src comp="706" pin="2"/><net_sink comp="2582" pin=0"/></net>

<net id="2586"><net_src comp="2582" pin="1"/><net_sink comp="710" pin=0"/></net>

<net id="2590"><net_src comp="1777" pin="1"/><net_sink comp="2587" pin=0"/></net>

<net id="2591"><net_src comp="2587" pin="1"/><net_sink comp="856" pin=0"/></net>

<net id="2595"><net_src comp="1793" pin="1"/><net_sink comp="2592" pin=0"/></net>

<net id="2596"><net_src comp="2592" pin="1"/><net_sink comp="852" pin=0"/></net>

<net id="2600"><net_src comp="1797" pin="1"/><net_sink comp="2597" pin=0"/></net>

<net id="2601"><net_src comp="2597" pin="1"/><net_sink comp="714" pin=0"/></net>

<net id="2605"><net_src comp="710" pin="2"/><net_sink comp="2602" pin=0"/></net>

<net id="2606"><net_src comp="2602" pin="1"/><net_sink comp="719" pin=0"/></net>

<net id="2610"><net_src comp="852" pin="2"/><net_sink comp="2607" pin=0"/></net>

<net id="2611"><net_src comp="2607" pin="1"/><net_sink comp="740" pin=1"/></net>

<net id="2615"><net_src comp="856" pin="2"/><net_sink comp="2612" pin=0"/></net>

<net id="2616"><net_src comp="2612" pin="1"/><net_sink comp="749" pin=1"/></net>

<net id="2620"><net_src comp="860" pin="2"/><net_sink comp="2617" pin=0"/></net>

<net id="2621"><net_src comp="2617" pin="1"/><net_sink comp="758" pin=1"/></net>

<net id="2625"><net_src comp="714" pin="2"/><net_sink comp="2622" pin=0"/></net>

<net id="2626"><net_src comp="2622" pin="1"/><net_sink comp="1823" pin=0"/></net>

<net id="2630"><net_src comp="1815" pin="1"/><net_sink comp="2627" pin=0"/></net>

<net id="2631"><net_src comp="2627" pin="1"/><net_sink comp="864" pin=0"/></net>

<net id="2635"><net_src comp="1819" pin="1"/><net_sink comp="2632" pin=0"/></net>

<net id="2636"><net_src comp="2632" pin="1"/><net_sink comp="723" pin=0"/></net>

<net id="2640"><net_src comp="719" pin="2"/><net_sink comp="2637" pin=0"/></net>

<net id="2641"><net_src comp="2637" pin="1"/><net_sink comp="728" pin=0"/></net>

<net id="2645"><net_src comp="864" pin="2"/><net_sink comp="2642" pin=0"/></net>

<net id="2646"><net_src comp="2642" pin="1"/><net_sink comp="736" pin=1"/></net>

<net id="2650"><net_src comp="723" pin="2"/><net_sink comp="2647" pin=0"/></net>

<net id="2651"><net_src comp="2647" pin="1"/><net_sink comp="1831" pin=0"/></net>

<net id="2655"><net_src comp="1827" pin="1"/><net_sink comp="2652" pin=0"/></net>

<net id="2656"><net_src comp="2652" pin="1"/><net_sink comp="868" pin=0"/></net>

<net id="2660"><net_src comp="728" pin="2"/><net_sink comp="2657" pin=0"/></net>

<net id="2661"><net_src comp="2657" pin="1"/><net_sink comp="732" pin=0"/></net>

<net id="2665"><net_src comp="868" pin="2"/><net_sink comp="2662" pin=0"/></net>

<net id="2666"><net_src comp="2662" pin="1"/><net_sink comp="732" pin=1"/></net>

<net id="2670"><net_src comp="732" pin="2"/><net_sink comp="2667" pin=0"/></net>

<net id="2671"><net_src comp="2667" pin="1"/><net_sink comp="736" pin=0"/></net>

<net id="2675"><net_src comp="736" pin="2"/><net_sink comp="2672" pin=0"/></net>

<net id="2676"><net_src comp="2672" pin="1"/><net_sink comp="740" pin=0"/></net>

<net id="2680"><net_src comp="1844" pin="1"/><net_sink comp="2677" pin=0"/></net>

<net id="2681"><net_src comp="2677" pin="1"/><net_sink comp="876" pin=0"/></net>

<net id="2685"><net_src comp="1860" pin="1"/><net_sink comp="2682" pin=0"/></net>

<net id="2686"><net_src comp="2682" pin="1"/><net_sink comp="872" pin=0"/></net>

<net id="2690"><net_src comp="1864" pin="1"/><net_sink comp="2687" pin=0"/></net>

<net id="2691"><net_src comp="2687" pin="1"/><net_sink comp="744" pin=0"/></net>

<net id="2695"><net_src comp="740" pin="2"/><net_sink comp="2692" pin=0"/></net>

<net id="2696"><net_src comp="2692" pin="1"/><net_sink comp="749" pin=0"/></net>

<net id="2700"><net_src comp="872" pin="2"/><net_sink comp="2697" pin=0"/></net>

<net id="2701"><net_src comp="2697" pin="1"/><net_sink comp="770" pin=1"/></net>

<net id="2705"><net_src comp="876" pin="2"/><net_sink comp="2702" pin=0"/></net>

<net id="2706"><net_src comp="2702" pin="1"/><net_sink comp="779" pin=1"/></net>

<net id="2710"><net_src comp="880" pin="2"/><net_sink comp="2707" pin=0"/></net>

<net id="2711"><net_src comp="2707" pin="1"/><net_sink comp="788" pin=1"/></net>

<net id="2715"><net_src comp="744" pin="2"/><net_sink comp="2712" pin=0"/></net>

<net id="2716"><net_src comp="2712" pin="1"/><net_sink comp="1890" pin=0"/></net>

<net id="2720"><net_src comp="1882" pin="1"/><net_sink comp="2717" pin=0"/></net>

<net id="2721"><net_src comp="2717" pin="1"/><net_sink comp="884" pin=0"/></net>

<net id="2725"><net_src comp="1886" pin="1"/><net_sink comp="2722" pin=0"/></net>

<net id="2726"><net_src comp="2722" pin="1"/><net_sink comp="753" pin=0"/></net>

<net id="2730"><net_src comp="749" pin="2"/><net_sink comp="2727" pin=0"/></net>

<net id="2731"><net_src comp="2727" pin="1"/><net_sink comp="758" pin=0"/></net>

<net id="2735"><net_src comp="884" pin="2"/><net_sink comp="2732" pin=0"/></net>

<net id="2736"><net_src comp="2732" pin="1"/><net_sink comp="766" pin=1"/></net>

<net id="2740"><net_src comp="753" pin="2"/><net_sink comp="2737" pin=0"/></net>

<net id="2741"><net_src comp="2737" pin="1"/><net_sink comp="1898" pin=0"/></net>

<net id="2745"><net_src comp="1894" pin="1"/><net_sink comp="2742" pin=0"/></net>

<net id="2746"><net_src comp="2742" pin="1"/><net_sink comp="888" pin=0"/></net>

<net id="2750"><net_src comp="758" pin="2"/><net_sink comp="2747" pin=0"/></net>

<net id="2751"><net_src comp="2747" pin="1"/><net_sink comp="762" pin=0"/></net>

<net id="2755"><net_src comp="888" pin="2"/><net_sink comp="2752" pin=0"/></net>

<net id="2756"><net_src comp="2752" pin="1"/><net_sink comp="762" pin=1"/></net>

<net id="2760"><net_src comp="762" pin="2"/><net_sink comp="2757" pin=0"/></net>

<net id="2761"><net_src comp="2757" pin="1"/><net_sink comp="766" pin=0"/></net>

<net id="2765"><net_src comp="766" pin="2"/><net_sink comp="2762" pin=0"/></net>

<net id="2766"><net_src comp="2762" pin="1"/><net_sink comp="770" pin=0"/></net>

<net id="2770"><net_src comp="1911" pin="1"/><net_sink comp="2767" pin=0"/></net>

<net id="2771"><net_src comp="2767" pin="1"/><net_sink comp="896" pin=0"/></net>

<net id="2775"><net_src comp="1928" pin="1"/><net_sink comp="2772" pin=0"/></net>

<net id="2776"><net_src comp="2772" pin="1"/><net_sink comp="892" pin=0"/></net>

<net id="2780"><net_src comp="1932" pin="1"/><net_sink comp="2777" pin=0"/></net>

<net id="2781"><net_src comp="2777" pin="1"/><net_sink comp="774" pin=0"/></net>

<net id="2785"><net_src comp="770" pin="2"/><net_sink comp="2782" pin=0"/></net>

<net id="2786"><net_src comp="2782" pin="1"/><net_sink comp="779" pin=0"/></net>

<net id="2790"><net_src comp="892" pin="2"/><net_sink comp="2787" pin=0"/></net>

<net id="2791"><net_src comp="2787" pin="1"/><net_sink comp="800" pin=1"/></net>

<net id="2795"><net_src comp="896" pin="2"/><net_sink comp="2792" pin=0"/></net>

<net id="2796"><net_src comp="2792" pin="1"/><net_sink comp="804" pin=1"/></net>

<net id="2800"><net_src comp="900" pin="2"/><net_sink comp="2797" pin=0"/></net>

<net id="2801"><net_src comp="2797" pin="1"/><net_sink comp="808" pin=1"/></net>

<net id="2805"><net_src comp="774" pin="2"/><net_sink comp="2802" pin=0"/></net>

<net id="2806"><net_src comp="2802" pin="1"/><net_sink comp="1958" pin=0"/></net>

<net id="2810"><net_src comp="1950" pin="1"/><net_sink comp="2807" pin=0"/></net>

<net id="2811"><net_src comp="2807" pin="1"/><net_sink comp="905" pin=0"/></net>

<net id="2815"><net_src comp="1954" pin="1"/><net_sink comp="2812" pin=0"/></net>

<net id="2816"><net_src comp="2812" pin="1"/><net_sink comp="783" pin=0"/></net>

<net id="2820"><net_src comp="779" pin="2"/><net_sink comp="2817" pin=0"/></net>

<net id="2821"><net_src comp="2817" pin="1"/><net_sink comp="788" pin=0"/></net>

<net id="2825"><net_src comp="905" pin="2"/><net_sink comp="2822" pin=0"/></net>

<net id="2826"><net_src comp="2822" pin="1"/><net_sink comp="796" pin=1"/></net>

<net id="2830"><net_src comp="783" pin="2"/><net_sink comp="2827" pin=0"/></net>

<net id="2831"><net_src comp="2827" pin="1"/><net_sink comp="1966" pin=0"/></net>

<net id="2835"><net_src comp="1962" pin="1"/><net_sink comp="2832" pin=0"/></net>

<net id="2836"><net_src comp="2832" pin="1"/><net_sink comp="909" pin=0"/></net>

<net id="2840"><net_src comp="788" pin="2"/><net_sink comp="2837" pin=0"/></net>

<net id="2841"><net_src comp="2837" pin="1"/><net_sink comp="792" pin=0"/></net>

<net id="2845"><net_src comp="909" pin="2"/><net_sink comp="2842" pin=0"/></net>

<net id="2846"><net_src comp="2842" pin="1"/><net_sink comp="792" pin=1"/></net>

<net id="2850"><net_src comp="792" pin="2"/><net_sink comp="2847" pin=0"/></net>

<net id="2851"><net_src comp="2847" pin="1"/><net_sink comp="796" pin=0"/></net>

<net id="2855"><net_src comp="796" pin="2"/><net_sink comp="2852" pin=0"/></net>

<net id="2856"><net_src comp="2852" pin="1"/><net_sink comp="800" pin=0"/></net>

<net id="2860"><net_src comp="800" pin="2"/><net_sink comp="2857" pin=0"/></net>

<net id="2861"><net_src comp="2857" pin="1"/><net_sink comp="804" pin=0"/></net>

<net id="2865"><net_src comp="804" pin="2"/><net_sink comp="2862" pin=0"/></net>

<net id="2866"><net_src comp="2862" pin="1"/><net_sink comp="808" pin=0"/></net>

<net id="2870"><net_src comp="1970" pin="1"/><net_sink comp="2867" pin=0"/></net>

<net id="2871"><net_src comp="2867" pin="1"/><net_sink comp="550" pin=8"/></net>

</net_list>

</model> 
---------------- Datapath Model END ------------------

* FSMD analyzer results:
  - Output states:
	Port: out_stream_V_data_V | {143 }
	Port: out_stream_V_keep_V | {143 }
	Port: out_stream_V_strb_V | {143 }
	Port: out_stream_V_user_V | {143 }
	Port: out_stream_V_last_V | {143 }
	Port: out_stream_V_id_V | {143 }
	Port: out_stream_V_dest_V | {143 }
	Port: window_0_1 | {9 }
	Port: window_0_2 | {4 }
	Port: window_0_3 | {4 }
	Port: window_1_1 | {34 }
	Port: window_1_2 | {29 }
	Port: window_1_3 | {29 }
	Port: window_2_1 | {59 }
	Port: window_2_2 | {54 }
	Port: window_2_3 | {54 }
	Port: window_3_1 | {84 }
	Port: window_3_2 | {79 }
	Port: window_3_3 | {79 }
	Port: window_4_1 | {109 }
	Port: window_4_2 | {104 }
	Port: window_4_3 | {104 }
	Port: line_buf_0 | {4 }
	Port: window_0_4 | {4 }
	Port: line_buf_1 | {4 }
	Port: window_1_4 | {29 }
	Port: line_buf_2 | {4 }
	Port: window_2_4 | {54 }
	Port: line_buf_3 | {4 }
	Port: window_3_4 | {79 }
	Port: window_4_4 | {104 }
 - Input state : 
	Port: conv2d : in_stream_V_data_V | {3 }
	Port: conv2d : in_stream_V_keep_V | {3 }
	Port: conv2d : in_stream_V_strb_V | {3 }
	Port: conv2d : in_stream_V_user_V | {3 }
	Port: conv2d : in_stream_V_last_V | {3 }
	Port: conv2d : in_stream_V_id_V | {3 }
	Port: conv2d : in_stream_V_dest_V | {3 }
	Port: conv2d : kernel_in_0_0 | {1 }
	Port: conv2d : kernel_in_0_1 | {1 }
	Port: conv2d : kernel_in_0_2 | {1 }
	Port: conv2d : kernel_in_0_3 | {1 }
	Port: conv2d : kernel_in_0_4 | {1 }
	Port: conv2d : kernel_in_1_0 | {1 }
	Port: conv2d : kernel_in_1_1 | {1 }
	Port: conv2d : kernel_in_1_2 | {1 }
	Port: conv2d : kernel_in_1_3 | {1 }
	Port: conv2d : kernel_in_1_4 | {1 }
	Port: conv2d : kernel_in_2_0 | {1 }
	Port: conv2d : kernel_in_2_1 | {1 }
	Port: conv2d : kernel_in_2_2 | {1 }
	Port: conv2d : kernel_in_2_3 | {1 }
	Port: conv2d : kernel_in_2_4 | {1 }
	Port: conv2d : kernel_in_3_0 | {1 }
	Port: conv2d : kernel_in_3_1 | {1 }
	Port: conv2d : kernel_in_3_2 | {1 }
	Port: conv2d : kernel_in_3_3 | {1 }
	Port: conv2d : kernel_in_3_4 | {1 }
	Port: conv2d : kernel_in_4_0 | {1 }
	Port: conv2d : kernel_in_4_1 | {1 }
	Port: conv2d : kernel_in_4_2 | {1 }
	Port: conv2d : kernel_in_4_3 | {1 }
	Port: conv2d : kernel_in_4_4 | {1 }
	Port: conv2d : img_size | {1 }
	Port: conv2d : window_0_1 | {1 }
	Port: conv2d : window_0_2 | {1 }
	Port: conv2d : window_0_3 | {1 }
	Port: conv2d : window_1_1 | {1 }
	Port: conv2d : window_1_2 | {1 }
	Port: conv2d : window_1_3 | {1 }
	Port: conv2d : window_2_1 | {1 }
	Port: conv2d : window_2_2 | {1 }
	Port: conv2d : window_2_3 | {1 }
	Port: conv2d : window_3_1 | {1 }
	Port: conv2d : window_3_2 | {1 }
	Port: conv2d : window_3_3 | {1 }
	Port: conv2d : window_4_1 | {1 }
	Port: conv2d : window_4_2 | {1 }
	Port: conv2d : window_4_3 | {1 }
	Port: conv2d : line_buf_0 | {3 4 }
	Port: conv2d : window_0_4 | {4 }
	Port: conv2d : line_buf_1 | {3 4 }
	Port: conv2d : window_1_4 | {29 }
	Port: conv2d : line_buf_2 | {3 4 }
	Port: conv2d : window_2_4 | {54 }
	Port: conv2d : line_buf_3 | {3 4 }
	Port: conv2d : window_3_4 | {79 }
	Port: conv2d : window_4_4 | {104 }
  - Chain level:
	State 1
		store_ln41 : 1
		store_ln41 : 1
		store_ln41 : 1
		store_ln41 : 1
		store_ln41 : 1
		store_ln41 : 1
		store_ln41 : 1
		store_ln41 : 1
		store_ln41 : 1
		store_ln41 : 1
		store_ln41 : 1
		store_ln41 : 1
		store_ln41 : 1
		store_ln41 : 1
		store_ln41 : 1
		store_ln41 : 1
		store_ln41 : 1
		store_ln41 : 1
		store_ln0 : 1
		store_ln0 : 1
		store_ln0 : 1
		store_ln0 : 1
		store_ln0 : 1
		store_ln0 : 1
		store_ln0 : 1
		store_ln0 : 1
	State 2
		bound : 1
	State 3
		zext_ln41_1 : 1
		tmp : 1
		icmp : 2
		cmp69 : 2
		tmp_1 : 1
		icmp16 : 2
		notrhs : 2
		and_ln55 : 3
		zext_ln43_1 : 1
		icmp_ln43 : 2
		icmp_ln41 : 1
		add_ln41 : 1
		br_ln41 : 2
		add_ln41_1 : 1
		zext_ln41 : 2
		select_ln41 : 3
		tmp_2 : 2
		icmp22 : 3
		select_ln41_1 : 4
		cmp69_mid1 : 3
		select_ln41_2 : 4
		tmp_3 : 2
		icmp25 : 3
		notrhs_mid1 : 3
		and_ln55_3 : 4
		select_ln41_3 : 4
		zext_ln41_2 : 4
		select_ln41_4 : 3
		zext_ln43 : 4
		tmp_4 : 4
		icmp_ln56 : 5
		icmp_ln56_1 : 5
		and_ln55_2 : 6
		and_ln55_1 : 6
		br_ln55 : 6
		new_pixel : 1
		line_buf_0_addr : 5
		line_buf_0_load : 6
		addr_cmp65 : 5
		line_buf_1_addr : 5
		line_buf_1_load : 6
		addr_cmp59 : 5
		store_ln43 : 5
		line_buf_2_addr : 5
		line_buf_2_load : 6
		addr_cmp53 : 5
		store_ln43 : 5
		line_buf_3_addr : 5
		line_buf_3_load : 6
		addr_cmp : 5
		store_ln43 : 5
		store_ln43 : 5
		tmp_6 : 4
		icmp_ln74 : 5
		and_ln74 : 6
		br_ln74 : 6
		icmp_ln92 : 5
		out_pkt_last_V : 6
		add_ln43 : 4
		store_ln41 : 2
		store_ln41 : 4
		store_ln43 : 5
	State 4
		store_ln49 : 1
		store_ln49 : 1
		reuse_select66 : 1
		store_ln63 : 2
		reuse_select60 : 1
		store_ln66 : 2
		store_ln43 : 2
		reuse_select54 : 1
		store_ln66 : 2
		store_ln43 : 2
		reuse_select : 1
		store_ln66 : 2
		store_ln43 : 2
		store_ln66 : 1
		store_ln7 : 1
		mul_0_2 : 1
		mul_0_3 : 1
		window_0_3_loc_1_add : 1
		store_ln49 : 1
	State 5
	State 6
	State 7
	State 8
	State 9
		store_ln49 : 1
		mul_0_1 : 1
		window_0_2_loc_1_add : 1
	State 10
	State 11
	State 12
	State 13
	State 14
		mul : 1
	State 15
	State 16
	State 17
	State 18
	State 19
	State 20
	State 21
	State 22
	State 23
	State 24
	State 25
	State 26
	State 27
	State 28
	State 29
		store_ln49 : 1
		store_ln49 : 1
		mul_1_2 : 1
		mul_1_3 : 1
		window_1_3_loc_1_add : 1
		store_ln49 : 1
	State 30
	State 31
	State 32
	State 33
	State 34
		store_ln49 : 1
		mul_1_1 : 1
		window_1_2_loc_1_add : 1
	State 35
	State 36
	State 37
	State 38
	State 39
		mul_1 : 1
	State 40
	State 41
	State 42
	State 43
	State 44
	State 45
	State 46
	State 47
	State 48
	State 49
	State 50
	State 51
	State 52
	State 53
	State 54
		store_ln49 : 1
		store_ln49 : 1
		mul_2_2 : 1
		mul_2_3 : 1
		window_2_3_loc_1_add : 1
		store_ln49 : 1
	State 55
	State 56
	State 57
	State 58
	State 59
		store_ln49 : 1
		mul_2_1 : 1
		window_2_2_loc_1_add : 1
	State 60
	State 61
	State 62
	State 63
	State 64
		mul_2 : 1
	State 65
	State 66
	State 67
	State 68
	State 69
	State 70
	State 71
	State 72
	State 73
	State 74
	State 75
	State 76
	State 77
	State 78
	State 79
		store_ln49 : 1
		store_ln49 : 1
		mul_3_2 : 1
		mul_3_3 : 1
		window_3_3_loc_1_add : 1
		store_ln49 : 1
	State 80
	State 81
	State 82
	State 83
	State 84
		store_ln49 : 1
		mul_3_1 : 1
		window_3_2_loc_1_add : 1
	State 85
	State 86
	State 87
	State 88
	State 89
		mul_3 : 1
	State 90
	State 91
	State 92
	State 93
	State 94
	State 95
	State 96
	State 97
	State 98
	State 99
	State 100
	State 101
	State 102
	State 103
	State 104
		store_ln49 : 1
		store_ln49 : 1
		mul_4_2 : 1
		mul_4_3 : 1
		window_4_3_loc_1_add : 1
		store_ln49 : 1
	State 105
	State 106
	State 107
	State 108
	State 109
		store_ln49 : 1
		mul_4_1 : 1
		window_4_2_loc_1_add : 1
	State 110
	State 111
	State 112
	State 113
	State 114
		mul_4 : 1
	State 115
	State 116
	State 117
	State 118
	State 119
	State 120
	State 121
	State 122
	State 123
	State 124
	State 125
	State 126
	State 127
	State 128
	State 129
	State 130
	State 131
	State 132
	State 133
	State 134
	State 135
	State 136
	State 137
	State 138
	State 139
	State 140
	State 141
	State 142
		out_pkt_data_V : 1
		write_ln304 : 2
	State 143
	State 144


============================================================
+ Verbose Summary: Datapath Resource usage 
============================================================

* Functional unit list:
|----------|--------------------------------|---------|---------|---------|
| Operation|         Functional Unit        |   DSP   |    FF   |   LUT   |
|----------|--------------------------------|---------|---------|---------|
|          |           grp_fu_661           |    2    |   205   |   390   |
|          |           grp_fu_666           |    2    |   205   |   390   |
|          |           grp_fu_671           |    2    |   205   |   390   |
|          |           grp_fu_676           |    2    |   205   |   390   |
|          |           grp_fu_680           |    2    |   205   |   390   |
|          |           grp_fu_684           |    2    |   205   |   390   |
|          |           grp_fu_689           |    2    |   205   |   390   |
|          |           grp_fu_693           |    2    |   205   |   390   |
|          |           grp_fu_698           |    2    |   205   |   390   |
|          |           grp_fu_702           |    2    |   205   |   390   |
|          |           grp_fu_706           |    2    |   205   |   390   |
|          |           grp_fu_710           |    2    |   205   |   390   |
|          |           grp_fu_714           |    2    |   205   |   390   |
|          |           grp_fu_719           |    2    |   205   |   390   |
|          |           grp_fu_723           |    2    |   205   |   390   |
|          |           grp_fu_728           |    2    |   205   |   390   |
|          |           grp_fu_732           |    2    |   205   |   390   |
|   fadd   |           grp_fu_736           |    2    |   205   |   390   |
|          |           grp_fu_740           |    2    |   205   |   390   |
|          |           grp_fu_744           |    2    |   205   |   390   |
|          |           grp_fu_749           |    2    |   205   |   390   |
|          |           grp_fu_753           |    2    |   205   |   390   |
|          |           grp_fu_758           |    2    |   205   |   390   |
|          |           grp_fu_762           |    2    |   205   |   390   |
|          |           grp_fu_766           |    2    |   205   |   390   |
|          |           grp_fu_770           |    2    |   205   |   390   |
|          |           grp_fu_774           |    2    |   205   |   390   |
|          |           grp_fu_779           |    2    |   205   |   390   |
|          |           grp_fu_783           |    2    |   205   |   390   |
|          |           grp_fu_788           |    2    |   205   |   390   |
|          |           grp_fu_792           |    2    |   205   |   390   |
|          |           grp_fu_796           |    2    |   205   |   390   |
|          |           grp_fu_800           |    2    |   205   |   390   |
|          |           grp_fu_804           |    2    |   205   |   390   |
|          |           grp_fu_808           |    2    |   205   |   390   |
|----------|--------------------------------|---------|---------|---------|
|          |           grp_fu_812           |    3    |   143   |   321   |
|          |           grp_fu_816           |    3    |   143   |   321   |
|          |           grp_fu_820           |    3    |   143   |   321   |
|          |           grp_fu_824           |    3    |   143   |   321   |
|          |           grp_fu_828           |    3    |   143   |   321   |
|          |           grp_fu_832           |    3    |   143   |   321   |
|          |           grp_fu_836           |    3    |   143   |   321   |
|          |           grp_fu_840           |    3    |   143   |   321   |
|          |           grp_fu_844           |    3    |   143   |   321   |
|          |           grp_fu_848           |    3    |   143   |   321   |
|          |           grp_fu_852           |    3    |   143   |   321   |
|          |           grp_fu_856           |    3    |   143   |   321   |
|   fmul   |           grp_fu_860           |    3    |   143   |   321   |
|          |           grp_fu_864           |    3    |   143   |   321   |
|          |           grp_fu_868           |    3    |   143   |   321   |
|          |           grp_fu_872           |    3    |   143   |   321   |
|          |           grp_fu_876           |    3    |   143   |   321   |
|          |           grp_fu_880           |    3    |   143   |   321   |
|          |           grp_fu_884           |    3    |   143   |   321   |
|          |           grp_fu_888           |    3    |   143   |   321   |
|          |           grp_fu_892           |    3    |   143   |   321   |
|          |           grp_fu_896           |    3    |   143   |   321   |
|          |           grp_fu_900           |    3    |   143   |   321   |
|          |           grp_fu_905           |    3    |   143   |   321   |
|          |           grp_fu_909           |    3    |   143   |   321   |
|----------|--------------------------------|---------|---------|---------|
|          |          icmp_fu_1251          |    0    |    0    |    17   |
|          |          cmp69_fu_1257         |    0    |    0    |    18   |
|          |         icmp16_fu_1272         |    0    |    0    |    17   |
|          |         notrhs_fu_1278         |    0    |    0    |    18   |
|          |        icmp_ln43_fu_1293       |    0    |    0    |    18   |
|          |        icmp_ln41_fu_1298       |    0    |    0    |    29   |
|          |         icmp22_fu_1337         |    0    |    0    |    17   |
|          |       cmp69_mid1_fu_1351       |    0    |    0    |    18   |
|   icmp   |         icmp25_fu_1374         |    0    |    0    |    17   |
|          |       notrhs_mid1_fu_1380      |    0    |    0    |    18   |
|          |        icmp_ln56_fu_1429       |    0    |    0    |    11   |
|          |       icmp_ln56_1_fu_1435      |    0    |    0    |    18   |
|          |       addr_cmp65_fu_1463       |    0    |    0    |    29   |
|          |       addr_cmp59_fu_1472       |    0    |    0    |    29   |
|          |       addr_cmp53_fu_1486       |    0    |    0    |    29   |
|          |        addr_cmp_fu_1500        |    0    |    0    |    29   |
|          |        icmp_ln74_fu_1526       |    0    |    0    |    10   |
|          |        icmp_ln92_fu_1538       |    0    |    0    |    18   |
|----------|--------------------------------|---------|---------|---------|
|          |        virt_size_fu_913        |    0    |    0    |    39   |
|          |          add13_fu_1209         |    0    |    0    |    39   |
|    add   |          sub68_fu_1214         |    0    |    0    |    39   |
|          |        add_ln41_fu_1303        |    0    |    0    |    71   |
|          |       add_ln41_1_fu_1309       |    0    |    0    |    38   |
|          |        add_ln43_fu_1549        |    0    |    0    |    14   |
|----------|--------------------------------|---------|---------|---------|
|          |       select_ln41_fu_1319      |    0    |    0    |    9    |
|          |      select_ln41_1_fu_1343     |    0    |    0    |    2    |
|          |      select_ln41_2_fu_1356     |    0    |    0    |    2    |
|          |      select_ln41_3_fu_1391     |    0    |    0    |    2    |
|  select  |      select_ln41_4_fu_1403     |    0    |    0    |    31   |
|          |     reuse_select66_fu_1593     |    0    |    0    |    32   |
|          |     reuse_select60_fu_1609     |    0    |    0    |    32   |
|          |     reuse_select54_fu_1625     |    0    |    0    |    32   |
|          |      reuse_select_fu_1641      |    0    |    0    |    32   |
|----------|--------------------------------|---------|---------|---------|
|    mul   |          bound_fu_1222         |    3    |    0    |    20   |
|----------|--------------------------------|---------|---------|---------|
|          |        and_ln55_fu_1283        |    0    |    0    |    2    |
|          |       and_ln55_3_fu_1385       |    0    |    0    |    2    |
|    and   |       and_ln55_2_fu_1440       |    0    |    0    |    2    |
|          |       and_ln55_1_fu_1446       |    0    |    0    |    2    |
|          |        and_ln74_fu_1532        |    0    |    0    |    2    |
|          |     out_pkt_last_V_fu_1543     |    0    |    0    |    2    |
|----------|--------------------------------|---------|---------|---------|
|          |    img_size_read_read_fu_376   |    0    |    0    |    0    |
|          | kernel_in_4_4_read_read_fu_382 |    0    |    0    |    0    |
|          | kernel_in_4_0_read_read_fu_388 |    0    |    0    |    0    |
|          | kernel_in_4_1_read_read_fu_394 |    0    |    0    |    0    |
|          | kernel_in_4_2_read_read_fu_400 |    0    |    0    |    0    |
|          | kernel_in_4_3_read_read_fu_406 |    0    |    0    |    0    |
|          | kernel_in_0_4_read_read_fu_412 |    0    |    0    |    0    |
|          | kernel_in_0_0_read_read_fu_418 |    0    |    0    |    0    |
|          | kernel_in_0_1_read_read_fu_424 |    0    |    0    |    0    |
|          | kernel_in_0_2_read_read_fu_430 |    0    |    0    |    0    |
|          | kernel_in_0_3_read_read_fu_436 |    0    |    0    |    0    |
|          | kernel_in_1_4_read_read_fu_442 |    0    |    0    |    0    |
|          | kernel_in_1_0_read_read_fu_448 |    0    |    0    |    0    |
|   read   | kernel_in_1_1_read_read_fu_454 |    0    |    0    |    0    |
|          | kernel_in_1_2_read_read_fu_460 |    0    |    0    |    0    |
|          | kernel_in_1_3_read_read_fu_466 |    0    |    0    |    0    |
|          | kernel_in_2_4_read_read_fu_472 |    0    |    0    |    0    |
|          | kernel_in_2_0_read_read_fu_478 |    0    |    0    |    0    |
|          | kernel_in_2_1_read_read_fu_484 |    0    |    0    |    0    |
|          | kernel_in_2_2_read_read_fu_490 |    0    |    0    |    0    |
|          | kernel_in_2_3_read_read_fu_496 |    0    |    0    |    0    |
|          | kernel_in_3_4_read_read_fu_502 |    0    |    0    |    0    |
|          | kernel_in_3_0_read_read_fu_508 |    0    |    0    |    0    |
|          | kernel_in_3_1_read_read_fu_514 |    0    |    0    |    0    |
|          | kernel_in_3_2_read_read_fu_520 |    0    |    0    |    0    |
|          | kernel_in_3_3_read_read_fu_526 |    0    |    0    |    0    |
|          |      empty_64_read_fu_532      |    0    |    0    |    0    |
|----------|--------------------------------|---------|---------|---------|
|   write  |        grp_write_fu_550        |    0    |    0    |    0    |
|----------|--------------------------------|---------|---------|---------|
|          |          cast_fu_1219          |    0    |    0    |    0    |
|          |       zext_ln41_1_fu_1237      |    0    |    0    |    0    |
|   zext   |       zext_ln43_1_fu_1289      |    0    |    0    |    0    |
|          |        zext_ln41_fu_1315       |    0    |    0    |    0    |
|          |       zext_ln41_2_fu_1399      |    0    |    0    |    0    |
|          |        zext_ln43_fu_1411       |    0    |    0    |    0    |
|----------|--------------------------------|---------|---------|---------|
|          |           tmp_fu_1241          |    0    |    0    |    0    |
|          |          tmp_1_fu_1262         |    0    |    0    |    0    |
|partselect|          tmp_2_fu_1327         |    0    |    0    |    0    |
|          |          tmp_3_fu_1364         |    0    |    0    |    0    |
|          |          tmp_4_fu_1419         |    0    |    0    |    0    |
|          |          tmp_6_fu_1516         |    0    |    0    |    0    |
|----------|--------------------------------|---------|---------|---------|
|extractvalue|          tmp_9_fu_1452         |    0    |    0    |    0    |
|----------|--------------------------------|---------|---------|---------|
|   Total  |                                |   148   |  10750  |  22481  |
|----------|--------------------------------|---------|---------|---------|

Memories:
+----------+--------+--------+--------+
|          |  BRAM  |   FF   |   LUT  |
+----------+--------+--------+--------+
|line_buf_0|    1   |    0   |    0   |
|line_buf_1|    1   |    0   |    0   |
|line_buf_2|    1   |    0   |    0   |
|line_buf_3|    1   |    0   |    0   |
+----------+--------+--------+--------+
|   Total  |    4   |    0   |    0   |
+----------+--------+--------+--------+

* Register list:
+--------------------------------+--------+
|                                |   FF   |
+--------------------------------+--------+
|       acc_1_0_1_reg_2492       |   32   |
|       acc_1_0_2_reg_2512       |   32   |
|       acc_1_0_3_reg_2547       |   32   |
|       acc_1_0_4_reg_2567       |   32   |
|       acc_1_1_1_reg_2582       |   32   |
|       acc_1_1_2_reg_2602       |   32   |
|       acc_1_1_3_reg_2637       |   32   |
|       acc_1_1_4_reg_2657       |   32   |
|        acc_1_1_reg_2577        |   32   |
|       acc_1_2_1_reg_2672       |   32   |
|       acc_1_2_2_reg_2692       |   32   |
|       acc_1_2_3_reg_2727       |   32   |
|       acc_1_2_4_reg_2747       |   32   |
|        acc_1_2_reg_2667        |   32   |
|       acc_1_3_1_reg_2762       |   32   |
|       acc_1_3_2_reg_2782       |   32   |
|       acc_1_3_3_reg_2817       |   32   |
|       acc_1_3_4_reg_2837       |   32   |
|        acc_1_3_reg_2757        |   32   |
|       acc_1_4_1_reg_2852       |   32   |
|       acc_1_4_2_reg_2857       |   32   |
|       acc_1_4_3_reg_2862       |   32   |
|        acc_1_4_reg_2847        |   32   |
|         acc_1_reg_2487         |   32   |
|         add13_reg_2314         |   32   |
|       addr_cmp53_reg_2374      |    1   |
|       addr_cmp59_reg_2363      |    1   |
|       addr_cmp65_reg_2352      |    1   |
|        addr_cmp_reg_2385       |    1   |
|       and_ln55_1_reg_2337      |    1   |
|        and_ln74_reg_2390       |    1   |
|         bound_reg_2328         |   64   |
|          col_reg_2031          |    9   |
|        empty_40_reg_2194       |   32   |
|        empty_41_reg_2199       |   32   |
|        empty_42_reg_2204       |   32   |
|        empty_43_reg_2209       |   32   |
|        empty_44_reg_2214       |   32   |
|        empty_45_reg_2219       |   32   |
|        empty_46_reg_2224       |   32   |
|        empty_47_reg_2229       |   32   |
|        empty_48_reg_2234       |   32   |
|        empty_49_reg_2239       |   32   |
|        empty_50_reg_2244       |   32   |
|        empty_51_reg_2249       |   32   |
|        empty_52_reg_2254       |   32   |
|        empty_53_reg_2259       |   32   |
|        empty_54_reg_2264       |   32   |
|        empty_55_reg_2269       |   32   |
|        empty_56_reg_2274       |   32   |
|        empty_57_reg_2279       |   32   |
|        empty_58_reg_2284       |   32   |
|        empty_59_reg_2289       |   32   |
|        empty_60_reg_2294       |   32   |
|        empty_61_reg_2299       |   32   |
|        empty_62_reg_2304       |   32   |
|        empty_63_reg_2309       |   32   |
|         empty_reg_2189         |   32   |
|       icmp_ln41_reg_2333       |    1   |
|     img_size_read_reg_2177     |   32   |
|     indvar_flatten_reg_2170    |   64   |
|    line_buf_0_addr_reg_2346    |    8   |
|    line_buf_1_addr_reg_2357    |    8   |
|    line_buf_2_addr_reg_2368    |    8   |
|    line_buf_3_addr_reg_2379    |    8   |
|        mul_0_1_reg_2467        |   32   |
|        mul_0_2_reg_2437        |   32   |
|        mul_0_3_reg_2442        |   32   |
|        mul_0_4_reg_2447        |   32   |
|        mul_1_1_reg_2552        |   32   |
|        mul_1_2_reg_2517        |   32   |
|        mul_1_3_reg_2522        |   32   |
|        mul_1_4_reg_2527        |   32   |
|         mul_1_reg_2572         |   32   |
|        mul_2_1_reg_2642        |   32   |
|        mul_2_2_reg_2607        |   32   |
|        mul_2_3_reg_2612        |   32   |
|        mul_2_4_reg_2617        |   32   |
|         mul_2_reg_2662         |   32   |
|        mul_3_1_reg_2732        |   32   |
|        mul_3_2_reg_2697        |   32   |
|        mul_3_3_reg_2702        |   32   |
|        mul_3_4_reg_2707        |   32   |
|         mul_3_reg_2752         |   32   |
|        mul_4_1_reg_2822        |   32   |
|        mul_4_2_reg_2787        |   32   |
|        mul_4_3_reg_2792        |   32   |
|        mul_4_4_reg_2797        |   32   |
|         mul_4_reg_2842         |   32   |
|          mul_reg_2482          |   32   |
|       new_pixel_1_reg_648      |   32   |
|       new_pixel_reg_2341       |   32   |
|     out_pkt_data_V_reg_2867    |   32   |
|     out_pkt_last_V_reg_2394    |    1   |
|    reuse_addr_reg50_reg_2003   |   64   |
|    reuse_addr_reg56_reg_1989   |   64   |
|    reuse_addr_reg62_reg_1975   |   64   |
|     reuse_addr_reg_reg_2017    |   64   |
|      reuse_reg49_reg_2010      |   32   |
|      reuse_reg55_reg_1996      |   32   |
|      reuse_reg61_reg_1982      |   32   |
|       reuse_reg_reg_2024       |   32   |
|     reuse_select54_reg_2415    |   32   |
|     reuse_select60_reg_2409    |   32   |
|     reuse_select66_reg_2404    |   32   |
|      reuse_select_reg_2421     |   32   |
|          row_reg_2163          |   31   |
|         sub68_reg_2321         |   32   |
|       virt_size_reg_2183       |   32   |
|  window_0_2_loc_1_add_reg_2472 |   32   |
|window_0_2_loc_1_load_2_reg_2457|   32   |
| window_0_2_loc_1_load_reg_2462 |   32   |
|    window_0_2_loc_1_reg_2147   |   32   |
|  window_0_3_loc_1_add_reg_2452 |   32   |
|window_0_3_loc_1_load31_reg_2427|   32   |
| window_0_3_loc_1_load_reg_2432 |   32   |
|    window_0_3_loc_1_reg_2138   |   32   |
|    window_0_4_load_reg_2399    |   32   |
|  window_1_2_loc_1_add_reg_2557 |   32   |
|window_1_2_loc_1_load_2_reg_2537|   32   |
| window_1_2_loc_1_load_reg_2542 |   32   |
|    window_1_2_loc_1_reg_2122   |   32   |
|  window_1_3_loc_1_add_reg_2532 |   32   |
|window_1_3_loc_1_load_2_reg_2502|   32   |
| window_1_3_loc_1_load_reg_2507 |   32   |
|    window_1_3_loc_1_reg_2113   |   32   |
|    window_1_4_load_reg_2497    |   32   |
|  window_2_2_loc_1_add_reg_2647 |   32   |
|window_2_2_loc_1_load_2_reg_2627|   32   |
| window_2_2_loc_1_load_reg_2632 |   32   |
|    window_2_2_loc_1_reg_2097   |   32   |
|  window_2_3_loc_1_add_reg_2622 |   32   |
|window_2_3_loc_1_load_2_reg_2592|   32   |
| window_2_3_loc_1_load_reg_2597 |   32   |
|    window_2_3_loc_1_reg_2088   |   32   |
|    window_2_4_load_reg_2587    |   32   |
|  window_3_2_loc_1_add_reg_2737 |   32   |
|window_3_2_loc_1_load41_reg_2717|   32   |
| window_3_2_loc_1_load_reg_2722 |   32   |
|    window_3_2_loc_1_reg_2072   |   32   |
|  window_3_3_loc_1_add_reg_2712 |   32   |
|window_3_3_loc_1_load_2_reg_2682|   32   |
| window_3_3_loc_1_load_reg_2687 |   32   |
|    window_3_3_loc_1_reg_2063   |   32   |
|    window_3_4_load_reg_2677    |   32   |
|  window_4_2_loc_1_add_reg_2827 |   32   |
|window_4_2_loc_1_load_2_reg_2807|   32   |
| window_4_2_loc_1_load_reg_2812 |   32   |
|    window_4_2_loc_1_reg_2047   |   32   |
|  window_4_3_loc_1_add_reg_2802 |   32   |
|window_4_3_loc_1_load_2_reg_2772|   32   |
| window_4_3_loc_1_load_reg_2777 |   32   |
|    window_4_3_loc_1_reg_2038   |   32   |
|    window_4_4_load_reg_2767    |   32   |
|   window_load_1_0_0_reg_2156   |   32   |
|   window_load_1_1_0_reg_2131   |   32   |
|   window_load_1_2_0_reg_2106   |   32   |
|   window_load_1_3_0_reg_2081   |   32   |
|   window_load_1_4_0_reg_2056   |   32   |
|     window_load_1_reg_2742     |   32   |
|     window_load_2_reg_2652     |   32   |
|     window_load_3_reg_2562     |   32   |
|     window_load_4_reg_2477     |   32   |
|      window_load_reg_2832      |   32   |
+--------------------------------+--------+
|              Total             |  5072  |
+--------------------------------+--------+

* Multiplexer (MUX) list: 
|---------------------|------|------|------|--------||---------||---------|
|         Comp        |  Pin | Size |  BW  | S x BW ||  Delay  ||   LUT   |
|---------------------|------|------|------|--------||---------||---------|
|   grp_write_fu_550  |  p8  |   2  |  32  |   64   ||    9    |
|  grp_access_fu_587  |  p0  |   2  |   8  |   16   ||    9    |
|  grp_access_fu_600  |  p0  |   2  |   8  |   16   ||    9    |
|  grp_access_fu_613  |  p0  |   2  |   8  |   16   ||    9    |
|  grp_access_fu_626  |  p0  |   2  |   8  |   16   ||    9    |
| new_pixel_1_reg_648 |  p0  |   2  |  32  |   64   ||    9    |
|      grp_fu_661     |  p0  |   2  |  32  |   64   ||    9    |
|      grp_fu_666     |  p0  |   2  |  32  |   64   ||    9    |
|      grp_fu_684     |  p0  |   2  |  32  |   64   ||    9    |
|      grp_fu_693     |  p0  |   2  |  32  |   64   ||    9    |
|      grp_fu_714     |  p0  |   2  |  32  |   64   ||    9    |
|      grp_fu_723     |  p0  |   2  |  32  |   64   ||    9    |
|      grp_fu_744     |  p0  |   2  |  32  |   64   ||    9    |
|      grp_fu_753     |  p0  |   2  |  32  |   64   ||    9    |
|      grp_fu_774     |  p0  |   2  |  32  |   64   ||    9    |
|      grp_fu_783     |  p0  |   2  |  32  |   64   ||    9    |
|      grp_fu_812     |  p0  |   2  |  32  |   64   ||    9    |
|      grp_fu_816     |  p0  |   2  |  32  |   64   ||    9    |
|      grp_fu_824     |  p0  |   2  |  32  |   64   ||    9    |
|      grp_fu_828     |  p0  |   2  |  32  |   64   ||    9    |
|      grp_fu_832     |  p0  |   2  |  32  |   64   ||    9    |
|      grp_fu_836     |  p0  |   2  |  32  |   64   ||    9    |
|      grp_fu_844     |  p0  |   2  |  32  |   64   ||    9    |
|      grp_fu_848     |  p0  |   2  |  32  |   64   ||    9    |
|      grp_fu_852     |  p0  |   2  |  32  |   64   ||    9    |
|      grp_fu_856     |  p0  |   2  |  32  |   64   ||    9    |
|      grp_fu_864     |  p0  |   2  |  32  |   64   ||    9    |
|      grp_fu_868     |  p0  |   2  |  32  |   64   ||    9    |
|      grp_fu_872     |  p0  |   2  |  32  |   64   ||    9    |
|      grp_fu_876     |  p0  |   2  |  32  |   64   ||    9    |
|      grp_fu_884     |  p0  |   2  |  32  |   64   ||    9    |
|      grp_fu_888     |  p0  |   2  |  32  |   64   ||    9    |
|      grp_fu_892     |  p0  |   2  |  32  |   64   ||    9    |
|      grp_fu_896     |  p0  |   2  |  32  |   64   ||    9    |
|      grp_fu_905     |  p0  |   2  |  32  |   64   ||    9    |
|      grp_fu_909     |  p0  |   2  |  32  |   64   ||    9    |
|---------------------|------|------|------|--------||---------||---------|
|        Total        |      |      |      |  2112  ||  57.168 ||   324   |
|---------------------|------|------|------|--------||---------||---------|



* Summary:
+-----------+--------+--------+--------+--------+--------+
|           |  BRAM  |   DSP  |  Delay |   FF   |   LUT  |
+-----------+--------+--------+--------+--------+--------+
|  Function |    -   |   148  |    -   |  10750 |  22481 |
|   Memory  |    4   |    -   |    -   |    0   |    0   |
|Multiplexer|    -   |    -   |   57   |    -   |   324  |
|  Register |    -   |    -   |    -   |  5072  |    -   |
+-----------+--------+--------+--------+--------+--------+
|   Total   |    4   |   148  |   57   |  15822 |  22805 |
+-----------+--------+--------+--------+--------+--------+
