==============================================================
Vitis HLS - High-Level Synthesis from C, C++ and OpenCL v2021.1 (64-bit)
Copyright 1986-2021 Xilinx, Inc. All Rights Reserved.
==============================================================
INFO: [SYN 201-201] Setting up clock 'default' with a period of 10ns.
INFO: [SYN 201-201] Setting up clock 'default' with an uncertainty of 1.25ns.
INFO: [HLS 200-1611] Setting target device to 'xc7z020-clg400-1'
INFO: [HLS 200-1505] Using flow_target 'vivado'
INFO: [HLS 200-1464] Running solution command: config_export -format=ip_catalog
INFO: [HLS 200-1464] Running solution command: config_export -output=D:/IITMadrasICS/1-2/EE5332Project/conv2dfloat.zip
INFO: [HLS 200-1464] Running solution command: config_export -rtl=verilog
INFO: [HLS 200-1510] Running: set_part xc7z020clg400-1 
INFO: [HLS 200-1510] Running: create_clock -period 10 -name default 
INFO: [HLS 200-1510] Running: config_export -format ip_catalog -output D:/IITMadrasICS/1-2/EE5332Project/conv2dfloat.zip -rtl verilog 
INFO: [HLS 200-1510] Running: set_clock_uncertainty 1.25 
INFO: [HLS 200-1510] Running: set_directive_top -name conv2d conv2d 
INFO: [HLS 200-1510] Running: set_directive_pipeline -II 1 conv2d/COL_SLIDE 
INFO: [HLS 200-1510] Running: set_directive_array_partition -type complete -dim 0 conv2d kernel_in 
INFO: [HLS 200-1510] Running: set_directive_allocation -type operation -limit 1 conv2d/MACi fadd 
INFO: [HLS 200-1510] Running: csynth_design 
INFO: [HLS 200-111] Finished File checks and directory preparation: CPU user time: 0 seconds. CPU system time: 0 seconds. Elapsed time: 0.04 seconds; current allocated memory: 1007.205 MB.
INFO: [HLS 200-10] Analyzing design file 'twodconv.cpp' ... 
WARNING: [HLS 207-5528] Ignore interface attribute or pragma which is not used in top function: twodconv.cpp:25:9
WARNING: [HLS 207-5301] unused parameter 'print': D:/Xilinx/Vitis_HLS/2021.1/common/technology/autopilot\ap_int_base.h:792:16
INFO: [HLS 200-111] Finished Source Code Analysis and Preprocessing: CPU user time: 2 seconds. CPU system time: 0 seconds. Elapsed time: 4.946 seconds; current allocated memory: 117.430 MB.
INFO: [HLS 200-777] Using interface defaults for 'Vivado' flow target.
INFO: [HLS 214-279] Initial Interval estimation mode is set into default.
INFO: [HLS 214-284] Auto array partition mode is set into default.
INFO: [HLS 214-131] Inlining function 'hls::axis<ap_int<32>, 1ul, 1ul, 1ul>::get_user_ptr()' into 'hls::stream<hls::axis<ap_int<32>, 1ul, 1ul, 1ul>, 0>::read()' (D:/Xilinx/Vitis_HLS/2021.1/common/technology/autopilot\ap_axi_sdata.h:293:50)
INFO: [HLS 214-131] Inlining function 'hls::axis<ap_int<32>, 1ul, 1ul, 1ul>::get_dest_ptr()' into 'hls::stream<hls::axis<ap_int<32>, 1ul, 1ul, 1ul>, 0>::read()' (D:/Xilinx/Vitis_HLS/2021.1/common/technology/autopilot\ap_axi_sdata.h:296:25)
INFO: [HLS 214-131] Inlining function 'hls::axis<ap_int<32>, 1ul, 1ul, 1ul>::get_id_ptr()' into 'hls::stream<hls::axis<ap_int<32>, 1ul, 1ul, 1ul>, 0>::read()' (D:/Xilinx/Vitis_HLS/2021.1/common/technology/autopilot\ap_axi_sdata.h:295:67)
INFO: [HLS 214-131] Inlining function 'hls::axis<ap_int<32>, 1ul, 1ul, 1ul>::get_user_ptr()' into 'hls::stream<hls::axis<ap_int<32>, 1ul, 1ul, 1ul>, 0>::read()' (D:/Xilinx/Vitis_HLS/2021.1/common/technology/autopilot\ap_axi_sdata.h:295:36)
INFO: [HLS 214-131] Inlining function 'hls::axis<ap_int<32>, 1ul, 1ul, 1ul>::get_dest_ptr()' into 'hls::stream<hls::axis<ap_int<32>, 1ul, 1ul, 1ul>, 0>::read()' (D:/Xilinx/Vitis_HLS/2021.1/common/technology/autopilot\ap_axi_sdata.h:294:39)
INFO: [HLS 214-131] Inlining function 'hls::axis<ap_int<32>, 1ul, 1ul, 1ul>::get_id_ptr()' into 'hls::stream<hls::axis<ap_int<32>, 1ul, 1ul, 1ul>, 0>::read()' (D:/Xilinx/Vitis_HLS/2021.1/common/technology/autopilot\ap_axi_sdata.h:294:23)
INFO: [HLS 214-131] Inlining function 'ap_int_base<32, true>::operator long long() const' into 'unpack(ap_int<32>)' (twodconv.cpp:6:23)
INFO: [HLS 214-131] Inlining function 'hls::axis<ap_int<32>, 1ul, 1ul, 1ul>::get_user_ptr()' into 'hls::stream<hls::axis<ap_int<32>, 1ul, 1ul, 1ul>, 0>::write(hls::axis<ap_int<32>, 1ul, 1ul, 1ul> const&)' (D:/Xilinx/Vitis_HLS/2021.1/common/technology/autopilot\ap_axi_sdata.h:304:51)
INFO: [HLS 214-131] Inlining function 'hls::axis<ap_int<32>, 1ul, 1ul, 1ul>::get_dest_ptr()' into 'hls::stream<hls::axis<ap_int<32>, 1ul, 1ul, 1ul>, 0>::write(hls::axis<ap_int<32>, 1ul, 1ul, 1ul> const&)' (D:/Xilinx/Vitis_HLS/2021.1/common/technology/autopilot\ap_axi_sdata.h:307:26)
INFO: [HLS 214-131] Inlining function 'hls::axis<ap_int<32>, 1ul, 1ul, 1ul>::get_id_ptr()' into 'hls::stream<hls::axis<ap_int<32>, 1ul, 1ul, 1ul>, 0>::write(hls::axis<ap_int<32>, 1ul, 1ul, 1ul> const&)' (D:/Xilinx/Vitis_HLS/2021.1/common/technology/autopilot\ap_axi_sdata.h:306:68)
INFO: [HLS 214-131] Inlining function 'hls::axis<ap_int<32>, 1ul, 1ul, 1ul>::get_user_ptr()' into 'hls::stream<hls::axis<ap_int<32>, 1ul, 1ul, 1ul>, 0>::write(hls::axis<ap_int<32>, 1ul, 1ul, 1ul> const&)' (D:/Xilinx/Vitis_HLS/2021.1/common/technology/autopilot\ap_axi_sdata.h:306:37)
INFO: [HLS 214-131] Inlining function 'hls::axis<ap_int<32>, 1ul, 1ul, 1ul>::get_dest_ptr()' into 'hls::stream<hls::axis<ap_int<32>, 1ul, 1ul, 1ul>, 0>::write(hls::axis<ap_int<32>, 1ul, 1ul, 1ul> const&)' (D:/Xilinx/Vitis_HLS/2021.1/common/technology/autopilot\ap_axi_sdata.h:305:40)
INFO: [HLS 214-131] Inlining function 'hls::axis<ap_int<32>, 1ul, 1ul, 1ul>::get_id_ptr()' into 'hls::stream<hls::axis<ap_int<32>, 1ul, 1ul, 1ul>, 0>::write(hls::axis<ap_int<32>, 1ul, 1ul, 1ul> const&)' (D:/Xilinx/Vitis_HLS/2021.1/common/technology/autopilot\ap_axi_sdata.h:305:24)
INFO: [HLS 214-131] Inlining function 'hls::stream<hls::axis<ap_int<32>, 1ul, 1ul, 1ul>, 0>::read()' into 'conv2d(hls::stream<hls::axis<ap_int<32>, 1ul, 1ul, 1ul>, 0>&, hls::stream<hls::axis<ap_int<32>, 1ul, 1ul, 1ul>, 0>&, float (*) [3], int)' (twodconv.cpp:58:36)
INFO: [HLS 214-131] Inlining function 'hls::stream<hls::axis<ap_int<32>, 1ul, 1ul, 1ul>, 0>::write(hls::axis<ap_int<32>, 1ul, 1ul, 1ul> const&)' into 'conv2d(hls::stream<hls::axis<ap_int<32>, 1ul, 1ul, 1ul>, 0>&, hls::stream<hls::axis<ap_int<32>, 1ul, 1ul, 1ul>, 0>&, float (*) [3], int)' (twodconv.cpp:94:28)
INFO: [HLS 214-178] Inlining function 'unpack(ap_int<32>)' into 'conv2d(hls::stream<hls::axis<ap_int<32>, 1ul, 1ul, 1ul>, 0>&, hls::stream<hls::axis<ap_int<32>, 1ul, 1ul, 1ul>, 0>&, float (*) [3], int)' (twodconv.cpp:20:0)
INFO: [HLS 214-178] Inlining function 'pack(float)' into 'conv2d(hls::stream<hls::axis<ap_int<32>, 1ul, 1ul, 1ul>, 0>&, hls::stream<hls::axis<ap_int<32>, 1ul, 1ul, 1ul>, 0>&, float (*) [3], int)' (twodconv.cpp:20:0)
INFO: [HLS 214-248] Applying array_partition to 'kernel_in': Complete partitioning on dimension 1. Complete partitioning on dimension 2. (twodconv.cpp:20:0)
INFO: [HLS 214-270] Starting automatic array partition analysis...
INFO: [HLS 200-111] Finished Compiling Optimization and Transform: CPU user time: 0 seconds. CPU system time: 0 seconds. Elapsed time: 5.5 seconds; current allocated memory: 119.536 MB.
INFO: [HLS 200-111] Finished Checking Pragmas: CPU user time: 0 seconds. CPU system time: 0 seconds. Elapsed time: 0.026 seconds; current allocated memory: 119.537 MB.
INFO: [HLS 200-10] Starting code transformations ...
INFO: [HLS 200-111] Finished Standard Transforms: CPU user time: 0 seconds. CPU system time: 0 seconds. Elapsed time: 0.175 seconds; current allocated memory: 126.426 MB.
INFO: [HLS 200-10] Checking synthesizability ...
INFO: [HLS 200-111] Finished Checking Synthesizability: CPU user time: 1 seconds. CPU system time: 0 seconds. Elapsed time: 0.177 seconds; current allocated memory: 134.769 MB.
WARNING: [XFORM 203-803] Dropped interface mode 'ap_auto' on 'kernel_in_0_0' as it is incompatible with its interface mode 's_axilite'.
WARNING: [XFORM 203-803] Dropped interface mode 'ap_auto' on 'kernel_in_0_1' as it is incompatible with its interface mode 's_axilite'.
WARNING: [XFORM 203-803] Dropped interface mode 'ap_auto' on 'kernel_in_0_2' as it is incompatible with its interface mode 's_axilite'.
WARNING: [XFORM 203-803] Dropped interface mode 'ap_auto' on 'kernel_in_1_0' as it is incompatible with its interface mode 's_axilite'.
WARNING: [XFORM 203-803] Dropped interface mode 'ap_auto' on 'kernel_in_1_1' as it is incompatible with its interface mode 's_axilite'.
WARNING: [XFORM 203-803] Dropped interface mode 'ap_auto' on 'kernel_in_1_2' as it is incompatible with its interface mode 's_axilite'.
WARNING: [XFORM 203-803] Dropped interface mode 'ap_auto' on 'kernel_in_2_0' as it is incompatible with its interface mode 's_axilite'.
WARNING: [XFORM 203-803] Dropped interface mode 'ap_auto' on 'kernel_in_2_1' as it is incompatible with its interface mode 's_axilite'.
WARNING: [XFORM 203-803] Dropped interface mode 'ap_auto' on 'kernel_in_2_2' as it is incompatible with its interface mode 's_axilite'.
INFO: [XFORM 203-502] Unrolling all sub-loops inside loop 'COL_SLIDE' (twodconv.cpp:43) in function 'conv2d' for pipelining.
INFO: [HLS 200-489] Unrolling loop 'UPDATE_WINDOW_ROW' (twodconv.cpp:47) in function 'conv2d' completely with a factor of 3.
INFO: [HLS 200-489] Unrolling loop 'UPDATE_WINDOW_COL' (twodconv.cpp:49) in function 'conv2d' completely with a factor of 2.
INFO: [HLS 200-489] Unrolling loop 'UPDATE_BUF' (twodconv.cpp:62) in function 'conv2d' completely with a factor of 2.
INFO: [HLS 200-489] Unrolling loop 'MACi' (twodconv.cpp:37) in function 'conv2d' completely with a factor of 3.
INFO: [HLS 200-489] Unrolling loop 'MACj' (twodconv.cpp:37) in function 'conv2d' completely with a factor of 3.
INFO: [XFORM 203-101] Partitioning array 'line_buf'  in dimension 1 completely.
INFO: [XFORM 203-101] Partitioning array 'window'  in dimension 1 completely.
INFO: [XFORM 203-101] Partitioning array 'window'  in dimension 2 completely.
INFO: [XFORM 203-11] Balancing expressions in function 'conv2d' (twodconv.cpp:7:47)...3 expression(s) balanced.
INFO: [HLS 200-111] Finished Loop, function and other optimizations: CPU user time: 0 seconds. CPU system time: 0 seconds. Elapsed time: 0.676 seconds; current allocated memory: 165.268 MB.
INFO: [XFORM 203-541] Flattening a loop nest 'ROW_SLIDE' (twodconv.cpp:41:14) in function 'conv2d'.
INFO: [HLS 200-472] Inferring partial write operation for 'line_buf.0' (twodconv.cpp:67:38)
INFO: [HLS 200-111] Finished Architecture Synthesis: CPU user time: 0 seconds. CPU system time: 0 seconds. Elapsed time: 0.225 seconds; current allocated memory: 162.855 MB.
INFO: [HLS 200-10] Starting hardware synthesis ...
INFO: [HLS 200-10] Synthesizing 'conv2d' ...
INFO: [HLS 200-10] ----------------------------------------------------------------
INFO: [HLS 200-42] -- Implementing module 'conv2d' 
INFO: [HLS 200-10] ----------------------------------------------------------------
INFO: [SCHED 204-11] Starting scheduling ...
INFO: [SCHED 204-61] Pipelining loop 'ROW_SLIDE_COL_SLIDE'.
WARNING: [HLS 200-882] User specified resource constraint cannot be honored operation type fadd(II = 1)..
WARNING: [HLS 200-885] The II Violation in module 'conv2d' (loop 'ROW_SLIDE_COL_SLIDE'): Unable to schedule 'fadd' operation ('acc_1_0_2', twodconv.cpp:83) due to limited resources (II = 2).
WARNING: [HLS 200-885] The II Violation in module 'conv2d' (loop 'ROW_SLIDE_COL_SLIDE'): Unable to schedule 'fadd' operation ('acc_1_1', twodconv.cpp:83) due to limited resources (II = 3).
WARNING: [HLS 200-885] The II Violation in module 'conv2d' (loop 'ROW_SLIDE_COL_SLIDE'): Unable to schedule 'fadd' operation ('acc_1_1_1', twodconv.cpp:83) due to limited resources (II = 4).
WARNING: [HLS 200-885] The II Violation in module 'conv2d' (loop 'ROW_SLIDE_COL_SLIDE'): Unable to schedule 'fadd' operation ('acc_1_2_1', twodconv.cpp:83) due to limited resources (II = 7).
WARNING: [HLS 200-885] The II Violation in module 'conv2d' (loop 'ROW_SLIDE_COL_SLIDE'): Unable to schedule 'fadd' operation ('acc_1_2_2', twodconv.cpp:83) due to limited resources (II = 8).
INFO: [HLS 200-1470] Pipelining result : Target II = 1, Final II = 9, Depth = 50, loop 'ROW_SLIDE_COL_SLIDE'
INFO: [SCHED 204-11] Finished scheduling.
INFO: [HLS 200-111] Finished Scheduling: CPU user time: 1 seconds. CPU system time: 0 seconds. Elapsed time: 0.803 seconds; current allocated memory: 163.544 MB.
INFO: [BIND 205-100] Starting micro-architecture generation ...
INFO: [BIND 205-101] Performing variable lifetime analysis.
INFO: [BIND 205-101] Exploring resource sharing.
INFO: [BIND 205-101] Binding ...
INFO: [BIND 205-100] Starting global binding ...
INFO: [BIND 205-100] Finished micro-architecture generation.
INFO: [HLS 200-111] Finished Binding: CPU user time: 0 seconds. CPU system time: 0 seconds. Elapsed time: 0.51 seconds; current allocated memory: 164.501 MB.
INFO: [HLS 200-10] ----------------------------------------------------------------
INFO: [HLS 200-10] -- Generating RTL for module 'conv2d' 
INFO: [HLS 200-10] ----------------------------------------------------------------
WARNING: [RTGEN 206-101] Design contains AXI ports. Reset is fixed to synchronous and active low.
INFO: [RTGEN 206-500] Setting interface mode on port 'conv2d/in_stream_V_data_V' to 'axis' (register, both mode).
INFO: [RTGEN 206-500] Setting interface mode on port 'conv2d/in_stream_V_keep_V' to 'axis' (register, both mode).
INFO: [RTGEN 206-500] Setting interface mode on port 'conv2d/in_stream_V_strb_V' to 'axis' (register, both mode).
INFO: [RTGEN 206-500] Setting interface mode on port 'conv2d/in_stream_V_user_V' to 'axis' (register, both mode).
INFO: [RTGEN 206-500] Setting interface mode on port 'conv2d/in_stream_V_last_V' to 'axis' (register, both mode).
INFO: [RTGEN 206-500] Setting interface mode on port 'conv2d/in_stream_V_id_V' to 'axis' (register, both mode).
INFO: [RTGEN 206-500] Setting interface mode on port 'conv2d/in_stream_V_dest_V' to 'axis' (register, both mode).
INFO: [RTGEN 206-500] Setting interface mode on port 'conv2d/out_stream_V_data_V' to 'axis' (register, both mode).
INFO: [RTGEN 206-500] Setting interface mode on port 'conv2d/out_stream_V_keep_V' to 'axis' (register, both mode).
INFO: [RTGEN 206-500] Setting interface mode on port 'conv2d/out_stream_V_strb_V' to 'axis' (register, both mode).
INFO: [RTGEN 206-500] Setting interface mode on port 'conv2d/out_stream_V_user_V' to 'axis' (register, both mode).
INFO: [RTGEN 206-500] Setting interface mode on port 'conv2d/out_stream_V_last_V' to 'axis' (register, both mode).
INFO: [RTGEN 206-500] Setting interface mode on port 'conv2d/out_stream_V_id_V' to 'axis' (register, both mode).
INFO: [RTGEN 206-500] Setting interface mode on port 'conv2d/out_stream_V_dest_V' to 'axis' (register, both mode).
INFO: [RTGEN 206-500] Setting interface mode on port 'conv2d/kernel_in_0_0' to 's_axilite & ap_none'.
INFO: [RTGEN 206-500] Setting interface mode on port 'conv2d/kernel_in_0_1' to 's_axilite & ap_none'.
INFO: [RTGEN 206-500] Setting interface mode on port 'conv2d/kernel_in_0_2' to 's_axilite & ap_none'.
INFO: [RTGEN 206-500] Setting interface mode on port 'conv2d/kernel_in_1_0' to 's_axilite & ap_none'.
INFO: [RTGEN 206-500] Setting interface mode on port 'conv2d/kernel_in_1_1' to 's_axilite & ap_none'.
INFO: [RTGEN 206-500] Setting interface mode on port 'conv2d/kernel_in_1_2' to 's_axilite & ap_none'.
INFO: [RTGEN 206-500] Setting interface mode on port 'conv2d/kernel_in_2_0' to 's_axilite & ap_none'.
INFO: [RTGEN 206-500] Setting interface mode on port 'conv2d/kernel_in_2_1' to 's_axilite & ap_none'.
INFO: [RTGEN 206-500] Setting interface mode on port 'conv2d/kernel_in_2_2' to 's_axilite & ap_none'.
INFO: [RTGEN 206-500] Setting interface mode on port 'conv2d/img_size' to 's_axilite & ap_none'.
INFO: [RTGEN 206-500] Setting interface mode on function 'conv2d' to 's_axilite & ap_ctrl_hs'.
WARNING: [RTGEN 206-101] Register 'window_0_1' is power-on initialization.
WARNING: [RTGEN 206-101] Register 'window_1_1' is power-on initialization.
WARNING: [RTGEN 206-101] Register 'window_2_1' is power-on initialization.
WARNING: [RTGEN 206-101] Register 'window_0_2' is power-on initialization.
WARNING: [RTGEN 206-101] Register 'window_1_2' is power-on initialization.
WARNING: [RTGEN 206-101] Register 'window_2_2' is power-on initialization.
INFO: [RTGEN 206-100] Bundling port 'kernel_in_0_0', 'kernel_in_0_1', 'kernel_in_0_2', 'kernel_in_1_0', 'kernel_in_1_1', 'kernel_in_1_2', 'kernel_in_2_0', 'kernel_in_2_1', 'kernel_in_2_2', 'img_size' and 'return' to AXI-Lite port control.
INFO: [RTGEN 206-100] Generating core module 'fadd_32ns_32ns_32_5_full_dsp_1': 1 instance(s).
INFO: [RTGEN 206-100] Generating core module 'fmul_32ns_32ns_32_4_max_dsp_1': 1 instance(s).
INFO: [RTGEN 206-100] Generating core module 'mul_32ns_32ns_64_1_1': 1 instance(s).
INFO: [RTGEN 206-100] Finished creating RTL model for 'conv2d'.
INFO: [HLS 200-111] Finished Creating RTL model: CPU user time: 1 seconds. CPU system time: 0 seconds. Elapsed time: 1.03 seconds; current allocated memory: 166.324 MB.
INFO: [RTMG 210-278] Implementing memory 'conv2d_line_buf_0_ram (RAM_2P_BRAM)' using block RAMs with power-on initialization.
INFO: [HLS 200-111] Finished Generating all RTL models: CPU user time: 1 seconds. CPU system time: 0 seconds. Elapsed time: 1.633 seconds; current allocated memory: 171.428 MB.
INFO: [HLS 200-111] Finished Updating report files: CPU user time: 0 seconds. CPU system time: 0 seconds. Elapsed time: 0.755 seconds; current allocated memory: 176.365 MB.
INFO: [VHDL 208-304] Generating VHDL RTL for conv2d.
INFO: [VLOG 209-307] Generating Verilog RTL for conv2d.
INFO: [HLS 200-790] **** Loop Constraint Status: All loop constraints were NOT satisfied.
INFO: [HLS 200-789] **** Estimated Fmax: 117.51 MHz
INFO: [HLS 200-111] Finished Command csynth_design CPU user time: 6 seconds. CPU system time: 0 seconds. Elapsed time: 16.617 seconds; current allocated memory: 176.351 MB.
INFO: [HLS 200-112] Total CPU user time: 8 seconds. Total CPU system time: 1 seconds. Total elapsed time: 17.882 seconds; peak allocated memory: 1007.205 MB.
==============================================================
Vitis HLS - High-Level Synthesis from C, C++ and OpenCL v2021.1 (64-bit)
Copyright 1986-2021 Xilinx, Inc. All Rights Reserved.
==============================================================
INFO: [SYN 201-201] Setting up clock 'default' with a period of 10ns.
INFO: [SYN 201-201] Setting up clock 'default' with an uncertainty of 1.25ns.
INFO: [HLS 200-1611] Setting target device to 'xc7z020-clg400-1'
INFO: [HLS 200-1505] Using flow_target 'vivado'
INFO: [HLS 200-1464] Running solution command: config_export -format=ip_catalog
INFO: [HLS 200-1464] Running solution command: config_export -output=D:/IITMadrasICS/1-2/EE5332Project/conv2dfloat.zip
INFO: [HLS 200-1464] Running solution command: config_export -rtl=verilog
INFO: [HLS 200-1510] Running: set_part xc7z020clg400-1 
INFO: [HLS 200-1510] Running: create_clock -period 10 -name default 
INFO: [HLS 200-1510] Running: config_export -format ip_catalog -output D:/IITMadrasICS/1-2/EE5332Project/conv2dfloat.zip -rtl verilog 
INFO: [HLS 200-1510] Running: set_clock_uncertainty 1.25 
INFO: [HLS 200-1510] Running: set_directive_top -name conv2d conv2d 
INFO: [HLS 200-1510] Running: set_directive_pipeline -II 1 conv2d/COL_SLIDE 
INFO: [HLS 200-1510] Running: set_directive_array_partition -type complete -dim 0 conv2d kernel_in 
INFO: [HLS 200-1510] Running: csynth_design 
INFO: [HLS 200-111] Finished File checks and directory preparation: CPU user time: 0 seconds. CPU system time: 0 seconds. Elapsed time: 0.045 seconds; current allocated memory: 1007.220 MB.
INFO: [HLS 200-10] Analyzing design file 'twodconv.cpp' ... 
WARNING: [HLS 207-5528] Ignore interface attribute or pragma which is not used in top function: twodconv.cpp:25:9
WARNING: [HLS 207-5301] unused parameter 'print': D:/Xilinx/Vitis_HLS/2021.1/common/technology/autopilot\ap_int_base.h:792:16
INFO: [HLS 200-111] Finished Source Code Analysis and Preprocessing: CPU user time: 2 seconds. CPU system time: 0 seconds. Elapsed time: 4.246 seconds; current allocated memory: 117.414 MB.
INFO: [HLS 200-777] Using interface defaults for 'Vivado' flow target.
INFO: [HLS 214-279] Initial Interval estimation mode is set into default.
INFO: [HLS 214-284] Auto array partition mode is set into default.
INFO: [HLS 214-131] Inlining function 'hls::axis<ap_int<32>, 1ul, 1ul, 1ul>::get_user_ptr()' into 'hls::stream<hls::axis<ap_int<32>, 1ul, 1ul, 1ul>, 0>::read()' (D:/Xilinx/Vitis_HLS/2021.1/common/technology/autopilot\ap_axi_sdata.h:293:50)
INFO: [HLS 214-131] Inlining function 'hls::axis<ap_int<32>, 1ul, 1ul, 1ul>::get_dest_ptr()' into 'hls::stream<hls::axis<ap_int<32>, 1ul, 1ul, 1ul>, 0>::read()' (D:/Xilinx/Vitis_HLS/2021.1/common/technology/autopilot\ap_axi_sdata.h:296:25)
INFO: [HLS 214-131] Inlining function 'hls::axis<ap_int<32>, 1ul, 1ul, 1ul>::get_id_ptr()' into 'hls::stream<hls::axis<ap_int<32>, 1ul, 1ul, 1ul>, 0>::read()' (D:/Xilinx/Vitis_HLS/2021.1/common/technology/autopilot\ap_axi_sdata.h:295:67)
INFO: [HLS 214-131] Inlining function 'hls::axis<ap_int<32>, 1ul, 1ul, 1ul>::get_user_ptr()' into 'hls::stream<hls::axis<ap_int<32>, 1ul, 1ul, 1ul>, 0>::read()' (D:/Xilinx/Vitis_HLS/2021.1/common/technology/autopilot\ap_axi_sdata.h:295:36)
INFO: [HLS 214-131] Inlining function 'hls::axis<ap_int<32>, 1ul, 1ul, 1ul>::get_dest_ptr()' into 'hls::stream<hls::axis<ap_int<32>, 1ul, 1ul, 1ul>, 0>::read()' (D:/Xilinx/Vitis_HLS/2021.1/common/technology/autopilot\ap_axi_sdata.h:294:39)
INFO: [HLS 214-131] Inlining function 'hls::axis<ap_int<32>, 1ul, 1ul, 1ul>::get_id_ptr()' into 'hls::stream<hls::axis<ap_int<32>, 1ul, 1ul, 1ul>, 0>::read()' (D:/Xilinx/Vitis_HLS/2021.1/common/technology/autopilot\ap_axi_sdata.h:294:23)
INFO: [HLS 214-131] Inlining function 'ap_int_base<32, true>::operator long long() const' into 'unpack(ap_int<32>)' (twodconv.cpp:6:23)
INFO: [HLS 214-131] Inlining function 'hls::axis<ap_int<32>, 1ul, 1ul, 1ul>::get_user_ptr()' into 'hls::stream<hls::axis<ap_int<32>, 1ul, 1ul, 1ul>, 0>::write(hls::axis<ap_int<32>, 1ul, 1ul, 1ul> const&)' (D:/Xilinx/Vitis_HLS/2021.1/common/technology/autopilot\ap_axi_sdata.h:304:51)
INFO: [HLS 214-131] Inlining function 'hls::axis<ap_int<32>, 1ul, 1ul, 1ul>::get_dest_ptr()' into 'hls::stream<hls::axis<ap_int<32>, 1ul, 1ul, 1ul>, 0>::write(hls::axis<ap_int<32>, 1ul, 1ul, 1ul> const&)' (D:/Xilinx/Vitis_HLS/2021.1/common/technology/autopilot\ap_axi_sdata.h:307:26)
INFO: [HLS 214-131] Inlining function 'hls::axis<ap_int<32>, 1ul, 1ul, 1ul>::get_id_ptr()' into 'hls::stream<hls::axis<ap_int<32>, 1ul, 1ul, 1ul>, 0>::write(hls::axis<ap_int<32>, 1ul, 1ul, 1ul> const&)' (D:/Xilinx/Vitis_HLS/2021.1/common/technology/autopilot\ap_axi_sdata.h:306:68)
INFO: [HLS 214-131] Inlining function 'hls::axis<ap_int<32>, 1ul, 1ul, 1ul>::get_user_ptr()' into 'hls::stream<hls::axis<ap_int<32>, 1ul, 1ul, 1ul>, 0>::write(hls::axis<ap_int<32>, 1ul, 1ul, 1ul> const&)' (D:/Xilinx/Vitis_HLS/2021.1/common/technology/autopilot\ap_axi_sdata.h:306:37)
INFO: [HLS 214-131] Inlining function 'hls::axis<ap_int<32>, 1ul, 1ul, 1ul>::get_dest_ptr()' into 'hls::stream<hls::axis<ap_int<32>, 1ul, 1ul, 1ul>, 0>::write(hls::axis<ap_int<32>, 1ul, 1ul, 1ul> const&)' (D:/Xilinx/Vitis_HLS/2021.1/common/technology/autopilot\ap_axi_sdata.h:305:40)
INFO: [HLS 214-131] Inlining function 'hls::axis<ap_int<32>, 1ul, 1ul, 1ul>::get_id_ptr()' into 'hls::stream<hls::axis<ap_int<32>, 1ul, 1ul, 1ul>, 0>::write(hls::axis<ap_int<32>, 1ul, 1ul, 1ul> const&)' (D:/Xilinx/Vitis_HLS/2021.1/common/technology/autopilot\ap_axi_sdata.h:305:24)
INFO: [HLS 214-131] Inlining function 'hls::stream<hls::axis<ap_int<32>, 1ul, 1ul, 1ul>, 0>::read()' into 'conv2d(hls::stream<hls::axis<ap_int<32>, 1ul, 1ul, 1ul>, 0>&, hls::stream<hls::axis<ap_int<32>, 1ul, 1ul, 1ul>, 0>&, float (*) [3], int)' (twodconv.cpp:58:36)
INFO: [HLS 214-131] Inlining function 'hls::stream<hls::axis<ap_int<32>, 1ul, 1ul, 1ul>, 0>::write(hls::axis<ap_int<32>, 1ul, 1ul, 1ul> const&)' into 'conv2d(hls::stream<hls::axis<ap_int<32>, 1ul, 1ul, 1ul>, 0>&, hls::stream<hls::axis<ap_int<32>, 1ul, 1ul, 1ul>, 0>&, float (*) [3], int)' (twodconv.cpp:94:28)
INFO: [HLS 214-178] Inlining function 'unpack(ap_int<32>)' into 'conv2d(hls::stream<hls::axis<ap_int<32>, 1ul, 1ul, 1ul>, 0>&, hls::stream<hls::axis<ap_int<32>, 1ul, 1ul, 1ul>, 0>&, float (*) [3], int)' (twodconv.cpp:20:0)
INFO: [HLS 214-178] Inlining function 'pack(float)' into 'conv2d(hls::stream<hls::axis<ap_int<32>, 1ul, 1ul, 1ul>, 0>&, hls::stream<hls::axis<ap_int<32>, 1ul, 1ul, 1ul>, 0>&, float (*) [3], int)' (twodconv.cpp:20:0)
INFO: [HLS 214-248] Applying array_partition to 'kernel_in': Complete partitioning on dimension 1. Complete partitioning on dimension 2. (twodconv.cpp:20:0)
INFO: [HLS 214-270] Starting automatic array partition analysis...
INFO: [HLS 200-111] Finished Compiling Optimization and Transform: CPU user time: 0 seconds. CPU system time: 0 seconds. Elapsed time: 4.421 seconds; current allocated memory: 119.488 MB.
INFO: [HLS 200-111] Finished Checking Pragmas: CPU user time: 0 seconds. CPU system time: 0 seconds. Elapsed time: 0.016 seconds; current allocated memory: 119.489 MB.
INFO: [HLS 200-10] Starting code transformations ...
INFO: [HLS 200-111] Finished Standard Transforms: CPU user time: 0 seconds. CPU system time: 0 seconds. Elapsed time: 0.095 seconds; current allocated memory: 126.372 MB.
INFO: [HLS 200-10] Checking synthesizability ...
INFO: [HLS 200-111] Finished Checking Synthesizability: CPU user time: 0 seconds. CPU system time: 0 seconds. Elapsed time: 0.125 seconds; current allocated memory: 134.715 MB.
WARNING: [XFORM 203-803] Dropped interface mode 'ap_auto' on 'kernel_in_0_0' as it is incompatible with its interface mode 's_axilite'.
WARNING: [XFORM 203-803] Dropped interface mode 'ap_auto' on 'kernel_in_0_1' as it is incompatible with its interface mode 's_axilite'.
WARNING: [XFORM 203-803] Dropped interface mode 'ap_auto' on 'kernel_in_0_2' as it is incompatible with its interface mode 's_axilite'.
WARNING: [XFORM 203-803] Dropped interface mode 'ap_auto' on 'kernel_in_1_0' as it is incompatible with its interface mode 's_axilite'.
WARNING: [XFORM 203-803] Dropped interface mode 'ap_auto' on 'kernel_in_1_1' as it is incompatible with its interface mode 's_axilite'.
WARNING: [XFORM 203-803] Dropped interface mode 'ap_auto' on 'kernel_in_1_2' as it is incompatible with its interface mode 's_axilite'.
WARNING: [XFORM 203-803] Dropped interface mode 'ap_auto' on 'kernel_in_2_0' as it is incompatible with its interface mode 's_axilite'.
WARNING: [XFORM 203-803] Dropped interface mode 'ap_auto' on 'kernel_in_2_1' as it is incompatible with its interface mode 's_axilite'.
WARNING: [XFORM 203-803] Dropped interface mode 'ap_auto' on 'kernel_in_2_2' as it is incompatible with its interface mode 's_axilite'.
INFO: [XFORM 203-502] Unrolling all sub-loops inside loop 'COL_SLIDE' (twodconv.cpp:43) in function 'conv2d' for pipelining.
INFO: [HLS 200-489] Unrolling loop 'UPDATE_WINDOW_ROW' (twodconv.cpp:47) in function 'conv2d' completely with a factor of 3.
INFO: [HLS 200-489] Unrolling loop 'UPDATE_WINDOW_COL' (twodconv.cpp:49) in function 'conv2d' completely with a factor of 2.
INFO: [HLS 200-489] Unrolling loop 'UPDATE_BUF' (twodconv.cpp:62) in function 'conv2d' completely with a factor of 2.
INFO: [HLS 200-489] Unrolling loop 'MACi' (twodconv.cpp:37) in function 'conv2d' completely with a factor of 3.
INFO: [HLS 200-489] Unrolling loop 'MACj' (twodconv.cpp:37) in function 'conv2d' completely with a factor of 3.
INFO: [XFORM 203-101] Partitioning array 'line_buf'  in dimension 1 completely.
INFO: [XFORM 203-101] Partitioning array 'window'  in dimension 1 completely.
INFO: [XFORM 203-101] Partitioning array 'window'  in dimension 2 completely.
INFO: [XFORM 203-11] Balancing expressions in function 'conv2d' (twodconv.cpp:7:47)...3 expression(s) balanced.
INFO: [HLS 200-111] Finished Loop, function and other optimizations: CPU user time: 0 seconds. CPU system time: 0 seconds. Elapsed time: 0.435 seconds; current allocated memory: 165.206 MB.
INFO: [XFORM 203-541] Flattening a loop nest 'ROW_SLIDE' (twodconv.cpp:41:14) in function 'conv2d'.
INFO: [HLS 200-472] Inferring partial write operation for 'line_buf.0' (twodconv.cpp:67:38)
INFO: [HLS 200-111] Finished Architecture Synthesis: CPU user time: 1 seconds. CPU system time: 0 seconds. Elapsed time: 0.123 seconds; current allocated memory: 162.710 MB.
INFO: [HLS 200-10] Starting hardware synthesis ...
INFO: [HLS 200-10] Synthesizing 'conv2d' ...
INFO: [HLS 200-10] ----------------------------------------------------------------
INFO: [HLS 200-42] -- Implementing module 'conv2d' 
INFO: [HLS 200-10] ----------------------------------------------------------------
INFO: [SCHED 204-11] Starting scheduling ...
INFO: [SCHED 204-61] Pipelining loop 'ROW_SLIDE_COL_SLIDE'.
INFO: [HLS 200-1470] Pipelining result : Target II = 1, Final II = 1, Depth = 51, loop 'ROW_SLIDE_COL_SLIDE'
INFO: [SCHED 204-11] Finished scheduling.
INFO: [HLS 200-111] Finished Scheduling: CPU user time: 0 seconds. CPU system time: 0 seconds. Elapsed time: 0.455 seconds; current allocated memory: 163.398 MB.
INFO: [BIND 205-100] Starting micro-architecture generation ...
INFO: [BIND 205-101] Performing variable lifetime analysis.
INFO: [BIND 205-101] Exploring resource sharing.
INFO: [BIND 205-101] Binding ...
INFO: [BIND 205-100] Finished micro-architecture generation.
INFO: [HLS 200-111] Finished Binding: CPU user time: 0 seconds. CPU system time: 0 seconds. Elapsed time: 0.411 seconds; current allocated memory: 164.319 MB.
INFO: [HLS 200-10] ----------------------------------------------------------------
INFO: [HLS 200-10] -- Generating RTL for module 'conv2d' 
INFO: [HLS 200-10] ----------------------------------------------------------------
WARNING: [RTGEN 206-101] Design contains AXI ports. Reset is fixed to synchronous and active low.
INFO: [RTGEN 206-500] Setting interface mode on port 'conv2d/in_stream_V_data_V' to 'axis' (register, both mode).
INFO: [RTGEN 206-500] Setting interface mode on port 'conv2d/in_stream_V_keep_V' to 'axis' (register, both mode).
INFO: [RTGEN 206-500] Setting interface mode on port 'conv2d/in_stream_V_strb_V' to 'axis' (register, both mode).
INFO: [RTGEN 206-500] Setting interface mode on port 'conv2d/in_stream_V_user_V' to 'axis' (register, both mode).
INFO: [RTGEN 206-500] Setting interface mode on port 'conv2d/in_stream_V_last_V' to 'axis' (register, both mode).
INFO: [RTGEN 206-500] Setting interface mode on port 'conv2d/in_stream_V_id_V' to 'axis' (register, both mode).
INFO: [RTGEN 206-500] Setting interface mode on port 'conv2d/in_stream_V_dest_V' to 'axis' (register, both mode).
INFO: [RTGEN 206-500] Setting interface mode on port 'conv2d/out_stream_V_data_V' to 'axis' (register, both mode).
INFO: [RTGEN 206-500] Setting interface mode on port 'conv2d/out_stream_V_keep_V' to 'axis' (register, both mode).
INFO: [RTGEN 206-500] Setting interface mode on port 'conv2d/out_stream_V_strb_V' to 'axis' (register, both mode).
INFO: [RTGEN 206-500] Setting interface mode on port 'conv2d/out_stream_V_user_V' to 'axis' (register, both mode).
INFO: [RTGEN 206-500] Setting interface mode on port 'conv2d/out_stream_V_last_V' to 'axis' (register, both mode).
INFO: [RTGEN 206-500] Setting interface mode on port 'conv2d/out_stream_V_id_V' to 'axis' (register, both mode).
INFO: [RTGEN 206-500] Setting interface mode on port 'conv2d/out_stream_V_dest_V' to 'axis' (register, both mode).
INFO: [RTGEN 206-500] Setting interface mode on port 'conv2d/kernel_in_0_0' to 's_axilite & ap_none'.
INFO: [RTGEN 206-500] Setting interface mode on port 'conv2d/kernel_in_0_1' to 's_axilite & ap_none'.
INFO: [RTGEN 206-500] Setting interface mode on port 'conv2d/kernel_in_0_2' to 's_axilite & ap_none'.
INFO: [RTGEN 206-500] Setting interface mode on port 'conv2d/kernel_in_1_0' to 's_axilite & ap_none'.
INFO: [RTGEN 206-500] Setting interface mode on port 'conv2d/kernel_in_1_1' to 's_axilite & ap_none'.
INFO: [RTGEN 206-500] Setting interface mode on port 'conv2d/kernel_in_1_2' to 's_axilite & ap_none'.
INFO: [RTGEN 206-500] Setting interface mode on port 'conv2d/kernel_in_2_0' to 's_axilite & ap_none'.
INFO: [RTGEN 206-500] Setting interface mode on port 'conv2d/kernel_in_2_1' to 's_axilite & ap_none'.
INFO: [RTGEN 206-500] Setting interface mode on port 'conv2d/kernel_in_2_2' to 's_axilite & ap_none'.
INFO: [RTGEN 206-500] Setting interface mode on port 'conv2d/img_size' to 's_axilite & ap_none'.
INFO: [RTGEN 206-500] Setting interface mode on function 'conv2d' to 's_axilite & ap_ctrl_hs'.
WARNING: [RTGEN 206-101] Register 'window_0_1' is power-on initialization.
WARNING: [RTGEN 206-101] Register 'window_1_1' is power-on initialization.
WARNING: [RTGEN 206-101] Register 'window_2_1' is power-on initialization.
WARNING: [RTGEN 206-101] Register 'window_0_2' is power-on initialization.
WARNING: [RTGEN 206-101] Register 'window_1_2' is power-on initialization.
WARNING: [RTGEN 206-101] Register 'window_2_2' is power-on initialization.
INFO: [RTGEN 206-100] Bundling port 'kernel_in_0_0', 'kernel_in_0_1', 'kernel_in_0_2', 'kernel_in_1_0', 'kernel_in_1_1', 'kernel_in_1_2', 'kernel_in_2_0', 'kernel_in_2_1', 'kernel_in_2_2', 'img_size' and 'return' to AXI-Lite port control.
INFO: [RTGEN 206-100] Generating core module 'fadd_32ns_32ns_32_5_full_dsp_1': 9 instance(s).
INFO: [RTGEN 206-100] Generating core module 'fmul_32ns_32ns_32_4_max_dsp_1': 9 instance(s).
INFO: [RTGEN 206-100] Generating core module 'mul_32ns_32ns_64_1_1': 1 instance(s).
INFO: [RTGEN 206-100] Finished creating RTL model for 'conv2d'.
INFO: [HLS 200-111] Finished Creating RTL model: CPU user time: 1 seconds. CPU system time: 0 seconds. Elapsed time: 0.901 seconds; current allocated memory: 166.978 MB.
INFO: [RTMG 210-278] Implementing memory 'conv2d_line_buf_0_ram (RAM_2P_BRAM)' using block RAMs with power-on initialization.
INFO: [HLS 200-111] Finished Generating all RTL models: CPU user time: 1 seconds. CPU system time: 0 seconds. Elapsed time: 1.649 seconds; current allocated memory: 172.256 MB.
INFO: [HLS 200-111] Finished Updating report files: CPU user time: 1 seconds. CPU system time: 0 seconds. Elapsed time: 0.637 seconds; current allocated memory: 177.211 MB.
INFO: [VHDL 208-304] Generating VHDL RTL for conv2d.
INFO: [VLOG 209-307] Generating Verilog RTL for conv2d.
INFO: [HLS 200-790] **** Loop Constraint Status: All loop constraints were satisfied.
INFO: [HLS 200-789] **** Estimated Fmax: 117.51 MHz
INFO: [HLS 200-111] Finished Command csynth_design CPU user time: 6 seconds. CPU system time: 0 seconds. Elapsed time: 13.644 seconds; current allocated memory: 177.197 MB.
INFO: [HLS 200-112] Total CPU user time: 7 seconds. Total CPU system time: 1 seconds. Total elapsed time: 14.813 seconds; peak allocated memory: 1007.220 MB.
==============================================================
Vitis HLS - High-Level Synthesis from C, C++ and OpenCL v2021.1 (64-bit)
Copyright 1986-2021 Xilinx, Inc. All Rights Reserved.
==============================================================
INFO: [SYN 201-201] Setting up clock 'default' with a period of 10ns.
INFO: [SYN 201-201] Setting up clock 'default' with an uncertainty of 1.25ns.
INFO: [HLS 200-1611] Setting target device to 'xc7z020-clg400-1'
INFO: [HLS 200-1505] Using flow_target 'vivado'
INFO: [HLS 200-1464] Running solution command: config_export -format=ip_catalog
INFO: [HLS 200-1464] Running solution command: config_export -output=D:/IITMadrasICS/1-2/EE5332Project/conv2dfloat.zip
INFO: [HLS 200-1464] Running solution command: config_export -rtl=verilog
INFO: [HLS 200-1510] Running: set_part xc7z020clg400-1 
INFO: [HLS 200-1510] Running: create_clock -period 10 -name default 
INFO: [HLS 200-1510] Running: config_export -format ip_catalog -output D:/IITMadrasICS/1-2/EE5332Project/conv2dfloat.zip -rtl verilog 
INFO: [HLS 200-1510] Running: set_clock_uncertainty 1.25 
INFO: [HLS 200-1510] Running: set_directive_top -name conv2d conv2d 
INFO: [HLS 200-1510] Running: set_directive_pipeline -II 1 conv2d/COL_SLIDE 
INFO: [HLS 200-1510] Running: set_directive_array_partition -type complete -dim 0 conv2d kernel_in 
INFO: [HLS 200-1510] Running: export_design -rtl verilog -format ip_catalog 
INFO: [IMPL 213-8] Exporting RTL as a Vivado IP.
ERROR: [IMPL 213-28] Failed to generate IP.
INFO: [HLS 200-111] Finished Command export_design CPU user time: 2 seconds. CPU system time: 0 seconds. Elapsed time: 14.134 seconds; current allocated memory: 122.905 MB.
==============================================================
Vitis HLS - High-Level Synthesis from C, C++ and OpenCL v2021.1 (64-bit)
Copyright 1986-2021 Xilinx, Inc. All Rights Reserved.
==============================================================
INFO: [SYN 201-201] Setting up clock 'default' with a period of 10ns.
INFO: [SYN 201-201] Setting up clock 'default' with an uncertainty of 1.25ns.
INFO: [HLS 200-1611] Setting target device to 'xc7z020-clg400-1'
INFO: [HLS 200-1505] Using flow_target 'vivado'
INFO: [HLS 200-1464] Running solution command: config_export -format=ip_catalog
INFO: [HLS 200-1464] Running solution command: config_export -output=D:/IITMadrasICS/1-2/EE5332Project/conv2dfloat.zip
INFO: [HLS 200-1464] Running solution command: config_export -rtl=verilog
INFO: [HLS 200-1510] Running: set_part xc7z020clg400-1 
INFO: [HLS 200-1510] Running: create_clock -period 10 -name default 
INFO: [HLS 200-1510] Running: config_export -format ip_catalog -output D:/IITMadrasICS/1-2/EE5332Project/conv2dfloat.zip -rtl verilog 
INFO: [HLS 200-1510] Running: set_clock_uncertainty 1.25 
INFO: [HLS 200-1510] Running: set_directive_top -name conv2d conv2d 
INFO: [HLS 200-1510] Running: set_directive_pipeline -II 1 conv2d/COL_SLIDE 
INFO: [HLS 200-1510] Running: set_directive_array_partition -type complete -dim 0 conv2d kernel_in 
INFO: [HLS 200-1510] Running: export_design -rtl verilog -format ip_catalog 
INFO: [IMPL 213-8] Exporting RTL as a Vivado IP.
INFO: [HLS 200-802] Generated output file D:/IITMadrasICS/1-2/EE5332Project/conv2dfloat.zip
INFO: [HLS 200-111] Finished Command export_design CPU user time: 2 seconds. CPU system time: 0 seconds. Elapsed time: 14.847 seconds; current allocated memory: 123.025 MB.
==============================================================
Vitis HLS - High-Level Synthesis from C, C++ and OpenCL v2021.1 (64-bit)
Copyright 1986-2021 Xilinx, Inc. All Rights Reserved.
==============================================================
INFO: [SYN 201-201] Setting up clock 'default' with a period of 10ns.
INFO: [SYN 201-201] Setting up clock 'default' with an uncertainty of 1.25ns.
INFO: [HLS 200-1611] Setting target device to 'xc7z020-clg400-1'
INFO: [HLS 200-1505] Using flow_target 'vivado'
INFO: [HLS 200-1464] Running solution command: config_export -format=ip_catalog
INFO: [HLS 200-1464] Running solution command: config_export -output=D:/IITMadrasICS/1-2/EE5332Project/conv2dfloat.zip
INFO: [HLS 200-1464] Running solution command: config_export -rtl=verilog
INFO: [HLS 200-1510] Running: set_part xc7z020clg400-1 
INFO: [HLS 200-1510] Running: create_clock -period 10 -name default 
INFO: [HLS 200-1510] Running: config_export -format ip_catalog -output D:/IITMadrasICS/1-2/EE5332Project/conv2dfloat.zip -rtl verilog 
INFO: [HLS 200-1510] Running: set_clock_uncertainty 1.25 
INFO: [HLS 200-1510] Running: set_directive_top -name conv2d conv2d 
INFO: [HLS 200-1510] Running: set_directive_pipeline -II 1 conv2d/COL_SLIDE 
INFO: [HLS 200-1510] Running: set_directive_array_partition -type complete -dim 0 conv2d kernel_in 
INFO: [HLS 200-1510] Running: export_design -rtl verilog -format ip_catalog 
INFO: [IMPL 213-8] Exporting RTL as a Vivado IP.
INFO: [HLS 200-802] Generated output file D:/IITMadrasICS/1-2/EE5332Project/conv2dfloat.zip
INFO: [HLS 200-111] Finished Command export_design CPU user time: 2 seconds. CPU system time: 0 seconds. Elapsed time: 13.915 seconds; current allocated memory: 123.013 MB.
==============================================================
Vitis HLS - High-Level Synthesis from C, C++ and OpenCL v2021.1 (64-bit)
Copyright 1986-2021 Xilinx, Inc. All Rights Reserved.
==============================================================
INFO: [SYN 201-201] Setting up clock 'default' with a period of 10ns.
INFO: [SYN 201-201] Setting up clock 'default' with an uncertainty of 1.25ns.
INFO: [HLS 200-1611] Setting target device to 'xc7z020-clg400-1'
INFO: [HLS 200-1505] Using flow_target 'vivado'
INFO: [HLS 200-1464] Running solution command: config_export -format=ip_catalog
INFO: [HLS 200-1464] Running solution command: config_export -output=D:/IITMadrasICS/1-2/EE5332Project/conv2dfloat.zip
INFO: [HLS 200-1464] Running solution command: config_export -rtl=verilog
INFO: [HLS 200-1510] Running: set_part xc7z020-clg400-1 
INFO: [HLS 200-1510] Running: create_clock -period 10 -name default 
INFO: [HLS 200-1510] Running: config_export -format ip_catalog -output D:/IITMadrasICS/1-2/EE5332Project/conv2dfloat.zip -rtl verilog 
INFO: [HLS 200-1510] Running: set_clock_uncertainty 1.25 
INFO: [HLS 200-1510] Running: set_directive_top -name conv2d conv2d 
INFO: [HLS 200-1510] Running: set_directive_pipeline -II 1 conv2d/COL_SLIDE 
INFO: [HLS 200-1510] Running: set_directive_array_partition -type complete -dim 0 conv2d kernel_in 
INFO: [HLS 200-1510] Running: export_design -rtl verilog -format ip_catalog 
INFO: [IMPL 213-8] Exporting RTL as a Vivado IP.
INFO: [HLS 200-802] Generated output file D:/IITMadrasICS/1-2/EE5332Project/conv2dfloat.zip
INFO: [HLS 200-111] Finished Command export_design CPU user time: 5 seconds. CPU system time: 1 seconds. Elapsed time: 18.626 seconds; current allocated memory: 123.011 MB.
==============================================================
Vitis HLS - High-Level Synthesis from C, C++ and OpenCL v2021.1 (64-bit)
Copyright 1986-2021 Xilinx, Inc. All Rights Reserved.
==============================================================
INFO: [SYN 201-201] Setting up clock 'default' with a period of 10ns.
INFO: [SYN 201-201] Setting up clock 'default' with an uncertainty of 1.25ns.
INFO: [HLS 200-1611] Setting target device to 'xc7z020-clg400-1'
INFO: [HLS 200-1505] Using flow_target 'vivado'
INFO: [HLS 200-1464] Running solution command: config_export -format=ip_catalog
INFO: [HLS 200-1464] Running solution command: config_export -output=D:/IITMadrasICS/1-2/EE5332Project/conv2dfloat.zip
INFO: [HLS 200-1464] Running solution command: config_export -rtl=verilog
INFO: [HLS 200-1510] Running: set_part xc7z020-clg400-1 
INFO: [HLS 200-1510] Running: create_clock -period 10 -name default 
INFO: [HLS 200-1510] Running: config_export -format ip_catalog -output D:/IITMadrasICS/1-2/EE5332Project/conv2dfloat.zip -rtl verilog 
INFO: [HLS 200-1510] Running: set_clock_uncertainty 1.25 
INFO: [HLS 200-1510] Running: set_directive_top -name conv2d conv2d 
INFO: [HLS 200-1510] Running: set_directive_pipeline -II 1 conv2d/COL_SLIDE 
INFO: [HLS 200-1510] Running: set_directive_array_partition -type complete -dim 0 conv2d kernel_in 
INFO: [HLS 200-1510] Running: csynth_design 
INFO: [HLS 200-111] Finished File checks and directory preparation: CPU user time: 0 seconds. CPU system time: 0 seconds. Elapsed time: 0.046 seconds; current allocated memory: 1007.220 MB.
INFO: [HLS 200-10] Analyzing design file 'twodconv.cpp' ... 
WARNING: [HLS 207-5528] Ignore interface attribute or pragma which is not used in top function: twodconv.cpp:25:9
WARNING: [HLS 207-5301] unused parameter 'print': D:/Xilinx/Vitis_HLS/2021.1/common/technology/autopilot\ap_int_base.h:792:16
INFO: [HLS 200-111] Finished Source Code Analysis and Preprocessing: CPU user time: 2 seconds. CPU system time: 0 seconds. Elapsed time: 4.52 seconds; current allocated memory: 117.429 MB.
INFO: [HLS 200-777] Using interface defaults for 'Vivado' flow target.
INFO: [HLS 214-279] Initial Interval estimation mode is set into default.
INFO: [HLS 214-284] Auto array partition mode is set into default.
INFO: [HLS 214-131] Inlining function 'hls::axis<ap_int<32>, 1ul, 1ul, 1ul>::get_user_ptr()' into 'hls::stream<hls::axis<ap_int<32>, 1ul, 1ul, 1ul>, 0>::read()' (D:/Xilinx/Vitis_HLS/2021.1/common/technology/autopilot\ap_axi_sdata.h:293:50)
INFO: [HLS 214-131] Inlining function 'hls::axis<ap_int<32>, 1ul, 1ul, 1ul>::get_dest_ptr()' into 'hls::stream<hls::axis<ap_int<32>, 1ul, 1ul, 1ul>, 0>::read()' (D:/Xilinx/Vitis_HLS/2021.1/common/technology/autopilot\ap_axi_sdata.h:296:25)
INFO: [HLS 214-131] Inlining function 'hls::axis<ap_int<32>, 1ul, 1ul, 1ul>::get_id_ptr()' into 'hls::stream<hls::axis<ap_int<32>, 1ul, 1ul, 1ul>, 0>::read()' (D:/Xilinx/Vitis_HLS/2021.1/common/technology/autopilot\ap_axi_sdata.h:295:67)
INFO: [HLS 214-131] Inlining function 'hls::axis<ap_int<32>, 1ul, 1ul, 1ul>::get_user_ptr()' into 'hls::stream<hls::axis<ap_int<32>, 1ul, 1ul, 1ul>, 0>::read()' (D:/Xilinx/Vitis_HLS/2021.1/common/technology/autopilot\ap_axi_sdata.h:295:36)
INFO: [HLS 214-131] Inlining function 'hls::axis<ap_int<32>, 1ul, 1ul, 1ul>::get_dest_ptr()' into 'hls::stream<hls::axis<ap_int<32>, 1ul, 1ul, 1ul>, 0>::read()' (D:/Xilinx/Vitis_HLS/2021.1/common/technology/autopilot\ap_axi_sdata.h:294:39)
INFO: [HLS 214-131] Inlining function 'hls::axis<ap_int<32>, 1ul, 1ul, 1ul>::get_id_ptr()' into 'hls::stream<hls::axis<ap_int<32>, 1ul, 1ul, 1ul>, 0>::read()' (D:/Xilinx/Vitis_HLS/2021.1/common/technology/autopilot\ap_axi_sdata.h:294:23)
INFO: [HLS 214-131] Inlining function 'ap_int_base<32, true>::operator long long() const' into 'unpack(ap_int<32>)' (twodconv.cpp:6:23)
INFO: [HLS 214-131] Inlining function 'hls::axis<ap_int<32>, 1ul, 1ul, 1ul>::get_user_ptr()' into 'hls::stream<hls::axis<ap_int<32>, 1ul, 1ul, 1ul>, 0>::write(hls::axis<ap_int<32>, 1ul, 1ul, 1ul> const&)' (D:/Xilinx/Vitis_HLS/2021.1/common/technology/autopilot\ap_axi_sdata.h:304:51)
INFO: [HLS 214-131] Inlining function 'hls::axis<ap_int<32>, 1ul, 1ul, 1ul>::get_dest_ptr()' into 'hls::stream<hls::axis<ap_int<32>, 1ul, 1ul, 1ul>, 0>::write(hls::axis<ap_int<32>, 1ul, 1ul, 1ul> const&)' (D:/Xilinx/Vitis_HLS/2021.1/common/technology/autopilot\ap_axi_sdata.h:307:26)
INFO: [HLS 214-131] Inlining function 'hls::axis<ap_int<32>, 1ul, 1ul, 1ul>::get_id_ptr()' into 'hls::stream<hls::axis<ap_int<32>, 1ul, 1ul, 1ul>, 0>::write(hls::axis<ap_int<32>, 1ul, 1ul, 1ul> const&)' (D:/Xilinx/Vitis_HLS/2021.1/common/technology/autopilot\ap_axi_sdata.h:306:68)
INFO: [HLS 214-131] Inlining function 'hls::axis<ap_int<32>, 1ul, 1ul, 1ul>::get_user_ptr()' into 'hls::stream<hls::axis<ap_int<32>, 1ul, 1ul, 1ul>, 0>::write(hls::axis<ap_int<32>, 1ul, 1ul, 1ul> const&)' (D:/Xilinx/Vitis_HLS/2021.1/common/technology/autopilot\ap_axi_sdata.h:306:37)
INFO: [HLS 214-131] Inlining function 'hls::axis<ap_int<32>, 1ul, 1ul, 1ul>::get_dest_ptr()' into 'hls::stream<hls::axis<ap_int<32>, 1ul, 1ul, 1ul>, 0>::write(hls::axis<ap_int<32>, 1ul, 1ul, 1ul> const&)' (D:/Xilinx/Vitis_HLS/2021.1/common/technology/autopilot\ap_axi_sdata.h:305:40)
INFO: [HLS 214-131] Inlining function 'hls::axis<ap_int<32>, 1ul, 1ul, 1ul>::get_id_ptr()' into 'hls::stream<hls::axis<ap_int<32>, 1ul, 1ul, 1ul>, 0>::write(hls::axis<ap_int<32>, 1ul, 1ul, 1ul> const&)' (D:/Xilinx/Vitis_HLS/2021.1/common/technology/autopilot\ap_axi_sdata.h:305:24)
INFO: [HLS 214-131] Inlining function 'hls::stream<hls::axis<ap_int<32>, 1ul, 1ul, 1ul>, 0>::read()' into 'conv2d(hls::stream<hls::axis<ap_int<32>, 1ul, 1ul, 1ul>, 0>&, hls::stream<hls::axis<ap_int<32>, 1ul, 1ul, 1ul>, 0>&, float (*) [3], int)' (twodconv.cpp:58:36)
INFO: [HLS 214-131] Inlining function 'hls::stream<hls::axis<ap_int<32>, 1ul, 1ul, 1ul>, 0>::write(hls::axis<ap_int<32>, 1ul, 1ul, 1ul> const&)' into 'conv2d(hls::stream<hls::axis<ap_int<32>, 1ul, 1ul, 1ul>, 0>&, hls::stream<hls::axis<ap_int<32>, 1ul, 1ul, 1ul>, 0>&, float (*) [3], int)' (twodconv.cpp:94:28)
INFO: [HLS 214-178] Inlining function 'unpack(ap_int<32>)' into 'conv2d(hls::stream<hls::axis<ap_int<32>, 1ul, 1ul, 1ul>, 0>&, hls::stream<hls::axis<ap_int<32>, 1ul, 1ul, 1ul>, 0>&, float (*) [3], int)' (twodconv.cpp:20:0)
INFO: [HLS 214-178] Inlining function 'pack(float)' into 'conv2d(hls::stream<hls::axis<ap_int<32>, 1ul, 1ul, 1ul>, 0>&, hls::stream<hls::axis<ap_int<32>, 1ul, 1ul, 1ul>, 0>&, float (*) [3], int)' (twodconv.cpp:20:0)
INFO: [HLS 214-248] Applying array_partition to 'kernel_in': Complete partitioning on dimension 1. Complete partitioning on dimension 2. (twodconv.cpp:20:0)
INFO: [HLS 214-270] Starting automatic array partition analysis...
INFO: [HLS 200-111] Finished Compiling Optimization and Transform: CPU user time: 0 seconds. CPU system time: 0 seconds. Elapsed time: 4.64 seconds; current allocated memory: 119.502 MB.
INFO: [HLS 200-111] Finished Checking Pragmas: CPU user time: 0 seconds. CPU system time: 0 seconds. Elapsed time: 0.015 seconds; current allocated memory: 119.502 MB.
INFO: [HLS 200-10] Starting code transformations ...
INFO: [HLS 200-111] Finished Standard Transforms: CPU user time: 0 seconds. CPU system time: 0 seconds. Elapsed time: 0.149 seconds; current allocated memory: 126.385 MB.
INFO: [HLS 200-10] Checking synthesizability ...
INFO: [HLS 200-111] Finished Checking Synthesizability: CPU user time: 0 seconds. CPU system time: 0 seconds. Elapsed time: 0.136 seconds; current allocated memory: 134.728 MB.
WARNING: [XFORM 203-803] Dropped interface mode 'ap_auto' on 'kernel_in_0_0' as it is incompatible with its interface mode 's_axilite'.
WARNING: [XFORM 203-803] Dropped interface mode 'ap_auto' on 'kernel_in_0_1' as it is incompatible with its interface mode 's_axilite'.
WARNING: [XFORM 203-803] Dropped interface mode 'ap_auto' on 'kernel_in_0_2' as it is incompatible with its interface mode 's_axilite'.
WARNING: [XFORM 203-803] Dropped interface mode 'ap_auto' on 'kernel_in_1_0' as it is incompatible with its interface mode 's_axilite'.
WARNING: [XFORM 203-803] Dropped interface mode 'ap_auto' on 'kernel_in_1_1' as it is incompatible with its interface mode 's_axilite'.
WARNING: [XFORM 203-803] Dropped interface mode 'ap_auto' on 'kernel_in_1_2' as it is incompatible with its interface mode 's_axilite'.
WARNING: [XFORM 203-803] Dropped interface mode 'ap_auto' on 'kernel_in_2_0' as it is incompatible with its interface mode 's_axilite'.
WARNING: [XFORM 203-803] Dropped interface mode 'ap_auto' on 'kernel_in_2_1' as it is incompatible with its interface mode 's_axilite'.
WARNING: [XFORM 203-803] Dropped interface mode 'ap_auto' on 'kernel_in_2_2' as it is incompatible with its interface mode 's_axilite'.
INFO: [XFORM 203-502] Unrolling all sub-loops inside loop 'COL_SLIDE' (twodconv.cpp:43) in function 'conv2d' for pipelining.
INFO: [HLS 200-489] Unrolling loop 'UPDATE_WINDOW_ROW' (twodconv.cpp:47) in function 'conv2d' completely with a factor of 3.
INFO: [HLS 200-489] Unrolling loop 'UPDATE_WINDOW_COL' (twodconv.cpp:49) in function 'conv2d' completely with a factor of 2.
INFO: [HLS 200-489] Unrolling loop 'UPDATE_BUF' (twodconv.cpp:62) in function 'conv2d' completely with a factor of 2.
INFO: [HLS 200-489] Unrolling loop 'MACi' (twodconv.cpp:37) in function 'conv2d' completely with a factor of 3.
INFO: [HLS 200-489] Unrolling loop 'MACj' (twodconv.cpp:37) in function 'conv2d' completely with a factor of 3.
INFO: [XFORM 203-101] Partitioning array 'line_buf'  in dimension 1 completely.
INFO: [XFORM 203-101] Partitioning array 'window'  in dimension 1 completely.
INFO: [XFORM 203-101] Partitioning array 'window'  in dimension 2 completely.
INFO: [XFORM 203-11] Balancing expressions in function 'conv2d' (twodconv.cpp:7:47)...3 expression(s) balanced.
INFO: [HLS 200-111] Finished Loop, function and other optimizations: CPU user time: 1 seconds. CPU system time: 0 seconds. Elapsed time: 0.505 seconds; current allocated memory: 165.219 MB.
INFO: [XFORM 203-541] Flattening a loop nest 'ROW_SLIDE' (twodconv.cpp:41:14) in function 'conv2d'.
INFO: [HLS 200-472] Inferring partial write operation for 'line_buf.0' (twodconv.cpp:67:38)
INFO: [HLS 200-111] Finished Architecture Synthesis: CPU user time: 0 seconds. CPU system time: 0 seconds. Elapsed time: 0.14 seconds; current allocated memory: 162.723 MB.
INFO: [HLS 200-10] Starting hardware synthesis ...
INFO: [HLS 200-10] Synthesizing 'conv2d' ...
INFO: [HLS 200-10] ----------------------------------------------------------------
INFO: [HLS 200-42] -- Implementing module 'conv2d' 
INFO: [HLS 200-10] ----------------------------------------------------------------
INFO: [SCHED 204-11] Starting scheduling ...
INFO: [SCHED 204-61] Pipelining loop 'ROW_SLIDE_COL_SLIDE'.
INFO: [HLS 200-1470] Pipelining result : Target II = 1, Final II = 1, Depth = 51, loop 'ROW_SLIDE_COL_SLIDE'
INFO: [SCHED 204-11] Finished scheduling.
INFO: [HLS 200-111] Finished Scheduling: CPU user time: 0 seconds. CPU system time: 0 seconds. Elapsed time: 0.431 seconds; current allocated memory: 163.412 MB.
INFO: [BIND 205-100] Starting micro-architecture generation ...
INFO: [BIND 205-101] Performing variable lifetime analysis.
INFO: [BIND 205-101] Exploring resource sharing.
INFO: [BIND 205-101] Binding ...
INFO: [BIND 205-100] Finished micro-architecture generation.
INFO: [HLS 200-111] Finished Binding: CPU user time: 0 seconds. CPU system time: 0 seconds. Elapsed time: 0.427 seconds; current allocated memory: 164.333 MB.
INFO: [HLS 200-10] ----------------------------------------------------------------
INFO: [HLS 200-10] -- Generating RTL for module 'conv2d' 
INFO: [HLS 200-10] ----------------------------------------------------------------
WARNING: [RTGEN 206-101] Design contains AXI ports. Reset is fixed to synchronous and active low.
INFO: [RTGEN 206-500] Setting interface mode on port 'conv2d/in_stream_V_data_V' to 'axis' (register, both mode).
INFO: [RTGEN 206-500] Setting interface mode on port 'conv2d/in_stream_V_keep_V' to 'axis' (register, both mode).
INFO: [RTGEN 206-500] Setting interface mode on port 'conv2d/in_stream_V_strb_V' to 'axis' (register, both mode).
INFO: [RTGEN 206-500] Setting interface mode on port 'conv2d/in_stream_V_user_V' to 'axis' (register, both mode).
INFO: [RTGEN 206-500] Setting interface mode on port 'conv2d/in_stream_V_last_V' to 'axis' (register, both mode).
INFO: [RTGEN 206-500] Setting interface mode on port 'conv2d/in_stream_V_id_V' to 'axis' (register, both mode).
INFO: [RTGEN 206-500] Setting interface mode on port 'conv2d/in_stream_V_dest_V' to 'axis' (register, both mode).
INFO: [RTGEN 206-500] Setting interface mode on port 'conv2d/out_stream_V_data_V' to 'axis' (register, both mode).
INFO: [RTGEN 206-500] Setting interface mode on port 'conv2d/out_stream_V_keep_V' to 'axis' (register, both mode).
INFO: [RTGEN 206-500] Setting interface mode on port 'conv2d/out_stream_V_strb_V' to 'axis' (register, both mode).
INFO: [RTGEN 206-500] Setting interface mode on port 'conv2d/out_stream_V_user_V' to 'axis' (register, both mode).
INFO: [RTGEN 206-500] Setting interface mode on port 'conv2d/out_stream_V_last_V' to 'axis' (register, both mode).
INFO: [RTGEN 206-500] Setting interface mode on port 'conv2d/out_stream_V_id_V' to 'axis' (register, both mode).
INFO: [RTGEN 206-500] Setting interface mode on port 'conv2d/out_stream_V_dest_V' to 'axis' (register, both mode).
INFO: [RTGEN 206-500] Setting interface mode on port 'conv2d/kernel_in_0_0' to 's_axilite & ap_none'.
INFO: [RTGEN 206-500] Setting interface mode on port 'conv2d/kernel_in_0_1' to 's_axilite & ap_none'.
INFO: [RTGEN 206-500] Setting interface mode on port 'conv2d/kernel_in_0_2' to 's_axilite & ap_none'.
INFO: [RTGEN 206-500] Setting interface mode on port 'conv2d/kernel_in_1_0' to 's_axilite & ap_none'.
INFO: [RTGEN 206-500] Setting interface mode on port 'conv2d/kernel_in_1_1' to 's_axilite & ap_none'.
INFO: [RTGEN 206-500] Setting interface mode on port 'conv2d/kernel_in_1_2' to 's_axilite & ap_none'.
INFO: [RTGEN 206-500] Setting interface mode on port 'conv2d/kernel_in_2_0' to 's_axilite & ap_none'.
INFO: [RTGEN 206-500] Setting interface mode on port 'conv2d/kernel_in_2_1' to 's_axilite & ap_none'.
INFO: [RTGEN 206-500] Setting interface mode on port 'conv2d/kernel_in_2_2' to 's_axilite & ap_none'.
INFO: [RTGEN 206-500] Setting interface mode on port 'conv2d/img_size' to 's_axilite & ap_none'.
INFO: [RTGEN 206-500] Setting interface mode on function 'conv2d' to 's_axilite & ap_ctrl_hs'.
WARNING: [RTGEN 206-101] Register 'window_0_1' is power-on initialization.
WARNING: [RTGEN 206-101] Register 'window_1_1' is power-on initialization.
WARNING: [RTGEN 206-101] Register 'window_2_1' is power-on initialization.
WARNING: [RTGEN 206-101] Register 'window_0_2' is power-on initialization.
WARNING: [RTGEN 206-101] Register 'window_1_2' is power-on initialization.
WARNING: [RTGEN 206-101] Register 'window_2_2' is power-on initialization.
INFO: [RTGEN 206-100] Bundling port 'kernel_in_0_0', 'kernel_in_0_1', 'kernel_in_0_2', 'kernel_in_1_0', 'kernel_in_1_1', 'kernel_in_1_2', 'kernel_in_2_0', 'kernel_in_2_1', 'kernel_in_2_2', 'img_size' and 'return' to AXI-Lite port control.
INFO: [RTGEN 206-100] Generating core module 'fadd_32ns_32ns_32_5_full_dsp_1': 9 instance(s).
INFO: [RTGEN 206-100] Generating core module 'fmul_32ns_32ns_32_4_max_dsp_1': 9 instance(s).
INFO: [RTGEN 206-100] Generating core module 'mul_32ns_32ns_64_1_1': 1 instance(s).
INFO: [RTGEN 206-100] Finished creating RTL model for 'conv2d'.
INFO: [HLS 200-111] Finished Creating RTL model: CPU user time: 1 seconds. CPU system time: 0 seconds. Elapsed time: 0.939 seconds; current allocated memory: 166.991 MB.
INFO: [RTMG 210-278] Implementing memory 'conv2d_line_buf_0_ram (RAM_2P_BRAM)' using block RAMs with power-on initialization.
INFO: [HLS 200-111] Finished Generating all RTL models: CPU user time: 1 seconds. CPU system time: 0 seconds. Elapsed time: 1.687 seconds; current allocated memory: 172.256 MB.
INFO: [HLS 200-111] Finished Updating report files: CPU user time: 1 seconds. CPU system time: 0 seconds. Elapsed time: 0.625 seconds; current allocated memory: 177.281 MB.
INFO: [VHDL 208-304] Generating VHDL RTL for conv2d.
INFO: [VLOG 209-307] Generating Verilog RTL for conv2d.
INFO: [HLS 200-790] **** Loop Constraint Status: All loop constraints were satisfied.
INFO: [HLS 200-789] **** Estimated Fmax: 117.51 MHz
INFO: [HLS 200-111] Finished Command csynth_design CPU user time: 6 seconds. CPU system time: 0 seconds. Elapsed time: 14.345 seconds; current allocated memory: 177.267 MB.
INFO: [HLS 200-112] Total CPU user time: 7 seconds. Total CPU system time: 1 seconds. Total elapsed time: 15.644 seconds; peak allocated memory: 1007.220 MB.
==============================================================
Vitis HLS - High-Level Synthesis from C, C++ and OpenCL v2021.1 (64-bit)
Copyright 1986-2021 Xilinx, Inc. All Rights Reserved.
==============================================================
INFO: [SYN 201-201] Setting up clock 'default' with a period of 10ns.
INFO: [SYN 201-201] Setting up clock 'default' with an uncertainty of 1.25ns.
INFO: [HLS 200-1611] Setting target device to 'xc7z020-clg400-1'
INFO: [HLS 200-1505] Using flow_target 'vivado'
INFO: [HLS 200-1464] Running solution command: config_export -format=ip_catalog
INFO: [HLS 200-1464] Running solution command: config_export -output=D:/IITMadrasICS/1-2/EE5332Project/conv2dfloat.zip
INFO: [HLS 200-1464] Running solution command: config_export -rtl=verilog
INFO: [HLS 200-1510] Running: set_part xc7z020-clg400-1 
INFO: [HLS 200-1510] Running: create_clock -period 10 -name default 
INFO: [HLS 200-1510] Running: config_export -format ip_catalog -output D:/IITMadrasICS/1-2/EE5332Project/conv2dfloat.zip -rtl verilog 
INFO: [HLS 200-1510] Running: set_clock_uncertainty 1.25 
INFO: [HLS 200-1510] Running: set_directive_top -name conv2d conv2d 
INFO: [HLS 200-1510] Running: set_directive_pipeline -II 1 conv2d/COL_SLIDE 
INFO: [HLS 200-1510] Running: set_directive_array_partition -type complete -dim 0 conv2d kernel_in 
INFO: [HLS 200-1510] Running: csynth_design 
INFO: [HLS 200-111] Finished File checks and directory preparation: CPU user time: 0 seconds. CPU system time: 0 seconds. Elapsed time: 0.043 seconds; current allocated memory: 1007.220 MB.
INFO: [HLS 200-10] Analyzing design file 'twodconv.cpp' ... 
WARNING: [HLS 207-5528] Ignore interface attribute or pragma which is not used in top function: twodconv.cpp:25:9
WARNING: [HLS 207-5301] unused parameter 'print': D:/Xilinx/Vitis_HLS/2021.1/common/technology/autopilot\ap_int_base.h:792:16
INFO: [HLS 200-111] Finished Source Code Analysis and Preprocessing: CPU user time: 2 seconds. CPU system time: 0 seconds. Elapsed time: 4.173 seconds; current allocated memory: 117.428 MB.
INFO: [HLS 200-777] Using interface defaults for 'Vivado' flow target.
INFO: [HLS 214-279] Initial Interval estimation mode is set into default.
INFO: [HLS 214-284] Auto array partition mode is set into default.
INFO: [HLS 214-131] Inlining function 'hls::axis<ap_int<32>, 1ul, 1ul, 1ul>::get_user_ptr()' into 'hls::stream<hls::axis<ap_int<32>, 1ul, 1ul, 1ul>, 0>::read()' (D:/Xilinx/Vitis_HLS/2021.1/common/technology/autopilot\ap_axi_sdata.h:293:50)
INFO: [HLS 214-131] Inlining function 'hls::axis<ap_int<32>, 1ul, 1ul, 1ul>::get_dest_ptr()' into 'hls::stream<hls::axis<ap_int<32>, 1ul, 1ul, 1ul>, 0>::read()' (D:/Xilinx/Vitis_HLS/2021.1/common/technology/autopilot\ap_axi_sdata.h:296:25)
INFO: [HLS 214-131] Inlining function 'hls::axis<ap_int<32>, 1ul, 1ul, 1ul>::get_id_ptr()' into 'hls::stream<hls::axis<ap_int<32>, 1ul, 1ul, 1ul>, 0>::read()' (D:/Xilinx/Vitis_HLS/2021.1/common/technology/autopilot\ap_axi_sdata.h:295:67)
INFO: [HLS 214-131] Inlining function 'hls::axis<ap_int<32>, 1ul, 1ul, 1ul>::get_user_ptr()' into 'hls::stream<hls::axis<ap_int<32>, 1ul, 1ul, 1ul>, 0>::read()' (D:/Xilinx/Vitis_HLS/2021.1/common/technology/autopilot\ap_axi_sdata.h:295:36)
INFO: [HLS 214-131] Inlining function 'hls::axis<ap_int<32>, 1ul, 1ul, 1ul>::get_dest_ptr()' into 'hls::stream<hls::axis<ap_int<32>, 1ul, 1ul, 1ul>, 0>::read()' (D:/Xilinx/Vitis_HLS/2021.1/common/technology/autopilot\ap_axi_sdata.h:294:39)
INFO: [HLS 214-131] Inlining function 'hls::axis<ap_int<32>, 1ul, 1ul, 1ul>::get_id_ptr()' into 'hls::stream<hls::axis<ap_int<32>, 1ul, 1ul, 1ul>, 0>::read()' (D:/Xilinx/Vitis_HLS/2021.1/common/technology/autopilot\ap_axi_sdata.h:294:23)
INFO: [HLS 214-131] Inlining function 'ap_int_base<32, true>::operator long long() const' into 'unpack(ap_int<32>)' (twodconv.cpp:6:23)
INFO: [HLS 214-131] Inlining function 'hls::axis<ap_int<32>, 1ul, 1ul, 1ul>::get_user_ptr()' into 'hls::stream<hls::axis<ap_int<32>, 1ul, 1ul, 1ul>, 0>::write(hls::axis<ap_int<32>, 1ul, 1ul, 1ul> const&)' (D:/Xilinx/Vitis_HLS/2021.1/common/technology/autopilot\ap_axi_sdata.h:304:51)
INFO: [HLS 214-131] Inlining function 'hls::axis<ap_int<32>, 1ul, 1ul, 1ul>::get_dest_ptr()' into 'hls::stream<hls::axis<ap_int<32>, 1ul, 1ul, 1ul>, 0>::write(hls::axis<ap_int<32>, 1ul, 1ul, 1ul> const&)' (D:/Xilinx/Vitis_HLS/2021.1/common/technology/autopilot\ap_axi_sdata.h:307:26)
INFO: [HLS 214-131] Inlining function 'hls::axis<ap_int<32>, 1ul, 1ul, 1ul>::get_id_ptr()' into 'hls::stream<hls::axis<ap_int<32>, 1ul, 1ul, 1ul>, 0>::write(hls::axis<ap_int<32>, 1ul, 1ul, 1ul> const&)' (D:/Xilinx/Vitis_HLS/2021.1/common/technology/autopilot\ap_axi_sdata.h:306:68)
INFO: [HLS 214-131] Inlining function 'hls::axis<ap_int<32>, 1ul, 1ul, 1ul>::get_user_ptr()' into 'hls::stream<hls::axis<ap_int<32>, 1ul, 1ul, 1ul>, 0>::write(hls::axis<ap_int<32>, 1ul, 1ul, 1ul> const&)' (D:/Xilinx/Vitis_HLS/2021.1/common/technology/autopilot\ap_axi_sdata.h:306:37)
INFO: [HLS 214-131] Inlining function 'hls::axis<ap_int<32>, 1ul, 1ul, 1ul>::get_dest_ptr()' into 'hls::stream<hls::axis<ap_int<32>, 1ul, 1ul, 1ul>, 0>::write(hls::axis<ap_int<32>, 1ul, 1ul, 1ul> const&)' (D:/Xilinx/Vitis_HLS/2021.1/common/technology/autopilot\ap_axi_sdata.h:305:40)
INFO: [HLS 214-131] Inlining function 'hls::axis<ap_int<32>, 1ul, 1ul, 1ul>::get_id_ptr()' into 'hls::stream<hls::axis<ap_int<32>, 1ul, 1ul, 1ul>, 0>::write(hls::axis<ap_int<32>, 1ul, 1ul, 1ul> const&)' (D:/Xilinx/Vitis_HLS/2021.1/common/technology/autopilot\ap_axi_sdata.h:305:24)
INFO: [HLS 214-131] Inlining function 'hls::stream<hls::axis<ap_int<32>, 1ul, 1ul, 1ul>, 0>::read()' into 'conv2d(hls::stream<hls::axis<ap_int<32>, 1ul, 1ul, 1ul>, 0>&, hls::stream<hls::axis<ap_int<32>, 1ul, 1ul, 1ul>, 0>&, float (*) [3], int)' (twodconv.cpp:58:36)
INFO: [HLS 214-131] Inlining function 'hls::stream<hls::axis<ap_int<32>, 1ul, 1ul, 1ul>, 0>::write(hls::axis<ap_int<32>, 1ul, 1ul, 1ul> const&)' into 'conv2d(hls::stream<hls::axis<ap_int<32>, 1ul, 1ul, 1ul>, 0>&, hls::stream<hls::axis<ap_int<32>, 1ul, 1ul, 1ul>, 0>&, float (*) [3], int)' (twodconv.cpp:94:28)
INFO: [HLS 214-178] Inlining function 'unpack(ap_int<32>)' into 'conv2d(hls::stream<hls::axis<ap_int<32>, 1ul, 1ul, 1ul>, 0>&, hls::stream<hls::axis<ap_int<32>, 1ul, 1ul, 1ul>, 0>&, float (*) [3], int)' (twodconv.cpp:20:0)
INFO: [HLS 214-178] Inlining function 'pack(float)' into 'conv2d(hls::stream<hls::axis<ap_int<32>, 1ul, 1ul, 1ul>, 0>&, hls::stream<hls::axis<ap_int<32>, 1ul, 1ul, 1ul>, 0>&, float (*) [3], int)' (twodconv.cpp:20:0)
INFO: [HLS 214-248] Applying array_partition to 'kernel_in': Complete partitioning on dimension 1. Complete partitioning on dimension 2. (twodconv.cpp:20:0)
INFO: [HLS 214-270] Starting automatic array partition analysis...
INFO: [HLS 200-111] Finished Compiling Optimization and Transform: CPU user time: 0 seconds. CPU system time: 0 seconds. Elapsed time: 4.278 seconds; current allocated memory: 119.501 MB.
INFO: [HLS 200-111] Finished Checking Pragmas: CPU user time: 0 seconds. CPU system time: 0 seconds. Elapsed time: 0.016 seconds; current allocated memory: 119.502 MB.
INFO: [HLS 200-10] Starting code transformations ...
INFO: [HLS 200-111] Finished Standard Transforms: CPU user time: 0 seconds. CPU system time: 0 seconds. Elapsed time: 0.097 seconds; current allocated memory: 126.385 MB.
INFO: [HLS 200-10] Checking synthesizability ...
INFO: [HLS 200-111] Finished Checking Synthesizability: CPU user time: 0 seconds. CPU system time: 0 seconds. Elapsed time: 0.129 seconds; current allocated memory: 134.728 MB.
WARNING: [XFORM 203-803] Dropped interface mode 'ap_auto' on 'kernel_in_0_0' as it is incompatible with its interface mode 's_axilite'.
WARNING: [XFORM 203-803] Dropped interface mode 'ap_auto' on 'kernel_in_0_1' as it is incompatible with its interface mode 's_axilite'.
WARNING: [XFORM 203-803] Dropped interface mode 'ap_auto' on 'kernel_in_0_2' as it is incompatible with its interface mode 's_axilite'.
WARNING: [XFORM 203-803] Dropped interface mode 'ap_auto' on 'kernel_in_1_0' as it is incompatible with its interface mode 's_axilite'.
WARNING: [XFORM 203-803] Dropped interface mode 'ap_auto' on 'kernel_in_1_1' as it is incompatible with its interface mode 's_axilite'.
WARNING: [XFORM 203-803] Dropped interface mode 'ap_auto' on 'kernel_in_1_2' as it is incompatible with its interface mode 's_axilite'.
WARNING: [XFORM 203-803] Dropped interface mode 'ap_auto' on 'kernel_in_2_0' as it is incompatible with its interface mode 's_axilite'.
WARNING: [XFORM 203-803] Dropped interface mode 'ap_auto' on 'kernel_in_2_1' as it is incompatible with its interface mode 's_axilite'.
WARNING: [XFORM 203-803] Dropped interface mode 'ap_auto' on 'kernel_in_2_2' as it is incompatible with its interface mode 's_axilite'.
INFO: [XFORM 203-502] Unrolling all sub-loops inside loop 'COL_SLIDE' (twodconv.cpp:43) in function 'conv2d' for pipelining.
INFO: [HLS 200-489] Unrolling loop 'UPDATE_WINDOW_ROW' (twodconv.cpp:47) in function 'conv2d' completely with a factor of 3.
INFO: [HLS 200-489] Unrolling loop 'UPDATE_WINDOW_COL' (twodconv.cpp:49) in function 'conv2d' completely with a factor of 2.
INFO: [HLS 200-489] Unrolling loop 'UPDATE_BUF' (twodconv.cpp:62) in function 'conv2d' completely with a factor of 2.
INFO: [HLS 200-489] Unrolling loop 'MACi' (twodconv.cpp:37) in function 'conv2d' completely with a factor of 3.
INFO: [HLS 200-489] Unrolling loop 'MACj' (twodconv.cpp:37) in function 'conv2d' completely with a factor of 3.
INFO: [XFORM 203-101] Partitioning array 'line_buf'  in dimension 1 completely.
INFO: [XFORM 203-101] Partitioning array 'window'  in dimension 1 completely.
INFO: [XFORM 203-101] Partitioning array 'window'  in dimension 2 completely.
INFO: [XFORM 203-11] Balancing expressions in function 'conv2d' (twodconv.cpp:7:47)...3 expression(s) balanced.
INFO: [HLS 200-111] Finished Loop, function and other optimizations: CPU user time: 0 seconds. CPU system time: 0 seconds. Elapsed time: 0.434 seconds; current allocated memory: 165.219 MB.
INFO: [XFORM 203-541] Flattening a loop nest 'ROW_SLIDE' (twodconv.cpp:41:14) in function 'conv2d'.
INFO: [HLS 200-472] Inferring partial write operation for 'line_buf.0' (twodconv.cpp:67:38)
INFO: [HLS 200-111] Finished Architecture Synthesis: CPU user time: 0 seconds. CPU system time: 0 seconds. Elapsed time: 0.126 seconds; current allocated memory: 162.723 MB.
INFO: [HLS 200-10] Starting hardware synthesis ...
INFO: [HLS 200-10] Synthesizing 'conv2d' ...
INFO: [HLS 200-10] ----------------------------------------------------------------
INFO: [HLS 200-42] -- Implementing module 'conv2d' 
INFO: [HLS 200-10] ----------------------------------------------------------------
INFO: [SCHED 204-11] Starting scheduling ...
INFO: [SCHED 204-61] Pipelining loop 'ROW_SLIDE_COL_SLIDE'.
INFO: [HLS 200-1470] Pipelining result : Target II = 1, Final II = 1, Depth = 51, loop 'ROW_SLIDE_COL_SLIDE'
INFO: [SCHED 204-11] Finished scheduling.
INFO: [HLS 200-111] Finished Scheduling: CPU user time: 1 seconds. CPU system time: 0 seconds. Elapsed time: 0.403 seconds; current allocated memory: 163.411 MB.
INFO: [BIND 205-100] Starting micro-architecture generation ...
INFO: [BIND 205-101] Performing variable lifetime analysis.
INFO: [BIND 205-101] Exploring resource sharing.
INFO: [BIND 205-101] Binding ...
INFO: [BIND 205-100] Finished micro-architecture generation.
INFO: [HLS 200-111] Finished Binding: CPU user time: 0 seconds. CPU system time: 0 seconds. Elapsed time: 0.426 seconds; current allocated memory: 164.332 MB.
INFO: [HLS 200-10] ----------------------------------------------------------------
INFO: [HLS 200-10] -- Generating RTL for module 'conv2d' 
INFO: [HLS 200-10] ----------------------------------------------------------------
WARNING: [RTGEN 206-101] Design contains AXI ports. Reset is fixed to synchronous and active low.
INFO: [RTGEN 206-500] Setting interface mode on port 'conv2d/in_stream_V_data_V' to 'axis' (register, both mode).
INFO: [RTGEN 206-500] Setting interface mode on port 'conv2d/in_stream_V_keep_V' to 'axis' (register, both mode).
INFO: [RTGEN 206-500] Setting interface mode on port 'conv2d/in_stream_V_strb_V' to 'axis' (register, both mode).
INFO: [RTGEN 206-500] Setting interface mode on port 'conv2d/in_stream_V_user_V' to 'axis' (register, both mode).
INFO: [RTGEN 206-500] Setting interface mode on port 'conv2d/in_stream_V_last_V' to 'axis' (register, both mode).
INFO: [RTGEN 206-500] Setting interface mode on port 'conv2d/in_stream_V_id_V' to 'axis' (register, both mode).
INFO: [RTGEN 206-500] Setting interface mode on port 'conv2d/in_stream_V_dest_V' to 'axis' (register, both mode).
INFO: [RTGEN 206-500] Setting interface mode on port 'conv2d/out_stream_V_data_V' to 'axis' (register, both mode).
INFO: [RTGEN 206-500] Setting interface mode on port 'conv2d/out_stream_V_keep_V' to 'axis' (register, both mode).
INFO: [RTGEN 206-500] Setting interface mode on port 'conv2d/out_stream_V_strb_V' to 'axis' (register, both mode).
INFO: [RTGEN 206-500] Setting interface mode on port 'conv2d/out_stream_V_user_V' to 'axis' (register, both mode).
INFO: [RTGEN 206-500] Setting interface mode on port 'conv2d/out_stream_V_last_V' to 'axis' (register, both mode).
INFO: [RTGEN 206-500] Setting interface mode on port 'conv2d/out_stream_V_id_V' to 'axis' (register, both mode).
INFO: [RTGEN 206-500] Setting interface mode on port 'conv2d/out_stream_V_dest_V' to 'axis' (register, both mode).
INFO: [RTGEN 206-500] Setting interface mode on port 'conv2d/kernel_in_0_0' to 's_axilite & ap_none'.
INFO: [RTGEN 206-500] Setting interface mode on port 'conv2d/kernel_in_0_1' to 's_axilite & ap_none'.
INFO: [RTGEN 206-500] Setting interface mode on port 'conv2d/kernel_in_0_2' to 's_axilite & ap_none'.
INFO: [RTGEN 206-500] Setting interface mode on port 'conv2d/kernel_in_1_0' to 's_axilite & ap_none'.
INFO: [RTGEN 206-500] Setting interface mode on port 'conv2d/kernel_in_1_1' to 's_axilite & ap_none'.
INFO: [RTGEN 206-500] Setting interface mode on port 'conv2d/kernel_in_1_2' to 's_axilite & ap_none'.
INFO: [RTGEN 206-500] Setting interface mode on port 'conv2d/kernel_in_2_0' to 's_axilite & ap_none'.
INFO: [RTGEN 206-500] Setting interface mode on port 'conv2d/kernel_in_2_1' to 's_axilite & ap_none'.
INFO: [RTGEN 206-500] Setting interface mode on port 'conv2d/kernel_in_2_2' to 's_axilite & ap_none'.
INFO: [RTGEN 206-500] Setting interface mode on port 'conv2d/img_size' to 's_axilite & ap_none'.
INFO: [RTGEN 206-500] Setting interface mode on function 'conv2d' to 's_axilite & ap_ctrl_hs'.
WARNING: [RTGEN 206-101] Register 'window_0_1' is power-on initialization.
WARNING: [RTGEN 206-101] Register 'window_1_1' is power-on initialization.
WARNING: [RTGEN 206-101] Register 'window_2_1' is power-on initialization.
WARNING: [RTGEN 206-101] Register 'window_0_2' is power-on initialization.
WARNING: [RTGEN 206-101] Register 'window_1_2' is power-on initialization.
WARNING: [RTGEN 206-101] Register 'window_2_2' is power-on initialization.
INFO: [RTGEN 206-100] Bundling port 'kernel_in_0_0', 'kernel_in_0_1', 'kernel_in_0_2', 'kernel_in_1_0', 'kernel_in_1_1', 'kernel_in_1_2', 'kernel_in_2_0', 'kernel_in_2_1', 'kernel_in_2_2', 'img_size' and 'return' to AXI-Lite port control.
INFO: [RTGEN 206-100] Generating core module 'fadd_32ns_32ns_32_5_full_dsp_1': 9 instance(s).
INFO: [RTGEN 206-100] Generating core module 'fmul_32ns_32ns_32_4_max_dsp_1': 9 instance(s).
INFO: [RTGEN 206-100] Generating core module 'mul_32ns_32ns_64_1_1': 1 instance(s).
INFO: [RTGEN 206-100] Finished creating RTL model for 'conv2d'.
INFO: [HLS 200-111] Finished Creating RTL model: CPU user time: 1 seconds. CPU system time: 0 seconds. Elapsed time: 0.853 seconds; current allocated memory: 166.991 MB.
INFO: [RTMG 210-278] Implementing memory 'conv2d_line_buf_0_ram (RAM_2P_BRAM)' using block RAMs with power-on initialization.
INFO: [HLS 200-111] Finished Generating all RTL models: CPU user time: 1 seconds. CPU system time: 0 seconds. Elapsed time: 1.655 seconds; current allocated memory: 172.255 MB.
INFO: [HLS 200-111] Finished Updating report files: CPU user time: 0 seconds. CPU system time: 0 seconds. Elapsed time: 0.624 seconds; current allocated memory: 177.281 MB.
INFO: [VHDL 208-304] Generating VHDL RTL for conv2d.
INFO: [VLOG 209-307] Generating Verilog RTL for conv2d.
INFO: [HLS 200-790] **** Loop Constraint Status: All loop constraints were satisfied.
INFO: [HLS 200-789] **** Estimated Fmax: 117.51 MHz
INFO: [HLS 200-111] Finished Command csynth_design CPU user time: 5 seconds. CPU system time: 0 seconds. Elapsed time: 13.338 seconds; current allocated memory: 177.267 MB.
INFO: [HLS 200-112] Total CPU user time: 7 seconds. Total CPU system time: 1 seconds. Total elapsed time: 14.414 seconds; peak allocated memory: 1007.220 MB.
==============================================================
Vitis HLS - High-Level Synthesis from C, C++ and OpenCL v2021.1 (64-bit)
Copyright 1986-2021 Xilinx, Inc. All Rights Reserved.
==============================================================
INFO: [SYN 201-201] Setting up clock 'default' with a period of 10ns.
INFO: [SYN 201-201] Setting up clock 'default' with an uncertainty of 1.25ns.
INFO: [HLS 200-1611] Setting target device to 'xc7z020-clg400-1'
INFO: [HLS 200-1505] Using flow_target 'vivado'
INFO: [HLS 200-1464] Running solution command: config_export -format=ip_catalog
INFO: [HLS 200-1464] Running solution command: config_export -output=D:/IITMadrasICS/1-2/EE5332Project/conv2dfloat.zip
INFO: [HLS 200-1464] Running solution command: config_export -rtl=verilog
INFO: [HLS 200-1510] Running: set_part xc7z020-clg400-1 
INFO: [HLS 200-1510] Running: create_clock -period 10 -name default 
INFO: [HLS 200-1510] Running: config_export -format ip_catalog -output D:/IITMadrasICS/1-2/EE5332Project/conv2dfloat.zip -rtl verilog 
INFO: [HLS 200-1510] Running: set_clock_uncertainty 1.25 
INFO: [HLS 200-1510] Running: set_directive_top -name conv2d conv2d 
INFO: [HLS 200-1510] Running: set_directive_pipeline -II 1 conv2d/COL_SLIDE 
INFO: [HLS 200-1510] Running: set_directive_array_partition -type complete -dim 0 conv2d kernel_in 
INFO: [HLS 200-1510] Running: export_design -rtl verilog -format ip_catalog 
INFO: [IMPL 213-8] Exporting RTL as a Vivado IP.
INFO: [HLS 200-802] Generated output file D:/IITMadrasICS/1-2/EE5332Project/conv2dfloat.zip
INFO: [HLS 200-111] Finished Command export_design CPU user time: 3 seconds. CPU system time: 0 seconds. Elapsed time: 16.121 seconds; current allocated memory: 123.027 MB.
==============================================================
Vitis HLS - High-Level Synthesis from C, C++ and OpenCL v2021.1 (64-bit)
Copyright 1986-2021 Xilinx, Inc. All Rights Reserved.
==============================================================
INFO: [SYN 201-201] Setting up clock 'default' with a period of 10ns.
INFO: [SYN 201-201] Setting up clock 'default' with an uncertainty of 1.25ns.
INFO: [HLS 200-1611] Setting target device to 'xc7z020-clg400-1'
INFO: [HLS 200-1505] Using flow_target 'vivado'
INFO: [HLS 200-1464] Running solution command: config_export -format=ip_catalog
INFO: [HLS 200-1464] Running solution command: config_export -output=D:/IITMadrasICS/1-2/EE5332Project/conv2dfloat.zip
INFO: [HLS 200-1464] Running solution command: config_export -rtl=verilog
INFO: [HLS 200-1510] Running: set_part xc7z020-clg400-1 
INFO: [HLS 200-1510] Running: create_clock -period 10 -name default 
INFO: [HLS 200-1510] Running: config_export -format ip_catalog -output D:/IITMadrasICS/1-2/EE5332Project/conv2dfloat.zip -rtl verilog 
INFO: [HLS 200-1510] Running: set_clock_uncertainty 1.25 
INFO: [HLS 200-1510] Running: set_directive_top -name conv2d conv2d 
INFO: [HLS 200-1510] Running: set_directive_pipeline -II 1 conv2d/COL_SLIDE 
INFO: [HLS 200-1510] Running: set_directive_array_partition -type complete -dim 0 conv2d kernel_in 
INFO: [HLS 200-1510] Running: csynth_design 
INFO: [HLS 200-111] Finished File checks and directory preparation: CPU user time: 0 seconds. CPU system time: 0 seconds. Elapsed time: 0.063 seconds; current allocated memory: 1007.220 MB.
INFO: [HLS 200-10] Analyzing design file 'twodconv.cpp' ... 
ERROR: [HLS 207-3772] use of undeclared identifier 'vert_size'; did you mean 'virt_size'?: twodconv.cpp:93:41
INFO: [HLS 207-4431] 'virt_size' declared here: twodconv.cpp:39:9
WARNING: [HLS 207-5528] Ignore interface attribute or pragma which is not used in top function: twodconv.cpp:25:9
INFO: [HLS 200-111] Finished Command csynth_design CPU user time: 2 seconds. CPU system time: 0 seconds. Elapsed time: 1.651 seconds; current allocated memory: 1008.201 MB.
INFO: [HLS 200-112] Total CPU user time: 3 seconds. Total CPU system time: 1 seconds. Total elapsed time: 3.501 seconds; peak allocated memory: 1007.913 MB.
==============================================================
Vitis HLS - High-Level Synthesis from C, C++ and OpenCL v2021.1 (64-bit)
Copyright 1986-2021 Xilinx, Inc. All Rights Reserved.
==============================================================
INFO: [SYN 201-201] Setting up clock 'default' with a period of 10ns.
INFO: [SYN 201-201] Setting up clock 'default' with an uncertainty of 1.25ns.
INFO: [HLS 200-1611] Setting target device to 'xc7z020-clg400-1'
INFO: [HLS 200-1505] Using flow_target 'vivado'
INFO: [HLS 200-1464] Running solution command: config_export -format=ip_catalog
INFO: [HLS 200-1464] Running solution command: config_export -output=D:/IITMadrasICS/1-2/EE5332Project/conv2dfloat.zip
INFO: [HLS 200-1464] Running solution command: config_export -rtl=verilog
INFO: [HLS 200-1510] Running: set_part xc7z020-clg400-1 
INFO: [HLS 200-1510] Running: create_clock -period 10 -name default 
INFO: [HLS 200-1510] Running: config_export -format ip_catalog -output D:/IITMadrasICS/1-2/EE5332Project/conv2dfloat.zip -rtl verilog 
INFO: [HLS 200-1510] Running: set_clock_uncertainty 1.25 
INFO: [HLS 200-1510] Running: set_directive_top -name conv2d conv2d 
INFO: [HLS 200-1510] Running: set_directive_pipeline -II 1 conv2d/COL_SLIDE 
INFO: [HLS 200-1510] Running: set_directive_array_partition -type complete -dim 0 conv2d kernel_in 
INFO: [HLS 200-1510] Running: csynth_design 
INFO: [HLS 200-111] Finished File checks and directory preparation: CPU user time: 0 seconds. CPU system time: 0 seconds. Elapsed time: 0.042 seconds; current allocated memory: 1007.221 MB.
INFO: [HLS 200-10] Analyzing design file 'twodconv.cpp' ... 
WARNING: [HLS 207-5528] Ignore interface attribute or pragma which is not used in top function: twodconv.cpp:25:9
WARNING: [HLS 207-5301] unused parameter 'print': D:/Xilinx/Vitis_HLS/2021.1/common/technology/autopilot\ap_int_base.h:792:16
INFO: [HLS 200-111] Finished Source Code Analysis and Preprocessing: CPU user time: 2 seconds. CPU system time: 0 seconds. Elapsed time: 5.142 seconds; current allocated memory: 117.429 MB.
INFO: [HLS 200-777] Using interface defaults for 'Vivado' flow target.
INFO: [HLS 214-279] Initial Interval estimation mode is set into default.
INFO: [HLS 214-284] Auto array partition mode is set into default.
INFO: [HLS 214-131] Inlining function 'hls::axis<ap_int<32>, 1ul, 1ul, 1ul>::get_user_ptr()' into 'hls::stream<hls::axis<ap_int<32>, 1ul, 1ul, 1ul>, 0>::read()' (D:/Xilinx/Vitis_HLS/2021.1/common/technology/autopilot\ap_axi_sdata.h:293:50)
INFO: [HLS 214-131] Inlining function 'hls::axis<ap_int<32>, 1ul, 1ul, 1ul>::get_dest_ptr()' into 'hls::stream<hls::axis<ap_int<32>, 1ul, 1ul, 1ul>, 0>::read()' (D:/Xilinx/Vitis_HLS/2021.1/common/technology/autopilot\ap_axi_sdata.h:296:25)
INFO: [HLS 214-131] Inlining function 'hls::axis<ap_int<32>, 1ul, 1ul, 1ul>::get_id_ptr()' into 'hls::stream<hls::axis<ap_int<32>, 1ul, 1ul, 1ul>, 0>::read()' (D:/Xilinx/Vitis_HLS/2021.1/common/technology/autopilot\ap_axi_sdata.h:295:67)
INFO: [HLS 214-131] Inlining function 'hls::axis<ap_int<32>, 1ul, 1ul, 1ul>::get_user_ptr()' into 'hls::stream<hls::axis<ap_int<32>, 1ul, 1ul, 1ul>, 0>::read()' (D:/Xilinx/Vitis_HLS/2021.1/common/technology/autopilot\ap_axi_sdata.h:295:36)
INFO: [HLS 214-131] Inlining function 'hls::axis<ap_int<32>, 1ul, 1ul, 1ul>::get_dest_ptr()' into 'hls::stream<hls::axis<ap_int<32>, 1ul, 1ul, 1ul>, 0>::read()' (D:/Xilinx/Vitis_HLS/2021.1/common/technology/autopilot\ap_axi_sdata.h:294:39)
INFO: [HLS 214-131] Inlining function 'hls::axis<ap_int<32>, 1ul, 1ul, 1ul>::get_id_ptr()' into 'hls::stream<hls::axis<ap_int<32>, 1ul, 1ul, 1ul>, 0>::read()' (D:/Xilinx/Vitis_HLS/2021.1/common/technology/autopilot\ap_axi_sdata.h:294:23)
INFO: [HLS 214-131] Inlining function 'ap_int_base<32, true>::operator long long() const' into 'unpack(ap_int<32>)' (twodconv.cpp:6:23)
INFO: [HLS 214-131] Inlining function 'hls::axis<ap_int<32>, 1ul, 1ul, 1ul>::get_user_ptr()' into 'hls::stream<hls::axis<ap_int<32>, 1ul, 1ul, 1ul>, 0>::write(hls::axis<ap_int<32>, 1ul, 1ul, 1ul> const&)' (D:/Xilinx/Vitis_HLS/2021.1/common/technology/autopilot\ap_axi_sdata.h:304:51)
INFO: [HLS 214-131] Inlining function 'hls::axis<ap_int<32>, 1ul, 1ul, 1ul>::get_dest_ptr()' into 'hls::stream<hls::axis<ap_int<32>, 1ul, 1ul, 1ul>, 0>::write(hls::axis<ap_int<32>, 1ul, 1ul, 1ul> const&)' (D:/Xilinx/Vitis_HLS/2021.1/common/technology/autopilot\ap_axi_sdata.h:307:26)
INFO: [HLS 214-131] Inlining function 'hls::axis<ap_int<32>, 1ul, 1ul, 1ul>::get_id_ptr()' into 'hls::stream<hls::axis<ap_int<32>, 1ul, 1ul, 1ul>, 0>::write(hls::axis<ap_int<32>, 1ul, 1ul, 1ul> const&)' (D:/Xilinx/Vitis_HLS/2021.1/common/technology/autopilot\ap_axi_sdata.h:306:68)
INFO: [HLS 214-131] Inlining function 'hls::axis<ap_int<32>, 1ul, 1ul, 1ul>::get_user_ptr()' into 'hls::stream<hls::axis<ap_int<32>, 1ul, 1ul, 1ul>, 0>::write(hls::axis<ap_int<32>, 1ul, 1ul, 1ul> const&)' (D:/Xilinx/Vitis_HLS/2021.1/common/technology/autopilot\ap_axi_sdata.h:306:37)
INFO: [HLS 214-131] Inlining function 'hls::axis<ap_int<32>, 1ul, 1ul, 1ul>::get_dest_ptr()' into 'hls::stream<hls::axis<ap_int<32>, 1ul, 1ul, 1ul>, 0>::write(hls::axis<ap_int<32>, 1ul, 1ul, 1ul> const&)' (D:/Xilinx/Vitis_HLS/2021.1/common/technology/autopilot\ap_axi_sdata.h:305:40)
INFO: [HLS 214-131] Inlining function 'hls::axis<ap_int<32>, 1ul, 1ul, 1ul>::get_id_ptr()' into 'hls::stream<hls::axis<ap_int<32>, 1ul, 1ul, 1ul>, 0>::write(hls::axis<ap_int<32>, 1ul, 1ul, 1ul> const&)' (D:/Xilinx/Vitis_HLS/2021.1/common/technology/autopilot\ap_axi_sdata.h:305:24)
INFO: [HLS 214-131] Inlining function 'hls::stream<hls::axis<ap_int<32>, 1ul, 1ul, 1ul>, 0>::read()' into 'conv2d(hls::stream<hls::axis<ap_int<32>, 1ul, 1ul, 1ul>, 0>&, hls::stream<hls::axis<ap_int<32>, 1ul, 1ul, 1ul>, 0>&, float (*) [3], int)' (twodconv.cpp:58:36)
INFO: [HLS 214-131] Inlining function 'hls::stream<hls::axis<ap_int<32>, 1ul, 1ul, 1ul>, 0>::write(hls::axis<ap_int<32>, 1ul, 1ul, 1ul> const&)' into 'conv2d(hls::stream<hls::axis<ap_int<32>, 1ul, 1ul, 1ul>, 0>&, hls::stream<hls::axis<ap_int<32>, 1ul, 1ul, 1ul>, 0>&, float (*) [3], int)' (twodconv.cpp:94:28)
INFO: [HLS 214-178] Inlining function 'unpack(ap_int<32>)' into 'conv2d(hls::stream<hls::axis<ap_int<32>, 1ul, 1ul, 1ul>, 0>&, hls::stream<hls::axis<ap_int<32>, 1ul, 1ul, 1ul>, 0>&, float (*) [3], int)' (twodconv.cpp:20:0)
INFO: [HLS 214-178] Inlining function 'pack(float)' into 'conv2d(hls::stream<hls::axis<ap_int<32>, 1ul, 1ul, 1ul>, 0>&, hls::stream<hls::axis<ap_int<32>, 1ul, 1ul, 1ul>, 0>&, float (*) [3], int)' (twodconv.cpp:20:0)
INFO: [HLS 214-248] Applying array_partition to 'kernel_in': Complete partitioning on dimension 1. Complete partitioning on dimension 2. (twodconv.cpp:20:0)
INFO: [HLS 214-270] Starting automatic array partition analysis...
INFO: [HLS 200-111] Finished Compiling Optimization and Transform: CPU user time: 0 seconds. CPU system time: 0 seconds. Elapsed time: 5.135 seconds; current allocated memory: 119.533 MB.
INFO: [HLS 200-111] Finished Checking Pragmas: CPU user time: 0 seconds. CPU system time: 0 seconds. Elapsed time: 0.013 seconds; current allocated memory: 119.534 MB.
INFO: [HLS 200-10] Starting code transformations ...
INFO: [HLS 200-111] Finished Standard Transforms: CPU user time: 1 seconds. CPU system time: 0 seconds. Elapsed time: 0.219 seconds; current allocated memory: 126.416 MB.
INFO: [HLS 200-10] Checking synthesizability ...
INFO: [HLS 200-111] Finished Checking Synthesizability: CPU user time: 0 seconds. CPU system time: 0 seconds. Elapsed time: 0.159 seconds; current allocated memory: 134.759 MB.
WARNING: [XFORM 203-803] Dropped interface mode 'ap_auto' on 'kernel_in_0_0' as it is incompatible with its interface mode 's_axilite'.
WARNING: [XFORM 203-803] Dropped interface mode 'ap_auto' on 'kernel_in_0_1' as it is incompatible with its interface mode 's_axilite'.
WARNING: [XFORM 203-803] Dropped interface mode 'ap_auto' on 'kernel_in_0_2' as it is incompatible with its interface mode 's_axilite'.
WARNING: [XFORM 203-803] Dropped interface mode 'ap_auto' on 'kernel_in_1_0' as it is incompatible with its interface mode 's_axilite'.
WARNING: [XFORM 203-803] Dropped interface mode 'ap_auto' on 'kernel_in_1_1' as it is incompatible with its interface mode 's_axilite'.
WARNING: [XFORM 203-803] Dropped interface mode 'ap_auto' on 'kernel_in_1_2' as it is incompatible with its interface mode 's_axilite'.
WARNING: [XFORM 203-803] Dropped interface mode 'ap_auto' on 'kernel_in_2_0' as it is incompatible with its interface mode 's_axilite'.
WARNING: [XFORM 203-803] Dropped interface mode 'ap_auto' on 'kernel_in_2_1' as it is incompatible with its interface mode 's_axilite'.
WARNING: [XFORM 203-803] Dropped interface mode 'ap_auto' on 'kernel_in_2_2' as it is incompatible with its interface mode 's_axilite'.
INFO: [XFORM 203-502] Unrolling all sub-loops inside loop 'COL_SLIDE' (twodconv.cpp:43) in function 'conv2d' for pipelining.
INFO: [HLS 200-489] Unrolling loop 'UPDATE_WINDOW_ROW' (twodconv.cpp:47) in function 'conv2d' completely with a factor of 3.
INFO: [HLS 200-489] Unrolling loop 'UPDATE_WINDOW_COL' (twodconv.cpp:49) in function 'conv2d' completely with a factor of 2.
INFO: [HLS 200-489] Unrolling loop 'UPDATE_BUF' (twodconv.cpp:62) in function 'conv2d' completely with a factor of 2.
INFO: [HLS 200-489] Unrolling loop 'MACi' (twodconv.cpp:37) in function 'conv2d' completely with a factor of 3.
INFO: [HLS 200-489] Unrolling loop 'MACj' (twodconv.cpp:37) in function 'conv2d' completely with a factor of 3.
INFO: [XFORM 203-101] Partitioning array 'line_buf'  in dimension 1 completely.
INFO: [XFORM 203-101] Partitioning array 'window'  in dimension 1 completely.
INFO: [XFORM 203-101] Partitioning array 'window'  in dimension 2 completely.
INFO: [XFORM 203-11] Balancing expressions in function 'conv2d' (twodconv.cpp:7:47)...3 expression(s) balanced.
INFO: [HLS 200-111] Finished Loop, function and other optimizations: CPU user time: 0 seconds. CPU system time: 0 seconds. Elapsed time: 0.595 seconds; current allocated memory: 165.249 MB.
INFO: [XFORM 203-541] Flattening a loop nest 'ROW_SLIDE' (twodconv.cpp:41:14) in function 'conv2d'.
INFO: [HLS 200-472] Inferring partial write operation for 'line_buf.0' (twodconv.cpp:67:38)
INFO: [HLS 200-111] Finished Architecture Synthesis: CPU user time: 0 seconds. CPU system time: 0 seconds. Elapsed time: 0.174 seconds; current allocated memory: 162.750 MB.
INFO: [HLS 200-10] Starting hardware synthesis ...
INFO: [HLS 200-10] Synthesizing 'conv2d' ...
INFO: [HLS 200-10] ----------------------------------------------------------------
INFO: [HLS 200-42] -- Implementing module 'conv2d' 
INFO: [HLS 200-10] ----------------------------------------------------------------
INFO: [SCHED 204-11] Starting scheduling ...
INFO: [SCHED 204-61] Pipelining loop 'ROW_SLIDE_COL_SLIDE'.
INFO: [HLS 200-1470] Pipelining result : Target II = 1, Final II = 1, Depth = 51, loop 'ROW_SLIDE_COL_SLIDE'
INFO: [SCHED 204-11] Finished scheduling.
INFO: [HLS 200-111] Finished Scheduling: CPU user time: 0 seconds. CPU system time: 0 seconds. Elapsed time: 0.666 seconds; current allocated memory: 163.436 MB.
INFO: [BIND 205-100] Starting micro-architecture generation ...
INFO: [BIND 205-101] Performing variable lifetime analysis.
INFO: [BIND 205-101] Exploring resource sharing.
INFO: [BIND 205-101] Binding ...
INFO: [BIND 205-100] Finished micro-architecture generation.
INFO: [HLS 200-111] Finished Binding: CPU user time: 1 seconds. CPU system time: 0 seconds. Elapsed time: 0.458 seconds; current allocated memory: 164.356 MB.
INFO: [HLS 200-10] ----------------------------------------------------------------
INFO: [HLS 200-10] -- Generating RTL for module 'conv2d' 
INFO: [HLS 200-10] ----------------------------------------------------------------
WARNING: [RTGEN 206-101] Design contains AXI ports. Reset is fixed to synchronous and active low.
INFO: [RTGEN 206-500] Setting interface mode on port 'conv2d/in_stream_V_data_V' to 'axis' (register, both mode).
INFO: [RTGEN 206-500] Setting interface mode on port 'conv2d/in_stream_V_keep_V' to 'axis' (register, both mode).
INFO: [RTGEN 206-500] Setting interface mode on port 'conv2d/in_stream_V_strb_V' to 'axis' (register, both mode).
INFO: [RTGEN 206-500] Setting interface mode on port 'conv2d/in_stream_V_user_V' to 'axis' (register, both mode).
INFO: [RTGEN 206-500] Setting interface mode on port 'conv2d/in_stream_V_last_V' to 'axis' (register, both mode).
INFO: [RTGEN 206-500] Setting interface mode on port 'conv2d/in_stream_V_id_V' to 'axis' (register, both mode).
INFO: [RTGEN 206-500] Setting interface mode on port 'conv2d/in_stream_V_dest_V' to 'axis' (register, both mode).
INFO: [RTGEN 206-500] Setting interface mode on port 'conv2d/out_stream_V_data_V' to 'axis' (register, both mode).
INFO: [RTGEN 206-500] Setting interface mode on port 'conv2d/out_stream_V_keep_V' to 'axis' (register, both mode).
INFO: [RTGEN 206-500] Setting interface mode on port 'conv2d/out_stream_V_strb_V' to 'axis' (register, both mode).
INFO: [RTGEN 206-500] Setting interface mode on port 'conv2d/out_stream_V_user_V' to 'axis' (register, both mode).
INFO: [RTGEN 206-500] Setting interface mode on port 'conv2d/out_stream_V_last_V' to 'axis' (register, both mode).
INFO: [RTGEN 206-500] Setting interface mode on port 'conv2d/out_stream_V_id_V' to 'axis' (register, both mode).
INFO: [RTGEN 206-500] Setting interface mode on port 'conv2d/out_stream_V_dest_V' to 'axis' (register, both mode).
INFO: [RTGEN 206-500] Setting interface mode on port 'conv2d/kernel_in_0_0' to 's_axilite & ap_none'.
INFO: [RTGEN 206-500] Setting interface mode on port 'conv2d/kernel_in_0_1' to 's_axilite & ap_none'.
INFO: [RTGEN 206-500] Setting interface mode on port 'conv2d/kernel_in_0_2' to 's_axilite & ap_none'.
INFO: [RTGEN 206-500] Setting interface mode on port 'conv2d/kernel_in_1_0' to 's_axilite & ap_none'.
INFO: [RTGEN 206-500] Setting interface mode on port 'conv2d/kernel_in_1_1' to 's_axilite & ap_none'.
INFO: [RTGEN 206-500] Setting interface mode on port 'conv2d/kernel_in_1_2' to 's_axilite & ap_none'.
INFO: [RTGEN 206-500] Setting interface mode on port 'conv2d/kernel_in_2_0' to 's_axilite & ap_none'.
INFO: [RTGEN 206-500] Setting interface mode on port 'conv2d/kernel_in_2_1' to 's_axilite & ap_none'.
INFO: [RTGEN 206-500] Setting interface mode on port 'conv2d/kernel_in_2_2' to 's_axilite & ap_none'.
INFO: [RTGEN 206-500] Setting interface mode on port 'conv2d/img_size' to 's_axilite & ap_none'.
INFO: [RTGEN 206-500] Setting interface mode on function 'conv2d' to 's_axilite & ap_ctrl_hs'.
WARNING: [RTGEN 206-101] Register 'window_0_1' is power-on initialization.
WARNING: [RTGEN 206-101] Register 'window_1_1' is power-on initialization.
WARNING: [RTGEN 206-101] Register 'window_2_1' is power-on initialization.
WARNING: [RTGEN 206-101] Register 'window_0_2' is power-on initialization.
WARNING: [RTGEN 206-101] Register 'window_1_2' is power-on initialization.
WARNING: [RTGEN 206-101] Register 'window_2_2' is power-on initialization.
INFO: [RTGEN 206-100] Bundling port 'kernel_in_0_0', 'kernel_in_0_1', 'kernel_in_0_2', 'kernel_in_1_0', 'kernel_in_1_1', 'kernel_in_1_2', 'kernel_in_2_0', 'kernel_in_2_1', 'kernel_in_2_2', 'img_size' and 'return' to AXI-Lite port control.
INFO: [RTGEN 206-100] Generating core module 'fadd_32ns_32ns_32_5_full_dsp_1': 9 instance(s).
INFO: [RTGEN 206-100] Generating core module 'fmul_32ns_32ns_32_4_max_dsp_1': 9 instance(s).
INFO: [RTGEN 206-100] Generating core module 'mul_32ns_32ns_64_1_1': 1 instance(s).
INFO: [RTGEN 206-100] Finished creating RTL model for 'conv2d'.
INFO: [HLS 200-111] Finished Creating RTL model: CPU user time: 0 seconds. CPU system time: 0 seconds. Elapsed time: 1.335 seconds; current allocated memory: 167.009 MB.
INFO: [RTMG 210-278] Implementing memory 'conv2d_line_buf_0_ram (RAM_2P_BRAM)' using block RAMs with power-on initialization.
INFO: [HLS 200-111] Finished Generating all RTL models: CPU user time: 2 seconds. CPU system time: 0 seconds. Elapsed time: 2.072 seconds; current allocated memory: 172.241 MB.
INFO: [HLS 200-111] Finished Updating report files: CPU user time: 0 seconds. CPU system time: 0 seconds. Elapsed time: 0.831 seconds; current allocated memory: 177.208 MB.
INFO: [VHDL 208-304] Generating VHDL RTL for conv2d.
INFO: [VLOG 209-307] Generating Verilog RTL for conv2d.
INFO: [HLS 200-790] **** Loop Constraint Status: All loop constraints were satisfied.
INFO: [HLS 200-789] **** Estimated Fmax: 117.51 MHz
INFO: [HLS 200-111] Finished Command csynth_design CPU user time: 6 seconds. CPU system time: 0 seconds. Elapsed time: 16.971 seconds; current allocated memory: 177.194 MB.
INFO: [HLS 200-112] Total CPU user time: 7 seconds. Total CPU system time: 1 seconds. Total elapsed time: 18.336 seconds; peak allocated memory: 1007.221 MB.
==============================================================
Vitis HLS - High-Level Synthesis from C, C++ and OpenCL v2021.1 (64-bit)
Copyright 1986-2021 Xilinx, Inc. All Rights Reserved.
==============================================================
INFO: [SYN 201-201] Setting up clock 'default' with a period of 10ns.
INFO: [SYN 201-201] Setting up clock 'default' with an uncertainty of 1.25ns.
INFO: [HLS 200-1611] Setting target device to 'xc7z020-clg400-1'
INFO: [HLS 200-1505] Using flow_target 'vivado'
INFO: [HLS 200-1464] Running solution command: config_export -format=ip_catalog
INFO: [HLS 200-1464] Running solution command: config_export -output=D:/IITMadrasICS/1-2/EE5332Project/conv2dfloat.zip
INFO: [HLS 200-1464] Running solution command: config_export -rtl=verilog
INFO: [HLS 200-1510] Running: set_part xc7z020-clg400-1 
INFO: [HLS 200-1510] Running: create_clock -period 10 -name default 
INFO: [HLS 200-1510] Running: config_export -format ip_catalog -output D:/IITMadrasICS/1-2/EE5332Project/conv2dfloat.zip -rtl verilog 
INFO: [HLS 200-1510] Running: set_clock_uncertainty 1.25 
INFO: [HLS 200-1510] Running: set_directive_top -name conv2d conv2d 
INFO: [HLS 200-1510] Running: set_directive_pipeline -II 1 conv2d/COL_SLIDE 
INFO: [HLS 200-1510] Running: set_directive_array_partition -type complete -dim 0 conv2d kernel_in 
INFO: [HLS 200-1510] Running: csim_design -quiet 
INFO: [SIM 211-2] *************** CSIM start ***************
INFO: [SIM 211-4] CSIM will launch GCC as the compiler.
INFO: [SIM 211-1] CSim done with 0 errors.
INFO: [SIM 211-3] *************** CSIM finish ***************
INFO: [HLS 200-111] Finished Command csim_design CPU user time: 3 seconds. CPU system time: 0 seconds. Elapsed time: 13.172 seconds; current allocated memory: 116.053 MB.
==============================================================
Vitis HLS - High-Level Synthesis from C, C++ and OpenCL v2021.1 (64-bit)
Copyright 1986-2021 Xilinx, Inc. All Rights Reserved.
==============================================================
INFO: [SYN 201-201] Setting up clock 'default' with a period of 10ns.
INFO: [SYN 201-201] Setting up clock 'default' with an uncertainty of 1.25ns.
INFO: [HLS 200-1611] Setting target device to 'xc7z020-clg400-1'
INFO: [HLS 200-1505] Using flow_target 'vivado'
INFO: [HLS 200-1464] Running solution command: config_export -format=ip_catalog
INFO: [HLS 200-1464] Running solution command: config_export -output=D:/IITMadrasICS/1-2/EE5332Project/conv2dfloat.zip
INFO: [HLS 200-1464] Running solution command: config_export -rtl=verilog
INFO: [HLS 200-1510] Running: set_part xc7z020-clg400-1 
INFO: [HLS 200-1510] Running: create_clock -period 10 -name default 
INFO: [HLS 200-1510] Running: config_export -format ip_catalog -output D:/IITMadrasICS/1-2/EE5332Project/conv2dfloat.zip -rtl verilog 
INFO: [HLS 200-1510] Running: set_clock_uncertainty 1.25 
INFO: [HLS 200-1510] Running: set_directive_top -name conv2d conv2d 
INFO: [HLS 200-1510] Running: set_directive_pipeline -II 1 conv2d/COL_SLIDE 
INFO: [HLS 200-1510] Running: set_directive_array_partition -type complete -dim 0 conv2d kernel_in 
INFO: [HLS 200-1510] Running: export_design -rtl verilog -format ip_catalog 
INFO: [IMPL 213-8] Exporting RTL as a Vivado IP.
ERROR: [IMPL 213-28] Failed to generate IP.
INFO: [HLS 200-111] Finished Command export_design CPU user time: 2 seconds. CPU system time: 0 seconds. Elapsed time: 23.122 seconds; current allocated memory: 122.902 MB.
==============================================================
Vitis HLS - High-Level Synthesis from C, C++ and OpenCL v2021.1 (64-bit)
Copyright 1986-2021 Xilinx, Inc. All Rights Reserved.
==============================================================
INFO: [SYN 201-201] Setting up clock 'default' with a period of 10ns.
INFO: [SYN 201-201] Setting up clock 'default' with an uncertainty of 1.25ns.
INFO: [HLS 200-1611] Setting target device to 'xc7z020-clg400-1'
INFO: [HLS 200-1505] Using flow_target 'vivado'
INFO: [HLS 200-1464] Running solution command: config_export -format=ip_catalog
INFO: [HLS 200-1464] Running solution command: config_export -output=D:/IITMadrasICS/1-2/EE5332Project/conv2dfloat.zip
INFO: [HLS 200-1464] Running solution command: config_export -rtl=verilog
INFO: [HLS 200-1510] Running: set_part xc7z020-clg400-1 
INFO: [HLS 200-1510] Running: create_clock -period 10 -name default 
INFO: [HLS 200-1510] Running: config_export -format ip_catalog -output D:/IITMadrasICS/1-2/EE5332Project/conv2dfloat.zip -rtl verilog 
INFO: [HLS 200-1510] Running: set_clock_uncertainty 1.25 
INFO: [HLS 200-1510] Running: set_directive_top -name conv2d conv2d 
INFO: [HLS 200-1510] Running: set_directive_pipeline -II 1 conv2d/COL_SLIDE 
INFO: [HLS 200-1510] Running: set_directive_array_partition -type complete -dim 0 conv2d kernel_in 
INFO: [HLS 200-1510] Running: export_design -rtl verilog -format ip_catalog 
INFO: [IMPL 213-8] Exporting RTL as a Vivado IP.
INFO: [HLS 200-802] Generated output file D:/IITMadrasICS/1-2/EE5332Project/conv2dfloat.zip
INFO: [HLS 200-111] Finished Command export_design CPU user time: 3 seconds. CPU system time: 0 seconds. Elapsed time: 16.521 seconds; current allocated memory: 123.027 MB.
==============================================================
Vitis HLS - High-Level Synthesis from C, C++ and OpenCL v2021.1 (64-bit)
Copyright 1986-2021 Xilinx, Inc. All Rights Reserved.
==============================================================
INFO: [SYN 201-201] Setting up clock 'default' with a period of 10ns.
INFO: [SYN 201-201] Setting up clock 'default' with an uncertainty of 1.25ns.
INFO: [HLS 200-1611] Setting target device to 'xc7z020-clg400-1'
INFO: [HLS 200-1505] Using flow_target 'vivado'
INFO: [HLS 200-1464] Running solution command: config_export -format=ip_catalog
INFO: [HLS 200-1464] Running solution command: config_export -output=D:/IITMadrasICS/1-2/EE5332Project/conv2dfloat.zip
INFO: [HLS 200-1464] Running solution command: config_export -rtl=verilog
INFO: [HLS 200-1510] Running: set_part xc7z020-clg400-1 
INFO: [HLS 200-1510] Running: create_clock -period 10 -name default 
INFO: [HLS 200-1510] Running: config_export -format ip_catalog -output D:/IITMadrasICS/1-2/EE5332Project/conv2dfloat.zip -rtl verilog 
INFO: [HLS 200-1510] Running: set_clock_uncertainty 1.25 
INFO: [HLS 200-1510] Running: set_directive_top -name conv2d conv2d 
INFO: [HLS 200-1510] Running: set_directive_pipeline -II 1 conv2d/COL_SLIDE 
INFO: [HLS 200-1510] Running: set_directive_array_partition -type complete -dim 0 conv2d kernel_in 
INFO: [HLS 200-1510] Running: csynth_design 
INFO: [HLS 200-111] Finished File checks and directory preparation: CPU user time: 0 seconds. CPU system time: 0 seconds. Elapsed time: 0.082 seconds; current allocated memory: 1007.236 MB.
INFO: [HLS 200-10] Analyzing design file 'twodconv.cpp' ... 
WARNING: [HLS 207-5528] Ignore interface attribute or pragma which is not used in top function: twodconv.cpp:25:9
WARNING: [HLS 207-5301] unused parameter 'print': D:/Xilinx/Vitis_HLS/2021.1/common/technology/autopilot\ap_int_base.h:792:16
INFO: [HLS 200-111] Finished Source Code Analysis and Preprocessing: CPU user time: 3 seconds. CPU system time: 0 seconds. Elapsed time: 7.443 seconds; current allocated memory: 117.444 MB.
INFO: [HLS 200-777] Using interface defaults for 'Vivado' flow target.
INFO: [HLS 214-279] Initial Interval estimation mode is set into default.
INFO: [HLS 214-284] Auto array partition mode is set into default.
INFO: [HLS 214-131] Inlining function 'hls::axis<ap_int<32>, 1ul, 1ul, 1ul>::get_user_ptr()' into 'hls::stream<hls::axis<ap_int<32>, 1ul, 1ul, 1ul>, 0>::read()' (D:/Xilinx/Vitis_HLS/2021.1/common/technology/autopilot\ap_axi_sdata.h:293:50)
INFO: [HLS 214-131] Inlining function 'hls::axis<ap_int<32>, 1ul, 1ul, 1ul>::get_dest_ptr()' into 'hls::stream<hls::axis<ap_int<32>, 1ul, 1ul, 1ul>, 0>::read()' (D:/Xilinx/Vitis_HLS/2021.1/common/technology/autopilot\ap_axi_sdata.h:296:25)
INFO: [HLS 214-131] Inlining function 'hls::axis<ap_int<32>, 1ul, 1ul, 1ul>::get_id_ptr()' into 'hls::stream<hls::axis<ap_int<32>, 1ul, 1ul, 1ul>, 0>::read()' (D:/Xilinx/Vitis_HLS/2021.1/common/technology/autopilot\ap_axi_sdata.h:295:67)
INFO: [HLS 214-131] Inlining function 'hls::axis<ap_int<32>, 1ul, 1ul, 1ul>::get_user_ptr()' into 'hls::stream<hls::axis<ap_int<32>, 1ul, 1ul, 1ul>, 0>::read()' (D:/Xilinx/Vitis_HLS/2021.1/common/technology/autopilot\ap_axi_sdata.h:295:36)
INFO: [HLS 214-131] Inlining function 'hls::axis<ap_int<32>, 1ul, 1ul, 1ul>::get_dest_ptr()' into 'hls::stream<hls::axis<ap_int<32>, 1ul, 1ul, 1ul>, 0>::read()' (D:/Xilinx/Vitis_HLS/2021.1/common/technology/autopilot\ap_axi_sdata.h:294:39)
INFO: [HLS 214-131] Inlining function 'hls::axis<ap_int<32>, 1ul, 1ul, 1ul>::get_id_ptr()' into 'hls::stream<hls::axis<ap_int<32>, 1ul, 1ul, 1ul>, 0>::read()' (D:/Xilinx/Vitis_HLS/2021.1/common/technology/autopilot\ap_axi_sdata.h:294:23)
INFO: [HLS 214-131] Inlining function 'ap_int_base<32, true>::operator long long() const' into 'unpack(ap_int<32>)' (twodconv.cpp:6:23)
INFO: [HLS 214-131] Inlining function 'hls::axis<ap_int<32>, 1ul, 1ul, 1ul>::get_user_ptr()' into 'hls::stream<hls::axis<ap_int<32>, 1ul, 1ul, 1ul>, 0>::write(hls::axis<ap_int<32>, 1ul, 1ul, 1ul> const&)' (D:/Xilinx/Vitis_HLS/2021.1/common/technology/autopilot\ap_axi_sdata.h:304:51)
INFO: [HLS 214-131] Inlining function 'hls::axis<ap_int<32>, 1ul, 1ul, 1ul>::get_dest_ptr()' into 'hls::stream<hls::axis<ap_int<32>, 1ul, 1ul, 1ul>, 0>::write(hls::axis<ap_int<32>, 1ul, 1ul, 1ul> const&)' (D:/Xilinx/Vitis_HLS/2021.1/common/technology/autopilot\ap_axi_sdata.h:307:26)
INFO: [HLS 214-131] Inlining function 'hls::axis<ap_int<32>, 1ul, 1ul, 1ul>::get_id_ptr()' into 'hls::stream<hls::axis<ap_int<32>, 1ul, 1ul, 1ul>, 0>::write(hls::axis<ap_int<32>, 1ul, 1ul, 1ul> const&)' (D:/Xilinx/Vitis_HLS/2021.1/common/technology/autopilot\ap_axi_sdata.h:306:68)
INFO: [HLS 214-131] Inlining function 'hls::axis<ap_int<32>, 1ul, 1ul, 1ul>::get_user_ptr()' into 'hls::stream<hls::axis<ap_int<32>, 1ul, 1ul, 1ul>, 0>::write(hls::axis<ap_int<32>, 1ul, 1ul, 1ul> const&)' (D:/Xilinx/Vitis_HLS/2021.1/common/technology/autopilot\ap_axi_sdata.h:306:37)
INFO: [HLS 214-131] Inlining function 'hls::axis<ap_int<32>, 1ul, 1ul, 1ul>::get_dest_ptr()' into 'hls::stream<hls::axis<ap_int<32>, 1ul, 1ul, 1ul>, 0>::write(hls::axis<ap_int<32>, 1ul, 1ul, 1ul> const&)' (D:/Xilinx/Vitis_HLS/2021.1/common/technology/autopilot\ap_axi_sdata.h:305:40)
INFO: [HLS 214-131] Inlining function 'hls::axis<ap_int<32>, 1ul, 1ul, 1ul>::get_id_ptr()' into 'hls::stream<hls::axis<ap_int<32>, 1ul, 1ul, 1ul>, 0>::write(hls::axis<ap_int<32>, 1ul, 1ul, 1ul> const&)' (D:/Xilinx/Vitis_HLS/2021.1/common/technology/autopilot\ap_axi_sdata.h:305:24)
INFO: [HLS 214-131] Inlining function 'hls::stream<hls::axis<ap_int<32>, 1ul, 1ul, 1ul>, 0>::read()' into 'conv2d(hls::stream<hls::axis<ap_int<32>, 1ul, 1ul, 1ul>, 0>&, hls::stream<hls::axis<ap_int<32>, 1ul, 1ul, 1ul>, 0>&, float (*) [3], int)' (twodconv.cpp:58:36)
INFO: [HLS 214-131] Inlining function 'hls::stream<hls::axis<ap_int<32>, 1ul, 1ul, 1ul>, 0>::write(hls::axis<ap_int<32>, 1ul, 1ul, 1ul> const&)' into 'conv2d(hls::stream<hls::axis<ap_int<32>, 1ul, 1ul, 1ul>, 0>&, hls::stream<hls::axis<ap_int<32>, 1ul, 1ul, 1ul>, 0>&, float (*) [3], int)' (twodconv.cpp:94:28)
INFO: [HLS 214-178] Inlining function 'unpack(ap_int<32>)' into 'conv2d(hls::stream<hls::axis<ap_int<32>, 1ul, 1ul, 1ul>, 0>&, hls::stream<hls::axis<ap_int<32>, 1ul, 1ul, 1ul>, 0>&, float (*) [3], int)' (twodconv.cpp:20:0)
INFO: [HLS 214-178] Inlining function 'pack(float)' into 'conv2d(hls::stream<hls::axis<ap_int<32>, 1ul, 1ul, 1ul>, 0>&, hls::stream<hls::axis<ap_int<32>, 1ul, 1ul, 1ul>, 0>&, float (*) [3], int)' (twodconv.cpp:20:0)
INFO: [HLS 214-248] Applying array_partition to 'kernel_in': Complete partitioning on dimension 1. Complete partitioning on dimension 2. (twodconv.cpp:20:0)
INFO: [HLS 214-270] Starting automatic array partition analysis...
INFO: [HLS 200-111] Finished Compiling Optimization and Transform: CPU user time: 0 seconds. CPU system time: 0 seconds. Elapsed time: 5.174 seconds; current allocated memory: 119.501 MB.
INFO: [HLS 200-111] Finished Checking Pragmas: CPU user time: 0 seconds. CPU system time: 0 seconds. Elapsed time: 0.015 seconds; current allocated memory: 119.502 MB.
INFO: [HLS 200-10] Starting code transformations ...
INFO: [HLS 200-111] Finished Standard Transforms: CPU user time: 0 seconds. CPU system time: 0 seconds. Elapsed time: 0.149 seconds; current allocated memory: 126.384 MB.
INFO: [HLS 200-10] Checking synthesizability ...
INFO: [HLS 200-111] Finished Checking Synthesizability: CPU user time: 0 seconds. CPU system time: 0 seconds. Elapsed time: 0.134 seconds; current allocated memory: 134.727 MB.
WARNING: [XFORM 203-803] Dropped interface mode 'ap_auto' on 'kernel_in_0_0' as it is incompatible with its interface mode 's_axilite'.
WARNING: [XFORM 203-803] Dropped interface mode 'ap_auto' on 'kernel_in_0_1' as it is incompatible with its interface mode 's_axilite'.
WARNING: [XFORM 203-803] Dropped interface mode 'ap_auto' on 'kernel_in_0_2' as it is incompatible with its interface mode 's_axilite'.
WARNING: [XFORM 203-803] Dropped interface mode 'ap_auto' on 'kernel_in_1_0' as it is incompatible with its interface mode 's_axilite'.
WARNING: [XFORM 203-803] Dropped interface mode 'ap_auto' on 'kernel_in_1_1' as it is incompatible with its interface mode 's_axilite'.
WARNING: [XFORM 203-803] Dropped interface mode 'ap_auto' on 'kernel_in_1_2' as it is incompatible with its interface mode 's_axilite'.
WARNING: [XFORM 203-803] Dropped interface mode 'ap_auto' on 'kernel_in_2_0' as it is incompatible with its interface mode 's_axilite'.
WARNING: [XFORM 203-803] Dropped interface mode 'ap_auto' on 'kernel_in_2_1' as it is incompatible with its interface mode 's_axilite'.
WARNING: [XFORM 203-803] Dropped interface mode 'ap_auto' on 'kernel_in_2_2' as it is incompatible with its interface mode 's_axilite'.
INFO: [XFORM 203-502] Unrolling all sub-loops inside loop 'COL_SLIDE' (twodconv.cpp:43) in function 'conv2d' for pipelining.
INFO: [HLS 200-489] Unrolling loop 'UPDATE_WINDOW_ROW' (twodconv.cpp:47) in function 'conv2d' completely with a factor of 3.
INFO: [HLS 200-489] Unrolling loop 'UPDATE_WINDOW_COL' (twodconv.cpp:49) in function 'conv2d' completely with a factor of 2.
INFO: [HLS 200-489] Unrolling loop 'UPDATE_BUF' (twodconv.cpp:62) in function 'conv2d' completely with a factor of 2.
INFO: [HLS 200-489] Unrolling loop 'MACi' (twodconv.cpp:37) in function 'conv2d' completely with a factor of 3.
INFO: [HLS 200-489] Unrolling loop 'MACj' (twodconv.cpp:37) in function 'conv2d' completely with a factor of 3.
INFO: [XFORM 203-101] Partitioning array 'line_buf'  in dimension 1 completely.
INFO: [XFORM 203-101] Partitioning array 'window'  in dimension 1 completely.
INFO: [XFORM 203-101] Partitioning array 'window'  in dimension 2 completely.
INFO: [XFORM 203-11] Balancing expressions in function 'conv2d' (twodconv.cpp:7:47)...3 expression(s) balanced.
INFO: [HLS 200-111] Finished Loop, function and other optimizations: CPU user time: 0 seconds. CPU system time: 1 seconds. Elapsed time: 0.597 seconds; current allocated memory: 165.218 MB.
INFO: [XFORM 203-541] Flattening a loop nest 'ROW_SLIDE' (twodconv.cpp:41:14) in function 'conv2d'.
INFO: [HLS 200-472] Inferring partial write operation for 'line_buf.0' (twodconv.cpp:67:38)
INFO: [HLS 200-111] Finished Architecture Synthesis: CPU user time: 1 seconds. CPU system time: 0 seconds. Elapsed time: 0.139 seconds; current allocated memory: 162.719 MB.
INFO: [HLS 200-10] Starting hardware synthesis ...
INFO: [HLS 200-10] Synthesizing 'conv2d' ...
INFO: [HLS 200-10] ----------------------------------------------------------------
INFO: [HLS 200-42] -- Implementing module 'conv2d' 
INFO: [HLS 200-10] ----------------------------------------------------------------
INFO: [SCHED 204-11] Starting scheduling ...
INFO: [SCHED 204-61] Pipelining loop 'ROW_SLIDE_COL_SLIDE'.
INFO: [HLS 200-1470] Pipelining result : Target II = 1, Final II = 1, Depth = 51, loop 'ROW_SLIDE_COL_SLIDE'
INFO: [SCHED 204-11] Finished scheduling.
INFO: [HLS 200-111] Finished Scheduling: CPU user time: 0 seconds. CPU system time: 0 seconds. Elapsed time: 0.522 seconds; current allocated memory: 163.404 MB.
INFO: [BIND 205-100] Starting micro-architecture generation ...
INFO: [BIND 205-101] Performing variable lifetime analysis.
INFO: [BIND 205-101] Exploring resource sharing.
INFO: [BIND 205-101] Binding ...
INFO: [BIND 205-100] Finished micro-architecture generation.
INFO: [HLS 200-111] Finished Binding: CPU user time: 0 seconds. CPU system time: 0 seconds. Elapsed time: 0.461 seconds; current allocated memory: 164.324 MB.
INFO: [HLS 200-10] ----------------------------------------------------------------
INFO: [HLS 200-10] -- Generating RTL for module 'conv2d' 
INFO: [HLS 200-10] ----------------------------------------------------------------
WARNING: [RTGEN 206-101] Design contains AXI ports. Reset is fixed to synchronous and active low.
INFO: [RTGEN 206-500] Setting interface mode on port 'conv2d/in_stream_V_data_V' to 'axis' (register, both mode).
INFO: [RTGEN 206-500] Setting interface mode on port 'conv2d/in_stream_V_keep_V' to 'axis' (register, both mode).
INFO: [RTGEN 206-500] Setting interface mode on port 'conv2d/in_stream_V_strb_V' to 'axis' (register, both mode).
INFO: [RTGEN 206-500] Setting interface mode on port 'conv2d/in_stream_V_user_V' to 'axis' (register, both mode).
INFO: [RTGEN 206-500] Setting interface mode on port 'conv2d/in_stream_V_last_V' to 'axis' (register, both mode).
INFO: [RTGEN 206-500] Setting interface mode on port 'conv2d/in_stream_V_id_V' to 'axis' (register, both mode).
INFO: [RTGEN 206-500] Setting interface mode on port 'conv2d/in_stream_V_dest_V' to 'axis' (register, both mode).
INFO: [RTGEN 206-500] Setting interface mode on port 'conv2d/out_stream_V_data_V' to 'axis' (register, both mode).
INFO: [RTGEN 206-500] Setting interface mode on port 'conv2d/out_stream_V_keep_V' to 'axis' (register, both mode).
INFO: [RTGEN 206-500] Setting interface mode on port 'conv2d/out_stream_V_strb_V' to 'axis' (register, both mode).
INFO: [RTGEN 206-500] Setting interface mode on port 'conv2d/out_stream_V_user_V' to 'axis' (register, both mode).
INFO: [RTGEN 206-500] Setting interface mode on port 'conv2d/out_stream_V_last_V' to 'axis' (register, both mode).
INFO: [RTGEN 206-500] Setting interface mode on port 'conv2d/out_stream_V_id_V' to 'axis' (register, both mode).
INFO: [RTGEN 206-500] Setting interface mode on port 'conv2d/out_stream_V_dest_V' to 'axis' (register, both mode).
INFO: [RTGEN 206-500] Setting interface mode on port 'conv2d/kernel_in_0_0' to 's_axilite & ap_none'.
INFO: [RTGEN 206-500] Setting interface mode on port 'conv2d/kernel_in_0_1' to 's_axilite & ap_none'.
INFO: [RTGEN 206-500] Setting interface mode on port 'conv2d/kernel_in_0_2' to 's_axilite & ap_none'.
INFO: [RTGEN 206-500] Setting interface mode on port 'conv2d/kernel_in_1_0' to 's_axilite & ap_none'.
INFO: [RTGEN 206-500] Setting interface mode on port 'conv2d/kernel_in_1_1' to 's_axilite & ap_none'.
INFO: [RTGEN 206-500] Setting interface mode on port 'conv2d/kernel_in_1_2' to 's_axilite & ap_none'.
INFO: [RTGEN 206-500] Setting interface mode on port 'conv2d/kernel_in_2_0' to 's_axilite & ap_none'.
INFO: [RTGEN 206-500] Setting interface mode on port 'conv2d/kernel_in_2_1' to 's_axilite & ap_none'.
INFO: [RTGEN 206-500] Setting interface mode on port 'conv2d/kernel_in_2_2' to 's_axilite & ap_none'.
INFO: [RTGEN 206-500] Setting interface mode on port 'conv2d/img_size' to 's_axilite & ap_none'.
INFO: [RTGEN 206-500] Setting interface mode on function 'conv2d' to 's_axilite & ap_ctrl_hs'.
WARNING: [RTGEN 206-101] Register 'window_0_1' is power-on initialization.
WARNING: [RTGEN 206-101] Register 'window_1_1' is power-on initialization.
WARNING: [RTGEN 206-101] Register 'window_2_1' is power-on initialization.
WARNING: [RTGEN 206-101] Register 'window_0_2' is power-on initialization.
WARNING: [RTGEN 206-101] Register 'window_1_2' is power-on initialization.
WARNING: [RTGEN 206-101] Register 'window_2_2' is power-on initialization.
INFO: [RTGEN 206-100] Bundling port 'kernel_in_0_0', 'kernel_in_0_1', 'kernel_in_0_2', 'kernel_in_1_0', 'kernel_in_1_1', 'kernel_in_1_2', 'kernel_in_2_0', 'kernel_in_2_1', 'kernel_in_2_2', 'img_size' and 'return' to AXI-Lite port control.
INFO: [RTGEN 206-100] Generating core module 'fadd_32ns_32ns_32_5_full_dsp_1': 9 instance(s).
INFO: [RTGEN 206-100] Generating core module 'fmul_32ns_32ns_32_4_max_dsp_1': 9 instance(s).
INFO: [RTGEN 206-100] Generating core module 'mul_32ns_32ns_64_1_1': 1 instance(s).
INFO: [RTGEN 206-100] Finished creating RTL model for 'conv2d'.
INFO: [HLS 200-111] Finished Creating RTL model: CPU user time: 1 seconds. CPU system time: 0 seconds. Elapsed time: 1.191 seconds; current allocated memory: 166.977 MB.
INFO: [RTMG 210-278] Implementing memory 'conv2d_line_buf_0_ram (RAM_2P_BRAM)' using block RAMs with power-on initialization.
INFO: [HLS 200-111] Finished Generating all RTL models: CPU user time: 1 seconds. CPU system time: 0 seconds. Elapsed time: 1.97 seconds; current allocated memory: 172.241 MB.
INFO: [HLS 200-111] Finished Updating report files: CPU user time: 0 seconds. CPU system time: 0 seconds. Elapsed time: 0.658 seconds; current allocated memory: 177.192 MB.
INFO: [VHDL 208-304] Generating VHDL RTL for conv2d.
INFO: [VLOG 209-307] Generating Verilog RTL for conv2d.
INFO: [HLS 200-790] **** Loop Constraint Status: All loop constraints were satisfied.
INFO: [HLS 200-789] **** Estimated Fmax: 117.51 MHz
INFO: [HLS 200-111] Finished Command csynth_design CPU user time: 7 seconds. CPU system time: 1 seconds. Elapsed time: 18.673 seconds; current allocated memory: 177.178 MB.
INFO: [HLS 200-112] Total CPU user time: 9 seconds. Total CPU system time: 2 seconds. Total elapsed time: 20.234 seconds; peak allocated memory: 1007.236 MB.
==============================================================
Vitis HLS - High-Level Synthesis from C, C++ and OpenCL v2021.1 (64-bit)
Copyright 1986-2021 Xilinx, Inc. All Rights Reserved.
==============================================================
INFO: [SYN 201-201] Setting up clock 'default' with a period of 10ns.
INFO: [SYN 201-201] Setting up clock 'default' with an uncertainty of 1.25ns.
INFO: [HLS 200-1611] Setting target device to 'xc7z020-clg400-1'
INFO: [HLS 200-1505] Using flow_target 'vivado'
INFO: [HLS 200-1464] Running solution command: config_export -format=ip_catalog
INFO: [HLS 200-1464] Running solution command: config_export -output=D:/IITMadrasICS/1-2/EE5332Project/conv2dfloat.zip
INFO: [HLS 200-1464] Running solution command: config_export -rtl=verilog
INFO: [HLS 200-1510] Running: set_part xc7z020-clg400-1 
INFO: [HLS 200-1510] Running: create_clock -period 10 -name default 
INFO: [HLS 200-1510] Running: config_export -format ip_catalog -output D:/IITMadrasICS/1-2/EE5332Project/conv2dfloat.zip -rtl verilog 
INFO: [HLS 200-1510] Running: set_clock_uncertainty 1.25 
INFO: [HLS 200-1510] Running: set_directive_top -name conv2d conv2d 
INFO: [HLS 200-1510] Running: set_directive_pipeline -II 1 conv2d/COL_SLIDE 
INFO: [HLS 200-1510] Running: set_directive_array_partition -type complete -dim 0 conv2d kernel_in 
INFO: [HLS 200-1510] Running: export_design -rtl verilog -format ip_catalog 
INFO: [IMPL 213-8] Exporting RTL as a Vivado IP.
INFO: [HLS 200-802] Generated output file D:/IITMadrasICS/1-2/EE5332Project/conv2dfloat.zip
INFO: [HLS 200-111] Finished Command export_design CPU user time: 3 seconds. CPU system time: 0 seconds. Elapsed time: 17.527 seconds; current allocated memory: 123.011 MB.
==============================================================
Vitis HLS - High-Level Synthesis from C, C++ and OpenCL v2021.1 (64-bit)
Copyright 1986-2021 Xilinx, Inc. All Rights Reserved.
==============================================================
INFO: [SYN 201-201] Setting up clock 'default' with a period of 10ns.
INFO: [SYN 201-201] Setting up clock 'default' with an uncertainty of 1.25ns.
INFO: [HLS 200-1611] Setting target device to 'xc7z020-clg400-1'
INFO: [HLS 200-1505] Using flow_target 'vivado'
INFO: [HLS 200-1464] Running solution command: config_export -format=ip_catalog
INFO: [HLS 200-1464] Running solution command: config_export -output=D:/IITMadrasICS/1-2/EE5332Project/conv2dfloat.zip
INFO: [HLS 200-1464] Running solution command: config_export -rtl=verilog
INFO: [HLS 200-1510] Running: set_part xc7z020-clg400-1 
INFO: [HLS 200-1510] Running: create_clock -period 10 -name default 
INFO: [HLS 200-1510] Running: config_export -format ip_catalog -output D:/IITMadrasICS/1-2/EE5332Project/conv2dfloat.zip -rtl verilog 
INFO: [HLS 200-1510] Running: set_clock_uncertainty 1.25 
INFO: [HLS 200-1510] Running: set_directive_top -name conv2d conv2d 
INFO: [HLS 200-1510] Running: set_directive_pipeline -II 1 conv2d/COL_SLIDE 
INFO: [HLS 200-1510] Running: set_directive_array_partition -type complete -dim 0 conv2d kernel_in 
INFO: [HLS 200-1510] Running: csynth_design 
INFO: [HLS 200-111] Finished File checks and directory preparation: CPU user time: 0 seconds. CPU system time: 0 seconds. Elapsed time: 0.055 seconds; current allocated memory: 1007.222 MB.
INFO: [HLS 200-10] Analyzing design file 'twodconv.cpp' ... 
WARNING: [HLS 207-5528] Ignore interface attribute or pragma which is not used in top function: twodconv.cpp:25:9
WARNING: [HLS 207-5301] unused parameter 'print': D:/Xilinx/Vitis_HLS/2021.1/common/technology/autopilot\ap_int_base.h:792:16
INFO: [HLS 200-111] Finished Source Code Analysis and Preprocessing: CPU user time: 1 seconds. CPU system time: 0 seconds. Elapsed time: 5.213 seconds; current allocated memory: 117.431 MB.
INFO: [HLS 200-777] Using interface defaults for 'Vivado' flow target.
INFO: [HLS 214-279] Initial Interval estimation mode is set into default.
INFO: [HLS 214-284] Auto array partition mode is set into default.
INFO: [HLS 214-131] Inlining function 'hls::axis<ap_int<32>, 1ul, 1ul, 1ul>::get_user_ptr()' into 'hls::stream<hls::axis<ap_int<32>, 1ul, 1ul, 1ul>, 0>::read()' (D:/Xilinx/Vitis_HLS/2021.1/common/technology/autopilot\ap_axi_sdata.h:293:50)
INFO: [HLS 214-131] Inlining function 'hls::axis<ap_int<32>, 1ul, 1ul, 1ul>::get_dest_ptr()' into 'hls::stream<hls::axis<ap_int<32>, 1ul, 1ul, 1ul>, 0>::read()' (D:/Xilinx/Vitis_HLS/2021.1/common/technology/autopilot\ap_axi_sdata.h:296:25)
INFO: [HLS 214-131] Inlining function 'hls::axis<ap_int<32>, 1ul, 1ul, 1ul>::get_id_ptr()' into 'hls::stream<hls::axis<ap_int<32>, 1ul, 1ul, 1ul>, 0>::read()' (D:/Xilinx/Vitis_HLS/2021.1/common/technology/autopilot\ap_axi_sdata.h:295:67)
INFO: [HLS 214-131] Inlining function 'hls::axis<ap_int<32>, 1ul, 1ul, 1ul>::get_user_ptr()' into 'hls::stream<hls::axis<ap_int<32>, 1ul, 1ul, 1ul>, 0>::read()' (D:/Xilinx/Vitis_HLS/2021.1/common/technology/autopilot\ap_axi_sdata.h:295:36)
INFO: [HLS 214-131] Inlining function 'hls::axis<ap_int<32>, 1ul, 1ul, 1ul>::get_dest_ptr()' into 'hls::stream<hls::axis<ap_int<32>, 1ul, 1ul, 1ul>, 0>::read()' (D:/Xilinx/Vitis_HLS/2021.1/common/technology/autopilot\ap_axi_sdata.h:294:39)
INFO: [HLS 214-131] Inlining function 'hls::axis<ap_int<32>, 1ul, 1ul, 1ul>::get_id_ptr()' into 'hls::stream<hls::axis<ap_int<32>, 1ul, 1ul, 1ul>, 0>::read()' (D:/Xilinx/Vitis_HLS/2021.1/common/technology/autopilot\ap_axi_sdata.h:294:23)
INFO: [HLS 214-131] Inlining function 'ap_int_base<32, true>::operator long long() const' into 'unpack(ap_int<32>)' (twodconv.cpp:6:23)
INFO: [HLS 214-131] Inlining function 'hls::axis<ap_int<32>, 1ul, 1ul, 1ul>::get_user_ptr()' into 'hls::stream<hls::axis<ap_int<32>, 1ul, 1ul, 1ul>, 0>::write(hls::axis<ap_int<32>, 1ul, 1ul, 1ul> const&)' (D:/Xilinx/Vitis_HLS/2021.1/common/technology/autopilot\ap_axi_sdata.h:304:51)
INFO: [HLS 214-131] Inlining function 'hls::axis<ap_int<32>, 1ul, 1ul, 1ul>::get_dest_ptr()' into 'hls::stream<hls::axis<ap_int<32>, 1ul, 1ul, 1ul>, 0>::write(hls::axis<ap_int<32>, 1ul, 1ul, 1ul> const&)' (D:/Xilinx/Vitis_HLS/2021.1/common/technology/autopilot\ap_axi_sdata.h:307:26)
INFO: [HLS 214-131] Inlining function 'hls::axis<ap_int<32>, 1ul, 1ul, 1ul>::get_id_ptr()' into 'hls::stream<hls::axis<ap_int<32>, 1ul, 1ul, 1ul>, 0>::write(hls::axis<ap_int<32>, 1ul, 1ul, 1ul> const&)' (D:/Xilinx/Vitis_HLS/2021.1/common/technology/autopilot\ap_axi_sdata.h:306:68)
INFO: [HLS 214-131] Inlining function 'hls::axis<ap_int<32>, 1ul, 1ul, 1ul>::get_user_ptr()' into 'hls::stream<hls::axis<ap_int<32>, 1ul, 1ul, 1ul>, 0>::write(hls::axis<ap_int<32>, 1ul, 1ul, 1ul> const&)' (D:/Xilinx/Vitis_HLS/2021.1/common/technology/autopilot\ap_axi_sdata.h:306:37)
INFO: [HLS 214-131] Inlining function 'hls::axis<ap_int<32>, 1ul, 1ul, 1ul>::get_dest_ptr()' into 'hls::stream<hls::axis<ap_int<32>, 1ul, 1ul, 1ul>, 0>::write(hls::axis<ap_int<32>, 1ul, 1ul, 1ul> const&)' (D:/Xilinx/Vitis_HLS/2021.1/common/technology/autopilot\ap_axi_sdata.h:305:40)
INFO: [HLS 214-131] Inlining function 'hls::axis<ap_int<32>, 1ul, 1ul, 1ul>::get_id_ptr()' into 'hls::stream<hls::axis<ap_int<32>, 1ul, 1ul, 1ul>, 0>::write(hls::axis<ap_int<32>, 1ul, 1ul, 1ul> const&)' (D:/Xilinx/Vitis_HLS/2021.1/common/technology/autopilot\ap_axi_sdata.h:305:24)
INFO: [HLS 214-131] Inlining function 'hls::stream<hls::axis<ap_int<32>, 1ul, 1ul, 1ul>, 0>::read()' into 'conv2d(hls::stream<hls::axis<ap_int<32>, 1ul, 1ul, 1ul>, 0>&, hls::stream<hls::axis<ap_int<32>, 1ul, 1ul, 1ul>, 0>&, float (*) [5], int)' (twodconv.cpp:57:36)
INFO: [HLS 214-131] Inlining function 'hls::stream<hls::axis<ap_int<32>, 1ul, 1ul, 1ul>, 0>::write(hls::axis<ap_int<32>, 1ul, 1ul, 1ul> const&)' into 'conv2d(hls::stream<hls::axis<ap_int<32>, 1ul, 1ul, 1ul>, 0>&, hls::stream<hls::axis<ap_int<32>, 1ul, 1ul, 1ul>, 0>&, float (*) [5], int)' (twodconv.cpp:93:28)
INFO: [HLS 214-178] Inlining function 'unpack(ap_int<32>)' into 'conv2d(hls::stream<hls::axis<ap_int<32>, 1ul, 1ul, 1ul>, 0>&, hls::stream<hls::axis<ap_int<32>, 1ul, 1ul, 1ul>, 0>&, float (*) [5], int)' (twodconv.cpp:20:0)
INFO: [HLS 214-178] Inlining function 'pack(float)' into 'conv2d(hls::stream<hls::axis<ap_int<32>, 1ul, 1ul, 1ul>, 0>&, hls::stream<hls::axis<ap_int<32>, 1ul, 1ul, 1ul>, 0>&, float (*) [5], int)' (twodconv.cpp:20:0)
INFO: [HLS 214-248] Applying array_partition to 'kernel_in': Complete partitioning on dimension 1. Complete partitioning on dimension 2. (twodconv.cpp:20:0)
INFO: [HLS 214-270] Starting automatic array partition analysis...
INFO: [HLS 200-111] Finished Compiling Optimization and Transform: CPU user time: 1 seconds. CPU system time: 0 seconds. Elapsed time: 5.336 seconds; current allocated memory: 119.833 MB.
INFO: [HLS 200-111] Finished Checking Pragmas: CPU user time: 0 seconds. CPU system time: 0 seconds. Elapsed time: 0.015 seconds; current allocated memory: 119.834 MB.
INFO: [HLS 200-10] Starting code transformations ...
INFO: [HLS 200-111] Finished Standard Transforms: CPU user time: 0 seconds. CPU system time: 0 seconds. Elapsed time: 0.229 seconds; current allocated memory: 126.983 MB.
INFO: [HLS 200-10] Checking synthesizability ...
INFO: [HLS 200-111] Finished Checking Synthesizability: CPU user time: 0 seconds. CPU system time: 0 seconds. Elapsed time: 0.15 seconds; current allocated memory: 135.188 MB.
WARNING: [XFORM 203-803] Dropped interface mode 'ap_auto' on 'kernel_in_0_0' as it is incompatible with its interface mode 's_axilite'.
WARNING: [XFORM 203-803] Dropped interface mode 'ap_auto' on 'kernel_in_0_1' as it is incompatible with its interface mode 's_axilite'.
WARNING: [XFORM 203-803] Dropped interface mode 'ap_auto' on 'kernel_in_0_2' as it is incompatible with its interface mode 's_axilite'.
WARNING: [XFORM 203-803] Dropped interface mode 'ap_auto' on 'kernel_in_0_3' as it is incompatible with its interface mode 's_axilite'.
WARNING: [XFORM 203-803] Dropped interface mode 'ap_auto' on 'kernel_in_0_4' as it is incompatible with its interface mode 's_axilite'.
WARNING: [XFORM 203-803] Dropped interface mode 'ap_auto' on 'kernel_in_1_0' as it is incompatible with its interface mode 's_axilite'.
WARNING: [XFORM 203-803] Dropped interface mode 'ap_auto' on 'kernel_in_1_1' as it is incompatible with its interface mode 's_axilite'.
WARNING: [XFORM 203-803] Dropped interface mode 'ap_auto' on 'kernel_in_1_2' as it is incompatible with its interface mode 's_axilite'.
WARNING: [XFORM 203-803] Dropped interface mode 'ap_auto' on 'kernel_in_1_3' as it is incompatible with its interface mode 's_axilite'.
WARNING: [XFORM 203-803] Dropped interface mode 'ap_auto' on 'kernel_in_1_4' as it is incompatible with its interface mode 's_axilite'.
WARNING: [XFORM 203-803] Dropped interface mode 'ap_auto' on 'kernel_in_2_0' as it is incompatible with its interface mode 's_axilite'.
WARNING: [XFORM 203-803] Dropped interface mode 'ap_auto' on 'kernel_in_2_1' as it is incompatible with its interface mode 's_axilite'.
WARNING: [XFORM 203-803] Dropped interface mode 'ap_auto' on 'kernel_in_2_2' as it is incompatible with its interface mode 's_axilite'.
WARNING: [XFORM 203-803] Dropped interface mode 'ap_auto' on 'kernel_in_2_3' as it is incompatible with its interface mode 's_axilite'.
WARNING: [XFORM 203-803] Dropped interface mode 'ap_auto' on 'kernel_in_2_4' as it is incompatible with its interface mode 's_axilite'.
WARNING: [XFORM 203-803] Dropped interface mode 'ap_auto' on 'kernel_in_3_0' as it is incompatible with its interface mode 's_axilite'.
WARNING: [XFORM 203-803] Dropped interface mode 'ap_auto' on 'kernel_in_3_1' as it is incompatible with its interface mode 's_axilite'.
WARNING: [XFORM 203-803] Dropped interface mode 'ap_auto' on 'kernel_in_3_2' as it is incompatible with its interface mode 's_axilite'.
WARNING: [XFORM 203-803] Dropped interface mode 'ap_auto' on 'kernel_in_3_3' as it is incompatible with its interface mode 's_axilite'.
WARNING: [XFORM 203-803] Dropped interface mode 'ap_auto' on 'kernel_in_3_4' as it is incompatible with its interface mode 's_axilite'.
WARNING: [XFORM 203-803] Dropped interface mode 'ap_auto' on 'kernel_in_4_0' as it is incompatible with its interface mode 's_axilite'.
WARNING: [XFORM 203-803] Dropped interface mode 'ap_auto' on 'kernel_in_4_1' as it is incompatible with its interface mode 's_axilite'.
WARNING: [XFORM 203-803] Dropped interface mode 'ap_auto' on 'kernel_in_4_2' as it is incompatible with its interface mode 's_axilite'.
WARNING: [XFORM 203-803] Dropped interface mode 'ap_auto' on 'kernel_in_4_3' as it is incompatible with its interface mode 's_axilite'.
WARNING: [XFORM 203-803] Dropped interface mode 'ap_auto' on 'kernel_in_4_4' as it is incompatible with its interface mode 's_axilite'.
INFO: [XFORM 203-502] Unrolling all sub-loops inside loop 'COL_SLIDE' (twodconv.cpp:43) in function 'conv2d' for pipelining.
INFO: [HLS 200-489] Unrolling loop 'UPDATE_WINDOW_ROW' (twodconv.cpp:46) in function 'conv2d' completely with a factor of 5.
INFO: [HLS 200-489] Unrolling loop 'UPDATE_WINDOW_COL' (twodconv.cpp:48) in function 'conv2d' completely with a factor of 4.
INFO: [HLS 200-489] Unrolling loop 'UPDATE_BUF' (twodconv.cpp:61) in function 'conv2d' completely with a factor of 4.
INFO: [HLS 200-489] Unrolling loop 'MACi' (twodconv.cpp:37) in function 'conv2d' completely with a factor of 5.
INFO: [HLS 200-489] Unrolling loop 'MACj' (twodconv.cpp:37) in function 'conv2d' completely with a factor of 5.
INFO: [XFORM 203-101] Partitioning array 'line_buf'  in dimension 1 completely.
INFO: [XFORM 203-101] Partitioning array 'window'  in dimension 1 completely.
INFO: [XFORM 203-101] Partitioning array 'window'  in dimension 2 completely.
INFO: [XFORM 203-11] Balancing expressions in function 'conv2d' (twodconv.cpp:7:47)...3 expression(s) balanced.
INFO: [HLS 200-111] Finished Loop, function and other optimizations: CPU user time: 1 seconds. CPU system time: 0 seconds. Elapsed time: 1.072 seconds; current allocated memory: 165.995 MB.
INFO: [XFORM 203-541] Flattening a loop nest 'ROW_SLIDE' (twodconv.cpp:41:14) in function 'conv2d'.
INFO: [HLS 200-472] Inferring partial write operation for 'line_buf.0' (twodconv.cpp:66:38)
INFO: [HLS 200-111] Finished Architecture Synthesis: CPU user time: 0 seconds. CPU system time: 0 seconds. Elapsed time: 0.212 seconds; current allocated memory: 164.471 MB.
INFO: [HLS 200-10] Starting hardware synthesis ...
INFO: [HLS 200-10] Synthesizing 'conv2d' ...
INFO: [HLS 200-10] ----------------------------------------------------------------
INFO: [HLS 200-42] -- Implementing module 'conv2d' 
INFO: [HLS 200-10] ----------------------------------------------------------------
INFO: [SCHED 204-11] Starting scheduling ...
INFO: [SCHED 204-61] Pipelining loop 'ROW_SLIDE_COL_SLIDE'.
INFO: [HLS 200-1470] Pipelining result : Target II = 1, Final II = 1, Depth = 141, loop 'ROW_SLIDE_COL_SLIDE'
INFO: [SCHED 204-11] Finished scheduling.
INFO: [HLS 200-111] Finished Scheduling: CPU user time: 0 seconds. CPU system time: 0 seconds. Elapsed time: 0.965 seconds; current allocated memory: 165.936 MB.
INFO: [BIND 205-100] Starting micro-architecture generation ...
INFO: [BIND 205-101] Performing variable lifetime analysis.
INFO: [BIND 205-101] Exploring resource sharing.
INFO: [BIND 205-101] Binding ...
INFO: [BIND 205-100] Finished micro-architecture generation.
INFO: [HLS 200-111] Finished Binding: CPU user time: 1 seconds. CPU system time: 0 seconds. Elapsed time: 0.985 seconds; current allocated memory: 168.159 MB.
INFO: [HLS 200-10] ----------------------------------------------------------------
INFO: [HLS 200-10] -- Generating RTL for module 'conv2d' 
INFO: [HLS 200-10] ----------------------------------------------------------------
WARNING: [RTGEN 206-101] Design contains AXI ports. Reset is fixed to synchronous and active low.
INFO: [RTGEN 206-500] Setting interface mode on port 'conv2d/in_stream_V_data_V' to 'axis' (register, both mode).
INFO: [RTGEN 206-500] Setting interface mode on port 'conv2d/in_stream_V_keep_V' to 'axis' (register, both mode).
INFO: [RTGEN 206-500] Setting interface mode on port 'conv2d/in_stream_V_strb_V' to 'axis' (register, both mode).
INFO: [RTGEN 206-500] Setting interface mode on port 'conv2d/in_stream_V_user_V' to 'axis' (register, both mode).
INFO: [RTGEN 206-500] Setting interface mode on port 'conv2d/in_stream_V_last_V' to 'axis' (register, both mode).
INFO: [RTGEN 206-500] Setting interface mode on port 'conv2d/in_stream_V_id_V' to 'axis' (register, both mode).
INFO: [RTGEN 206-500] Setting interface mode on port 'conv2d/in_stream_V_dest_V' to 'axis' (register, both mode).
INFO: [RTGEN 206-500] Setting interface mode on port 'conv2d/out_stream_V_data_V' to 'axis' (register, both mode).
INFO: [RTGEN 206-500] Setting interface mode on port 'conv2d/out_stream_V_keep_V' to 'axis' (register, both mode).
INFO: [RTGEN 206-500] Setting interface mode on port 'conv2d/out_stream_V_strb_V' to 'axis' (register, both mode).
INFO: [RTGEN 206-500] Setting interface mode on port 'conv2d/out_stream_V_user_V' to 'axis' (register, both mode).
INFO: [RTGEN 206-500] Setting interface mode on port 'conv2d/out_stream_V_last_V' to 'axis' (register, both mode).
INFO: [RTGEN 206-500] Setting interface mode on port 'conv2d/out_stream_V_id_V' to 'axis' (register, both mode).
INFO: [RTGEN 206-500] Setting interface mode on port 'conv2d/out_stream_V_dest_V' to 'axis' (register, both mode).
INFO: [RTGEN 206-500] Setting interface mode on port 'conv2d/kernel_in_0_0' to 's_axilite & ap_none'.
INFO: [RTGEN 206-500] Setting interface mode on port 'conv2d/kernel_in_0_1' to 's_axilite & ap_none'.
INFO: [RTGEN 206-500] Setting interface mode on port 'conv2d/kernel_in_0_2' to 's_axilite & ap_none'.
INFO: [RTGEN 206-500] Setting interface mode on port 'conv2d/kernel_in_0_3' to 's_axilite & ap_none'.
INFO: [RTGEN 206-500] Setting interface mode on port 'conv2d/kernel_in_0_4' to 's_axilite & ap_none'.
INFO: [RTGEN 206-500] Setting interface mode on port 'conv2d/kernel_in_1_0' to 's_axilite & ap_none'.
INFO: [RTGEN 206-500] Setting interface mode on port 'conv2d/kernel_in_1_1' to 's_axilite & ap_none'.
INFO: [RTGEN 206-500] Setting interface mode on port 'conv2d/kernel_in_1_2' to 's_axilite & ap_none'.
INFO: [RTGEN 206-500] Setting interface mode on port 'conv2d/kernel_in_1_3' to 's_axilite & ap_none'.
INFO: [RTGEN 206-500] Setting interface mode on port 'conv2d/kernel_in_1_4' to 's_axilite & ap_none'.
INFO: [RTGEN 206-500] Setting interface mode on port 'conv2d/kernel_in_2_0' to 's_axilite & ap_none'.
INFO: [RTGEN 206-500] Setting interface mode on port 'conv2d/kernel_in_2_1' to 's_axilite & ap_none'.
INFO: [RTGEN 206-500] Setting interface mode on port 'conv2d/kernel_in_2_2' to 's_axilite & ap_none'.
INFO: [RTGEN 206-500] Setting interface mode on port 'conv2d/kernel_in_2_3' to 's_axilite & ap_none'.
INFO: [RTGEN 206-500] Setting interface mode on port 'conv2d/kernel_in_2_4' to 's_axilite & ap_none'.
INFO: [RTGEN 206-500] Setting interface mode on port 'conv2d/kernel_in_3_0' to 's_axilite & ap_none'.
INFO: [RTGEN 206-500] Setting interface mode on port 'conv2d/kernel_in_3_1' to 's_axilite & ap_none'.
INFO: [RTGEN 206-500] Setting interface mode on port 'conv2d/kernel_in_3_2' to 's_axilite & ap_none'.
INFO: [RTGEN 206-500] Setting interface mode on port 'conv2d/kernel_in_3_3' to 's_axilite & ap_none'.
INFO: [RTGEN 206-500] Setting interface mode on port 'conv2d/kernel_in_3_4' to 's_axilite & ap_none'.
INFO: [RTGEN 206-500] Setting interface mode on port 'conv2d/kernel_in_4_0' to 's_axilite & ap_none'.
INFO: [RTGEN 206-500] Setting interface mode on port 'conv2d/kernel_in_4_1' to 's_axilite & ap_none'.
INFO: [RTGEN 206-500] Setting interface mode on port 'conv2d/kernel_in_4_2' to 's_axilite & ap_none'.
INFO: [RTGEN 206-500] Setting interface mode on port 'conv2d/kernel_in_4_3' to 's_axilite & ap_none'.
INFO: [RTGEN 206-500] Setting interface mode on port 'conv2d/kernel_in_4_4' to 's_axilite & ap_none'.
INFO: [RTGEN 206-500] Setting interface mode on port 'conv2d/img_size' to 's_axilite & ap_none'.
INFO: [RTGEN 206-500] Setting interface mode on function 'conv2d' to 's_axilite & ap_ctrl_hs'.
WARNING: [RTGEN 206-101] Register 'window_0_1' is power-on initialization.
WARNING: [RTGEN 206-101] Register 'window_0_2' is power-on initialization.
WARNING: [RTGEN 206-101] Register 'window_0_3' is power-on initialization.
WARNING: [RTGEN 206-101] Register 'window_1_1' is power-on initialization.
WARNING: [RTGEN 206-101] Register 'window_1_2' is power-on initialization.
WARNING: [RTGEN 206-101] Register 'window_1_3' is power-on initialization.
WARNING: [RTGEN 206-101] Register 'window_2_1' is power-on initialization.
WARNING: [RTGEN 206-101] Register 'window_2_2' is power-on initialization.
WARNING: [RTGEN 206-101] Register 'window_2_3' is power-on initialization.
WARNING: [RTGEN 206-101] Register 'window_3_1' is power-on initialization.
WARNING: [RTGEN 206-101] Register 'window_3_2' is power-on initialization.
WARNING: [RTGEN 206-101] Register 'window_3_3' is power-on initialization.
WARNING: [RTGEN 206-101] Register 'window_4_1' is power-on initialization.
WARNING: [RTGEN 206-101] Register 'window_4_2' is power-on initialization.
WARNING: [RTGEN 206-101] Register 'window_4_3' is power-on initialization.
WARNING: [RTGEN 206-101] Register 'window_0_4' is power-on initialization.
WARNING: [RTGEN 206-101] Register 'window_1_4' is power-on initialization.
WARNING: [RTGEN 206-101] Register 'window_2_4' is power-on initialization.
WARNING: [RTGEN 206-101] Register 'window_3_4' is power-on initialization.
WARNING: [RTGEN 206-101] Register 'window_4_4' is power-on initialization.
INFO: [RTGEN 206-100] Bundling port 'kernel_in_0_0', 'kernel_in_0_1', 'kernel_in_0_2', 'kernel_in_0_3', 'kernel_in_0_4', 'kernel_in_1_0', 'kernel_in_1_1', 'kernel_in_1_2', 'kernel_in_1_3', 'kernel_in_1_4', 'kernel_in_2_0', 'kernel_in_2_1', 'kernel_in_2_2', 'kernel_in_2_3', 'kernel_in_2_4', 'kernel_in_3_0', 'kernel_in_3_1', 'kernel_in_3_2', 'kernel_in_3_3', 'kernel_in_3_4', 'kernel_in_4_0', 'kernel_in_4_1', 'kernel_in_4_2', 'kernel_in_4_3', 'kernel_in_4_4', 'img_size' and 'return' to AXI-Lite port control.
INFO: [RTGEN 206-104] Estimated max fanout for 'conv2d' is 22139 from HDL expression: (1'b0 == ap_block_pp0_stage0_11001)
INFO: [RTGEN 206-100] Generating core module 'fadd_32ns_32ns_32_5_full_dsp_1': 35 instance(s).
INFO: [RTGEN 206-100] Generating core module 'fmul_32ns_32ns_32_4_max_dsp_1': 25 instance(s).
INFO: [RTGEN 206-100] Generating core module 'mul_32ns_32ns_64_1_1': 1 instance(s).
INFO: [RTGEN 206-100] Finished creating RTL model for 'conv2d'.
INFO: [HLS 200-111] Finished Creating RTL model: CPU user time: 2 seconds. CPU system time: 0 seconds. Elapsed time: 2.556 seconds; current allocated memory: 175.093 MB.
INFO: [RTMG 210-278] Implementing memory 'conv2d_line_buf_0_ram (RAM_2P_BRAM)' using block RAMs with power-on initialization.
INFO: [HLS 200-111] Finished Generating all RTL models: CPU user time: 2 seconds. CPU system time: 0 seconds. Elapsed time: 3.168 seconds; current allocated memory: 183.139 MB.
INFO: [HLS 200-111] Finished Updating report files: CPU user time: 2 seconds. CPU system time: 1 seconds. Elapsed time: 2.739 seconds; current allocated memory: 188.892 MB.
INFO: [VHDL 208-304] Generating VHDL RTL for conv2d.
INFO: [VLOG 209-307] Generating Verilog RTL for conv2d.
INFO: [HLS 200-790] **** Loop Constraint Status: All loop constraints were satisfied.
INFO: [HLS 200-789] **** Estimated Fmax: 117.51 MHz
INFO: [HLS 200-111] Finished Command csynth_design CPU user time: 10 seconds. CPU system time: 1 seconds. Elapsed time: 22.809 seconds; current allocated memory: 188.878 MB.
INFO: [HLS 200-112] Total CPU user time: 12 seconds. Total CPU system time: 2 seconds. Total elapsed time: 27.132 seconds; peak allocated memory: 1007.222 MB.
==============================================================
Vitis HLS - High-Level Synthesis from C, C++ and OpenCL v2021.1 (64-bit)
Copyright 1986-2021 Xilinx, Inc. All Rights Reserved.
==============================================================
INFO: [SYN 201-201] Setting up clock 'default' with a period of 10ns.
INFO: [SYN 201-201] Setting up clock 'default' with an uncertainty of 1.25ns.
INFO: [HLS 200-1611] Setting target device to 'xc7z020-clg400-1'
INFO: [HLS 200-1505] Using flow_target 'vivado'
INFO: [HLS 200-1464] Running solution command: config_export -format=ip_catalog
INFO: [HLS 200-1464] Running solution command: config_export -output=D:/IITMadrasICS/1-2/EE5332Project/conv2dfloat.zip
INFO: [HLS 200-1464] Running solution command: config_export -rtl=verilog
INFO: [HLS 200-1510] Running: set_part xc7z020-clg400-1 
INFO: [HLS 200-1510] Running: create_clock -period 10 -name default 
INFO: [HLS 200-1510] Running: config_export -format ip_catalog -output D:/IITMadrasICS/1-2/EE5332Project/conv2dfloat.zip -rtl verilog 
INFO: [HLS 200-1510] Running: set_clock_uncertainty 1.25 
INFO: [HLS 200-1510] Running: set_directive_top -name conv2d conv2d 
INFO: [HLS 200-1510] Running: set_directive_pipeline -II 1 conv2d/COL_SLIDE 
INFO: [HLS 200-1510] Running: set_directive_array_partition -type complete -dim 0 conv2d kernel_in 
INFO: [HLS 200-1510] Running: csynth_design 
INFO: [HLS 200-111] Finished File checks and directory preparation: CPU user time: 0 seconds. CPU system time: 0 seconds. Elapsed time: 0.041 seconds; current allocated memory: 1007.222 MB.
INFO: [HLS 200-10] Analyzing design file 'twodconv.cpp' ... 
WARNING: [HLS 207-5528] Ignore interface attribute or pragma which is not used in top function: twodconv.cpp:25:9
WARNING: [HLS 207-5301] unused parameter 'print': D:/Xilinx/Vitis_HLS/2021.1/common/technology/autopilot\ap_int_base.h:792:16
INFO: [HLS 200-111] Finished Source Code Analysis and Preprocessing: CPU user time: 2 seconds. CPU system time: 0 seconds. Elapsed time: 4.481 seconds; current allocated memory: 117.415 MB.
INFO: [HLS 200-777] Using interface defaults for 'Vivado' flow target.
INFO: [HLS 214-279] Initial Interval estimation mode is set into default.
INFO: [HLS 214-284] Auto array partition mode is set into default.
INFO: [HLS 214-131] Inlining function 'hls::axis<ap_int<32>, 1ul, 1ul, 1ul>::get_user_ptr()' into 'hls::stream<hls::axis<ap_int<32>, 1ul, 1ul, 1ul>, 0>::read()' (D:/Xilinx/Vitis_HLS/2021.1/common/technology/autopilot\ap_axi_sdata.h:293:50)
INFO: [HLS 214-131] Inlining function 'hls::axis<ap_int<32>, 1ul, 1ul, 1ul>::get_dest_ptr()' into 'hls::stream<hls::axis<ap_int<32>, 1ul, 1ul, 1ul>, 0>::read()' (D:/Xilinx/Vitis_HLS/2021.1/common/technology/autopilot\ap_axi_sdata.h:296:25)
INFO: [HLS 214-131] Inlining function 'hls::axis<ap_int<32>, 1ul, 1ul, 1ul>::get_id_ptr()' into 'hls::stream<hls::axis<ap_int<32>, 1ul, 1ul, 1ul>, 0>::read()' (D:/Xilinx/Vitis_HLS/2021.1/common/technology/autopilot\ap_axi_sdata.h:295:67)
INFO: [HLS 214-131] Inlining function 'hls::axis<ap_int<32>, 1ul, 1ul, 1ul>::get_user_ptr()' into 'hls::stream<hls::axis<ap_int<32>, 1ul, 1ul, 1ul>, 0>::read()' (D:/Xilinx/Vitis_HLS/2021.1/common/technology/autopilot\ap_axi_sdata.h:295:36)
INFO: [HLS 214-131] Inlining function 'hls::axis<ap_int<32>, 1ul, 1ul, 1ul>::get_dest_ptr()' into 'hls::stream<hls::axis<ap_int<32>, 1ul, 1ul, 1ul>, 0>::read()' (D:/Xilinx/Vitis_HLS/2021.1/common/technology/autopilot\ap_axi_sdata.h:294:39)
INFO: [HLS 214-131] Inlining function 'hls::axis<ap_int<32>, 1ul, 1ul, 1ul>::get_id_ptr()' into 'hls::stream<hls::axis<ap_int<32>, 1ul, 1ul, 1ul>, 0>::read()' (D:/Xilinx/Vitis_HLS/2021.1/common/technology/autopilot\ap_axi_sdata.h:294:23)
INFO: [HLS 214-131] Inlining function 'ap_int_base<32, true>::operator long long() const' into 'unpack(ap_int<32>)' (twodconv.cpp:6:23)
INFO: [HLS 214-131] Inlining function 'hls::axis<ap_int<32>, 1ul, 1ul, 1ul>::get_user_ptr()' into 'hls::stream<hls::axis<ap_int<32>, 1ul, 1ul, 1ul>, 0>::write(hls::axis<ap_int<32>, 1ul, 1ul, 1ul> const&)' (D:/Xilinx/Vitis_HLS/2021.1/common/technology/autopilot\ap_axi_sdata.h:304:51)
INFO: [HLS 214-131] Inlining function 'hls::axis<ap_int<32>, 1ul, 1ul, 1ul>::get_dest_ptr()' into 'hls::stream<hls::axis<ap_int<32>, 1ul, 1ul, 1ul>, 0>::write(hls::axis<ap_int<32>, 1ul, 1ul, 1ul> const&)' (D:/Xilinx/Vitis_HLS/2021.1/common/technology/autopilot\ap_axi_sdata.h:307:26)
INFO: [HLS 214-131] Inlining function 'hls::axis<ap_int<32>, 1ul, 1ul, 1ul>::get_id_ptr()' into 'hls::stream<hls::axis<ap_int<32>, 1ul, 1ul, 1ul>, 0>::write(hls::axis<ap_int<32>, 1ul, 1ul, 1ul> const&)' (D:/Xilinx/Vitis_HLS/2021.1/common/technology/autopilot\ap_axi_sdata.h:306:68)
INFO: [HLS 214-131] Inlining function 'hls::axis<ap_int<32>, 1ul, 1ul, 1ul>::get_user_ptr()' into 'hls::stream<hls::axis<ap_int<32>, 1ul, 1ul, 1ul>, 0>::write(hls::axis<ap_int<32>, 1ul, 1ul, 1ul> const&)' (D:/Xilinx/Vitis_HLS/2021.1/common/technology/autopilot\ap_axi_sdata.h:306:37)
INFO: [HLS 214-131] Inlining function 'hls::axis<ap_int<32>, 1ul, 1ul, 1ul>::get_dest_ptr()' into 'hls::stream<hls::axis<ap_int<32>, 1ul, 1ul, 1ul>, 0>::write(hls::axis<ap_int<32>, 1ul, 1ul, 1ul> const&)' (D:/Xilinx/Vitis_HLS/2021.1/common/technology/autopilot\ap_axi_sdata.h:305:40)
INFO: [HLS 214-131] Inlining function 'hls::axis<ap_int<32>, 1ul, 1ul, 1ul>::get_id_ptr()' into 'hls::stream<hls::axis<ap_int<32>, 1ul, 1ul, 1ul>, 0>::write(hls::axis<ap_int<32>, 1ul, 1ul, 1ul> const&)' (D:/Xilinx/Vitis_HLS/2021.1/common/technology/autopilot\ap_axi_sdata.h:305:24)
INFO: [HLS 214-131] Inlining function 'hls::stream<hls::axis<ap_int<32>, 1ul, 1ul, 1ul>, 0>::read()' into 'conv2d(hls::stream<hls::axis<ap_int<32>, 1ul, 1ul, 1ul>, 0>&, hls::stream<hls::axis<ap_int<32>, 1ul, 1ul, 1ul>, 0>&, float (*) [3], int)' (twodconv.cpp:57:36)
INFO: [HLS 214-131] Inlining function 'hls::stream<hls::axis<ap_int<32>, 1ul, 1ul, 1ul>, 0>::write(hls::axis<ap_int<32>, 1ul, 1ul, 1ul> const&)' into 'conv2d(hls::stream<hls::axis<ap_int<32>, 1ul, 1ul, 1ul>, 0>&, hls::stream<hls::axis<ap_int<32>, 1ul, 1ul, 1ul>, 0>&, float (*) [3], int)' (twodconv.cpp:93:28)
INFO: [HLS 214-178] Inlining function 'unpack(ap_int<32>)' into 'conv2d(hls::stream<hls::axis<ap_int<32>, 1ul, 1ul, 1ul>, 0>&, hls::stream<hls::axis<ap_int<32>, 1ul, 1ul, 1ul>, 0>&, float (*) [3], int)' (twodconv.cpp:20:0)
INFO: [HLS 214-178] Inlining function 'pack(float)' into 'conv2d(hls::stream<hls::axis<ap_int<32>, 1ul, 1ul, 1ul>, 0>&, hls::stream<hls::axis<ap_int<32>, 1ul, 1ul, 1ul>, 0>&, float (*) [3], int)' (twodconv.cpp:20:0)
INFO: [HLS 214-248] Applying array_partition to 'kernel_in': Complete partitioning on dimension 1. Complete partitioning on dimension 2. (twodconv.cpp:20:0)
INFO: [HLS 214-270] Starting automatic array partition analysis...
INFO: [HLS 200-111] Finished Compiling Optimization and Transform: CPU user time: 0 seconds. CPU system time: 0 seconds. Elapsed time: 4.724 seconds; current allocated memory: 119.519 MB.
INFO: [HLS 200-111] Finished Checking Pragmas: CPU user time: 0 seconds. CPU system time: 0 seconds. Elapsed time: 0.021 seconds; current allocated memory: 119.520 MB.
INFO: [HLS 200-10] Starting code transformations ...
INFO: [HLS 200-111] Finished Standard Transforms: CPU user time: 0 seconds. CPU system time: 0 seconds. Elapsed time: 0.246 seconds; current allocated memory: 126.402 MB.
INFO: [HLS 200-10] Checking synthesizability ...
INFO: [HLS 200-111] Finished Checking Synthesizability: CPU user time: 0 seconds. CPU system time: 0 seconds. Elapsed time: 0.139 seconds; current allocated memory: 134.745 MB.
WARNING: [XFORM 203-803] Dropped interface mode 'ap_auto' on 'kernel_in_0_0' as it is incompatible with its interface mode 's_axilite'.
WARNING: [XFORM 203-803] Dropped interface mode 'ap_auto' on 'kernel_in_0_1' as it is incompatible with its interface mode 's_axilite'.
WARNING: [XFORM 203-803] Dropped interface mode 'ap_auto' on 'kernel_in_0_2' as it is incompatible with its interface mode 's_axilite'.
WARNING: [XFORM 203-803] Dropped interface mode 'ap_auto' on 'kernel_in_1_0' as it is incompatible with its interface mode 's_axilite'.
WARNING: [XFORM 203-803] Dropped interface mode 'ap_auto' on 'kernel_in_1_1' as it is incompatible with its interface mode 's_axilite'.
WARNING: [XFORM 203-803] Dropped interface mode 'ap_auto' on 'kernel_in_1_2' as it is incompatible with its interface mode 's_axilite'.
WARNING: [XFORM 203-803] Dropped interface mode 'ap_auto' on 'kernel_in_2_0' as it is incompatible with its interface mode 's_axilite'.
WARNING: [XFORM 203-803] Dropped interface mode 'ap_auto' on 'kernel_in_2_1' as it is incompatible with its interface mode 's_axilite'.
WARNING: [XFORM 203-803] Dropped interface mode 'ap_auto' on 'kernel_in_2_2' as it is incompatible with its interface mode 's_axilite'.
INFO: [XFORM 203-502] Unrolling all sub-loops inside loop 'COL_SLIDE' (twodconv.cpp:43) in function 'conv2d' for pipelining.
INFO: [HLS 200-489] Unrolling loop 'UPDATE_WINDOW_ROW' (twodconv.cpp:46) in function 'conv2d' completely with a factor of 3.
INFO: [HLS 200-489] Unrolling loop 'UPDATE_WINDOW_COL' (twodconv.cpp:48) in function 'conv2d' completely with a factor of 2.
INFO: [HLS 200-489] Unrolling loop 'UPDATE_BUF' (twodconv.cpp:61) in function 'conv2d' completely with a factor of 2.
INFO: [HLS 200-489] Unrolling loop 'MACi' (twodconv.cpp:37) in function 'conv2d' completely with a factor of 3.
INFO: [HLS 200-489] Unrolling loop 'MACj' (twodconv.cpp:37) in function 'conv2d' completely with a factor of 3.
INFO: [XFORM 203-101] Partitioning array 'line_buf'  in dimension 1 completely.
INFO: [XFORM 203-101] Partitioning array 'window'  in dimension 1 completely.
INFO: [XFORM 203-101] Partitioning array 'window'  in dimension 2 completely.
INFO: [XFORM 203-11] Balancing expressions in function 'conv2d' (twodconv.cpp:7:47)...3 expression(s) balanced.
INFO: [HLS 200-111] Finished Loop, function and other optimizations: CPU user time: 1 seconds. CPU system time: 0 seconds. Elapsed time: 0.481 seconds; current allocated memory: 165.251 MB.
INFO: [XFORM 203-541] Flattening a loop nest 'ROW_SLIDE' (twodconv.cpp:41:14) in function 'conv2d'.
INFO: [HLS 200-472] Inferring partial write operation for 'line_buf.0' (twodconv.cpp:66:38)
INFO: [HLS 200-111] Finished Architecture Synthesis: CPU user time: 0 seconds. CPU system time: 0 seconds. Elapsed time: 0.144 seconds; current allocated memory: 162.736 MB.
INFO: [HLS 200-10] Starting hardware synthesis ...
INFO: [HLS 200-10] Synthesizing 'conv2d' ...
INFO: [HLS 200-10] ----------------------------------------------------------------
INFO: [HLS 200-42] -- Implementing module 'conv2d' 
INFO: [HLS 200-10] ----------------------------------------------------------------
INFO: [SCHED 204-11] Starting scheduling ...
INFO: [SCHED 204-61] Pipelining loop 'ROW_SLIDE_COL_SLIDE'.
INFO: [HLS 200-1470] Pipelining result : Target II = 1, Final II = 1, Depth = 51, loop 'ROW_SLIDE_COL_SLIDE'
INFO: [SCHED 204-11] Finished scheduling.
INFO: [HLS 200-111] Finished Scheduling: CPU user time: 0 seconds. CPU system time: 0 seconds. Elapsed time: 0.483 seconds; current allocated memory: 163.422 MB.
INFO: [BIND 205-100] Starting micro-architecture generation ...
INFO: [BIND 205-101] Performing variable lifetime analysis.
INFO: [BIND 205-101] Exploring resource sharing.
INFO: [BIND 205-101] Binding ...
INFO: [BIND 205-100] Finished micro-architecture generation.
INFO: [HLS 200-111] Finished Binding: CPU user time: 0 seconds. CPU system time: 0 seconds. Elapsed time: 0.404 seconds; current allocated memory: 164.342 MB.
INFO: [HLS 200-10] ----------------------------------------------------------------
INFO: [HLS 200-10] -- Generating RTL for module 'conv2d' 
INFO: [HLS 200-10] ----------------------------------------------------------------
WARNING: [RTGEN 206-101] Design contains AXI ports. Reset is fixed to synchronous and active low.
INFO: [RTGEN 206-500] Setting interface mode on port 'conv2d/in_stream_V_data_V' to 'axis' (register, both mode).
INFO: [RTGEN 206-500] Setting interface mode on port 'conv2d/in_stream_V_keep_V' to 'axis' (register, both mode).
INFO: [RTGEN 206-500] Setting interface mode on port 'conv2d/in_stream_V_strb_V' to 'axis' (register, both mode).
INFO: [RTGEN 206-500] Setting interface mode on port 'conv2d/in_stream_V_user_V' to 'axis' (register, both mode).
INFO: [RTGEN 206-500] Setting interface mode on port 'conv2d/in_stream_V_last_V' to 'axis' (register, both mode).
INFO: [RTGEN 206-500] Setting interface mode on port 'conv2d/in_stream_V_id_V' to 'axis' (register, both mode).
INFO: [RTGEN 206-500] Setting interface mode on port 'conv2d/in_stream_V_dest_V' to 'axis' (register, both mode).
INFO: [RTGEN 206-500] Setting interface mode on port 'conv2d/out_stream_V_data_V' to 'axis' (register, both mode).
INFO: [RTGEN 206-500] Setting interface mode on port 'conv2d/out_stream_V_keep_V' to 'axis' (register, both mode).
INFO: [RTGEN 206-500] Setting interface mode on port 'conv2d/out_stream_V_strb_V' to 'axis' (register, both mode).
INFO: [RTGEN 206-500] Setting interface mode on port 'conv2d/out_stream_V_user_V' to 'axis' (register, both mode).
INFO: [RTGEN 206-500] Setting interface mode on port 'conv2d/out_stream_V_last_V' to 'axis' (register, both mode).
INFO: [RTGEN 206-500] Setting interface mode on port 'conv2d/out_stream_V_id_V' to 'axis' (register, both mode).
INFO: [RTGEN 206-500] Setting interface mode on port 'conv2d/out_stream_V_dest_V' to 'axis' (register, both mode).
INFO: [RTGEN 206-500] Setting interface mode on port 'conv2d/kernel_in_0_0' to 's_axilite & ap_none'.
INFO: [RTGEN 206-500] Setting interface mode on port 'conv2d/kernel_in_0_1' to 's_axilite & ap_none'.
INFO: [RTGEN 206-500] Setting interface mode on port 'conv2d/kernel_in_0_2' to 's_axilite & ap_none'.
INFO: [RTGEN 206-500] Setting interface mode on port 'conv2d/kernel_in_1_0' to 's_axilite & ap_none'.
INFO: [RTGEN 206-500] Setting interface mode on port 'conv2d/kernel_in_1_1' to 's_axilite & ap_none'.
INFO: [RTGEN 206-500] Setting interface mode on port 'conv2d/kernel_in_1_2' to 's_axilite & ap_none'.
INFO: [RTGEN 206-500] Setting interface mode on port 'conv2d/kernel_in_2_0' to 's_axilite & ap_none'.
INFO: [RTGEN 206-500] Setting interface mode on port 'conv2d/kernel_in_2_1' to 's_axilite & ap_none'.
INFO: [RTGEN 206-500] Setting interface mode on port 'conv2d/kernel_in_2_2' to 's_axilite & ap_none'.
INFO: [RTGEN 206-500] Setting interface mode on port 'conv2d/img_size' to 's_axilite & ap_none'.
INFO: [RTGEN 206-500] Setting interface mode on function 'conv2d' to 's_axilite & ap_ctrl_hs'.
WARNING: [RTGEN 206-101] Register 'window_0_1' is power-on initialization.
WARNING: [RTGEN 206-101] Register 'window_1_1' is power-on initialization.
WARNING: [RTGEN 206-101] Register 'window_2_1' is power-on initialization.
WARNING: [RTGEN 206-101] Register 'window_0_2' is power-on initialization.
WARNING: [RTGEN 206-101] Register 'window_1_2' is power-on initialization.
WARNING: [RTGEN 206-101] Register 'window_2_2' is power-on initialization.
INFO: [RTGEN 206-100] Bundling port 'kernel_in_0_0', 'kernel_in_0_1', 'kernel_in_0_2', 'kernel_in_1_0', 'kernel_in_1_1', 'kernel_in_1_2', 'kernel_in_2_0', 'kernel_in_2_1', 'kernel_in_2_2', 'img_size' and 'return' to AXI-Lite port control.
INFO: [RTGEN 206-100] Generating core module 'fadd_32ns_32ns_32_5_full_dsp_1': 9 instance(s).
INFO: [RTGEN 206-100] Generating core module 'fmul_32ns_32ns_32_4_max_dsp_1': 9 instance(s).
INFO: [RTGEN 206-100] Generating core module 'mul_32ns_32ns_64_1_1': 1 instance(s).
INFO: [RTGEN 206-100] Finished creating RTL model for 'conv2d'.
INFO: [HLS 200-111] Finished Creating RTL model: CPU user time: 1 seconds. CPU system time: 0 seconds. Elapsed time: 0.947 seconds; current allocated memory: 166.995 MB.
INFO: [RTMG 210-278] Implementing memory 'conv2d_line_buf_0_ram (RAM_2P_BRAM)' using block RAMs with power-on initialization.
INFO: [HLS 200-111] Finished Generating all RTL models: CPU user time: 1 seconds. CPU system time: 0 seconds. Elapsed time: 1.554 seconds; current allocated memory: 172.243 MB.
INFO: [HLS 200-111] Finished Updating report files: CPU user time: 1 seconds. CPU system time: 0 seconds. Elapsed time: 0.605 seconds; current allocated memory: 177.194 MB.
INFO: [VHDL 208-304] Generating VHDL RTL for conv2d.
INFO: [VLOG 209-307] Generating Verilog RTL for conv2d.
INFO: [HLS 200-790] **** Loop Constraint Status: All loop constraints were satisfied.
INFO: [HLS 200-789] **** Estimated Fmax: 117.51 MHz
INFO: [HLS 200-111] Finished Command csynth_design CPU user time: 6 seconds. CPU system time: 0 seconds. Elapsed time: 14.362 seconds; current allocated memory: 177.180 MB.
INFO: [HLS 200-112] Total CPU user time: 7 seconds. Total CPU system time: 1 seconds. Total elapsed time: 15.946 seconds; peak allocated memory: 1007.222 MB.
==============================================================
Vitis HLS - High-Level Synthesis from C, C++ and OpenCL v2021.1 (64-bit)
Copyright 1986-2021 Xilinx, Inc. All Rights Reserved.
==============================================================
INFO: [SYN 201-201] Setting up clock 'default' with a period of 10ns.
INFO: [SYN 201-201] Setting up clock 'default' with an uncertainty of 1.25ns.
INFO: [HLS 200-1611] Setting target device to 'xc7z020-clg400-1'
INFO: [HLS 200-1505] Using flow_target 'vivado'
INFO: [HLS 200-1464] Running solution command: config_export -format=ip_catalog
INFO: [HLS 200-1464] Running solution command: config_export -output=D:/IITMadrasICS/1-2/EE5332Project/conv2dfloat.zip
INFO: [HLS 200-1464] Running solution command: config_export -rtl=verilog
INFO: [HLS 200-1510] Running: set_part xc7z020-clg400-1 
INFO: [HLS 200-1510] Running: create_clock -period 10 -name default 
INFO: [HLS 200-1510] Running: config_export -format ip_catalog -output D:/IITMadrasICS/1-2/EE5332Project/conv2dfloat.zip -rtl verilog 
INFO: [HLS 200-1510] Running: set_clock_uncertainty 1.25 
INFO: [HLS 200-1510] Running: set_directive_top -name conv2d conv2d 
INFO: [HLS 200-1510] Running: set_directive_pipeline -II 1 conv2d/COL_SLIDE 
INFO: [HLS 200-1510] Running: set_directive_array_partition -type complete -dim 0 conv2d kernel_in 
INFO: [HLS 200-1510] Running: csynth_design 
INFO: [HLS 200-111] Finished File checks and directory preparation: CPU user time: 0 seconds. CPU system time: 0 seconds. Elapsed time: 0.041 seconds; current allocated memory: 561.555 MB.
INFO: [HLS 200-10] Analyzing design file 'twodconv.cpp' ... 
WARNING: [HLS 207-5528] Ignore interface attribute or pragma which is not used in top function: twodconv.cpp:25:9
WARNING: [HLS 207-5301] unused parameter 'print': D:/Xilinx/Vitis_HLS/2021.1/common/technology/autopilot\ap_int_base.h:792:16
INFO: [HLS 200-111] Finished Source Code Analysis and Preprocessing: CPU user time: 2 seconds. CPU system time: 0 seconds. Elapsed time: 4.262 seconds; current allocated memory: 117.446 MB.
INFO: [HLS 200-777] Using interface defaults for 'Vivado' flow target.
INFO: [HLS 214-279] Initial Interval estimation mode is set into default.
INFO: [HLS 214-284] Auto array partition mode is set into default.
INFO: [HLS 214-131] Inlining function 'hls::axis<ap_int<32>, 1ul, 1ul, 1ul>::get_user_ptr()' into 'hls::stream<hls::axis<ap_int<32>, 1ul, 1ul, 1ul>, 0>::read()' (D:/Xilinx/Vitis_HLS/2021.1/common/technology/autopilot\ap_axi_sdata.h:293:50)
INFO: [HLS 214-131] Inlining function 'hls::axis<ap_int<32>, 1ul, 1ul, 1ul>::get_dest_ptr()' into 'hls::stream<hls::axis<ap_int<32>, 1ul, 1ul, 1ul>, 0>::read()' (D:/Xilinx/Vitis_HLS/2021.1/common/technology/autopilot\ap_axi_sdata.h:296:25)
INFO: [HLS 214-131] Inlining function 'hls::axis<ap_int<32>, 1ul, 1ul, 1ul>::get_id_ptr()' into 'hls::stream<hls::axis<ap_int<32>, 1ul, 1ul, 1ul>, 0>::read()' (D:/Xilinx/Vitis_HLS/2021.1/common/technology/autopilot\ap_axi_sdata.h:295:67)
INFO: [HLS 214-131] Inlining function 'hls::axis<ap_int<32>, 1ul, 1ul, 1ul>::get_user_ptr()' into 'hls::stream<hls::axis<ap_int<32>, 1ul, 1ul, 1ul>, 0>::read()' (D:/Xilinx/Vitis_HLS/2021.1/common/technology/autopilot\ap_axi_sdata.h:295:36)
INFO: [HLS 214-131] Inlining function 'hls::axis<ap_int<32>, 1ul, 1ul, 1ul>::get_dest_ptr()' into 'hls::stream<hls::axis<ap_int<32>, 1ul, 1ul, 1ul>, 0>::read()' (D:/Xilinx/Vitis_HLS/2021.1/common/technology/autopilot\ap_axi_sdata.h:294:39)
INFO: [HLS 214-131] Inlining function 'hls::axis<ap_int<32>, 1ul, 1ul, 1ul>::get_id_ptr()' into 'hls::stream<hls::axis<ap_int<32>, 1ul, 1ul, 1ul>, 0>::read()' (D:/Xilinx/Vitis_HLS/2021.1/common/technology/autopilot\ap_axi_sdata.h:294:23)
INFO: [HLS 214-131] Inlining function 'ap_int_base<32, true>::operator long long() const' into 'unpack(ap_int<32>)' (twodconv.cpp:6:23)
INFO: [HLS 214-131] Inlining function 'hls::axis<ap_int<32>, 1ul, 1ul, 1ul>::get_user_ptr()' into 'hls::stream<hls::axis<ap_int<32>, 1ul, 1ul, 1ul>, 0>::write(hls::axis<ap_int<32>, 1ul, 1ul, 1ul> const&)' (D:/Xilinx/Vitis_HLS/2021.1/common/technology/autopilot\ap_axi_sdata.h:304:51)
INFO: [HLS 214-131] Inlining function 'hls::axis<ap_int<32>, 1ul, 1ul, 1ul>::get_dest_ptr()' into 'hls::stream<hls::axis<ap_int<32>, 1ul, 1ul, 1ul>, 0>::write(hls::axis<ap_int<32>, 1ul, 1ul, 1ul> const&)' (D:/Xilinx/Vitis_HLS/2021.1/common/technology/autopilot\ap_axi_sdata.h:307:26)
INFO: [HLS 214-131] Inlining function 'hls::axis<ap_int<32>, 1ul, 1ul, 1ul>::get_id_ptr()' into 'hls::stream<hls::axis<ap_int<32>, 1ul, 1ul, 1ul>, 0>::write(hls::axis<ap_int<32>, 1ul, 1ul, 1ul> const&)' (D:/Xilinx/Vitis_HLS/2021.1/common/technology/autopilot\ap_axi_sdata.h:306:68)
INFO: [HLS 214-131] Inlining function 'hls::axis<ap_int<32>, 1ul, 1ul, 1ul>::get_user_ptr()' into 'hls::stream<hls::axis<ap_int<32>, 1ul, 1ul, 1ul>, 0>::write(hls::axis<ap_int<32>, 1ul, 1ul, 1ul> const&)' (D:/Xilinx/Vitis_HLS/2021.1/common/technology/autopilot\ap_axi_sdata.h:306:37)
INFO: [HLS 214-131] Inlining function 'hls::axis<ap_int<32>, 1ul, 1ul, 1ul>::get_dest_ptr()' into 'hls::stream<hls::axis<ap_int<32>, 1ul, 1ul, 1ul>, 0>::write(hls::axis<ap_int<32>, 1ul, 1ul, 1ul> const&)' (D:/Xilinx/Vitis_HLS/2021.1/common/technology/autopilot\ap_axi_sdata.h:305:40)
INFO: [HLS 214-131] Inlining function 'hls::axis<ap_int<32>, 1ul, 1ul, 1ul>::get_id_ptr()' into 'hls::stream<hls::axis<ap_int<32>, 1ul, 1ul, 1ul>, 0>::write(hls::axis<ap_int<32>, 1ul, 1ul, 1ul> const&)' (D:/Xilinx/Vitis_HLS/2021.1/common/technology/autopilot\ap_axi_sdata.h:305:24)
INFO: [HLS 214-131] Inlining function 'hls::stream<hls::axis<ap_int<32>, 1ul, 1ul, 1ul>, 0>::read()' into 'conv2d(hls::stream<hls::axis<ap_int<32>, 1ul, 1ul, 1ul>, 0>&, hls::stream<hls::axis<ap_int<32>, 1ul, 1ul, 1ul>, 0>&, float (*) [3], int)' (twodconv.cpp:57:36)
INFO: [HLS 214-131] Inlining function 'hls::stream<hls::axis<ap_int<32>, 1ul, 1ul, 1ul>, 0>::write(hls::axis<ap_int<32>, 1ul, 1ul, 1ul> const&)' into 'conv2d(hls::stream<hls::axis<ap_int<32>, 1ul, 1ul, 1ul>, 0>&, hls::stream<hls::axis<ap_int<32>, 1ul, 1ul, 1ul>, 0>&, float (*) [3], int)' (twodconv.cpp:93:28)
INFO: [HLS 214-178] Inlining function 'unpack(ap_int<32>)' into 'conv2d(hls::stream<hls::axis<ap_int<32>, 1ul, 1ul, 1ul>, 0>&, hls::stream<hls::axis<ap_int<32>, 1ul, 1ul, 1ul>, 0>&, float (*) [3], int)' (twodconv.cpp:20:0)
INFO: [HLS 214-178] Inlining function 'pack(float)' into 'conv2d(hls::stream<hls::axis<ap_int<32>, 1ul, 1ul, 1ul>, 0>&, hls::stream<hls::axis<ap_int<32>, 1ul, 1ul, 1ul>, 0>&, float (*) [3], int)' (twodconv.cpp:20:0)
INFO: [HLS 214-248] Applying array_partition to 'kernel_in': Complete partitioning on dimension 1. Complete partitioning on dimension 2. (twodconv.cpp:20:0)
INFO: [HLS 214-270] Starting automatic array partition analysis...
INFO: [HLS 200-111] Finished Compiling Optimization and Transform: CPU user time: 0 seconds. CPU system time: 0 seconds. Elapsed time: 4.516 seconds; current allocated memory: 119.519 MB.
INFO: [HLS 200-111] Finished Checking Pragmas: CPU user time: 0 seconds. CPU system time: 0 seconds. Elapsed time: 0.014 seconds; current allocated memory: 119.519 MB.
INFO: [HLS 200-10] Starting code transformations ...
INFO: [HLS 200-111] Finished Standard Transforms: CPU user time: 0 seconds. CPU system time: 0 seconds. Elapsed time: 0.224 seconds; current allocated memory: 126.402 MB.
INFO: [HLS 200-10] Checking synthesizability ...
INFO: [HLS 200-111] Finished Checking Synthesizability: CPU user time: 0 seconds. CPU system time: 0 seconds. Elapsed time: 0.152 seconds; current allocated memory: 134.745 MB.
WARNING: [XFORM 203-803] Dropped interface mode 'ap_auto' on 'kernel_in_0_0' as it is incompatible with its interface mode 's_axilite'.
WARNING: [XFORM 203-803] Dropped interface mode 'ap_auto' on 'kernel_in_0_1' as it is incompatible with its interface mode 's_axilite'.
WARNING: [XFORM 203-803] Dropped interface mode 'ap_auto' on 'kernel_in_0_2' as it is incompatible with its interface mode 's_axilite'.
WARNING: [XFORM 203-803] Dropped interface mode 'ap_auto' on 'kernel_in_1_0' as it is incompatible with its interface mode 's_axilite'.
WARNING: [XFORM 203-803] Dropped interface mode 'ap_auto' on 'kernel_in_1_1' as it is incompatible with its interface mode 's_axilite'.
WARNING: [XFORM 203-803] Dropped interface mode 'ap_auto' on 'kernel_in_1_2' as it is incompatible with its interface mode 's_axilite'.
WARNING: [XFORM 203-803] Dropped interface mode 'ap_auto' on 'kernel_in_2_0' as it is incompatible with its interface mode 's_axilite'.
WARNING: [XFORM 203-803] Dropped interface mode 'ap_auto' on 'kernel_in_2_1' as it is incompatible with its interface mode 's_axilite'.
WARNING: [XFORM 203-803] Dropped interface mode 'ap_auto' on 'kernel_in_2_2' as it is incompatible with its interface mode 's_axilite'.
INFO: [XFORM 203-502] Unrolling all sub-loops inside loop 'COL_SLIDE' (twodconv.cpp:43) in function 'conv2d' for pipelining.
INFO: [HLS 200-489] Unrolling loop 'UPDATE_WINDOW_ROW' (twodconv.cpp:46) in function 'conv2d' completely with a factor of 3.
INFO: [HLS 200-489] Unrolling loop 'UPDATE_WINDOW_COL' (twodconv.cpp:48) in function 'conv2d' completely with a factor of 2.
INFO: [HLS 200-489] Unrolling loop 'UPDATE_BUF' (twodconv.cpp:61) in function 'conv2d' completely with a factor of 2.
INFO: [HLS 200-489] Unrolling loop 'MACi' (twodconv.cpp:37) in function 'conv2d' completely with a factor of 3.
INFO: [HLS 200-489] Unrolling loop 'MACj' (twodconv.cpp:37) in function 'conv2d' completely with a factor of 3.
INFO: [XFORM 203-101] Partitioning array 'line_buf'  in dimension 1 completely.
INFO: [XFORM 203-101] Partitioning array 'window'  in dimension 1 completely.
INFO: [XFORM 203-101] Partitioning array 'window'  in dimension 2 completely.
INFO: [XFORM 203-11] Balancing expressions in function 'conv2d' (twodconv.cpp:7:47)...3 expression(s) balanced.
INFO: [HLS 200-111] Finished Loop, function and other optimizations: CPU user time: 1 seconds. CPU system time: 0 seconds. Elapsed time: 0.538 seconds; current allocated memory: 165.235 MB.
INFO: [XFORM 203-541] Flattening a loop nest 'ROW_SLIDE' (twodconv.cpp:41:14) in function 'conv2d'.
INFO: [HLS 200-472] Inferring partial write operation for 'line_buf.0' (twodconv.cpp:66:38)
INFO: [HLS 200-111] Finished Architecture Synthesis: CPU user time: 0 seconds. CPU system time: 0 seconds. Elapsed time: 0.184 seconds; current allocated memory: 162.736 MB.
INFO: [HLS 200-10] Starting hardware synthesis ...
INFO: [HLS 200-10] Synthesizing 'conv2d' ...
INFO: [HLS 200-10] ----------------------------------------------------------------
INFO: [HLS 200-42] -- Implementing module 'conv2d' 
INFO: [HLS 200-10] ----------------------------------------------------------------
INFO: [SCHED 204-11] Starting scheduling ...
INFO: [SCHED 204-61] Pipelining loop 'ROW_SLIDE_COL_SLIDE'.
INFO: [HLS 200-1470] Pipelining result : Target II = 1, Final II = 1, Depth = 51, loop 'ROW_SLIDE_COL_SLIDE'
INFO: [SCHED 204-11] Finished scheduling.
INFO: [HLS 200-111] Finished Scheduling: CPU user time: 0 seconds. CPU system time: 0 seconds. Elapsed time: 0.445 seconds; current allocated memory: 163.421 MB.
INFO: [BIND 205-100] Starting micro-architecture generation ...
INFO: [BIND 205-101] Performing variable lifetime analysis.
INFO: [BIND 205-101] Exploring resource sharing.
INFO: [BIND 205-101] Binding ...
INFO: [BIND 205-100] Finished micro-architecture generation.
INFO: [HLS 200-111] Finished Binding: CPU user time: 0 seconds. CPU system time: 0 seconds. Elapsed time: 0.398 seconds; current allocated memory: 164.342 MB.
INFO: [HLS 200-10] ----------------------------------------------------------------
INFO: [HLS 200-10] -- Generating RTL for module 'conv2d' 
INFO: [HLS 200-10] ----------------------------------------------------------------
WARNING: [RTGEN 206-101] Design contains AXI ports. Reset is fixed to synchronous and active low.
INFO: [RTGEN 206-500] Setting interface mode on port 'conv2d/in_stream_V_data_V' to 'axis' (register, both mode).
INFO: [RTGEN 206-500] Setting interface mode on port 'conv2d/in_stream_V_keep_V' to 'axis' (register, both mode).
INFO: [RTGEN 206-500] Setting interface mode on port 'conv2d/in_stream_V_strb_V' to 'axis' (register, both mode).
INFO: [RTGEN 206-500] Setting interface mode on port 'conv2d/in_stream_V_user_V' to 'axis' (register, both mode).
INFO: [RTGEN 206-500] Setting interface mode on port 'conv2d/in_stream_V_last_V' to 'axis' (register, both mode).
INFO: [RTGEN 206-500] Setting interface mode on port 'conv2d/in_stream_V_id_V' to 'axis' (register, both mode).
INFO: [RTGEN 206-500] Setting interface mode on port 'conv2d/in_stream_V_dest_V' to 'axis' (register, both mode).
INFO: [RTGEN 206-500] Setting interface mode on port 'conv2d/out_stream_V_data_V' to 'axis' (register, both mode).
INFO: [RTGEN 206-500] Setting interface mode on port 'conv2d/out_stream_V_keep_V' to 'axis' (register, both mode).
INFO: [RTGEN 206-500] Setting interface mode on port 'conv2d/out_stream_V_strb_V' to 'axis' (register, both mode).
INFO: [RTGEN 206-500] Setting interface mode on port 'conv2d/out_stream_V_user_V' to 'axis' (register, both mode).
INFO: [RTGEN 206-500] Setting interface mode on port 'conv2d/out_stream_V_last_V' to 'axis' (register, both mode).
INFO: [RTGEN 206-500] Setting interface mode on port 'conv2d/out_stream_V_id_V' to 'axis' (register, both mode).
INFO: [RTGEN 206-500] Setting interface mode on port 'conv2d/out_stream_V_dest_V' to 'axis' (register, both mode).
INFO: [RTGEN 206-500] Setting interface mode on port 'conv2d/kernel_in_0_0' to 's_axilite & ap_none'.
INFO: [RTGEN 206-500] Setting interface mode on port 'conv2d/kernel_in_0_1' to 's_axilite & ap_none'.
INFO: [RTGEN 206-500] Setting interface mode on port 'conv2d/kernel_in_0_2' to 's_axilite & ap_none'.
INFO: [RTGEN 206-500] Setting interface mode on port 'conv2d/kernel_in_1_0' to 's_axilite & ap_none'.
INFO: [RTGEN 206-500] Setting interface mode on port 'conv2d/kernel_in_1_1' to 's_axilite & ap_none'.
INFO: [RTGEN 206-500] Setting interface mode on port 'conv2d/kernel_in_1_2' to 's_axilite & ap_none'.
INFO: [RTGEN 206-500] Setting interface mode on port 'conv2d/kernel_in_2_0' to 's_axilite & ap_none'.
INFO: [RTGEN 206-500] Setting interface mode on port 'conv2d/kernel_in_2_1' to 's_axilite & ap_none'.
INFO: [RTGEN 206-500] Setting interface mode on port 'conv2d/kernel_in_2_2' to 's_axilite & ap_none'.
INFO: [RTGEN 206-500] Setting interface mode on port 'conv2d/img_size' to 's_axilite & ap_none'.
INFO: [RTGEN 206-500] Setting interface mode on function 'conv2d' to 's_axilite & ap_ctrl_hs'.
WARNING: [RTGEN 206-101] Register 'window_0_1' is power-on initialization.
WARNING: [RTGEN 206-101] Register 'window_1_1' is power-on initialization.
WARNING: [RTGEN 206-101] Register 'window_2_1' is power-on initialization.
WARNING: [RTGEN 206-101] Register 'window_0_2' is power-on initialization.
WARNING: [RTGEN 206-101] Register 'window_1_2' is power-on initialization.
WARNING: [RTGEN 206-101] Register 'window_2_2' is power-on initialization.
INFO: [RTGEN 206-100] Bundling port 'kernel_in_0_0', 'kernel_in_0_1', 'kernel_in_0_2', 'kernel_in_1_0', 'kernel_in_1_1', 'kernel_in_1_2', 'kernel_in_2_0', 'kernel_in_2_1', 'kernel_in_2_2', 'img_size' and 'return' to AXI-Lite port control.
INFO: [RTGEN 206-100] Generating core module 'fadd_32ns_32ns_32_5_full_dsp_1': 9 instance(s).
INFO: [RTGEN 206-100] Generating core module 'fmul_32ns_32ns_32_4_max_dsp_1': 9 instance(s).
INFO: [RTGEN 206-100] Generating core module 'mul_32ns_32ns_64_1_1': 1 instance(s).
INFO: [RTGEN 206-100] Finished creating RTL model for 'conv2d'.
INFO: [HLS 200-111] Finished Creating RTL model: CPU user time: 1 seconds. CPU system time: 0 seconds. Elapsed time: 0.983 seconds; current allocated memory: 166.995 MB.
INFO: [RTMG 210-278] Implementing memory 'conv2d_line_buf_0_ram (RAM_S2P_BRAM)' using block RAMs with power-on initialization.
INFO: [HLS 200-111] Finished Generating all RTL models: CPU user time: 1 seconds. CPU system time: 0 seconds. Elapsed time: 1.587 seconds; current allocated memory: 172.227 MB.
INFO: [HLS 200-111] Finished Updating report files: CPU user time: 1 seconds. CPU system time: 0 seconds. Elapsed time: 0.711 seconds; current allocated memory: 177.209 MB.
INFO: [VHDL 208-304] Generating VHDL RTL for conv2d.
INFO: [VLOG 209-307] Generating Verilog RTL for conv2d.
INFO: [HLS 200-790] **** Loop Constraint Status: All loop constraints were satisfied.
INFO: [HLS 200-789] **** Estimated Fmax: 117.51 MHz
INFO: [HLS 200-111] Finished Command csynth_design CPU user time: 6 seconds. CPU system time: 0 seconds. Elapsed time: 14.169 seconds; current allocated memory: 177.195 MB.
INFO: [HLS 200-112] Total CPU user time: 7 seconds. Total CPU system time: 1 seconds. Total elapsed time: 15.47 seconds; peak allocated memory: 561.555 MB.
==============================================================
Vitis HLS - High-Level Synthesis from C, C++ and OpenCL v2021.1 (64-bit)
Copyright 1986-2021 Xilinx, Inc. All Rights Reserved.
==============================================================
INFO: [SYN 201-201] Setting up clock 'default' with a period of 10ns.
INFO: [SYN 201-201] Setting up clock 'default' with an uncertainty of 1.25ns.
INFO: [HLS 200-1611] Setting target device to 'xc7z020-clg400-1'
INFO: [HLS 200-1505] Using flow_target 'vivado'
INFO: [HLS 200-1464] Running solution command: config_export -format=ip_catalog
INFO: [HLS 200-1464] Running solution command: config_export -output=D:/IITMadrasICS/1-2/EE5332Project/conv2dfloat.zip
INFO: [HLS 200-1464] Running solution command: config_export -rtl=verilog
INFO: [HLS 200-1510] Running: set_part xc7z020-clg400-1 
INFO: [HLS 200-1510] Running: create_clock -period 10 -name default 
INFO: [HLS 200-1510] Running: config_export -format ip_catalog -output D:/IITMadrasICS/1-2/EE5332Project/conv2dfloat.zip -rtl verilog 
INFO: [HLS 200-1510] Running: set_clock_uncertainty 1.25 
INFO: [HLS 200-1510] Running: set_directive_top -name conv2d conv2d 
INFO: [HLS 200-1510] Running: set_directive_pipeline -II 1 conv2d/COL_SLIDE 
INFO: [HLS 200-1510] Running: set_directive_array_partition -type complete -dim 0 conv2d kernel_in 
INFO: [HLS 200-1510] Running: csynth_design 
INFO: [HLS 200-111] Finished File checks and directory preparation: CPU user time: 0 seconds. CPU system time: 0 seconds. Elapsed time: 0.052 seconds; current allocated memory: 1007.222 MB.
INFO: [HLS 200-10] Analyzing design file 'twodconv.cpp' ... 
WARNING: [HLS 207-5528] Ignore interface attribute or pragma which is not used in top function: twodconv.cpp:25:9
WARNING: [HLS 207-5301] unused parameter 'print': D:/Xilinx/Vitis_HLS/2021.1/common/technology/autopilot\ap_int_base.h:792:16
INFO: [HLS 200-111] Finished Source Code Analysis and Preprocessing: CPU user time: 2 seconds. CPU system time: 0 seconds. Elapsed time: 4.173 seconds; current allocated memory: 117.415 MB.
INFO: [HLS 200-777] Using interface defaults for 'Vivado' flow target.
INFO: [HLS 214-279] Initial Interval estimation mode is set into default.
INFO: [HLS 214-284] Auto array partition mode is set into default.
INFO: [HLS 214-131] Inlining function 'hls::axis<ap_int<32>, 1ul, 1ul, 1ul>::get_user_ptr()' into 'hls::stream<hls::axis<ap_int<32>, 1ul, 1ul, 1ul>, 0>::read()' (D:/Xilinx/Vitis_HLS/2021.1/common/technology/autopilot\ap_axi_sdata.h:293:50)
INFO: [HLS 214-131] Inlining function 'hls::axis<ap_int<32>, 1ul, 1ul, 1ul>::get_dest_ptr()' into 'hls::stream<hls::axis<ap_int<32>, 1ul, 1ul, 1ul>, 0>::read()' (D:/Xilinx/Vitis_HLS/2021.1/common/technology/autopilot\ap_axi_sdata.h:296:25)
INFO: [HLS 214-131] Inlining function 'hls::axis<ap_int<32>, 1ul, 1ul, 1ul>::get_id_ptr()' into 'hls::stream<hls::axis<ap_int<32>, 1ul, 1ul, 1ul>, 0>::read()' (D:/Xilinx/Vitis_HLS/2021.1/common/technology/autopilot\ap_axi_sdata.h:295:67)
INFO: [HLS 214-131] Inlining function 'hls::axis<ap_int<32>, 1ul, 1ul, 1ul>::get_user_ptr()' into 'hls::stream<hls::axis<ap_int<32>, 1ul, 1ul, 1ul>, 0>::read()' (D:/Xilinx/Vitis_HLS/2021.1/common/technology/autopilot\ap_axi_sdata.h:295:36)
INFO: [HLS 214-131] Inlining function 'hls::axis<ap_int<32>, 1ul, 1ul, 1ul>::get_dest_ptr()' into 'hls::stream<hls::axis<ap_int<32>, 1ul, 1ul, 1ul>, 0>::read()' (D:/Xilinx/Vitis_HLS/2021.1/common/technology/autopilot\ap_axi_sdata.h:294:39)
INFO: [HLS 214-131] Inlining function 'hls::axis<ap_int<32>, 1ul, 1ul, 1ul>::get_id_ptr()' into 'hls::stream<hls::axis<ap_int<32>, 1ul, 1ul, 1ul>, 0>::read()' (D:/Xilinx/Vitis_HLS/2021.1/common/technology/autopilot\ap_axi_sdata.h:294:23)
INFO: [HLS 214-131] Inlining function 'ap_int_base<32, true>::operator long long() const' into 'unpack(ap_int<32>)' (twodconv.cpp:6:23)
INFO: [HLS 214-131] Inlining function 'hls::axis<ap_int<32>, 1ul, 1ul, 1ul>::get_user_ptr()' into 'hls::stream<hls::axis<ap_int<32>, 1ul, 1ul, 1ul>, 0>::write(hls::axis<ap_int<32>, 1ul, 1ul, 1ul> const&)' (D:/Xilinx/Vitis_HLS/2021.1/common/technology/autopilot\ap_axi_sdata.h:304:51)
INFO: [HLS 214-131] Inlining function 'hls::axis<ap_int<32>, 1ul, 1ul, 1ul>::get_dest_ptr()' into 'hls::stream<hls::axis<ap_int<32>, 1ul, 1ul, 1ul>, 0>::write(hls::axis<ap_int<32>, 1ul, 1ul, 1ul> const&)' (D:/Xilinx/Vitis_HLS/2021.1/common/technology/autopilot\ap_axi_sdata.h:307:26)
INFO: [HLS 214-131] Inlining function 'hls::axis<ap_int<32>, 1ul, 1ul, 1ul>::get_id_ptr()' into 'hls::stream<hls::axis<ap_int<32>, 1ul, 1ul, 1ul>, 0>::write(hls::axis<ap_int<32>, 1ul, 1ul, 1ul> const&)' (D:/Xilinx/Vitis_HLS/2021.1/common/technology/autopilot\ap_axi_sdata.h:306:68)
INFO: [HLS 214-131] Inlining function 'hls::axis<ap_int<32>, 1ul, 1ul, 1ul>::get_user_ptr()' into 'hls::stream<hls::axis<ap_int<32>, 1ul, 1ul, 1ul>, 0>::write(hls::axis<ap_int<32>, 1ul, 1ul, 1ul> const&)' (D:/Xilinx/Vitis_HLS/2021.1/common/technology/autopilot\ap_axi_sdata.h:306:37)
INFO: [HLS 214-131] Inlining function 'hls::axis<ap_int<32>, 1ul, 1ul, 1ul>::get_dest_ptr()' into 'hls::stream<hls::axis<ap_int<32>, 1ul, 1ul, 1ul>, 0>::write(hls::axis<ap_int<32>, 1ul, 1ul, 1ul> const&)' (D:/Xilinx/Vitis_HLS/2021.1/common/technology/autopilot\ap_axi_sdata.h:305:40)
INFO: [HLS 214-131] Inlining function 'hls::axis<ap_int<32>, 1ul, 1ul, 1ul>::get_id_ptr()' into 'hls::stream<hls::axis<ap_int<32>, 1ul, 1ul, 1ul>, 0>::write(hls::axis<ap_int<32>, 1ul, 1ul, 1ul> const&)' (D:/Xilinx/Vitis_HLS/2021.1/common/technology/autopilot\ap_axi_sdata.h:305:24)
INFO: [HLS 214-131] Inlining function 'hls::stream<hls::axis<ap_int<32>, 1ul, 1ul, 1ul>, 0>::read()' into 'conv2d(hls::stream<hls::axis<ap_int<32>, 1ul, 1ul, 1ul>, 0>&, hls::stream<hls::axis<ap_int<32>, 1ul, 1ul, 1ul>, 0>&, float (*) [3], int)' (twodconv.cpp:57:36)
INFO: [HLS 214-131] Inlining function 'hls::stream<hls::axis<ap_int<32>, 1ul, 1ul, 1ul>, 0>::write(hls::axis<ap_int<32>, 1ul, 1ul, 1ul> const&)' into 'conv2d(hls::stream<hls::axis<ap_int<32>, 1ul, 1ul, 1ul>, 0>&, hls::stream<hls::axis<ap_int<32>, 1ul, 1ul, 1ul>, 0>&, float (*) [3], int)' (twodconv.cpp:93:28)
INFO: [HLS 214-178] Inlining function 'unpack(ap_int<32>)' into 'conv2d(hls::stream<hls::axis<ap_int<32>, 1ul, 1ul, 1ul>, 0>&, hls::stream<hls::axis<ap_int<32>, 1ul, 1ul, 1ul>, 0>&, float (*) [3], int)' (twodconv.cpp:20:0)
INFO: [HLS 214-178] Inlining function 'pack(float)' into 'conv2d(hls::stream<hls::axis<ap_int<32>, 1ul, 1ul, 1ul>, 0>&, hls::stream<hls::axis<ap_int<32>, 1ul, 1ul, 1ul>, 0>&, float (*) [3], int)' (twodconv.cpp:20:0)
INFO: [HLS 214-248] Applying array_partition to 'kernel_in': Complete partitioning on dimension 1. Complete partitioning on dimension 2. (twodconv.cpp:20:0)
INFO: [HLS 214-270] Starting automatic array partition analysis...
INFO: [HLS 200-111] Finished Compiling Optimization and Transform: CPU user time: 0 seconds. CPU system time: 0 seconds. Elapsed time: 4.389 seconds; current allocated memory: 119.519 MB.
INFO: [HLS 200-111] Finished Checking Pragmas: CPU user time: 0 seconds. CPU system time: 0 seconds. Elapsed time: 0.022 seconds; current allocated memory: 119.520 MB.
INFO: [HLS 200-10] Starting code transformations ...
INFO: [HLS 200-111] Finished Standard Transforms: CPU user time: 0 seconds. CPU system time: 0 seconds. Elapsed time: 0.114 seconds; current allocated memory: 126.402 MB.
INFO: [HLS 200-10] Checking synthesizability ...
INFO: [HLS 200-111] Finished Checking Synthesizability: CPU user time: 0 seconds. CPU system time: 0 seconds. Elapsed time: 0.136 seconds; current allocated memory: 134.745 MB.
WARNING: [XFORM 203-803] Dropped interface mode 'ap_auto' on 'kernel_in_0_0' as it is incompatible with its interface mode 's_axilite'.
WARNING: [XFORM 203-803] Dropped interface mode 'ap_auto' on 'kernel_in_0_1' as it is incompatible with its interface mode 's_axilite'.
WARNING: [XFORM 203-803] Dropped interface mode 'ap_auto' on 'kernel_in_0_2' as it is incompatible with its interface mode 's_axilite'.
WARNING: [XFORM 203-803] Dropped interface mode 'ap_auto' on 'kernel_in_1_0' as it is incompatible with its interface mode 's_axilite'.
WARNING: [XFORM 203-803] Dropped interface mode 'ap_auto' on 'kernel_in_1_1' as it is incompatible with its interface mode 's_axilite'.
WARNING: [XFORM 203-803] Dropped interface mode 'ap_auto' on 'kernel_in_1_2' as it is incompatible with its interface mode 's_axilite'.
WARNING: [XFORM 203-803] Dropped interface mode 'ap_auto' on 'kernel_in_2_0' as it is incompatible with its interface mode 's_axilite'.
WARNING: [XFORM 203-803] Dropped interface mode 'ap_auto' on 'kernel_in_2_1' as it is incompatible with its interface mode 's_axilite'.
WARNING: [XFORM 203-803] Dropped interface mode 'ap_auto' on 'kernel_in_2_2' as it is incompatible with its interface mode 's_axilite'.
INFO: [XFORM 203-502] Unrolling all sub-loops inside loop 'COL_SLIDE' (twodconv.cpp:43) in function 'conv2d' for pipelining.
INFO: [HLS 200-489] Unrolling loop 'UPDATE_WINDOW_ROW' (twodconv.cpp:46) in function 'conv2d' completely with a factor of 3.
INFO: [HLS 200-489] Unrolling loop 'UPDATE_WINDOW_COL' (twodconv.cpp:48) in function 'conv2d' completely with a factor of 2.
INFO: [HLS 200-489] Unrolling loop 'UPDATE_BUF' (twodconv.cpp:61) in function 'conv2d' completely with a factor of 2.
INFO: [HLS 200-489] Unrolling loop 'MACi' (twodconv.cpp:37) in function 'conv2d' completely with a factor of 3.
INFO: [HLS 200-489] Unrolling loop 'MACj' (twodconv.cpp:37) in function 'conv2d' completely with a factor of 3.
INFO: [XFORM 203-101] Partitioning array 'line_buf'  in dimension 1 completely.
INFO: [XFORM 203-101] Partitioning array 'window'  in dimension 1 completely.
INFO: [XFORM 203-101] Partitioning array 'window'  in dimension 2 completely.
INFO: [XFORM 203-11] Balancing expressions in function 'conv2d' (twodconv.cpp:7:47)...3 expression(s) balanced.
INFO: [HLS 200-111] Finished Loop, function and other optimizations: CPU user time: 1 seconds. CPU system time: 0 seconds. Elapsed time: 0.535 seconds; current allocated memory: 165.251 MB.
INFO: [XFORM 203-541] Flattening a loop nest 'ROW_SLIDE' (twodconv.cpp:41:14) in function 'conv2d'.
INFO: [HLS 200-472] Inferring partial write operation for 'line_buf.0' (twodconv.cpp:66:38)
INFO: [HLS 200-111] Finished Architecture Synthesis: CPU user time: 0 seconds. CPU system time: 0 seconds. Elapsed time: 0.176 seconds; current allocated memory: 162.736 MB.
INFO: [HLS 200-10] Starting hardware synthesis ...
INFO: [HLS 200-10] Synthesizing 'conv2d' ...
INFO: [HLS 200-10] ----------------------------------------------------------------
INFO: [HLS 200-42] -- Implementing module 'conv2d' 
INFO: [HLS 200-10] ----------------------------------------------------------------
INFO: [SCHED 204-11] Starting scheduling ...
INFO: [SCHED 204-61] Pipelining loop 'ROW_SLIDE_COL_SLIDE'.
WARNING: [HLS 200-885] The II Violation in module 'conv2d' (loop 'ROW_SLIDE_COL_SLIDE'): Unable to schedule 'load' operation ('line_buf_0_load', twodconv.cpp:62) on array 'line_buf_0' due to limited memory ports (II = 1). Please consider using a memory core with more ports or partitioning the array 'line_buf_0'.
INFO: [HLS 200-1470] Pipelining result : Target II = 1, Final II = 2, Depth = 50, loop 'ROW_SLIDE_COL_SLIDE'
INFO: [SCHED 204-11] Finished scheduling.
INFO: [HLS 200-111] Finished Scheduling: CPU user time: 0 seconds. CPU system time: 0 seconds. Elapsed time: 0.49 seconds; current allocated memory: 163.413 MB.
INFO: [BIND 205-100] Starting micro-architecture generation ...
INFO: [BIND 205-101] Performing variable lifetime analysis.
INFO: [BIND 205-101] Exploring resource sharing.
INFO: [BIND 205-101] Binding ...
INFO: [BIND 205-100] Finished micro-architecture generation.
INFO: [HLS 200-111] Finished Binding: CPU user time: 1 seconds. CPU system time: 0 seconds. Elapsed time: 0.549 seconds; current allocated memory: 164.317 MB.
INFO: [HLS 200-10] ----------------------------------------------------------------
INFO: [HLS 200-10] -- Generating RTL for module 'conv2d' 
INFO: [HLS 200-10] ----------------------------------------------------------------
WARNING: [RTGEN 206-101] Design contains AXI ports. Reset is fixed to synchronous and active low.
INFO: [RTGEN 206-500] Setting interface mode on port 'conv2d/in_stream_V_data_V' to 'axis' (register, both mode).
INFO: [RTGEN 206-500] Setting interface mode on port 'conv2d/in_stream_V_keep_V' to 'axis' (register, both mode).
INFO: [RTGEN 206-500] Setting interface mode on port 'conv2d/in_stream_V_strb_V' to 'axis' (register, both mode).
INFO: [RTGEN 206-500] Setting interface mode on port 'conv2d/in_stream_V_user_V' to 'axis' (register, both mode).
INFO: [RTGEN 206-500] Setting interface mode on port 'conv2d/in_stream_V_last_V' to 'axis' (register, both mode).
INFO: [RTGEN 206-500] Setting interface mode on port 'conv2d/in_stream_V_id_V' to 'axis' (register, both mode).
INFO: [RTGEN 206-500] Setting interface mode on port 'conv2d/in_stream_V_dest_V' to 'axis' (register, both mode).
INFO: [RTGEN 206-500] Setting interface mode on port 'conv2d/out_stream_V_data_V' to 'axis' (register, both mode).
INFO: [RTGEN 206-500] Setting interface mode on port 'conv2d/out_stream_V_keep_V' to 'axis' (register, both mode).
INFO: [RTGEN 206-500] Setting interface mode on port 'conv2d/out_stream_V_strb_V' to 'axis' (register, both mode).
INFO: [RTGEN 206-500] Setting interface mode on port 'conv2d/out_stream_V_user_V' to 'axis' (register, both mode).
INFO: [RTGEN 206-500] Setting interface mode on port 'conv2d/out_stream_V_last_V' to 'axis' (register, both mode).
INFO: [RTGEN 206-500] Setting interface mode on port 'conv2d/out_stream_V_id_V' to 'axis' (register, both mode).
INFO: [RTGEN 206-500] Setting interface mode on port 'conv2d/out_stream_V_dest_V' to 'axis' (register, both mode).
INFO: [RTGEN 206-500] Setting interface mode on port 'conv2d/kernel_in_0_0' to 's_axilite & ap_none'.
INFO: [RTGEN 206-500] Setting interface mode on port 'conv2d/kernel_in_0_1' to 's_axilite & ap_none'.
INFO: [RTGEN 206-500] Setting interface mode on port 'conv2d/kernel_in_0_2' to 's_axilite & ap_none'.
INFO: [RTGEN 206-500] Setting interface mode on port 'conv2d/kernel_in_1_0' to 's_axilite & ap_none'.
INFO: [RTGEN 206-500] Setting interface mode on port 'conv2d/kernel_in_1_1' to 's_axilite & ap_none'.
INFO: [RTGEN 206-500] Setting interface mode on port 'conv2d/kernel_in_1_2' to 's_axilite & ap_none'.
INFO: [RTGEN 206-500] Setting interface mode on port 'conv2d/kernel_in_2_0' to 's_axilite & ap_none'.
INFO: [RTGEN 206-500] Setting interface mode on port 'conv2d/kernel_in_2_1' to 's_axilite & ap_none'.
INFO: [RTGEN 206-500] Setting interface mode on port 'conv2d/kernel_in_2_2' to 's_axilite & ap_none'.
INFO: [RTGEN 206-500] Setting interface mode on port 'conv2d/img_size' to 's_axilite & ap_none'.
INFO: [RTGEN 206-500] Setting interface mode on function 'conv2d' to 's_axilite & ap_ctrl_hs'.
WARNING: [RTGEN 206-101] Register 'window_0_1' is power-on initialization.
WARNING: [RTGEN 206-101] Register 'window_1_1' is power-on initialization.
WARNING: [RTGEN 206-101] Register 'window_2_1' is power-on initialization.
WARNING: [RTGEN 206-101] Register 'window_0_2' is power-on initialization.
WARNING: [RTGEN 206-101] Register 'window_1_2' is power-on initialization.
WARNING: [RTGEN 206-101] Register 'window_2_2' is power-on initialization.
INFO: [RTGEN 206-100] Bundling port 'kernel_in_0_0', 'kernel_in_0_1', 'kernel_in_0_2', 'kernel_in_1_0', 'kernel_in_1_1', 'kernel_in_1_2', 'kernel_in_2_0', 'kernel_in_2_1', 'kernel_in_2_2', 'img_size' and 'return' to AXI-Lite port control.
INFO: [RTGEN 206-100] Generating core module 'fadd_32ns_32ns_32_5_full_dsp_1': 5 instance(s).
INFO: [RTGEN 206-100] Generating core module 'fmul_32ns_32ns_32_4_max_dsp_1': 5 instance(s).
INFO: [RTGEN 206-100] Generating core module 'mul_32ns_32ns_64_1_1': 1 instance(s).
INFO: [RTGEN 206-100] Finished creating RTL model for 'conv2d'.
INFO: [HLS 200-111] Finished Creating RTL model: CPU user time: 0 seconds. CPU system time: 0 seconds. Elapsed time: 0.989 seconds; current allocated memory: 166.489 MB.
INFO: [RTMG 210-278] Implementing memory 'conv2d_line_buf_0_ram (RAM_1P_BRAM)' using block RAMs with power-on initialization.
INFO: [HLS 200-111] Finished Generating all RTL models: CPU user time: 1 seconds. CPU system time: 0 seconds. Elapsed time: 1.723 seconds; current allocated memory: 171.712 MB.
INFO: [HLS 200-111] Finished Updating report files: CPU user time: 1 seconds. CPU system time: 0 seconds. Elapsed time: 0.637 seconds; current allocated memory: 176.679 MB.
INFO: [VHDL 208-304] Generating VHDL RTL for conv2d.
INFO: [VLOG 209-307] Generating Verilog RTL for conv2d.
INFO: [HLS 200-790] **** Loop Constraint Status: All loop constraints were NOT satisfied.
INFO: [HLS 200-789] **** Estimated Fmax: 117.51 MHz
INFO: [HLS 200-111] Finished Command csynth_design CPU user time: 6 seconds. CPU system time: 0 seconds. Elapsed time: 14.077 seconds; current allocated memory: 176.665 MB.
INFO: [HLS 200-112] Total CPU user time: 7 seconds. Total CPU system time: 1 seconds. Total elapsed time: 15.243 seconds; peak allocated memory: 1007.222 MB.
==============================================================
Vitis HLS - High-Level Synthesis from C, C++ and OpenCL v2021.1 (64-bit)
Copyright 1986-2021 Xilinx, Inc. All Rights Reserved.
==============================================================
INFO: [SYN 201-201] Setting up clock 'default' with a period of 10ns.
INFO: [SYN 201-201] Setting up clock 'default' with an uncertainty of 1.25ns.
INFO: [HLS 200-1611] Setting target device to 'xc7z020-clg400-1'
INFO: [HLS 200-1505] Using flow_target 'vivado'
INFO: [HLS 200-1464] Running solution command: config_export -format=ip_catalog
INFO: [HLS 200-1464] Running solution command: config_export -output=D:/IITMadrasICS/1-2/EE5332Project/conv2dfloat.zip
INFO: [HLS 200-1464] Running solution command: config_export -rtl=verilog
INFO: [HLS 200-1510] Running: set_part xc7z020-clg400-1 
INFO: [HLS 200-1510] Running: create_clock -period 10 -name default 
INFO: [HLS 200-1510] Running: config_export -format ip_catalog -output D:/IITMadrasICS/1-2/EE5332Project/conv2dfloat.zip -rtl verilog 
INFO: [HLS 200-1510] Running: set_clock_uncertainty 1.25 
INFO: [HLS 200-1510] Running: set_directive_top -name conv2d conv2d 
INFO: [HLS 200-1510] Running: set_directive_pipeline -II 1 conv2d/COL_SLIDE 
INFO: [HLS 200-1510] Running: set_directive_array_partition -type complete -dim 0 conv2d kernel_in 
INFO: [HLS 200-1510] Running: csynth_design 
INFO: [HLS 200-111] Finished File checks and directory preparation: CPU user time: 0 seconds. CPU system time: 0 seconds. Elapsed time: 0.043 seconds; current allocated memory: 1007.222 MB.
INFO: [HLS 200-10] Analyzing design file 'twodconv.cpp' ... 
WARNING: [HLS 207-5528] Ignore interface attribute or pragma which is not used in top function: twodconv.cpp:25:9
WARNING: [HLS 207-5301] unused parameter 'print': D:/Xilinx/Vitis_HLS/2021.1/common/technology/autopilot\ap_int_base.h:792:16
INFO: [HLS 200-111] Finished Source Code Analysis and Preprocessing: CPU user time: 2 seconds. CPU system time: 0 seconds. Elapsed time: 4.206 seconds; current allocated memory: 117.415 MB.
INFO: [HLS 200-777] Using interface defaults for 'Vivado' flow target.
INFO: [HLS 214-279] Initial Interval estimation mode is set into default.
INFO: [HLS 214-284] Auto array partition mode is set into default.
INFO: [HLS 214-131] Inlining function 'hls::axis<ap_int<32>, 1ul, 1ul, 1ul>::get_user_ptr()' into 'hls::stream<hls::axis<ap_int<32>, 1ul, 1ul, 1ul>, 0>::read()' (D:/Xilinx/Vitis_HLS/2021.1/common/technology/autopilot\ap_axi_sdata.h:293:50)
INFO: [HLS 214-131] Inlining function 'hls::axis<ap_int<32>, 1ul, 1ul, 1ul>::get_dest_ptr()' into 'hls::stream<hls::axis<ap_int<32>, 1ul, 1ul, 1ul>, 0>::read()' (D:/Xilinx/Vitis_HLS/2021.1/common/technology/autopilot\ap_axi_sdata.h:296:25)
INFO: [HLS 214-131] Inlining function 'hls::axis<ap_int<32>, 1ul, 1ul, 1ul>::get_id_ptr()' into 'hls::stream<hls::axis<ap_int<32>, 1ul, 1ul, 1ul>, 0>::read()' (D:/Xilinx/Vitis_HLS/2021.1/common/technology/autopilot\ap_axi_sdata.h:295:67)
INFO: [HLS 214-131] Inlining function 'hls::axis<ap_int<32>, 1ul, 1ul, 1ul>::get_user_ptr()' into 'hls::stream<hls::axis<ap_int<32>, 1ul, 1ul, 1ul>, 0>::read()' (D:/Xilinx/Vitis_HLS/2021.1/common/technology/autopilot\ap_axi_sdata.h:295:36)
INFO: [HLS 214-131] Inlining function 'hls::axis<ap_int<32>, 1ul, 1ul, 1ul>::get_dest_ptr()' into 'hls::stream<hls::axis<ap_int<32>, 1ul, 1ul, 1ul>, 0>::read()' (D:/Xilinx/Vitis_HLS/2021.1/common/technology/autopilot\ap_axi_sdata.h:294:39)
INFO: [HLS 214-131] Inlining function 'hls::axis<ap_int<32>, 1ul, 1ul, 1ul>::get_id_ptr()' into 'hls::stream<hls::axis<ap_int<32>, 1ul, 1ul, 1ul>, 0>::read()' (D:/Xilinx/Vitis_HLS/2021.1/common/technology/autopilot\ap_axi_sdata.h:294:23)
INFO: [HLS 214-131] Inlining function 'ap_int_base<32, true>::operator long long() const' into 'unpack(ap_int<32>)' (twodconv.cpp:6:23)
INFO: [HLS 214-131] Inlining function 'hls::axis<ap_int<32>, 1ul, 1ul, 1ul>::get_user_ptr()' into 'hls::stream<hls::axis<ap_int<32>, 1ul, 1ul, 1ul>, 0>::write(hls::axis<ap_int<32>, 1ul, 1ul, 1ul> const&)' (D:/Xilinx/Vitis_HLS/2021.1/common/technology/autopilot\ap_axi_sdata.h:304:51)
INFO: [HLS 214-131] Inlining function 'hls::axis<ap_int<32>, 1ul, 1ul, 1ul>::get_dest_ptr()' into 'hls::stream<hls::axis<ap_int<32>, 1ul, 1ul, 1ul>, 0>::write(hls::axis<ap_int<32>, 1ul, 1ul, 1ul> const&)' (D:/Xilinx/Vitis_HLS/2021.1/common/technology/autopilot\ap_axi_sdata.h:307:26)
INFO: [HLS 214-131] Inlining function 'hls::axis<ap_int<32>, 1ul, 1ul, 1ul>::get_id_ptr()' into 'hls::stream<hls::axis<ap_int<32>, 1ul, 1ul, 1ul>, 0>::write(hls::axis<ap_int<32>, 1ul, 1ul, 1ul> const&)' (D:/Xilinx/Vitis_HLS/2021.1/common/technology/autopilot\ap_axi_sdata.h:306:68)
INFO: [HLS 214-131] Inlining function 'hls::axis<ap_int<32>, 1ul, 1ul, 1ul>::get_user_ptr()' into 'hls::stream<hls::axis<ap_int<32>, 1ul, 1ul, 1ul>, 0>::write(hls::axis<ap_int<32>, 1ul, 1ul, 1ul> const&)' (D:/Xilinx/Vitis_HLS/2021.1/common/technology/autopilot\ap_axi_sdata.h:306:37)
INFO: [HLS 214-131] Inlining function 'hls::axis<ap_int<32>, 1ul, 1ul, 1ul>::get_dest_ptr()' into 'hls::stream<hls::axis<ap_int<32>, 1ul, 1ul, 1ul>, 0>::write(hls::axis<ap_int<32>, 1ul, 1ul, 1ul> const&)' (D:/Xilinx/Vitis_HLS/2021.1/common/technology/autopilot\ap_axi_sdata.h:305:40)
INFO: [HLS 214-131] Inlining function 'hls::axis<ap_int<32>, 1ul, 1ul, 1ul>::get_id_ptr()' into 'hls::stream<hls::axis<ap_int<32>, 1ul, 1ul, 1ul>, 0>::write(hls::axis<ap_int<32>, 1ul, 1ul, 1ul> const&)' (D:/Xilinx/Vitis_HLS/2021.1/common/technology/autopilot\ap_axi_sdata.h:305:24)
INFO: [HLS 214-131] Inlining function 'hls::stream<hls::axis<ap_int<32>, 1ul, 1ul, 1ul>, 0>::read()' into 'conv2d(hls::stream<hls::axis<ap_int<32>, 1ul, 1ul, 1ul>, 0>&, hls::stream<hls::axis<ap_int<32>, 1ul, 1ul, 1ul>, 0>&, float (*) [3], int)' (twodconv.cpp:57:36)
INFO: [HLS 214-131] Inlining function 'hls::stream<hls::axis<ap_int<32>, 1ul, 1ul, 1ul>, 0>::write(hls::axis<ap_int<32>, 1ul, 1ul, 1ul> const&)' into 'conv2d(hls::stream<hls::axis<ap_int<32>, 1ul, 1ul, 1ul>, 0>&, hls::stream<hls::axis<ap_int<32>, 1ul, 1ul, 1ul>, 0>&, float (*) [3], int)' (twodconv.cpp:93:28)
INFO: [HLS 214-178] Inlining function 'unpack(ap_int<32>)' into 'conv2d(hls::stream<hls::axis<ap_int<32>, 1ul, 1ul, 1ul>, 0>&, hls::stream<hls::axis<ap_int<32>, 1ul, 1ul, 1ul>, 0>&, float (*) [3], int)' (twodconv.cpp:20:0)
INFO: [HLS 214-178] Inlining function 'pack(float)' into 'conv2d(hls::stream<hls::axis<ap_int<32>, 1ul, 1ul, 1ul>, 0>&, hls::stream<hls::axis<ap_int<32>, 1ul, 1ul, 1ul>, 0>&, float (*) [3], int)' (twodconv.cpp:20:0)
INFO: [HLS 214-248] Applying array_partition to 'kernel_in': Complete partitioning on dimension 1. Complete partitioning on dimension 2. (twodconv.cpp:20:0)
INFO: [HLS 214-270] Starting automatic array partition analysis...
INFO: [HLS 200-111] Finished Compiling Optimization and Transform: CPU user time: 0 seconds. CPU system time: 0 seconds. Elapsed time: 4.208 seconds; current allocated memory: 119.519 MB.
INFO: [HLS 200-111] Finished Checking Pragmas: CPU user time: 0 seconds. CPU system time: 0 seconds. Elapsed time: 0.018 seconds; current allocated memory: 119.520 MB.
INFO: [HLS 200-10] Starting code transformations ...
INFO: [HLS 200-111] Finished Standard Transforms: CPU user time: 0 seconds. CPU system time: 0 seconds. Elapsed time: 0.093 seconds; current allocated memory: 126.402 MB.
INFO: [HLS 200-10] Checking synthesizability ...
INFO: [HLS 200-111] Finished Checking Synthesizability: CPU user time: 0 seconds. CPU system time: 0 seconds. Elapsed time: 0.118 seconds; current allocated memory: 134.745 MB.
WARNING: [XFORM 203-803] Dropped interface mode 'ap_auto' on 'kernel_in_0_0' as it is incompatible with its interface mode 's_axilite'.
WARNING: [XFORM 203-803] Dropped interface mode 'ap_auto' on 'kernel_in_0_1' as it is incompatible with its interface mode 's_axilite'.
WARNING: [XFORM 203-803] Dropped interface mode 'ap_auto' on 'kernel_in_0_2' as it is incompatible with its interface mode 's_axilite'.
WARNING: [XFORM 203-803] Dropped interface mode 'ap_auto' on 'kernel_in_1_0' as it is incompatible with its interface mode 's_axilite'.
WARNING: [XFORM 203-803] Dropped interface mode 'ap_auto' on 'kernel_in_1_1' as it is incompatible with its interface mode 's_axilite'.
WARNING: [XFORM 203-803] Dropped interface mode 'ap_auto' on 'kernel_in_1_2' as it is incompatible with its interface mode 's_axilite'.
WARNING: [XFORM 203-803] Dropped interface mode 'ap_auto' on 'kernel_in_2_0' as it is incompatible with its interface mode 's_axilite'.
WARNING: [XFORM 203-803] Dropped interface mode 'ap_auto' on 'kernel_in_2_1' as it is incompatible with its interface mode 's_axilite'.
WARNING: [XFORM 203-803] Dropped interface mode 'ap_auto' on 'kernel_in_2_2' as it is incompatible with its interface mode 's_axilite'.
INFO: [XFORM 203-502] Unrolling all sub-loops inside loop 'COL_SLIDE' (twodconv.cpp:43) in function 'conv2d' for pipelining.
INFO: [HLS 200-489] Unrolling loop 'UPDATE_WINDOW_ROW' (twodconv.cpp:46) in function 'conv2d' completely with a factor of 3.
INFO: [HLS 200-489] Unrolling loop 'UPDATE_WINDOW_COL' (twodconv.cpp:48) in function 'conv2d' completely with a factor of 2.
INFO: [HLS 200-489] Unrolling loop 'UPDATE_BUF' (twodconv.cpp:61) in function 'conv2d' completely with a factor of 2.
INFO: [HLS 200-489] Unrolling loop 'MACi' (twodconv.cpp:37) in function 'conv2d' completely with a factor of 3.
INFO: [HLS 200-489] Unrolling loop 'MACj' (twodconv.cpp:37) in function 'conv2d' completely with a factor of 3.
INFO: [XFORM 203-101] Partitioning array 'line_buf'  in dimension 1 completely.
INFO: [XFORM 203-101] Partitioning array 'window'  in dimension 1 completely.
INFO: [XFORM 203-101] Partitioning array 'window'  in dimension 2 completely.
INFO: [XFORM 203-11] Balancing expressions in function 'conv2d' (twodconv.cpp:7:47)...3 expression(s) balanced.
INFO: [HLS 200-111] Finished Loop, function and other optimizations: CPU user time: 0 seconds. CPU system time: 0 seconds. Elapsed time: 0.479 seconds; current allocated memory: 165.251 MB.
INFO: [XFORM 203-541] Flattening a loop nest 'ROW_SLIDE' (twodconv.cpp:41:14) in function 'conv2d'.
INFO: [HLS 200-472] Inferring partial write operation for 'line_buf.0' (twodconv.cpp:66:38)
INFO: [HLS 200-111] Finished Architecture Synthesis: CPU user time: 0 seconds. CPU system time: 0 seconds. Elapsed time: 0.127 seconds; current allocated memory: 162.736 MB.
INFO: [HLS 200-10] Starting hardware synthesis ...
INFO: [HLS 200-10] Synthesizing 'conv2d' ...
INFO: [HLS 200-10] ----------------------------------------------------------------
INFO: [HLS 200-42] -- Implementing module 'conv2d' 
INFO: [HLS 200-10] ----------------------------------------------------------------
INFO: [SCHED 204-11] Starting scheduling ...
INFO: [SCHED 204-61] Pipelining loop 'ROW_SLIDE_COL_SLIDE'.
INFO: [HLS 200-1470] Pipelining result : Target II = 1, Final II = 1, Depth = 51, loop 'ROW_SLIDE_COL_SLIDE'
INFO: [SCHED 204-11] Finished scheduling.
INFO: [HLS 200-111] Finished Scheduling: CPU user time: 1 seconds. CPU system time: 0 seconds. Elapsed time: 0.444 seconds; current allocated memory: 163.422 MB.
INFO: [BIND 205-100] Starting micro-architecture generation ...
INFO: [BIND 205-101] Performing variable lifetime analysis.
INFO: [BIND 205-101] Exploring resource sharing.
INFO: [BIND 205-101] Binding ...
INFO: [BIND 205-100] Finished micro-architecture generation.
INFO: [HLS 200-111] Finished Binding: CPU user time: 0 seconds. CPU system time: 0 seconds. Elapsed time: 0.404 seconds; current allocated memory: 164.342 MB.
INFO: [HLS 200-10] ----------------------------------------------------------------
INFO: [HLS 200-10] -- Generating RTL for module 'conv2d' 
INFO: [HLS 200-10] ----------------------------------------------------------------
WARNING: [RTGEN 206-101] Design contains AXI ports. Reset is fixed to synchronous and active low.
INFO: [RTGEN 206-500] Setting interface mode on port 'conv2d/in_stream_V_data_V' to 'axis' (register, both mode).
INFO: [RTGEN 206-500] Setting interface mode on port 'conv2d/in_stream_V_keep_V' to 'axis' (register, both mode).
INFO: [RTGEN 206-500] Setting interface mode on port 'conv2d/in_stream_V_strb_V' to 'axis' (register, both mode).
INFO: [RTGEN 206-500] Setting interface mode on port 'conv2d/in_stream_V_user_V' to 'axis' (register, both mode).
INFO: [RTGEN 206-500] Setting interface mode on port 'conv2d/in_stream_V_last_V' to 'axis' (register, both mode).
INFO: [RTGEN 206-500] Setting interface mode on port 'conv2d/in_stream_V_id_V' to 'axis' (register, both mode).
INFO: [RTGEN 206-500] Setting interface mode on port 'conv2d/in_stream_V_dest_V' to 'axis' (register, both mode).
INFO: [RTGEN 206-500] Setting interface mode on port 'conv2d/out_stream_V_data_V' to 'axis' (register, both mode).
INFO: [RTGEN 206-500] Setting interface mode on port 'conv2d/out_stream_V_keep_V' to 'axis' (register, both mode).
INFO: [RTGEN 206-500] Setting interface mode on port 'conv2d/out_stream_V_strb_V' to 'axis' (register, both mode).
INFO: [RTGEN 206-500] Setting interface mode on port 'conv2d/out_stream_V_user_V' to 'axis' (register, both mode).
INFO: [RTGEN 206-500] Setting interface mode on port 'conv2d/out_stream_V_last_V' to 'axis' (register, both mode).
INFO: [RTGEN 206-500] Setting interface mode on port 'conv2d/out_stream_V_id_V' to 'axis' (register, both mode).
INFO: [RTGEN 206-500] Setting interface mode on port 'conv2d/out_stream_V_dest_V' to 'axis' (register, both mode).
INFO: [RTGEN 206-500] Setting interface mode on port 'conv2d/kernel_in_0_0' to 's_axilite & ap_none'.
INFO: [RTGEN 206-500] Setting interface mode on port 'conv2d/kernel_in_0_1' to 's_axilite & ap_none'.
INFO: [RTGEN 206-500] Setting interface mode on port 'conv2d/kernel_in_0_2' to 's_axilite & ap_none'.
INFO: [RTGEN 206-500] Setting interface mode on port 'conv2d/kernel_in_1_0' to 's_axilite & ap_none'.
INFO: [RTGEN 206-500] Setting interface mode on port 'conv2d/kernel_in_1_1' to 's_axilite & ap_none'.
INFO: [RTGEN 206-500] Setting interface mode on port 'conv2d/kernel_in_1_2' to 's_axilite & ap_none'.
INFO: [RTGEN 206-500] Setting interface mode on port 'conv2d/kernel_in_2_0' to 's_axilite & ap_none'.
INFO: [RTGEN 206-500] Setting interface mode on port 'conv2d/kernel_in_2_1' to 's_axilite & ap_none'.
INFO: [RTGEN 206-500] Setting interface mode on port 'conv2d/kernel_in_2_2' to 's_axilite & ap_none'.
INFO: [RTGEN 206-500] Setting interface mode on port 'conv2d/img_size' to 's_axilite & ap_none'.
INFO: [RTGEN 206-500] Setting interface mode on function 'conv2d' to 's_axilite & ap_ctrl_hs'.
WARNING: [RTGEN 206-101] Register 'window_0_1' is power-on initialization.
WARNING: [RTGEN 206-101] Register 'window_1_1' is power-on initialization.
WARNING: [RTGEN 206-101] Register 'window_2_1' is power-on initialization.
WARNING: [RTGEN 206-101] Register 'window_0_2' is power-on initialization.
WARNING: [RTGEN 206-101] Register 'window_1_2' is power-on initialization.
WARNING: [RTGEN 206-101] Register 'window_2_2' is power-on initialization.
INFO: [RTGEN 206-100] Bundling port 'kernel_in_0_0', 'kernel_in_0_1', 'kernel_in_0_2', 'kernel_in_1_0', 'kernel_in_1_1', 'kernel_in_1_2', 'kernel_in_2_0', 'kernel_in_2_1', 'kernel_in_2_2', 'img_size' and 'return' to AXI-Lite port control.
INFO: [RTGEN 206-100] Generating core module 'fadd_32ns_32ns_32_5_full_dsp_1': 9 instance(s).
INFO: [RTGEN 206-100] Generating core module 'fmul_32ns_32ns_32_4_max_dsp_1': 9 instance(s).
INFO: [RTGEN 206-100] Generating core module 'mul_32ns_32ns_64_1_1': 1 instance(s).
INFO: [RTGEN 206-100] Finished creating RTL model for 'conv2d'.
INFO: [HLS 200-111] Finished Creating RTL model: CPU user time: 1 seconds. CPU system time: 0 seconds. Elapsed time: 0.894 seconds; current allocated memory: 166.995 MB.
INFO: [RTMG 210-278] Implementing memory 'conv2d_line_buf_0_ram (RAM_2P_BRAM)' using block RAMs with power-on initialization.
INFO: [HLS 200-111] Finished Generating all RTL models: CPU user time: 1 seconds. CPU system time: 0 seconds. Elapsed time: 1.596 seconds; current allocated memory: 172.243 MB.
INFO: [HLS 200-111] Finished Updating report files: CPU user time: 1 seconds. CPU system time: 0 seconds. Elapsed time: 0.61 seconds; current allocated memory: 177.194 MB.
INFO: [VHDL 208-304] Generating VHDL RTL for conv2d.
INFO: [VLOG 209-307] Generating Verilog RTL for conv2d.
INFO: [HLS 200-790] **** Loop Constraint Status: All loop constraints were satisfied.
INFO: [HLS 200-789] **** Estimated Fmax: 117.51 MHz
INFO: [HLS 200-111] Finished Command csynth_design CPU user time: 6 seconds. CPU system time: 0 seconds. Elapsed time: 13.329 seconds; current allocated memory: 177.180 MB.
INFO: [HLS 200-112] Total CPU user time: 7 seconds. Total CPU system time: 1 seconds. Total elapsed time: 14.418 seconds; peak allocated memory: 1007.222 MB.
==============================================================
Vitis HLS - High-Level Synthesis from C, C++ and OpenCL v2021.1 (64-bit)
Copyright 1986-2021 Xilinx, Inc. All Rights Reserved.
==============================================================
INFO: [SYN 201-201] Setting up clock 'default' with a period of 10ns.
INFO: [SYN 201-201] Setting up clock 'default' with an uncertainty of 1.25ns.
INFO: [HLS 200-1611] Setting target device to 'xc7z020-clg400-1'
INFO: [HLS 200-1505] Using flow_target 'vivado'
INFO: [HLS 200-1464] Running solution command: config_export -format=ip_catalog
INFO: [HLS 200-1464] Running solution command: config_export -output=D:/IITMadrasICS/1-2/EE5332Project/conv2dfloat.zip
INFO: [HLS 200-1464] Running solution command: config_export -rtl=verilog
INFO: [HLS 200-1510] Running: set_part xc7z020-clg400-1 
INFO: [HLS 200-1510] Running: create_clock -period 10 -name default 
INFO: [HLS 200-1510] Running: config_export -format ip_catalog -output D:/IITMadrasICS/1-2/EE5332Project/conv2dfloat.zip -rtl verilog 
INFO: [HLS 200-1510] Running: set_clock_uncertainty 1.25 
INFO: [HLS 200-1510] Running: set_directive_top -name conv2d conv2d 
INFO: [HLS 200-1510] Running: set_directive_pipeline -II 1 conv2d/COL_SLIDE 
INFO: [HLS 200-1510] Running: set_directive_array_partition -type complete -dim 0 conv2d kernel_in 
INFO: [HLS 200-1510] Running: csynth_design 
INFO: [HLS 200-111] Finished File checks and directory preparation: CPU user time: 0 seconds. CPU system time: 0 seconds. Elapsed time: 0.053 seconds; current allocated memory: 1007.222 MB.
INFO: [HLS 200-10] Analyzing design file 'twodconv.cpp' ... 
WARNING: [HLS 207-5528] Ignore interface attribute or pragma which is not used in top function: twodconv.cpp:25:9
WARNING: [HLS 207-5301] unused parameter 'print': D:/Xilinx/Vitis_HLS/2021.1/common/technology/autopilot\ap_int_base.h:792:16
INFO: [HLS 200-111] Finished Source Code Analysis and Preprocessing: CPU user time: 2 seconds. CPU system time: 0 seconds. Elapsed time: 5.907 seconds; current allocated memory: 117.415 MB.
INFO: [HLS 200-777] Using interface defaults for 'Vivado' flow target.
INFO: [HLS 214-279] Initial Interval estimation mode is set into default.
INFO: [HLS 214-284] Auto array partition mode is set into default.
INFO: [HLS 214-131] Inlining function 'hls::axis<ap_int<32>, 1ul, 1ul, 1ul>::get_user_ptr()' into 'hls::stream<hls::axis<ap_int<32>, 1ul, 1ul, 1ul>, 0>::read()' (D:/Xilinx/Vitis_HLS/2021.1/common/technology/autopilot\ap_axi_sdata.h:293:50)
INFO: [HLS 214-131] Inlining function 'hls::axis<ap_int<32>, 1ul, 1ul, 1ul>::get_dest_ptr()' into 'hls::stream<hls::axis<ap_int<32>, 1ul, 1ul, 1ul>, 0>::read()' (D:/Xilinx/Vitis_HLS/2021.1/common/technology/autopilot\ap_axi_sdata.h:296:25)
INFO: [HLS 214-131] Inlining function 'hls::axis<ap_int<32>, 1ul, 1ul, 1ul>::get_id_ptr()' into 'hls::stream<hls::axis<ap_int<32>, 1ul, 1ul, 1ul>, 0>::read()' (D:/Xilinx/Vitis_HLS/2021.1/common/technology/autopilot\ap_axi_sdata.h:295:67)
INFO: [HLS 214-131] Inlining function 'hls::axis<ap_int<32>, 1ul, 1ul, 1ul>::get_user_ptr()' into 'hls::stream<hls::axis<ap_int<32>, 1ul, 1ul, 1ul>, 0>::read()' (D:/Xilinx/Vitis_HLS/2021.1/common/technology/autopilot\ap_axi_sdata.h:295:36)
INFO: [HLS 214-131] Inlining function 'hls::axis<ap_int<32>, 1ul, 1ul, 1ul>::get_dest_ptr()' into 'hls::stream<hls::axis<ap_int<32>, 1ul, 1ul, 1ul>, 0>::read()' (D:/Xilinx/Vitis_HLS/2021.1/common/technology/autopilot\ap_axi_sdata.h:294:39)
INFO: [HLS 214-131] Inlining function 'hls::axis<ap_int<32>, 1ul, 1ul, 1ul>::get_id_ptr()' into 'hls::stream<hls::axis<ap_int<32>, 1ul, 1ul, 1ul>, 0>::read()' (D:/Xilinx/Vitis_HLS/2021.1/common/technology/autopilot\ap_axi_sdata.h:294:23)
INFO: [HLS 214-131] Inlining function 'ap_int_base<32, true>::operator long long() const' into 'unpack(ap_int<32>)' (twodconv.cpp:6:23)
INFO: [HLS 214-131] Inlining function 'hls::axis<ap_int<32>, 1ul, 1ul, 1ul>::get_user_ptr()' into 'hls::stream<hls::axis<ap_int<32>, 1ul, 1ul, 1ul>, 0>::write(hls::axis<ap_int<32>, 1ul, 1ul, 1ul> const&)' (D:/Xilinx/Vitis_HLS/2021.1/common/technology/autopilot\ap_axi_sdata.h:304:51)
INFO: [HLS 214-131] Inlining function 'hls::axis<ap_int<32>, 1ul, 1ul, 1ul>::get_dest_ptr()' into 'hls::stream<hls::axis<ap_int<32>, 1ul, 1ul, 1ul>, 0>::write(hls::axis<ap_int<32>, 1ul, 1ul, 1ul> const&)' (D:/Xilinx/Vitis_HLS/2021.1/common/technology/autopilot\ap_axi_sdata.h:307:26)
INFO: [HLS 214-131] Inlining function 'hls::axis<ap_int<32>, 1ul, 1ul, 1ul>::get_id_ptr()' into 'hls::stream<hls::axis<ap_int<32>, 1ul, 1ul, 1ul>, 0>::write(hls::axis<ap_int<32>, 1ul, 1ul, 1ul> const&)' (D:/Xilinx/Vitis_HLS/2021.1/common/technology/autopilot\ap_axi_sdata.h:306:68)
INFO: [HLS 214-131] Inlining function 'hls::axis<ap_int<32>, 1ul, 1ul, 1ul>::get_user_ptr()' into 'hls::stream<hls::axis<ap_int<32>, 1ul, 1ul, 1ul>, 0>::write(hls::axis<ap_int<32>, 1ul, 1ul, 1ul> const&)' (D:/Xilinx/Vitis_HLS/2021.1/common/technology/autopilot\ap_axi_sdata.h:306:37)
INFO: [HLS 214-131] Inlining function 'hls::axis<ap_int<32>, 1ul, 1ul, 1ul>::get_dest_ptr()' into 'hls::stream<hls::axis<ap_int<32>, 1ul, 1ul, 1ul>, 0>::write(hls::axis<ap_int<32>, 1ul, 1ul, 1ul> const&)' (D:/Xilinx/Vitis_HLS/2021.1/common/technology/autopilot\ap_axi_sdata.h:305:40)
INFO: [HLS 214-131] Inlining function 'hls::axis<ap_int<32>, 1ul, 1ul, 1ul>::get_id_ptr()' into 'hls::stream<hls::axis<ap_int<32>, 1ul, 1ul, 1ul>, 0>::write(hls::axis<ap_int<32>, 1ul, 1ul, 1ul> const&)' (D:/Xilinx/Vitis_HLS/2021.1/common/technology/autopilot\ap_axi_sdata.h:305:24)
INFO: [HLS 214-131] Inlining function 'hls::stream<hls::axis<ap_int<32>, 1ul, 1ul, 1ul>, 0>::read()' into 'conv2d(hls::stream<hls::axis<ap_int<32>, 1ul, 1ul, 1ul>, 0>&, hls::stream<hls::axis<ap_int<32>, 1ul, 1ul, 1ul>, 0>&, float (*) [3], int)' (twodconv.cpp:57:36)
INFO: [HLS 214-131] Inlining function 'hls::stream<hls::axis<ap_int<32>, 1ul, 1ul, 1ul>, 0>::write(hls::axis<ap_int<32>, 1ul, 1ul, 1ul> const&)' into 'conv2d(hls::stream<hls::axis<ap_int<32>, 1ul, 1ul, 1ul>, 0>&, hls::stream<hls::axis<ap_int<32>, 1ul, 1ul, 1ul>, 0>&, float (*) [3], int)' (twodconv.cpp:93:28)
INFO: [HLS 214-178] Inlining function 'unpack(ap_int<32>)' into 'conv2d(hls::stream<hls::axis<ap_int<32>, 1ul, 1ul, 1ul>, 0>&, hls::stream<hls::axis<ap_int<32>, 1ul, 1ul, 1ul>, 0>&, float (*) [3], int)' (twodconv.cpp:20:0)
INFO: [HLS 214-178] Inlining function 'pack(float)' into 'conv2d(hls::stream<hls::axis<ap_int<32>, 1ul, 1ul, 1ul>, 0>&, hls::stream<hls::axis<ap_int<32>, 1ul, 1ul, 1ul>, 0>&, float (*) [3], int)' (twodconv.cpp:20:0)
INFO: [HLS 214-248] Applying array_partition to 'kernel_in': Complete partitioning on dimension 1. Complete partitioning on dimension 2. (twodconv.cpp:20:0)
INFO: [HLS 214-270] Starting automatic array partition analysis...
INFO: [HLS 200-111] Finished Compiling Optimization and Transform: CPU user time: 0 seconds. CPU system time: 0 seconds. Elapsed time: 5.856 seconds; current allocated memory: 119.519 MB.
INFO: [HLS 200-111] Finished Checking Pragmas: CPU user time: 0 seconds. CPU system time: 0 seconds. Elapsed time: 0.019 seconds; current allocated memory: 119.520 MB.
INFO: [HLS 200-10] Starting code transformations ...
INFO: [HLS 200-111] Finished Standard Transforms: CPU user time: 0 seconds. CPU system time: 0 seconds. Elapsed time: 0.29 seconds; current allocated memory: 126.402 MB.
INFO: [HLS 200-10] Checking synthesizability ...
INFO: [HLS 200-111] Finished Checking Synthesizability: CPU user time: 0 seconds. CPU system time: 0 seconds. Elapsed time: 0.165 seconds; current allocated memory: 134.745 MB.
WARNING: [XFORM 203-803] Dropped interface mode 'ap_auto' on 'kernel_in_0_0' as it is incompatible with its interface mode 's_axilite'.
WARNING: [XFORM 203-803] Dropped interface mode 'ap_auto' on 'kernel_in_0_1' as it is incompatible with its interface mode 's_axilite'.
WARNING: [XFORM 203-803] Dropped interface mode 'ap_auto' on 'kernel_in_0_2' as it is incompatible with its interface mode 's_axilite'.
WARNING: [XFORM 203-803] Dropped interface mode 'ap_auto' on 'kernel_in_1_0' as it is incompatible with its interface mode 's_axilite'.
WARNING: [XFORM 203-803] Dropped interface mode 'ap_auto' on 'kernel_in_1_1' as it is incompatible with its interface mode 's_axilite'.
WARNING: [XFORM 203-803] Dropped interface mode 'ap_auto' on 'kernel_in_1_2' as it is incompatible with its interface mode 's_axilite'.
WARNING: [XFORM 203-803] Dropped interface mode 'ap_auto' on 'kernel_in_2_0' as it is incompatible with its interface mode 's_axilite'.
WARNING: [XFORM 203-803] Dropped interface mode 'ap_auto' on 'kernel_in_2_1' as it is incompatible with its interface mode 's_axilite'.
WARNING: [XFORM 203-803] Dropped interface mode 'ap_auto' on 'kernel_in_2_2' as it is incompatible with its interface mode 's_axilite'.
INFO: [XFORM 203-502] Unrolling all sub-loops inside loop 'COL_SLIDE' (twodconv.cpp:43) in function 'conv2d' for pipelining.
INFO: [HLS 200-489] Unrolling loop 'UPDATE_WINDOW_ROW' (twodconv.cpp:46) in function 'conv2d' completely with a factor of 3.
INFO: [HLS 200-489] Unrolling loop 'UPDATE_WINDOW_COL' (twodconv.cpp:48) in function 'conv2d' completely with a factor of 2.
INFO: [HLS 200-489] Unrolling loop 'UPDATE_BUF' (twodconv.cpp:61) in function 'conv2d' completely with a factor of 2.
INFO: [HLS 200-489] Unrolling loop 'MACi' (twodconv.cpp:37) in function 'conv2d' completely with a factor of 3.
INFO: [HLS 200-489] Unrolling loop 'MACj' (twodconv.cpp:37) in function 'conv2d' completely with a factor of 3.
INFO: [XFORM 203-101] Partitioning array 'line_buf'  in dimension 1 completely.
INFO: [XFORM 203-101] Partitioning array 'window'  in dimension 1 completely.
INFO: [XFORM 203-102] Automatically partitioning small array 'window.0' completely based on array size.
INFO: [XFORM 203-102] Automatically partitioning small array 'window.1' completely based on array size.
INFO: [XFORM 203-102] Automatically partitioning small array 'window.2' completely based on array size.
INFO: [XFORM 203-101] Partitioning array 'window.0' in dimension 1 completely.
INFO: [XFORM 203-101] Partitioning array 'window.1' in dimension 1 completely.
INFO: [XFORM 203-101] Partitioning array 'window.2' in dimension 1 completely.
INFO: [XFORM 203-11] Balancing expressions in function 'conv2d' (twodconv.cpp:7:47)...3 expression(s) balanced.
INFO: [HLS 200-111] Finished Loop, function and other optimizations: CPU user time: 1 seconds. CPU system time: 0 seconds. Elapsed time: 0.667 seconds; current allocated memory: 165.255 MB.
INFO: [XFORM 203-541] Flattening a loop nest 'ROW_SLIDE' (twodconv.cpp:41:14) in function 'conv2d'.
INFO: [HLS 200-472] Inferring partial write operation for 'line_buf.0' (twodconv.cpp:66:38)
INFO: [HLS 200-111] Finished Architecture Synthesis: CPU user time: 0 seconds. CPU system time: 1 seconds. Elapsed time: 0.196 seconds; current allocated memory: 162.740 MB.
INFO: [HLS 200-10] Starting hardware synthesis ...
INFO: [HLS 200-10] Synthesizing 'conv2d' ...
INFO: [HLS 200-10] ----------------------------------------------------------------
INFO: [HLS 200-42] -- Implementing module 'conv2d' 
INFO: [HLS 200-10] ----------------------------------------------------------------
INFO: [SCHED 204-11] Starting scheduling ...
INFO: [SCHED 204-61] Pipelining loop 'ROW_SLIDE_COL_SLIDE'.
INFO: [HLS 200-1470] Pipelining result : Target II = 1, Final II = 1, Depth = 51, loop 'ROW_SLIDE_COL_SLIDE'
INFO: [SCHED 204-11] Finished scheduling.
INFO: [HLS 200-111] Finished Scheduling: CPU user time: 0 seconds. CPU system time: 0 seconds. Elapsed time: 0.758 seconds; current allocated memory: 163.425 MB.
INFO: [BIND 205-100] Starting micro-architecture generation ...
INFO: [BIND 205-101] Performing variable lifetime analysis.
INFO: [BIND 205-101] Exploring resource sharing.
INFO: [BIND 205-101] Binding ...
INFO: [BIND 205-100] Finished micro-architecture generation.
INFO: [HLS 200-111] Finished Binding: CPU user time: 1 seconds. CPU system time: 0 seconds. Elapsed time: 0.493 seconds; current allocated memory: 164.345 MB.
INFO: [HLS 200-10] ----------------------------------------------------------------
INFO: [HLS 200-10] -- Generating RTL for module 'conv2d' 
INFO: [HLS 200-10] ----------------------------------------------------------------
WARNING: [RTGEN 206-101] Design contains AXI ports. Reset is fixed to synchronous and active low.
INFO: [RTGEN 206-500] Setting interface mode on port 'conv2d/in_stream_V_data_V' to 'axis' (register, both mode).
INFO: [RTGEN 206-500] Setting interface mode on port 'conv2d/in_stream_V_keep_V' to 'axis' (register, both mode).
INFO: [RTGEN 206-500] Setting interface mode on port 'conv2d/in_stream_V_strb_V' to 'axis' (register, both mode).
INFO: [RTGEN 206-500] Setting interface mode on port 'conv2d/in_stream_V_user_V' to 'axis' (register, both mode).
INFO: [RTGEN 206-500] Setting interface mode on port 'conv2d/in_stream_V_last_V' to 'axis' (register, both mode).
INFO: [RTGEN 206-500] Setting interface mode on port 'conv2d/in_stream_V_id_V' to 'axis' (register, both mode).
INFO: [RTGEN 206-500] Setting interface mode on port 'conv2d/in_stream_V_dest_V' to 'axis' (register, both mode).
INFO: [RTGEN 206-500] Setting interface mode on port 'conv2d/out_stream_V_data_V' to 'axis' (register, both mode).
INFO: [RTGEN 206-500] Setting interface mode on port 'conv2d/out_stream_V_keep_V' to 'axis' (register, both mode).
INFO: [RTGEN 206-500] Setting interface mode on port 'conv2d/out_stream_V_strb_V' to 'axis' (register, both mode).
INFO: [RTGEN 206-500] Setting interface mode on port 'conv2d/out_stream_V_user_V' to 'axis' (register, both mode).
INFO: [RTGEN 206-500] Setting interface mode on port 'conv2d/out_stream_V_last_V' to 'axis' (register, both mode).
INFO: [RTGEN 206-500] Setting interface mode on port 'conv2d/out_stream_V_id_V' to 'axis' (register, both mode).
INFO: [RTGEN 206-500] Setting interface mode on port 'conv2d/out_stream_V_dest_V' to 'axis' (register, both mode).
INFO: [RTGEN 206-500] Setting interface mode on port 'conv2d/kernel_in_0_0' to 's_axilite & ap_none'.
INFO: [RTGEN 206-500] Setting interface mode on port 'conv2d/kernel_in_0_1' to 's_axilite & ap_none'.
INFO: [RTGEN 206-500] Setting interface mode on port 'conv2d/kernel_in_0_2' to 's_axilite & ap_none'.
INFO: [RTGEN 206-500] Setting interface mode on port 'conv2d/kernel_in_1_0' to 's_axilite & ap_none'.
INFO: [RTGEN 206-500] Setting interface mode on port 'conv2d/kernel_in_1_1' to 's_axilite & ap_none'.
INFO: [RTGEN 206-500] Setting interface mode on port 'conv2d/kernel_in_1_2' to 's_axilite & ap_none'.
INFO: [RTGEN 206-500] Setting interface mode on port 'conv2d/kernel_in_2_0' to 's_axilite & ap_none'.
INFO: [RTGEN 206-500] Setting interface mode on port 'conv2d/kernel_in_2_1' to 's_axilite & ap_none'.
INFO: [RTGEN 206-500] Setting interface mode on port 'conv2d/kernel_in_2_2' to 's_axilite & ap_none'.
INFO: [RTGEN 206-500] Setting interface mode on port 'conv2d/img_size' to 's_axilite & ap_none'.
INFO: [RTGEN 206-500] Setting interface mode on function 'conv2d' to 's_axilite & ap_ctrl_hs'.
WARNING: [RTGEN 206-101] Register 'window_0_1' is power-on initialization.
WARNING: [RTGEN 206-101] Register 'window_1_1' is power-on initialization.
WARNING: [RTGEN 206-101] Register 'window_2_1' is power-on initialization.
WARNING: [RTGEN 206-101] Register 'window_0_2' is power-on initialization.
WARNING: [RTGEN 206-101] Register 'window_1_2' is power-on initialization.
WARNING: [RTGEN 206-101] Register 'window_2_2' is power-on initialization.
INFO: [RTGEN 206-100] Bundling port 'kernel_in_0_0', 'kernel_in_0_1', 'kernel_in_0_2', 'kernel_in_1_0', 'kernel_in_1_1', 'kernel_in_1_2', 'kernel_in_2_0', 'kernel_in_2_1', 'kernel_in_2_2', 'img_size' and 'return' to AXI-Lite port control.
INFO: [RTGEN 206-100] Generating core module 'fadd_32ns_32ns_32_5_full_dsp_1': 9 instance(s).
INFO: [RTGEN 206-100] Generating core module 'fmul_32ns_32ns_32_4_max_dsp_1': 9 instance(s).
INFO: [RTGEN 206-100] Generating core module 'mul_32ns_32ns_64_1_1': 1 instance(s).
INFO: [RTGEN 206-100] Finished creating RTL model for 'conv2d'.
INFO: [HLS 200-111] Finished Creating RTL model: CPU user time: 0 seconds. CPU system time: 0 seconds. Elapsed time: 1.196 seconds; current allocated memory: 166.999 MB.
INFO: [RTMG 210-278] Implementing memory 'conv2d_line_buf_0_ram (RAM_2P_BRAM)' using block RAMs with power-on initialization.
INFO: [HLS 200-111] Finished Generating all RTL models: CPU user time: 2 seconds. CPU system time: 0 seconds. Elapsed time: 2.033 seconds; current allocated memory: 172.246 MB.
INFO: [HLS 200-111] Finished Updating report files: CPU user time: 0 seconds. CPU system time: 0 seconds. Elapsed time: 0.873 seconds; current allocated memory: 177.213 MB.
INFO: [VHDL 208-304] Generating VHDL RTL for conv2d.
INFO: [VLOG 209-307] Generating Verilog RTL for conv2d.
INFO: [HLS 200-790] **** Loop Constraint Status: All loop constraints were satisfied.
INFO: [HLS 200-789] **** Estimated Fmax: 117.51 MHz
INFO: [HLS 200-111] Finished Command csynth_design CPU user time: 6 seconds. CPU system time: 1 seconds. Elapsed time: 18.645 seconds; current allocated memory: 177.199 MB.
INFO: [HLS 200-112] Total CPU user time: 8 seconds. Total CPU system time: 2 seconds. Total elapsed time: 23.281 seconds; peak allocated memory: 1007.222 MB.
==============================================================
Vitis HLS - High-Level Synthesis from C, C++ and OpenCL v2021.1 (64-bit)
Copyright 1986-2021 Xilinx, Inc. All Rights Reserved.
==============================================================
INFO: [SYN 201-201] Setting up clock 'default' with a period of 10ns.
INFO: [SYN 201-201] Setting up clock 'default' with an uncertainty of 1.25ns.
INFO: [HLS 200-1611] Setting target device to 'xc7z020-clg400-1'
INFO: [HLS 200-1505] Using flow_target 'vivado'
INFO: [HLS 200-1464] Running solution command: config_export -format=ip_catalog
INFO: [HLS 200-1464] Running solution command: config_export -output=D:/IITMadrasICS/1-2/EE5332Project/conv2dfloat.zip
INFO: [HLS 200-1464] Running solution command: config_export -rtl=verilog
INFO: [HLS 200-1510] Running: set_part xc7z020-clg400-1 
INFO: [HLS 200-1510] Running: create_clock -period 10 -name default 
INFO: [HLS 200-1510] Running: config_export -format ip_catalog -output D:/IITMadrasICS/1-2/EE5332Project/conv2dfloat.zip -rtl verilog 
INFO: [HLS 200-1510] Running: set_clock_uncertainty 1.25 
INFO: [HLS 200-1510] Running: set_directive_top -name conv2d conv2d 
INFO: [HLS 200-1510] Running: set_directive_pipeline -II 1 conv2d/COL_SLIDE 
INFO: [HLS 200-1510] Running: set_directive_array_partition -dim 1 -type complete conv2d kernel_in 
INFO: [HLS 200-1510] Running: csynth_design 
INFO: [HLS 200-111] Finished File checks and directory preparation: CPU user time: 0 seconds. CPU system time: 0 seconds. Elapsed time: 0.043 seconds; current allocated memory: 561.556 MB.
INFO: [HLS 200-10] Analyzing design file 'twodconv.cpp' ... 
WARNING: [HLS 207-5528] Ignore interface attribute or pragma which is not used in top function: twodconv.cpp:25:9
WARNING: [HLS 207-5301] unused parameter 'print': D:/Xilinx/Vitis_HLS/2021.1/common/technology/autopilot\ap_int_base.h:792:16
INFO: [HLS 200-111] Finished Source Code Analysis and Preprocessing: CPU user time: 2 seconds. CPU system time: 0 seconds. Elapsed time: 4.422 seconds; current allocated memory: 117.415 MB.
INFO: [HLS 200-777] Using interface defaults for 'Vivado' flow target.
INFO: [HLS 214-279] Initial Interval estimation mode is set into default.
INFO: [HLS 214-284] Auto array partition mode is set into default.
INFO: [HLS 214-131] Inlining function 'hls::axis<ap_int<32>, 1ul, 1ul, 1ul>::get_user_ptr()' into 'hls::stream<hls::axis<ap_int<32>, 1ul, 1ul, 1ul>, 0>::read()' (D:/Xilinx/Vitis_HLS/2021.1/common/technology/autopilot\ap_axi_sdata.h:293:50)
INFO: [HLS 214-131] Inlining function 'hls::axis<ap_int<32>, 1ul, 1ul, 1ul>::get_dest_ptr()' into 'hls::stream<hls::axis<ap_int<32>, 1ul, 1ul, 1ul>, 0>::read()' (D:/Xilinx/Vitis_HLS/2021.1/common/technology/autopilot\ap_axi_sdata.h:296:25)
INFO: [HLS 214-131] Inlining function 'hls::axis<ap_int<32>, 1ul, 1ul, 1ul>::get_id_ptr()' into 'hls::stream<hls::axis<ap_int<32>, 1ul, 1ul, 1ul>, 0>::read()' (D:/Xilinx/Vitis_HLS/2021.1/common/technology/autopilot\ap_axi_sdata.h:295:67)
INFO: [HLS 214-131] Inlining function 'hls::axis<ap_int<32>, 1ul, 1ul, 1ul>::get_user_ptr()' into 'hls::stream<hls::axis<ap_int<32>, 1ul, 1ul, 1ul>, 0>::read()' (D:/Xilinx/Vitis_HLS/2021.1/common/technology/autopilot\ap_axi_sdata.h:295:36)
INFO: [HLS 214-131] Inlining function 'hls::axis<ap_int<32>, 1ul, 1ul, 1ul>::get_dest_ptr()' into 'hls::stream<hls::axis<ap_int<32>, 1ul, 1ul, 1ul>, 0>::read()' (D:/Xilinx/Vitis_HLS/2021.1/common/technology/autopilot\ap_axi_sdata.h:294:39)
INFO: [HLS 214-131] Inlining function 'hls::axis<ap_int<32>, 1ul, 1ul, 1ul>::get_id_ptr()' into 'hls::stream<hls::axis<ap_int<32>, 1ul, 1ul, 1ul>, 0>::read()' (D:/Xilinx/Vitis_HLS/2021.1/common/technology/autopilot\ap_axi_sdata.h:294:23)
INFO: [HLS 214-131] Inlining function 'ap_int_base<32, true>::operator long long() const' into 'unpack(ap_int<32>)' (twodconv.cpp:6:23)
INFO: [HLS 214-131] Inlining function 'hls::axis<ap_int<32>, 1ul, 1ul, 1ul>::get_user_ptr()' into 'hls::stream<hls::axis<ap_int<32>, 1ul, 1ul, 1ul>, 0>::write(hls::axis<ap_int<32>, 1ul, 1ul, 1ul> const&)' (D:/Xilinx/Vitis_HLS/2021.1/common/technology/autopilot\ap_axi_sdata.h:304:51)
INFO: [HLS 214-131] Inlining function 'hls::axis<ap_int<32>, 1ul, 1ul, 1ul>::get_dest_ptr()' into 'hls::stream<hls::axis<ap_int<32>, 1ul, 1ul, 1ul>, 0>::write(hls::axis<ap_int<32>, 1ul, 1ul, 1ul> const&)' (D:/Xilinx/Vitis_HLS/2021.1/common/technology/autopilot\ap_axi_sdata.h:307:26)
INFO: [HLS 214-131] Inlining function 'hls::axis<ap_int<32>, 1ul, 1ul, 1ul>::get_id_ptr()' into 'hls::stream<hls::axis<ap_int<32>, 1ul, 1ul, 1ul>, 0>::write(hls::axis<ap_int<32>, 1ul, 1ul, 1ul> const&)' (D:/Xilinx/Vitis_HLS/2021.1/common/technology/autopilot\ap_axi_sdata.h:306:68)
INFO: [HLS 214-131] Inlining function 'hls::axis<ap_int<32>, 1ul, 1ul, 1ul>::get_user_ptr()' into 'hls::stream<hls::axis<ap_int<32>, 1ul, 1ul, 1ul>, 0>::write(hls::axis<ap_int<32>, 1ul, 1ul, 1ul> const&)' (D:/Xilinx/Vitis_HLS/2021.1/common/technology/autopilot\ap_axi_sdata.h:306:37)
INFO: [HLS 214-131] Inlining function 'hls::axis<ap_int<32>, 1ul, 1ul, 1ul>::get_dest_ptr()' into 'hls::stream<hls::axis<ap_int<32>, 1ul, 1ul, 1ul>, 0>::write(hls::axis<ap_int<32>, 1ul, 1ul, 1ul> const&)' (D:/Xilinx/Vitis_HLS/2021.1/common/technology/autopilot\ap_axi_sdata.h:305:40)
INFO: [HLS 214-131] Inlining function 'hls::axis<ap_int<32>, 1ul, 1ul, 1ul>::get_id_ptr()' into 'hls::stream<hls::axis<ap_int<32>, 1ul, 1ul, 1ul>, 0>::write(hls::axis<ap_int<32>, 1ul, 1ul, 1ul> const&)' (D:/Xilinx/Vitis_HLS/2021.1/common/technology/autopilot\ap_axi_sdata.h:305:24)
INFO: [HLS 214-131] Inlining function 'hls::stream<hls::axis<ap_int<32>, 1ul, 1ul, 1ul>, 0>::read()' into 'conv2d(hls::stream<hls::axis<ap_int<32>, 1ul, 1ul, 1ul>, 0>&, hls::stream<hls::axis<ap_int<32>, 1ul, 1ul, 1ul>, 0>&, float (*) [3], int)' (twodconv.cpp:57:36)
INFO: [HLS 214-131] Inlining function 'hls::stream<hls::axis<ap_int<32>, 1ul, 1ul, 1ul>, 0>::write(hls::axis<ap_int<32>, 1ul, 1ul, 1ul> const&)' into 'conv2d(hls::stream<hls::axis<ap_int<32>, 1ul, 1ul, 1ul>, 0>&, hls::stream<hls::axis<ap_int<32>, 1ul, 1ul, 1ul>, 0>&, float (*) [3], int)' (twodconv.cpp:93:28)
INFO: [HLS 214-178] Inlining function 'unpack(ap_int<32>)' into 'conv2d(hls::stream<hls::axis<ap_int<32>, 1ul, 1ul, 1ul>, 0>&, hls::stream<hls::axis<ap_int<32>, 1ul, 1ul, 1ul>, 0>&, float (*) [3], int)' (twodconv.cpp:20:0)
INFO: [HLS 214-178] Inlining function 'pack(float)' into 'conv2d(hls::stream<hls::axis<ap_int<32>, 1ul, 1ul, 1ul>, 0>&, hls::stream<hls::axis<ap_int<32>, 1ul, 1ul, 1ul>, 0>&, float (*) [3], int)' (twodconv.cpp:20:0)
INFO: [HLS 214-248] Applying array_partition to 'kernel_in': Complete partitioning on dimension 1. (twodconv.cpp:20:0)
WARNING: [HLS 214-281] Estimating pipelined loop 'COL_SLIDE' (twodconv.cpp:43:9) in function 'conv2d' with estimated II increased from II=1 to II=2 because of limited port on variable 'kernel_in' (twodconv.cpp:43:9)
INFO: [HLS 214-270] Starting automatic array partition analysis...
INFO: [HLS 200-111] Finished Compiling Optimization and Transform: CPU user time: 0 seconds. CPU system time: 0 seconds. Elapsed time: 4.371 seconds; current allocated memory: 119.358 MB.
INFO: [HLS 200-111] Finished Checking Pragmas: CPU user time: 0 seconds. CPU system time: 0 seconds. Elapsed time: 0.025 seconds; current allocated memory: 119.359 MB.
INFO: [HLS 200-10] Starting code transformations ...
INFO: [HLS 200-111] Finished Standard Transforms: CPU user time: 0 seconds. CPU system time: 0 seconds. Elapsed time: 0.11 seconds; current allocated memory: 126.208 MB.
INFO: [HLS 200-10] Checking synthesizability ...
INFO: [HLS 200-111] Finished Checking Synthesizability: CPU user time: 0 seconds. CPU system time: 0 seconds. Elapsed time: 0.127 seconds; current allocated memory: 134.543 MB.
INFO: [XFORM 203-502] Unrolling all sub-loops inside loop 'COL_SLIDE' (twodconv.cpp:43) in function 'conv2d' for pipelining.
INFO: [HLS 200-489] Unrolling loop 'UPDATE_WINDOW_ROW' (twodconv.cpp:46) in function 'conv2d' completely with a factor of 3.
INFO: [HLS 200-489] Unrolling loop 'UPDATE_WINDOW_COL' (twodconv.cpp:48) in function 'conv2d' completely with a factor of 2.
INFO: [HLS 200-489] Unrolling loop 'UPDATE_BUF' (twodconv.cpp:61) in function 'conv2d' completely with a factor of 2.
INFO: [HLS 200-489] Unrolling loop 'MACi' (twodconv.cpp:37) in function 'conv2d' completely with a factor of 3.
INFO: [HLS 200-489] Unrolling loop 'MACj' (twodconv.cpp:37) in function 'conv2d' completely with a factor of 3.
INFO: [XFORM 203-101] Partitioning array 'line_buf'  in dimension 1 completely.
INFO: [XFORM 203-101] Partitioning array 'window'  in dimension 1 completely.
INFO: [XFORM 203-102] Automatically partitioning small array 'window.0' completely based on array size.
INFO: [XFORM 203-102] Automatically partitioning small array 'window.1' completely based on array size.
INFO: [XFORM 203-102] Automatically partitioning small array 'window.2' completely based on array size.
INFO: [XFORM 203-101] Partitioning array 'window.0' in dimension 1 completely.
INFO: [XFORM 203-101] Partitioning array 'window.1' in dimension 1 completely.
INFO: [XFORM 203-101] Partitioning array 'window.2' in dimension 1 completely.
INFO: [XFORM 203-11] Balancing expressions in function 'conv2d' (twodconv.cpp:7:47)...3 expression(s) balanced.
INFO: [HLS 200-111] Finished Loop, function and other optimizations: CPU user time: 0 seconds. CPU system time: 0 seconds. Elapsed time: 0.354 seconds; current allocated memory: 165.036 MB.
INFO: [XFORM 203-541] Flattening a loop nest 'ROW_SLIDE' (twodconv.cpp:41:14) in function 'conv2d'.
INFO: [HLS 200-472] Inferring partial write operation for 'line_buf.0' (twodconv.cpp:66:38)
INFO: [HLS 200-111] Finished Architecture Synthesis: CPU user time: 0 seconds. CPU system time: 0 seconds. Elapsed time: 0.118 seconds; current allocated memory: 162.552 MB.
INFO: [HLS 200-10] Starting hardware synthesis ...
INFO: [HLS 200-10] Synthesizing 'conv2d' ...
INFO: [HLS 200-10] ----------------------------------------------------------------
INFO: [HLS 200-42] -- Implementing module 'conv2d' 
INFO: [HLS 200-10] ----------------------------------------------------------------
INFO: [SCHED 204-11] Starting scheduling ...
INFO: [SCHED 204-61] Pipelining loop 'ROW_SLIDE_COL_SLIDE'.
WARNING: [HLS 200-885] The II Violation in module 'conv2d' (loop 'ROW_SLIDE_COL_SLIDE'): Unable to schedule 'load' operation ('kernel_in_2_load', twodconv.cpp:82) on array 'kernel_in_2' due to limited memory ports (II = 1). Please consider using a memory core with more ports or partitioning the array 'kernel_in_2'.
WARNING: [HLS 200-885] The II Violation in module 'conv2d' (loop 'ROW_SLIDE_COL_SLIDE'): Unable to schedule 'load' operation ('kernel_in_2_load_1', twodconv.cpp:82) on array 'kernel_in_2' due to limited memory ports (II = 2). Please consider using a memory core with more ports or partitioning the array 'kernel_in_2'.
INFO: [HLS 200-1470] Pipelining result : Target II = 1, Final II = 3, Depth = 51, loop 'ROW_SLIDE_COL_SLIDE'
INFO: [SCHED 204-11] Finished scheduling.
INFO: [HLS 200-111] Finished Scheduling: CPU user time: 1 seconds. CPU system time: 0 seconds. Elapsed time: 0.484 seconds; current allocated memory: 163.255 MB.
INFO: [BIND 205-100] Starting micro-architecture generation ...
INFO: [BIND 205-101] Performing variable lifetime analysis.
INFO: [BIND 205-101] Exploring resource sharing.
INFO: [BIND 205-101] Binding ...
INFO: [BIND 205-100] Finished micro-architecture generation.
INFO: [HLS 200-111] Finished Binding: CPU user time: 0 seconds. CPU system time: 0 seconds. Elapsed time: 0.394 seconds; current allocated memory: 164.135 MB.
INFO: [HLS 200-10] ----------------------------------------------------------------
INFO: [HLS 200-10] -- Generating RTL for module 'conv2d' 
INFO: [HLS 200-10] ----------------------------------------------------------------
WARNING: [RTGEN 206-101] Design contains AXI ports. Reset is fixed to synchronous and active low.
INFO: [RTGEN 206-500] Setting interface mode on port 'conv2d/in_stream_V_data_V' to 'axis' (register, both mode).
INFO: [RTGEN 206-500] Setting interface mode on port 'conv2d/in_stream_V_keep_V' to 'axis' (register, both mode).
INFO: [RTGEN 206-500] Setting interface mode on port 'conv2d/in_stream_V_strb_V' to 'axis' (register, both mode).
INFO: [RTGEN 206-500] Setting interface mode on port 'conv2d/in_stream_V_user_V' to 'axis' (register, both mode).
INFO: [RTGEN 206-500] Setting interface mode on port 'conv2d/in_stream_V_last_V' to 'axis' (register, both mode).
INFO: [RTGEN 206-500] Setting interface mode on port 'conv2d/in_stream_V_id_V' to 'axis' (register, both mode).
INFO: [RTGEN 206-500] Setting interface mode on port 'conv2d/in_stream_V_dest_V' to 'axis' (register, both mode).
INFO: [RTGEN 206-500] Setting interface mode on port 'conv2d/out_stream_V_data_V' to 'axis' (register, both mode).
INFO: [RTGEN 206-500] Setting interface mode on port 'conv2d/out_stream_V_keep_V' to 'axis' (register, both mode).
INFO: [RTGEN 206-500] Setting interface mode on port 'conv2d/out_stream_V_strb_V' to 'axis' (register, both mode).
INFO: [RTGEN 206-500] Setting interface mode on port 'conv2d/out_stream_V_user_V' to 'axis' (register, both mode).
INFO: [RTGEN 206-500] Setting interface mode on port 'conv2d/out_stream_V_last_V' to 'axis' (register, both mode).
INFO: [RTGEN 206-500] Setting interface mode on port 'conv2d/out_stream_V_id_V' to 'axis' (register, both mode).
INFO: [RTGEN 206-500] Setting interface mode on port 'conv2d/out_stream_V_dest_V' to 'axis' (register, both mode).
INFO: [RTGEN 206-500] Setting interface mode on port 'conv2d/kernel_in_0' to 's_axilite & ap_memory'.
INFO: [RTGEN 206-500] Setting interface mode on port 'conv2d/kernel_in_1' to 's_axilite & ap_memory'.
INFO: [RTGEN 206-500] Setting interface mode on port 'conv2d/kernel_in_2' to 's_axilite & ap_memory'.
INFO: [RTGEN 206-500] Setting interface mode on port 'conv2d/img_size' to 's_axilite & ap_none'.
INFO: [RTGEN 206-500] Setting interface mode on function 'conv2d' to 's_axilite & ap_ctrl_hs'.
WARNING: [RTGEN 206-101] Register 'window_0_1' is power-on initialization.
WARNING: [RTGEN 206-101] Register 'window_1_1' is power-on initialization.
WARNING: [RTGEN 206-101] Register 'window_2_1' is power-on initialization.
WARNING: [RTGEN 206-101] Register 'window_0_2' is power-on initialization.
WARNING: [RTGEN 206-101] Register 'window_1_2' is power-on initialization.
WARNING: [RTGEN 206-101] Register 'window_2_2' is power-on initialization.
INFO: [RTGEN 206-100] Bundling port 'kernel_in_0', 'kernel_in_1', 'kernel_in_2', 'img_size' and 'return' to AXI-Lite port control.
INFO: [RTGEN 206-100] Generating core module 'fadd_32ns_32ns_32_5_full_dsp_1': 3 instance(s).
INFO: [RTGEN 206-100] Generating core module 'fmul_32ns_32ns_32_4_max_dsp_1': 3 instance(s).
INFO: [RTGEN 206-100] Generating core module 'mul_32ns_32ns_64_1_1': 1 instance(s).
INFO: [RTGEN 206-100] Finished creating RTL model for 'conv2d'.
INFO: [HLS 200-111] Finished Creating RTL model: CPU user time: 1 seconds. CPU system time: 0 seconds. Elapsed time: 0.805 seconds; current allocated memory: 166.089 MB.
INFO: [RTMG 210-278] Implementing memory 'conv2d_line_buf_0_ram (RAM_2P_BRAM)' using block RAMs with power-on initialization.
INFO: [HLS 200-111] Finished Generating all RTL models: CPU user time: 1 seconds. CPU system time: 0 seconds. Elapsed time: 1.439 seconds; current allocated memory: 171.560 MB.
INFO: [HLS 200-111] Finished Updating report files: CPU user time: 0 seconds. CPU system time: 0 seconds. Elapsed time: 0.48 seconds; current allocated memory: 176.474 MB.
INFO: [VHDL 208-304] Generating VHDL RTL for conv2d.
INFO: [VLOG 209-307] Generating Verilog RTL for conv2d.
INFO: [HLS 200-790] **** Loop Constraint Status: All loop constraints were NOT satisfied.
INFO: [HLS 200-789] **** Estimated Fmax: 117.51 MHz
INFO: [HLS 200-111] Finished Command csynth_design CPU user time: 5 seconds. CPU system time: 0 seconds. Elapsed time: 13.266 seconds; current allocated memory: 176.460 MB.
INFO: [HLS 200-112] Total CPU user time: 6 seconds. Total CPU system time: 1 seconds. Total elapsed time: 14.474 seconds; peak allocated memory: 561.556 MB.
==============================================================
Vitis HLS - High-Level Synthesis from C, C++ and OpenCL v2021.1 (64-bit)
Copyright 1986-2021 Xilinx, Inc. All Rights Reserved.
==============================================================
INFO: [SYN 201-201] Setting up clock 'default' with a period of 10ns.
INFO: [SYN 201-201] Setting up clock 'default' with an uncertainty of 1.25ns.
INFO: [HLS 200-1611] Setting target device to 'xc7z020-clg400-1'
INFO: [HLS 200-1505] Using flow_target 'vivado'
INFO: [HLS 200-1464] Running solution command: config_export -format=ip_catalog
INFO: [HLS 200-1464] Running solution command: config_export -output=D:/IITMadrasICS/1-2/EE5332Project/conv2dfloat.zip
INFO: [HLS 200-1464] Running solution command: config_export -rtl=verilog
INFO: [HLS 200-1510] Running: set_part xc7z020-clg400-1 
INFO: [HLS 200-1510] Running: create_clock -period 10 -name default 
INFO: [HLS 200-1510] Running: config_export -format ip_catalog -output D:/IITMadrasICS/1-2/EE5332Project/conv2dfloat.zip -rtl verilog 
INFO: [HLS 200-1510] Running: set_clock_uncertainty 1.25 
INFO: [HLS 200-1510] Running: set_directive_top -name conv2d conv2d 
INFO: [HLS 200-1510] Running: set_directive_pipeline -II 1 conv2d/COL_SLIDE 
INFO: [HLS 200-1510] Running: set_directive_array_partition -dim 0 -type complete conv2d kernel_in 
INFO: [HLS 200-1510] Running: csynth_design 
INFO: [HLS 200-111] Finished File checks and directory preparation: CPU user time: 0 seconds. CPU system time: 0 seconds. Elapsed time: 0.052 seconds; current allocated memory: 1007.222 MB.
INFO: [HLS 200-10] Analyzing design file 'twodconv.cpp' ... 
WARNING: [HLS 207-5528] Ignore interface attribute or pragma which is not used in top function: twodconv.cpp:25:9
WARNING: [HLS 207-5301] unused parameter 'print': D:/Xilinx/Vitis_HLS/2021.1/common/technology/autopilot\ap_int_base.h:792:16
INFO: [HLS 200-111] Finished Source Code Analysis and Preprocessing: CPU user time: 2 seconds. CPU system time: 0 seconds. Elapsed time: 4.932 seconds; current allocated memory: 117.415 MB.
INFO: [HLS 200-777] Using interface defaults for 'Vivado' flow target.
INFO: [HLS 214-279] Initial Interval estimation mode is set into default.
INFO: [HLS 214-284] Auto array partition mode is set into default.
INFO: [HLS 214-131] Inlining function 'hls::axis<ap_int<32>, 1ul, 1ul, 1ul>::get_user_ptr()' into 'hls::stream<hls::axis<ap_int<32>, 1ul, 1ul, 1ul>, 0>::read()' (D:/Xilinx/Vitis_HLS/2021.1/common/technology/autopilot\ap_axi_sdata.h:293:50)
INFO: [HLS 214-131] Inlining function 'hls::axis<ap_int<32>, 1ul, 1ul, 1ul>::get_dest_ptr()' into 'hls::stream<hls::axis<ap_int<32>, 1ul, 1ul, 1ul>, 0>::read()' (D:/Xilinx/Vitis_HLS/2021.1/common/technology/autopilot\ap_axi_sdata.h:296:25)
INFO: [HLS 214-131] Inlining function 'hls::axis<ap_int<32>, 1ul, 1ul, 1ul>::get_id_ptr()' into 'hls::stream<hls::axis<ap_int<32>, 1ul, 1ul, 1ul>, 0>::read()' (D:/Xilinx/Vitis_HLS/2021.1/common/technology/autopilot\ap_axi_sdata.h:295:67)
INFO: [HLS 214-131] Inlining function 'hls::axis<ap_int<32>, 1ul, 1ul, 1ul>::get_user_ptr()' into 'hls::stream<hls::axis<ap_int<32>, 1ul, 1ul, 1ul>, 0>::read()' (D:/Xilinx/Vitis_HLS/2021.1/common/technology/autopilot\ap_axi_sdata.h:295:36)
INFO: [HLS 214-131] Inlining function 'hls::axis<ap_int<32>, 1ul, 1ul, 1ul>::get_dest_ptr()' into 'hls::stream<hls::axis<ap_int<32>, 1ul, 1ul, 1ul>, 0>::read()' (D:/Xilinx/Vitis_HLS/2021.1/common/technology/autopilot\ap_axi_sdata.h:294:39)
INFO: [HLS 214-131] Inlining function 'hls::axis<ap_int<32>, 1ul, 1ul, 1ul>::get_id_ptr()' into 'hls::stream<hls::axis<ap_int<32>, 1ul, 1ul, 1ul>, 0>::read()' (D:/Xilinx/Vitis_HLS/2021.1/common/technology/autopilot\ap_axi_sdata.h:294:23)
INFO: [HLS 214-131] Inlining function 'ap_int_base<32, true>::operator long long() const' into 'unpack(ap_int<32>)' (twodconv.cpp:6:23)
INFO: [HLS 214-131] Inlining function 'hls::axis<ap_int<32>, 1ul, 1ul, 1ul>::get_user_ptr()' into 'hls::stream<hls::axis<ap_int<32>, 1ul, 1ul, 1ul>, 0>::write(hls::axis<ap_int<32>, 1ul, 1ul, 1ul> const&)' (D:/Xilinx/Vitis_HLS/2021.1/common/technology/autopilot\ap_axi_sdata.h:304:51)
INFO: [HLS 214-131] Inlining function 'hls::axis<ap_int<32>, 1ul, 1ul, 1ul>::get_dest_ptr()' into 'hls::stream<hls::axis<ap_int<32>, 1ul, 1ul, 1ul>, 0>::write(hls::axis<ap_int<32>, 1ul, 1ul, 1ul> const&)' (D:/Xilinx/Vitis_HLS/2021.1/common/technology/autopilot\ap_axi_sdata.h:307:26)
INFO: [HLS 214-131] Inlining function 'hls::axis<ap_int<32>, 1ul, 1ul, 1ul>::get_id_ptr()' into 'hls::stream<hls::axis<ap_int<32>, 1ul, 1ul, 1ul>, 0>::write(hls::axis<ap_int<32>, 1ul, 1ul, 1ul> const&)' (D:/Xilinx/Vitis_HLS/2021.1/common/technology/autopilot\ap_axi_sdata.h:306:68)
INFO: [HLS 214-131] Inlining function 'hls::axis<ap_int<32>, 1ul, 1ul, 1ul>::get_user_ptr()' into 'hls::stream<hls::axis<ap_int<32>, 1ul, 1ul, 1ul>, 0>::write(hls::axis<ap_int<32>, 1ul, 1ul, 1ul> const&)' (D:/Xilinx/Vitis_HLS/2021.1/common/technology/autopilot\ap_axi_sdata.h:306:37)
INFO: [HLS 214-131] Inlining function 'hls::axis<ap_int<32>, 1ul, 1ul, 1ul>::get_dest_ptr()' into 'hls::stream<hls::axis<ap_int<32>, 1ul, 1ul, 1ul>, 0>::write(hls::axis<ap_int<32>, 1ul, 1ul, 1ul> const&)' (D:/Xilinx/Vitis_HLS/2021.1/common/technology/autopilot\ap_axi_sdata.h:305:40)
INFO: [HLS 214-131] Inlining function 'hls::axis<ap_int<32>, 1ul, 1ul, 1ul>::get_id_ptr()' into 'hls::stream<hls::axis<ap_int<32>, 1ul, 1ul, 1ul>, 0>::write(hls::axis<ap_int<32>, 1ul, 1ul, 1ul> const&)' (D:/Xilinx/Vitis_HLS/2021.1/common/technology/autopilot\ap_axi_sdata.h:305:24)
INFO: [HLS 214-131] Inlining function 'hls::stream<hls::axis<ap_int<32>, 1ul, 1ul, 1ul>, 0>::read()' into 'conv2d(hls::stream<hls::axis<ap_int<32>, 1ul, 1ul, 1ul>, 0>&, hls::stream<hls::axis<ap_int<32>, 1ul, 1ul, 1ul>, 0>&, float (*) [3], int)' (twodconv.cpp:57:36)
INFO: [HLS 214-131] Inlining function 'hls::stream<hls::axis<ap_int<32>, 1ul, 1ul, 1ul>, 0>::write(hls::axis<ap_int<32>, 1ul, 1ul, 1ul> const&)' into 'conv2d(hls::stream<hls::axis<ap_int<32>, 1ul, 1ul, 1ul>, 0>&, hls::stream<hls::axis<ap_int<32>, 1ul, 1ul, 1ul>, 0>&, float (*) [3], int)' (twodconv.cpp:93:28)
INFO: [HLS 214-178] Inlining function 'unpack(ap_int<32>)' into 'conv2d(hls::stream<hls::axis<ap_int<32>, 1ul, 1ul, 1ul>, 0>&, hls::stream<hls::axis<ap_int<32>, 1ul, 1ul, 1ul>, 0>&, float (*) [3], int)' (twodconv.cpp:20:0)
INFO: [HLS 214-178] Inlining function 'pack(float)' into 'conv2d(hls::stream<hls::axis<ap_int<32>, 1ul, 1ul, 1ul>, 0>&, hls::stream<hls::axis<ap_int<32>, 1ul, 1ul, 1ul>, 0>&, float (*) [3], int)' (twodconv.cpp:20:0)
INFO: [HLS 214-248] Applying array_partition to 'kernel_in': Complete partitioning on dimension 1. Complete partitioning on dimension 2. (twodconv.cpp:20:0)
INFO: [HLS 214-270] Starting automatic array partition analysis...
INFO: [HLS 200-111] Finished Compiling Optimization and Transform: CPU user time: 0 seconds. CPU system time: 0 seconds. Elapsed time: 4.548 seconds; current allocated memory: 119.519 MB.
INFO: [HLS 200-111] Finished Checking Pragmas: CPU user time: 0 seconds. CPU system time: 0 seconds. Elapsed time: 0.015 seconds; current allocated memory: 119.520 MB.
INFO: [HLS 200-10] Starting code transformations ...
INFO: [HLS 200-111] Finished Standard Transforms: CPU user time: 0 seconds. CPU system time: 0 seconds. Elapsed time: 0.23 seconds; current allocated memory: 126.402 MB.
INFO: [HLS 200-10] Checking synthesizability ...
INFO: [HLS 200-111] Finished Checking Synthesizability: CPU user time: 1 seconds. CPU system time: 0 seconds. Elapsed time: 0.135 seconds; current allocated memory: 134.745 MB.
WARNING: [XFORM 203-803] Dropped interface mode 'ap_auto' on 'kernel_in_0_0' as it is incompatible with its interface mode 's_axilite'.
WARNING: [XFORM 203-803] Dropped interface mode 'ap_auto' on 'kernel_in_0_1' as it is incompatible with its interface mode 's_axilite'.
WARNING: [XFORM 203-803] Dropped interface mode 'ap_auto' on 'kernel_in_0_2' as it is incompatible with its interface mode 's_axilite'.
WARNING: [XFORM 203-803] Dropped interface mode 'ap_auto' on 'kernel_in_1_0' as it is incompatible with its interface mode 's_axilite'.
WARNING: [XFORM 203-803] Dropped interface mode 'ap_auto' on 'kernel_in_1_1' as it is incompatible with its interface mode 's_axilite'.
WARNING: [XFORM 203-803] Dropped interface mode 'ap_auto' on 'kernel_in_1_2' as it is incompatible with its interface mode 's_axilite'.
WARNING: [XFORM 203-803] Dropped interface mode 'ap_auto' on 'kernel_in_2_0' as it is incompatible with its interface mode 's_axilite'.
WARNING: [XFORM 203-803] Dropped interface mode 'ap_auto' on 'kernel_in_2_1' as it is incompatible with its interface mode 's_axilite'.
WARNING: [XFORM 203-803] Dropped interface mode 'ap_auto' on 'kernel_in_2_2' as it is incompatible with its interface mode 's_axilite'.
INFO: [XFORM 203-502] Unrolling all sub-loops inside loop 'COL_SLIDE' (twodconv.cpp:43) in function 'conv2d' for pipelining.
INFO: [HLS 200-489] Unrolling loop 'UPDATE_WINDOW_ROW' (twodconv.cpp:46) in function 'conv2d' completely with a factor of 3.
INFO: [HLS 200-489] Unrolling loop 'UPDATE_WINDOW_COL' (twodconv.cpp:48) in function 'conv2d' completely with a factor of 2.
INFO: [HLS 200-489] Unrolling loop 'UPDATE_BUF' (twodconv.cpp:61) in function 'conv2d' completely with a factor of 2.
INFO: [HLS 200-489] Unrolling loop 'MACi' (twodconv.cpp:37) in function 'conv2d' completely with a factor of 3.
INFO: [HLS 200-489] Unrolling loop 'MACj' (twodconv.cpp:37) in function 'conv2d' completely with a factor of 3.
INFO: [XFORM 203-101] Partitioning array 'line_buf'  in dimension 1 completely.
INFO: [XFORM 203-101] Partitioning array 'window'  in dimension 1 completely.
INFO: [XFORM 203-102] Automatically partitioning small array 'window.0' completely based on array size.
INFO: [XFORM 203-102] Automatically partitioning small array 'window.1' completely based on array size.
INFO: [XFORM 203-102] Automatically partitioning small array 'window.2' completely based on array size.
INFO: [XFORM 203-101] Partitioning array 'window.0' in dimension 1 completely.
INFO: [XFORM 203-101] Partitioning array 'window.1' in dimension 1 completely.
INFO: [XFORM 203-101] Partitioning array 'window.2' in dimension 1 completely.
INFO: [XFORM 203-11] Balancing expressions in function 'conv2d' (twodconv.cpp:7:47)...3 expression(s) balanced.
INFO: [HLS 200-111] Finished Loop, function and other optimizations: CPU user time: 0 seconds. CPU system time: 0 seconds. Elapsed time: 0.576 seconds; current allocated memory: 165.239 MB.
INFO: [XFORM 203-541] Flattening a loop nest 'ROW_SLIDE' (twodconv.cpp:41:14) in function 'conv2d'.
INFO: [HLS 200-472] Inferring partial write operation for 'line_buf.0' (twodconv.cpp:66:38)
INFO: [HLS 200-111] Finished Architecture Synthesis: CPU user time: 0 seconds. CPU system time: 0 seconds. Elapsed time: 0.147 seconds; current allocated memory: 162.740 MB.
INFO: [HLS 200-10] Starting hardware synthesis ...
INFO: [HLS 200-10] Synthesizing 'conv2d' ...
INFO: [HLS 200-10] ----------------------------------------------------------------
INFO: [HLS 200-42] -- Implementing module 'conv2d' 
INFO: [HLS 200-10] ----------------------------------------------------------------
INFO: [SCHED 204-11] Starting scheduling ...
INFO: [SCHED 204-61] Pipelining loop 'ROW_SLIDE_COL_SLIDE'.
INFO: [HLS 200-1470] Pipelining result : Target II = 1, Final II = 1, Depth = 51, loop 'ROW_SLIDE_COL_SLIDE'
INFO: [SCHED 204-11] Finished scheduling.
INFO: [HLS 200-111] Finished Scheduling: CPU user time: 0 seconds. CPU system time: 0 seconds. Elapsed time: 0.522 seconds; current allocated memory: 163.425 MB.
INFO: [BIND 205-100] Starting micro-architecture generation ...
INFO: [BIND 205-101] Performing variable lifetime analysis.
INFO: [BIND 205-101] Exploring resource sharing.
INFO: [BIND 205-101] Binding ...
INFO: [BIND 205-100] Finished micro-architecture generation.
INFO: [HLS 200-111] Finished Binding: CPU user time: 0 seconds. CPU system time: 0 seconds. Elapsed time: 0.398 seconds; current allocated memory: 164.346 MB.
INFO: [HLS 200-10] ----------------------------------------------------------------
INFO: [HLS 200-10] -- Generating RTL for module 'conv2d' 
INFO: [HLS 200-10] ----------------------------------------------------------------
WARNING: [RTGEN 206-101] Design contains AXI ports. Reset is fixed to synchronous and active low.
INFO: [RTGEN 206-500] Setting interface mode on port 'conv2d/in_stream_V_data_V' to 'axis' (register, both mode).
INFO: [RTGEN 206-500] Setting interface mode on port 'conv2d/in_stream_V_keep_V' to 'axis' (register, both mode).
INFO: [RTGEN 206-500] Setting interface mode on port 'conv2d/in_stream_V_strb_V' to 'axis' (register, both mode).
INFO: [RTGEN 206-500] Setting interface mode on port 'conv2d/in_stream_V_user_V' to 'axis' (register, both mode).
INFO: [RTGEN 206-500] Setting interface mode on port 'conv2d/in_stream_V_last_V' to 'axis' (register, both mode).
INFO: [RTGEN 206-500] Setting interface mode on port 'conv2d/in_stream_V_id_V' to 'axis' (register, both mode).
INFO: [RTGEN 206-500] Setting interface mode on port 'conv2d/in_stream_V_dest_V' to 'axis' (register, both mode).
INFO: [RTGEN 206-500] Setting interface mode on port 'conv2d/out_stream_V_data_V' to 'axis' (register, both mode).
INFO: [RTGEN 206-500] Setting interface mode on port 'conv2d/out_stream_V_keep_V' to 'axis' (register, both mode).
INFO: [RTGEN 206-500] Setting interface mode on port 'conv2d/out_stream_V_strb_V' to 'axis' (register, both mode).
INFO: [RTGEN 206-500] Setting interface mode on port 'conv2d/out_stream_V_user_V' to 'axis' (register, both mode).
INFO: [RTGEN 206-500] Setting interface mode on port 'conv2d/out_stream_V_last_V' to 'axis' (register, both mode).
INFO: [RTGEN 206-500] Setting interface mode on port 'conv2d/out_stream_V_id_V' to 'axis' (register, both mode).
INFO: [RTGEN 206-500] Setting interface mode on port 'conv2d/out_stream_V_dest_V' to 'axis' (register, both mode).
INFO: [RTGEN 206-500] Setting interface mode on port 'conv2d/kernel_in_0_0' to 's_axilite & ap_none'.
INFO: [RTGEN 206-500] Setting interface mode on port 'conv2d/kernel_in_0_1' to 's_axilite & ap_none'.
INFO: [RTGEN 206-500] Setting interface mode on port 'conv2d/kernel_in_0_2' to 's_axilite & ap_none'.
INFO: [RTGEN 206-500] Setting interface mode on port 'conv2d/kernel_in_1_0' to 's_axilite & ap_none'.
INFO: [RTGEN 206-500] Setting interface mode on port 'conv2d/kernel_in_1_1' to 's_axilite & ap_none'.
INFO: [RTGEN 206-500] Setting interface mode on port 'conv2d/kernel_in_1_2' to 's_axilite & ap_none'.
INFO: [RTGEN 206-500] Setting interface mode on port 'conv2d/kernel_in_2_0' to 's_axilite & ap_none'.
INFO: [RTGEN 206-500] Setting interface mode on port 'conv2d/kernel_in_2_1' to 's_axilite & ap_none'.
INFO: [RTGEN 206-500] Setting interface mode on port 'conv2d/kernel_in_2_2' to 's_axilite & ap_none'.
INFO: [RTGEN 206-500] Setting interface mode on port 'conv2d/img_size' to 's_axilite & ap_none'.
INFO: [RTGEN 206-500] Setting interface mode on function 'conv2d' to 's_axilite & ap_ctrl_hs'.
WARNING: [RTGEN 206-101] Register 'window_0_1' is power-on initialization.
WARNING: [RTGEN 206-101] Register 'window_1_1' is power-on initialization.
WARNING: [RTGEN 206-101] Register 'window_2_1' is power-on initialization.
WARNING: [RTGEN 206-101] Register 'window_0_2' is power-on initialization.
WARNING: [RTGEN 206-101] Register 'window_1_2' is power-on initialization.
WARNING: [RTGEN 206-101] Register 'window_2_2' is power-on initialization.
INFO: [RTGEN 206-100] Bundling port 'kernel_in_0_0', 'kernel_in_0_1', 'kernel_in_0_2', 'kernel_in_1_0', 'kernel_in_1_1', 'kernel_in_1_2', 'kernel_in_2_0', 'kernel_in_2_1', 'kernel_in_2_2', 'img_size' and 'return' to AXI-Lite port control.
INFO: [RTGEN 206-100] Generating core module 'fadd_32ns_32ns_32_5_full_dsp_1': 9 instance(s).
INFO: [RTGEN 206-100] Generating core module 'fmul_32ns_32ns_32_4_max_dsp_1': 9 instance(s).
INFO: [RTGEN 206-100] Generating core module 'mul_32ns_32ns_64_1_1': 1 instance(s).
INFO: [RTGEN 206-100] Finished creating RTL model for 'conv2d'.
INFO: [HLS 200-111] Finished Creating RTL model: CPU user time: 1 seconds. CPU system time: 0 seconds. Elapsed time: 0.934 seconds; current allocated memory: 166.999 MB.
INFO: [RTMG 210-278] Implementing memory 'conv2d_line_buf_0_ram (RAM_2P_BRAM)' using block RAMs with power-on initialization.
INFO: [HLS 200-111] Finished Generating all RTL models: CPU user time: 1 seconds. CPU system time: 0 seconds. Elapsed time: 1.623 seconds; current allocated memory: 172.246 MB.
INFO: [HLS 200-111] Finished Updating report files: CPU user time: 1 seconds. CPU system time: 0 seconds. Elapsed time: 0.697 seconds; current allocated memory: 177.213 MB.
INFO: [VHDL 208-304] Generating VHDL RTL for conv2d.
INFO: [VLOG 209-307] Generating Verilog RTL for conv2d.
INFO: [HLS 200-790] **** Loop Constraint Status: All loop constraints were satisfied.
INFO: [HLS 200-789] **** Estimated Fmax: 117.51 MHz
INFO: [HLS 200-111] Finished Command csynth_design CPU user time: 6 seconds. CPU system time: 0 seconds. Elapsed time: 14.901 seconds; current allocated memory: 177.199 MB.
INFO: [HLS 200-112] Total CPU user time: 7 seconds. Total CPU system time: 1 seconds. Total elapsed time: 16.449 seconds; peak allocated memory: 1007.222 MB.
==============================================================
Vitis HLS - High-Level Synthesis from C, C++ and OpenCL v2021.1 (64-bit)
Copyright 1986-2021 Xilinx, Inc. All Rights Reserved.
==============================================================
INFO: [SYN 201-201] Setting up clock 'default' with a period of 10ns.
INFO: [SYN 201-201] Setting up clock 'default' with an uncertainty of 1.25ns.
INFO: [HLS 200-1611] Setting target device to 'xc7z020-clg400-1'
INFO: [HLS 200-1505] Using flow_target 'vivado'
INFO: [HLS 200-1464] Running solution command: config_export -format=ip_catalog
INFO: [HLS 200-1464] Running solution command: config_export -output=D:/IITMadrasICS/1-2/EE5332Project/conv2dfloat.zip
INFO: [HLS 200-1464] Running solution command: config_export -rtl=verilog
INFO: [HLS 200-1510] Running: set_part xc7z020-clg400-1 
INFO: [HLS 200-1510] Running: create_clock -period 10 -name default 
INFO: [HLS 200-1510] Running: config_export -format ip_catalog -output D:/IITMadrasICS/1-2/EE5332Project/conv2dfloat.zip -rtl verilog 
INFO: [HLS 200-1510] Running: set_clock_uncertainty 1.25 
INFO: [HLS 200-1510] Running: set_directive_top -name conv2d conv2d 
INFO: [HLS 200-1510] Running: set_directive_pipeline -II 1 conv2d/COL_SLIDE 
INFO: [HLS 200-1510] Running: set_directive_array_partition -type complete -dim 0 conv2d kernel_in 
INFO: [HLS 200-1510] Running: set_directive_loop_tripcount -max 130 -min 66 conv2d/ROW_SLIDE 
INFO: [HLS 200-1510] Running: set_directive_loop_tripcount -max 130 -min 66 conv2d/COL_SLIDE 
INFO: [HLS 200-1510] Running: csynth_design 
INFO: [HLS 200-111] Finished File checks and directory preparation: CPU user time: 0 seconds. CPU system time: 0 seconds. Elapsed time: 0.046 seconds; current allocated memory: 561.602 MB.
INFO: [HLS 200-10] Analyzing design file 'twodconv.cpp' ... 
WARNING: [HLS 207-5528] Ignore interface attribute or pragma which is not used in top function: twodconv.cpp:25:9
WARNING: [HLS 207-5301] unused parameter 'print': D:/Xilinx/Vitis_HLS/2021.1/common/technology/autopilot\ap_int_base.h:792:16
INFO: [HLS 200-111] Finished Source Code Analysis and Preprocessing: CPU user time: 2 seconds. CPU system time: 0 seconds. Elapsed time: 4.228 seconds; current allocated memory: 117.432 MB.
INFO: [HLS 200-777] Using interface defaults for 'Vivado' flow target.
INFO: [HLS 214-279] Initial Interval estimation mode is set into default.
INFO: [HLS 214-284] Auto array partition mode is set into default.
INFO: [HLS 214-131] Inlining function 'hls::axis<ap_int<32>, 1ul, 1ul, 1ul>::get_user_ptr()' into 'hls::stream<hls::axis<ap_int<32>, 1ul, 1ul, 1ul>, 0>::read()' (D:/Xilinx/Vitis_HLS/2021.1/common/technology/autopilot\ap_axi_sdata.h:293:50)
INFO: [HLS 214-131] Inlining function 'hls::axis<ap_int<32>, 1ul, 1ul, 1ul>::get_dest_ptr()' into 'hls::stream<hls::axis<ap_int<32>, 1ul, 1ul, 1ul>, 0>::read()' (D:/Xilinx/Vitis_HLS/2021.1/common/technology/autopilot\ap_axi_sdata.h:296:25)
INFO: [HLS 214-131] Inlining function 'hls::axis<ap_int<32>, 1ul, 1ul, 1ul>::get_id_ptr()' into 'hls::stream<hls::axis<ap_int<32>, 1ul, 1ul, 1ul>, 0>::read()' (D:/Xilinx/Vitis_HLS/2021.1/common/technology/autopilot\ap_axi_sdata.h:295:67)
INFO: [HLS 214-131] Inlining function 'hls::axis<ap_int<32>, 1ul, 1ul, 1ul>::get_user_ptr()' into 'hls::stream<hls::axis<ap_int<32>, 1ul, 1ul, 1ul>, 0>::read()' (D:/Xilinx/Vitis_HLS/2021.1/common/technology/autopilot\ap_axi_sdata.h:295:36)
INFO: [HLS 214-131] Inlining function 'hls::axis<ap_int<32>, 1ul, 1ul, 1ul>::get_dest_ptr()' into 'hls::stream<hls::axis<ap_int<32>, 1ul, 1ul, 1ul>, 0>::read()' (D:/Xilinx/Vitis_HLS/2021.1/common/technology/autopilot\ap_axi_sdata.h:294:39)
INFO: [HLS 214-131] Inlining function 'hls::axis<ap_int<32>, 1ul, 1ul, 1ul>::get_id_ptr()' into 'hls::stream<hls::axis<ap_int<32>, 1ul, 1ul, 1ul>, 0>::read()' (D:/Xilinx/Vitis_HLS/2021.1/common/technology/autopilot\ap_axi_sdata.h:294:23)
INFO: [HLS 214-131] Inlining function 'ap_int_base<32, true>::operator long long() const' into 'unpack(ap_int<32>)' (twodconv.cpp:6:23)
INFO: [HLS 214-131] Inlining function 'hls::axis<ap_int<32>, 1ul, 1ul, 1ul>::get_user_ptr()' into 'hls::stream<hls::axis<ap_int<32>, 1ul, 1ul, 1ul>, 0>::write(hls::axis<ap_int<32>, 1ul, 1ul, 1ul> const&)' (D:/Xilinx/Vitis_HLS/2021.1/common/technology/autopilot\ap_axi_sdata.h:304:51)
INFO: [HLS 214-131] Inlining function 'hls::axis<ap_int<32>, 1ul, 1ul, 1ul>::get_dest_ptr()' into 'hls::stream<hls::axis<ap_int<32>, 1ul, 1ul, 1ul>, 0>::write(hls::axis<ap_int<32>, 1ul, 1ul, 1ul> const&)' (D:/Xilinx/Vitis_HLS/2021.1/common/technology/autopilot\ap_axi_sdata.h:307:26)
INFO: [HLS 214-131] Inlining function 'hls::axis<ap_int<32>, 1ul, 1ul, 1ul>::get_id_ptr()' into 'hls::stream<hls::axis<ap_int<32>, 1ul, 1ul, 1ul>, 0>::write(hls::axis<ap_int<32>, 1ul, 1ul, 1ul> const&)' (D:/Xilinx/Vitis_HLS/2021.1/common/technology/autopilot\ap_axi_sdata.h:306:68)
INFO: [HLS 214-131] Inlining function 'hls::axis<ap_int<32>, 1ul, 1ul, 1ul>::get_user_ptr()' into 'hls::stream<hls::axis<ap_int<32>, 1ul, 1ul, 1ul>, 0>::write(hls::axis<ap_int<32>, 1ul, 1ul, 1ul> const&)' (D:/Xilinx/Vitis_HLS/2021.1/common/technology/autopilot\ap_axi_sdata.h:306:37)
INFO: [HLS 214-131] Inlining function 'hls::axis<ap_int<32>, 1ul, 1ul, 1ul>::get_dest_ptr()' into 'hls::stream<hls::axis<ap_int<32>, 1ul, 1ul, 1ul>, 0>::write(hls::axis<ap_int<32>, 1ul, 1ul, 1ul> const&)' (D:/Xilinx/Vitis_HLS/2021.1/common/technology/autopilot\ap_axi_sdata.h:305:40)
INFO: [HLS 214-131] Inlining function 'hls::axis<ap_int<32>, 1ul, 1ul, 1ul>::get_id_ptr()' into 'hls::stream<hls::axis<ap_int<32>, 1ul, 1ul, 1ul>, 0>::write(hls::axis<ap_int<32>, 1ul, 1ul, 1ul> const&)' (D:/Xilinx/Vitis_HLS/2021.1/common/technology/autopilot\ap_axi_sdata.h:305:24)
INFO: [HLS 214-131] Inlining function 'hls::stream<hls::axis<ap_int<32>, 1ul, 1ul, 1ul>, 0>::read()' into 'conv2d(hls::stream<hls::axis<ap_int<32>, 1ul, 1ul, 1ul>, 0>&, hls::stream<hls::axis<ap_int<32>, 1ul, 1ul, 1ul>, 0>&, float (*) [3], int)' (twodconv.cpp:57:36)
INFO: [HLS 214-131] Inlining function 'hls::stream<hls::axis<ap_int<32>, 1ul, 1ul, 1ul>, 0>::write(hls::axis<ap_int<32>, 1ul, 1ul, 1ul> const&)' into 'conv2d(hls::stream<hls::axis<ap_int<32>, 1ul, 1ul, 1ul>, 0>&, hls::stream<hls::axis<ap_int<32>, 1ul, 1ul, 1ul>, 0>&, float (*) [3], int)' (twodconv.cpp:93:28)
INFO: [HLS 214-178] Inlining function 'unpack(ap_int<32>)' into 'conv2d(hls::stream<hls::axis<ap_int<32>, 1ul, 1ul, 1ul>, 0>&, hls::stream<hls::axis<ap_int<32>, 1ul, 1ul, 1ul>, 0>&, float (*) [3], int)' (twodconv.cpp:20:0)
INFO: [HLS 214-178] Inlining function 'pack(float)' into 'conv2d(hls::stream<hls::axis<ap_int<32>, 1ul, 1ul, 1ul>, 0>&, hls::stream<hls::axis<ap_int<32>, 1ul, 1ul, 1ul>, 0>&, float (*) [3], int)' (twodconv.cpp:20:0)
INFO: [HLS 214-248] Applying array_partition to 'kernel_in': Complete partitioning on dimension 1. Complete partitioning on dimension 2. (twodconv.cpp:20:0)
INFO: [HLS 214-270] Starting automatic array partition analysis...
INFO: [HLS 200-111] Finished Compiling Optimization and Transform: CPU user time: 0 seconds. CPU system time: 0 seconds. Elapsed time: 4.135 seconds; current allocated memory: 119.536 MB.
INFO: [HLS 200-111] Finished Checking Pragmas: CPU user time: 0 seconds. CPU system time: 0 seconds. Elapsed time: 0.015 seconds; current allocated memory: 119.537 MB.
INFO: [HLS 200-10] Starting code transformations ...
INFO: [HLS 200-111] Finished Standard Transforms: CPU user time: 0 seconds. CPU system time: 0 seconds. Elapsed time: 0.096 seconds; current allocated memory: 126.423 MB.
INFO: [HLS 200-10] Checking synthesizability ...
INFO: [HLS 200-111] Finished Checking Synthesizability: CPU user time: 0 seconds. CPU system time: 0 seconds. Elapsed time: 0.116 seconds; current allocated memory: 134.766 MB.
WARNING: [XFORM 203-803] Dropped interface mode 'ap_auto' on 'kernel_in_0_0' as it is incompatible with its interface mode 's_axilite'.
WARNING: [XFORM 203-803] Dropped interface mode 'ap_auto' on 'kernel_in_0_1' as it is incompatible with its interface mode 's_axilite'.
WARNING: [XFORM 203-803] Dropped interface mode 'ap_auto' on 'kernel_in_0_2' as it is incompatible with its interface mode 's_axilite'.
WARNING: [XFORM 203-803] Dropped interface mode 'ap_auto' on 'kernel_in_1_0' as it is incompatible with its interface mode 's_axilite'.
WARNING: [XFORM 203-803] Dropped interface mode 'ap_auto' on 'kernel_in_1_1' as it is incompatible with its interface mode 's_axilite'.
WARNING: [XFORM 203-803] Dropped interface mode 'ap_auto' on 'kernel_in_1_2' as it is incompatible with its interface mode 's_axilite'.
WARNING: [XFORM 203-803] Dropped interface mode 'ap_auto' on 'kernel_in_2_0' as it is incompatible with its interface mode 's_axilite'.
WARNING: [XFORM 203-803] Dropped interface mode 'ap_auto' on 'kernel_in_2_1' as it is incompatible with its interface mode 's_axilite'.
WARNING: [XFORM 203-803] Dropped interface mode 'ap_auto' on 'kernel_in_2_2' as it is incompatible with its interface mode 's_axilite'.
INFO: [XFORM 203-502] Unrolling all sub-loops inside loop 'COL_SLIDE' (twodconv.cpp:43) in function 'conv2d' for pipelining.
INFO: [HLS 200-489] Unrolling loop 'UPDATE_WINDOW_ROW' (twodconv.cpp:46) in function 'conv2d' completely with a factor of 3.
INFO: [HLS 200-489] Unrolling loop 'UPDATE_WINDOW_COL' (twodconv.cpp:48) in function 'conv2d' completely with a factor of 2.
INFO: [HLS 200-489] Unrolling loop 'UPDATE_BUF' (twodconv.cpp:61) in function 'conv2d' completely with a factor of 2.
INFO: [HLS 200-489] Unrolling loop 'MACi' (twodconv.cpp:37) in function 'conv2d' completely with a factor of 3.
INFO: [HLS 200-489] Unrolling loop 'MACj' (twodconv.cpp:37) in function 'conv2d' completely with a factor of 3.
INFO: [XFORM 203-101] Partitioning array 'line_buf'  in dimension 1 completely.
INFO: [XFORM 203-101] Partitioning array 'window'  in dimension 1 completely.
INFO: [XFORM 203-102] Automatically partitioning small array 'window.0' completely based on array size.
INFO: [XFORM 203-102] Automatically partitioning small array 'window.1' completely based on array size.
INFO: [XFORM 203-102] Automatically partitioning small array 'window.2' completely based on array size.
INFO: [XFORM 203-101] Partitioning array 'window.0' in dimension 1 completely.
INFO: [XFORM 203-101] Partitioning array 'window.1' in dimension 1 completely.
INFO: [XFORM 203-101] Partitioning array 'window.2' in dimension 1 completely.
INFO: [XFORM 203-11] Balancing expressions in function 'conv2d' (twodconv.cpp:7:47)...3 expression(s) balanced.
INFO: [HLS 200-111] Finished Loop, function and other optimizations: CPU user time: 0 seconds. CPU system time: 0 seconds. Elapsed time: 0.467 seconds; current allocated memory: 165.277 MB.
INFO: [XFORM 203-541] Flattening a loop nest 'ROW_SLIDE' (twodconv.cpp:41:14) in function 'conv2d'.
INFO: [HLS 200-472] Inferring partial write operation for 'line_buf.0' (twodconv.cpp:66:38)
INFO: [HLS 200-111] Finished Architecture Synthesis: CPU user time: 0 seconds. CPU system time: 0 seconds. Elapsed time: 0.113 seconds; current allocated memory: 162.725 MB.
INFO: [HLS 200-10] Starting hardware synthesis ...
INFO: [HLS 200-10] Synthesizing 'conv2d' ...
INFO: [HLS 200-10] ----------------------------------------------------------------
INFO: [HLS 200-42] -- Implementing module 'conv2d' 
INFO: [HLS 200-10] ----------------------------------------------------------------
INFO: [SCHED 204-11] Starting scheduling ...
INFO: [SCHED 204-61] Pipelining loop 'ROW_SLIDE_COL_SLIDE'.
INFO: [HLS 200-1470] Pipelining result : Target II = 1, Final II = 1, Depth = 51, loop 'ROW_SLIDE_COL_SLIDE'
INFO: [SCHED 204-11] Finished scheduling.
INFO: [HLS 200-111] Finished Scheduling: CPU user time: 1 seconds. CPU system time: 0 seconds. Elapsed time: 0.364 seconds; current allocated memory: 163.360 MB.
INFO: [BIND 205-100] Starting micro-architecture generation ...
INFO: [BIND 205-101] Performing variable lifetime analysis.
INFO: [BIND 205-101] Exploring resource sharing.
INFO: [BIND 205-101] Binding ...
INFO: [BIND 205-100] Finished micro-architecture generation.
INFO: [HLS 200-111] Finished Binding: CPU user time: 0 seconds. CPU system time: 0 seconds. Elapsed time: 0.357 seconds; current allocated memory: 164.254 MB.
INFO: [HLS 200-10] ----------------------------------------------------------------
INFO: [HLS 200-10] -- Generating RTL for module 'conv2d' 
INFO: [HLS 200-10] ----------------------------------------------------------------
WARNING: [RTGEN 206-101] Design contains AXI ports. Reset is fixed to synchronous and active low.
INFO: [RTGEN 206-500] Setting interface mode on port 'conv2d/in_stream_V_data_V' to 'axis' (register, both mode).
INFO: [RTGEN 206-500] Setting interface mode on port 'conv2d/in_stream_V_keep_V' to 'axis' (register, both mode).
INFO: [RTGEN 206-500] Setting interface mode on port 'conv2d/in_stream_V_strb_V' to 'axis' (register, both mode).
INFO: [RTGEN 206-500] Setting interface mode on port 'conv2d/in_stream_V_user_V' to 'axis' (register, both mode).
INFO: [RTGEN 206-500] Setting interface mode on port 'conv2d/in_stream_V_last_V' to 'axis' (register, both mode).
INFO: [RTGEN 206-500] Setting interface mode on port 'conv2d/in_stream_V_id_V' to 'axis' (register, both mode).
INFO: [RTGEN 206-500] Setting interface mode on port 'conv2d/in_stream_V_dest_V' to 'axis' (register, both mode).
INFO: [RTGEN 206-500] Setting interface mode on port 'conv2d/out_stream_V_data_V' to 'axis' (register, both mode).
INFO: [RTGEN 206-500] Setting interface mode on port 'conv2d/out_stream_V_keep_V' to 'axis' (register, both mode).
INFO: [RTGEN 206-500] Setting interface mode on port 'conv2d/out_stream_V_strb_V' to 'axis' (register, both mode).
INFO: [RTGEN 206-500] Setting interface mode on port 'conv2d/out_stream_V_user_V' to 'axis' (register, both mode).
INFO: [RTGEN 206-500] Setting interface mode on port 'conv2d/out_stream_V_last_V' to 'axis' (register, both mode).
INFO: [RTGEN 206-500] Setting interface mode on port 'conv2d/out_stream_V_id_V' to 'axis' (register, both mode).
INFO: [RTGEN 206-500] Setting interface mode on port 'conv2d/out_stream_V_dest_V' to 'axis' (register, both mode).
INFO: [RTGEN 206-500] Setting interface mode on port 'conv2d/kernel_in_0_0' to 's_axilite & ap_none'.
INFO: [RTGEN 206-500] Setting interface mode on port 'conv2d/kernel_in_0_1' to 's_axilite & ap_none'.
INFO: [RTGEN 206-500] Setting interface mode on port 'conv2d/kernel_in_0_2' to 's_axilite & ap_none'.
INFO: [RTGEN 206-500] Setting interface mode on port 'conv2d/kernel_in_1_0' to 's_axilite & ap_none'.
INFO: [RTGEN 206-500] Setting interface mode on port 'conv2d/kernel_in_1_1' to 's_axilite & ap_none'.
INFO: [RTGEN 206-500] Setting interface mode on port 'conv2d/kernel_in_1_2' to 's_axilite & ap_none'.
INFO: [RTGEN 206-500] Setting interface mode on port 'conv2d/kernel_in_2_0' to 's_axilite & ap_none'.
INFO: [RTGEN 206-500] Setting interface mode on port 'conv2d/kernel_in_2_1' to 's_axilite & ap_none'.
INFO: [RTGEN 206-500] Setting interface mode on port 'conv2d/kernel_in_2_2' to 's_axilite & ap_none'.
INFO: [RTGEN 206-500] Setting interface mode on port 'conv2d/img_size' to 's_axilite & ap_none'.
INFO: [RTGEN 206-500] Setting interface mode on function 'conv2d' to 's_axilite & ap_ctrl_hs'.
WARNING: [RTGEN 206-101] Register 'window_0_1' is power-on initialization.
WARNING: [RTGEN 206-101] Register 'window_1_1' is power-on initialization.
WARNING: [RTGEN 206-101] Register 'window_2_1' is power-on initialization.
WARNING: [RTGEN 206-101] Register 'window_0_2' is power-on initialization.
WARNING: [RTGEN 206-101] Register 'window_1_2' is power-on initialization.
WARNING: [RTGEN 206-101] Register 'window_2_2' is power-on initialization.
INFO: [RTGEN 206-100] Bundling port 'kernel_in_0_0', 'kernel_in_0_1', 'kernel_in_0_2', 'kernel_in_1_0', 'kernel_in_1_1', 'kernel_in_1_2', 'kernel_in_2_0', 'kernel_in_2_1', 'kernel_in_2_2', 'img_size' and 'return' to AXI-Lite port control.
INFO: [RTGEN 206-100] Generating core module 'fadd_32ns_32ns_32_5_full_dsp_1': 9 instance(s).
INFO: [RTGEN 206-100] Generating core module 'fmul_32ns_32ns_32_4_max_dsp_1': 9 instance(s).
INFO: [RTGEN 206-100] Generating core module 'mul_32ns_32ns_64_1_1': 1 instance(s).
INFO: [RTGEN 206-100] Finished creating RTL model for 'conv2d'.
INFO: [HLS 200-111] Finished Creating RTL model: CPU user time: 0 seconds. CPU system time: 0 seconds. Elapsed time: 0.849 seconds; current allocated memory: 166.808 MB.
INFO: [RTMG 210-278] Implementing memory 'conv2d_line_buf_0_ram (RAM_2P_BRAM)' using block RAMs with power-on initialization.
INFO: [HLS 200-111] Finished Generating all RTL models: CPU user time: 2 seconds. CPU system time: 0 seconds. Elapsed time: 1.463 seconds; current allocated memory: 171.836 MB.
INFO: [HLS 200-111] Finished Updating report files: CPU user time: 0 seconds. CPU system time: 0 seconds. Elapsed time: 0.596 seconds; current allocated memory: 176.831 MB.
INFO: [VHDL 208-304] Generating VHDL RTL for conv2d.
INFO: [VLOG 209-307] Generating Verilog RTL for conv2d.
INFO: [HLS 200-790] **** Loop Constraint Status: All loop constraints were satisfied.
INFO: [HLS 200-789] **** Estimated Fmax: 117.51 MHz
INFO: [HLS 200-111] Finished Command csynth_design CPU user time: 5 seconds. CPU system time: 0 seconds. Elapsed time: 12.933 seconds; current allocated memory: 176.817 MB.
INFO: [HLS 200-112] Total CPU user time: 6 seconds. Total CPU system time: 1 seconds. Total elapsed time: 14.233 seconds; peak allocated memory: 561.602 MB.
==============================================================
Vitis HLS - High-Level Synthesis from C, C++ and OpenCL v2021.1 (64-bit)
Copyright 1986-2021 Xilinx, Inc. All Rights Reserved.
==============================================================
INFO: [SYN 201-201] Setting up clock 'default' with a period of 10ns.
INFO: [SYN 201-201] Setting up clock 'default' with an uncertainty of 1.25ns.
INFO: [HLS 200-1611] Setting target device to 'xc7z020-clg400-1'
INFO: [HLS 200-1505] Using flow_target 'vivado'
INFO: [HLS 200-1464] Running solution command: config_export -format=ip_catalog
INFO: [HLS 200-1464] Running solution command: config_export -output=D:/IITMadrasICS/1-2/EE5332Project/conv2dfloat.zip
INFO: [HLS 200-1464] Running solution command: config_export -rtl=verilog
INFO: [HLS 200-1510] Running: set_part xc7z020-clg400-1 
INFO: [HLS 200-1510] Running: create_clock -period 10 -name default 
INFO: [HLS 200-1510] Running: config_export -format ip_catalog -output D:/IITMadrasICS/1-2/EE5332Project/conv2dfloat.zip -rtl verilog 
INFO: [HLS 200-1510] Running: set_clock_uncertainty 1.25 
INFO: [HLS 200-1510] Running: set_directive_top -name conv2d conv2d 
INFO: [HLS 200-1510] Running: set_directive_array_partition -type complete -dim 0 conv2d kernel_in 
INFO: [HLS 200-1510] Running: set_directive_loop_tripcount -min 66 -max 130 conv2d/ROW_SLIDE 
INFO: [HLS 200-1510] Running: set_directive_loop_tripcount -min 66 -max 130 conv2d/COL_SLIDE 
INFO: [HLS 200-1510] Running: set_directive_pipeline -II 1 conv2d 
INFO: [HLS 200-1510] Running: csynth_design 
INFO: [HLS 200-111] Finished File checks and directory preparation: CPU user time: 0 seconds. CPU system time: 0 seconds. Elapsed time: 0.052 seconds; current allocated memory: 1007.268 MB.
INFO: [HLS 200-10] Analyzing design file 'twodconv.cpp' ... 
WARNING: [HLS 207-5528] Ignore interface attribute or pragma which is not used in top function: twodconv.cpp:25:9
WARNING: [HLS 207-5301] unused parameter 'print': D:/Xilinx/Vitis_HLS/2021.1/common/technology/autopilot\ap_int_base.h:792:16
INFO: [HLS 200-111] Finished Source Code Analysis and Preprocessing: CPU user time: 2 seconds. CPU system time: 0 seconds. Elapsed time: 4.48 seconds; current allocated memory: 117.432 MB.
INFO: [HLS 200-777] Using interface defaults for 'Vivado' flow target.
INFO: [HLS 214-279] Initial Interval estimation mode is set into default.
INFO: [HLS 214-284] Auto array partition mode is set into default.
INFO: [HLS 214-131] Inlining function 'hls::axis<ap_int<32>, 1ul, 1ul, 1ul>::get_user_ptr()' into 'hls::stream<hls::axis<ap_int<32>, 1ul, 1ul, 1ul>, 0>::read()' (D:/Xilinx/Vitis_HLS/2021.1/common/technology/autopilot\ap_axi_sdata.h:293:50)
INFO: [HLS 214-131] Inlining function 'hls::axis<ap_int<32>, 1ul, 1ul, 1ul>::get_dest_ptr()' into 'hls::stream<hls::axis<ap_int<32>, 1ul, 1ul, 1ul>, 0>::read()' (D:/Xilinx/Vitis_HLS/2021.1/common/technology/autopilot\ap_axi_sdata.h:296:25)
INFO: [HLS 214-131] Inlining function 'hls::axis<ap_int<32>, 1ul, 1ul, 1ul>::get_id_ptr()' into 'hls::stream<hls::axis<ap_int<32>, 1ul, 1ul, 1ul>, 0>::read()' (D:/Xilinx/Vitis_HLS/2021.1/common/technology/autopilot\ap_axi_sdata.h:295:67)
INFO: [HLS 214-131] Inlining function 'hls::axis<ap_int<32>, 1ul, 1ul, 1ul>::get_user_ptr()' into 'hls::stream<hls::axis<ap_int<32>, 1ul, 1ul, 1ul>, 0>::read()' (D:/Xilinx/Vitis_HLS/2021.1/common/technology/autopilot\ap_axi_sdata.h:295:36)
INFO: [HLS 214-131] Inlining function 'hls::axis<ap_int<32>, 1ul, 1ul, 1ul>::get_dest_ptr()' into 'hls::stream<hls::axis<ap_int<32>, 1ul, 1ul, 1ul>, 0>::read()' (D:/Xilinx/Vitis_HLS/2021.1/common/technology/autopilot\ap_axi_sdata.h:294:39)
INFO: [HLS 214-131] Inlining function 'hls::axis<ap_int<32>, 1ul, 1ul, 1ul>::get_id_ptr()' into 'hls::stream<hls::axis<ap_int<32>, 1ul, 1ul, 1ul>, 0>::read()' (D:/Xilinx/Vitis_HLS/2021.1/common/technology/autopilot\ap_axi_sdata.h:294:23)
INFO: [HLS 214-131] Inlining function 'ap_int_base<32, true>::operator long long() const' into 'unpack(ap_int<32>)' (twodconv.cpp:6:23)
INFO: [HLS 214-131] Inlining function 'hls::axis<ap_int<32>, 1ul, 1ul, 1ul>::get_user_ptr()' into 'hls::stream<hls::axis<ap_int<32>, 1ul, 1ul, 1ul>, 0>::write(hls::axis<ap_int<32>, 1ul, 1ul, 1ul> const&)' (D:/Xilinx/Vitis_HLS/2021.1/common/technology/autopilot\ap_axi_sdata.h:304:51)
INFO: [HLS 214-131] Inlining function 'hls::axis<ap_int<32>, 1ul, 1ul, 1ul>::get_dest_ptr()' into 'hls::stream<hls::axis<ap_int<32>, 1ul, 1ul, 1ul>, 0>::write(hls::axis<ap_int<32>, 1ul, 1ul, 1ul> const&)' (D:/Xilinx/Vitis_HLS/2021.1/common/technology/autopilot\ap_axi_sdata.h:307:26)
INFO: [HLS 214-131] Inlining function 'hls::axis<ap_int<32>, 1ul, 1ul, 1ul>::get_id_ptr()' into 'hls::stream<hls::axis<ap_int<32>, 1ul, 1ul, 1ul>, 0>::write(hls::axis<ap_int<32>, 1ul, 1ul, 1ul> const&)' (D:/Xilinx/Vitis_HLS/2021.1/common/technology/autopilot\ap_axi_sdata.h:306:68)
INFO: [HLS 214-131] Inlining function 'hls::axis<ap_int<32>, 1ul, 1ul, 1ul>::get_user_ptr()' into 'hls::stream<hls::axis<ap_int<32>, 1ul, 1ul, 1ul>, 0>::write(hls::axis<ap_int<32>, 1ul, 1ul, 1ul> const&)' (D:/Xilinx/Vitis_HLS/2021.1/common/technology/autopilot\ap_axi_sdata.h:306:37)
INFO: [HLS 214-131] Inlining function 'hls::axis<ap_int<32>, 1ul, 1ul, 1ul>::get_dest_ptr()' into 'hls::stream<hls::axis<ap_int<32>, 1ul, 1ul, 1ul>, 0>::write(hls::axis<ap_int<32>, 1ul, 1ul, 1ul> const&)' (D:/Xilinx/Vitis_HLS/2021.1/common/technology/autopilot\ap_axi_sdata.h:305:40)
INFO: [HLS 214-131] Inlining function 'hls::axis<ap_int<32>, 1ul, 1ul, 1ul>::get_id_ptr()' into 'hls::stream<hls::axis<ap_int<32>, 1ul, 1ul, 1ul>, 0>::write(hls::axis<ap_int<32>, 1ul, 1ul, 1ul> const&)' (D:/Xilinx/Vitis_HLS/2021.1/common/technology/autopilot\ap_axi_sdata.h:305:24)
INFO: [HLS 214-131] Inlining function 'hls::stream<hls::axis<ap_int<32>, 1ul, 1ul, 1ul>, 0>::read()' into 'conv2d(hls::stream<hls::axis<ap_int<32>, 1ul, 1ul, 1ul>, 0>&, hls::stream<hls::axis<ap_int<32>, 1ul, 1ul, 1ul>, 0>&, float (*) [3], int)' (twodconv.cpp:57:36)
INFO: [HLS 214-131] Inlining function 'hls::stream<hls::axis<ap_int<32>, 1ul, 1ul, 1ul>, 0>::write(hls::axis<ap_int<32>, 1ul, 1ul, 1ul> const&)' into 'conv2d(hls::stream<hls::axis<ap_int<32>, 1ul, 1ul, 1ul>, 0>&, hls::stream<hls::axis<ap_int<32>, 1ul, 1ul, 1ul>, 0>&, float (*) [3], int)' (twodconv.cpp:93:28)
INFO: [HLS 214-178] Inlining function 'unpack(ap_int<32>)' into 'conv2d(hls::stream<hls::axis<ap_int<32>, 1ul, 1ul, 1ul>, 0>&, hls::stream<hls::axis<ap_int<32>, 1ul, 1ul, 1ul>, 0>&, float (*) [3], int)' (twodconv.cpp:20:0)
INFO: [HLS 214-178] Inlining function 'pack(float)' into 'conv2d(hls::stream<hls::axis<ap_int<32>, 1ul, 1ul, 1ul>, 0>&, hls::stream<hls::axis<ap_int<32>, 1ul, 1ul, 1ul>, 0>&, float (*) [3], int)' (twodconv.cpp:20:0)
INFO: [HLS 214-248] Applying array_partition to 'kernel_in': Complete partitioning on dimension 1. Complete partitioning on dimension 2. (twodconv.cpp:20:0)
INFO: [HLS 214-270] Starting automatic array partition analysis...
INFO: [HLS 200-111] Finished Compiling Optimization and Transform: CPU user time: 0 seconds. CPU system time: 0 seconds. Elapsed time: 4.642 seconds; current allocated memory: 119.536 MB.
INFO: [HLS 200-111] Finished Checking Pragmas: CPU user time: 0 seconds. CPU system time: 0 seconds. Elapsed time: 0.024 seconds; current allocated memory: 119.537 MB.
INFO: [HLS 200-10] Starting code transformations ...
INFO: [HLS 200-111] Finished Standard Transforms: CPU user time: 0 seconds. CPU system time: 0 seconds. Elapsed time: 0.256 seconds; current allocated memory: 126.422 MB.
INFO: [HLS 200-10] Checking synthesizability ...
INFO: [HLS 200-111] Finished Checking Synthesizability: CPU user time: 0 seconds. CPU system time: 0 seconds. Elapsed time: 0.135 seconds; current allocated memory: 134.765 MB.
WARNING: [XFORM 203-803] Dropped interface mode 'ap_auto' on 'kernel_in_0_0' as it is incompatible with its interface mode 's_axilite'.
WARNING: [XFORM 203-803] Dropped interface mode 'ap_auto' on 'kernel_in_0_1' as it is incompatible with its interface mode 's_axilite'.
WARNING: [XFORM 203-803] Dropped interface mode 'ap_auto' on 'kernel_in_0_2' as it is incompatible with its interface mode 's_axilite'.
WARNING: [XFORM 203-803] Dropped interface mode 'ap_auto' on 'kernel_in_1_0' as it is incompatible with its interface mode 's_axilite'.
WARNING: [XFORM 203-803] Dropped interface mode 'ap_auto' on 'kernel_in_1_1' as it is incompatible with its interface mode 's_axilite'.
WARNING: [XFORM 203-803] Dropped interface mode 'ap_auto' on 'kernel_in_1_2' as it is incompatible with its interface mode 's_axilite'.
WARNING: [XFORM 203-803] Dropped interface mode 'ap_auto' on 'kernel_in_2_0' as it is incompatible with its interface mode 's_axilite'.
WARNING: [XFORM 203-803] Dropped interface mode 'ap_auto' on 'kernel_in_2_1' as it is incompatible with its interface mode 's_axilite'.
WARNING: [XFORM 203-803] Dropped interface mode 'ap_auto' on 'kernel_in_2_2' as it is incompatible with its interface mode 's_axilite'.
INFO: [XFORM 203-502] Unrolling all loops for pipelining in function 'conv2d' (twodconv.cpp:7:47).
WARNING: [HLS 200-936] Cannot unroll loop 'ROW_SLIDE' (twodconv.cpp:41) in function 'conv2d': cannot completely unroll a loop with a variable trip count.
WARNING: [HLS 200-936] Cannot unroll loop 'COL_SLIDE' (twodconv.cpp:43) in function 'conv2d': cannot completely unroll a loop with a variable trip count.
INFO: [HLS 200-489] Unrolling loop 'UPDATE_WINDOW_ROW' (twodconv.cpp:46) in function 'conv2d' completely with a factor of 3.
INFO: [HLS 200-489] Unrolling loop 'UPDATE_WINDOW_COL' (twodconv.cpp:48) in function 'conv2d' completely with a factor of 2.
INFO: [HLS 200-489] Unrolling loop 'UPDATE_BUF' (twodconv.cpp:61) in function 'conv2d' completely with a factor of 2.
INFO: [HLS 200-489] Unrolling loop 'MACi' (twodconv.cpp:37) in function 'conv2d' completely with a factor of 3.
INFO: [HLS 200-489] Unrolling loop 'MACj' (twodconv.cpp:37) in function 'conv2d' completely with a factor of 3.
INFO: [XFORM 203-101] Partitioning array 'line_buf'  in dimension 1 completely.
INFO: [XFORM 203-101] Partitioning array 'window'  in dimension 1 completely.
INFO: [XFORM 203-102] Automatically partitioning small array 'window.0' completely based on array size.
INFO: [XFORM 203-102] Automatically partitioning small array 'window.1' completely based on array size.
INFO: [XFORM 203-102] Automatically partitioning small array 'window.2' completely based on array size.
INFO: [XFORM 203-101] Partitioning array 'window.0' in dimension 1 completely.
INFO: [XFORM 203-101] Partitioning array 'window.1' in dimension 1 completely.
INFO: [XFORM 203-101] Partitioning array 'window.2' in dimension 1 completely.
INFO: [XFORM 203-11] Balancing expressions in function 'conv2d' (twodconv.cpp:7:47)...3 expression(s) balanced.
INFO: [HLS 200-111] Finished Loop, function and other optimizations: CPU user time: 1 seconds. CPU system time: 0 seconds. Elapsed time: 0.588 seconds; current allocated memory: 165.275 MB.
INFO: [HLS 200-472] Inferring partial write operation for 'line_buf.0' (twodconv.cpp:66:38)
INFO: [HLS 200-111] Finished Architecture Synthesis: CPU user time: 0 seconds. CPU system time: 0 seconds. Elapsed time: 0.143 seconds; current allocated memory: 162.710 MB.
INFO: [HLS 200-10] Starting hardware synthesis ...
INFO: [HLS 200-10] Synthesizing 'conv2d' ...
INFO: [HLS 200-10] ----------------------------------------------------------------
INFO: [HLS 200-42] -- Implementing module 'conv2d' 
INFO: [HLS 200-10] ----------------------------------------------------------------
INFO: [SCHED 204-11] Starting scheduling ...
WARNING: [SCHED 204-65] Unable to satisfy pipeline directive for function 'conv2d': contains subloop(s) that are not unrolled.
WARNING: [SCHED 204-65] Unable to satisfy pipeline directive for function 'conv2d': contains subloop(s) that are not unrolled.
INFO: [SCHED 204-11] Finished scheduling.
INFO: [HLS 200-111] Finished Scheduling: CPU user time: 0 seconds. CPU system time: 0 seconds. Elapsed time: 0.444 seconds; current allocated memory: 163.267 MB.
INFO: [BIND 205-100] Starting micro-architecture generation ...
INFO: [BIND 205-101] Performing variable lifetime analysis.
INFO: [BIND 205-101] Exploring resource sharing.
INFO: [BIND 205-101] Binding ...
INFO: [BIND 205-100] Finished micro-architecture generation.
INFO: [HLS 200-111] Finished Binding: CPU user time: 0 seconds. CPU system time: 0 seconds. Elapsed time: 0.345 seconds; current allocated memory: 163.977 MB.
INFO: [HLS 200-10] ----------------------------------------------------------------
INFO: [HLS 200-10] -- Generating RTL for module 'conv2d' 
INFO: [HLS 200-10] ----------------------------------------------------------------
WARNING: [RTGEN 206-101] Design contains AXI ports. Reset is fixed to synchronous and active low.
INFO: [RTGEN 206-500] Setting interface mode on port 'conv2d/in_stream_V_data_V' to 'axis' (register, both mode).
INFO: [RTGEN 206-500] Setting interface mode on port 'conv2d/in_stream_V_keep_V' to 'axis' (register, both mode).
INFO: [RTGEN 206-500] Setting interface mode on port 'conv2d/in_stream_V_strb_V' to 'axis' (register, both mode).
INFO: [RTGEN 206-500] Setting interface mode on port 'conv2d/in_stream_V_user_V' to 'axis' (register, both mode).
INFO: [RTGEN 206-500] Setting interface mode on port 'conv2d/in_stream_V_last_V' to 'axis' (register, both mode).
INFO: [RTGEN 206-500] Setting interface mode on port 'conv2d/in_stream_V_id_V' to 'axis' (register, both mode).
INFO: [RTGEN 206-500] Setting interface mode on port 'conv2d/in_stream_V_dest_V' to 'axis' (register, both mode).
INFO: [RTGEN 206-500] Setting interface mode on port 'conv2d/out_stream_V_data_V' to 'axis' (register, both mode).
INFO: [RTGEN 206-500] Setting interface mode on port 'conv2d/out_stream_V_keep_V' to 'axis' (register, both mode).
INFO: [RTGEN 206-500] Setting interface mode on port 'conv2d/out_stream_V_strb_V' to 'axis' (register, both mode).
INFO: [RTGEN 206-500] Setting interface mode on port 'conv2d/out_stream_V_user_V' to 'axis' (register, both mode).
INFO: [RTGEN 206-500] Setting interface mode on port 'conv2d/out_stream_V_last_V' to 'axis' (register, both mode).
INFO: [RTGEN 206-500] Setting interface mode on port 'conv2d/out_stream_V_id_V' to 'axis' (register, both mode).
INFO: [RTGEN 206-500] Setting interface mode on port 'conv2d/out_stream_V_dest_V' to 'axis' (register, both mode).
INFO: [RTGEN 206-500] Setting interface mode on port 'conv2d/kernel_in_0_0' to 's_axilite & ap_none'.
INFO: [RTGEN 206-500] Setting interface mode on port 'conv2d/kernel_in_0_1' to 's_axilite & ap_none'.
INFO: [RTGEN 206-500] Setting interface mode on port 'conv2d/kernel_in_0_2' to 's_axilite & ap_none'.
INFO: [RTGEN 206-500] Setting interface mode on port 'conv2d/kernel_in_1_0' to 's_axilite & ap_none'.
INFO: [RTGEN 206-500] Setting interface mode on port 'conv2d/kernel_in_1_1' to 's_axilite & ap_none'.
INFO: [RTGEN 206-500] Setting interface mode on port 'conv2d/kernel_in_1_2' to 's_axilite & ap_none'.
INFO: [RTGEN 206-500] Setting interface mode on port 'conv2d/kernel_in_2_0' to 's_axilite & ap_none'.
INFO: [RTGEN 206-500] Setting interface mode on port 'conv2d/kernel_in_2_1' to 's_axilite & ap_none'.
INFO: [RTGEN 206-500] Setting interface mode on port 'conv2d/kernel_in_2_2' to 's_axilite & ap_none'.
INFO: [RTGEN 206-500] Setting interface mode on port 'conv2d/img_size' to 's_axilite & ap_none'.
INFO: [RTGEN 206-500] Setting interface mode on function 'conv2d' to 's_axilite & ap_ctrl_hs'.
WARNING: [RTGEN 206-101] Register 'window_0_1' is power-on initialization.
WARNING: [RTGEN 206-101] Register 'window_1_1' is power-on initialization.
WARNING: [RTGEN 206-101] Register 'window_2_1' is power-on initialization.
WARNING: [RTGEN 206-101] Register 'window_0_2' is power-on initialization.
WARNING: [RTGEN 206-101] Register 'window_1_2' is power-on initialization.
WARNING: [RTGEN 206-101] Register 'window_2_2' is power-on initialization.
INFO: [RTGEN 206-100] Bundling port 'kernel_in_0_0', 'kernel_in_0_1', 'kernel_in_0_2', 'kernel_in_1_0', 'kernel_in_1_1', 'kernel_in_1_2', 'kernel_in_2_0', 'kernel_in_2_1', 'kernel_in_2_2', 'img_size' and 'return' to AXI-Lite port control.
INFO: [RTGEN 206-100] Generating core module 'fadd_32ns_32ns_32_5_full_dsp_1': 1 instance(s).
INFO: [RTGEN 206-100] Generating core module 'fmul_32ns_32ns_32_4_max_dsp_1': 2 instance(s).
INFO: [RTGEN 206-100] Finished creating RTL model for 'conv2d'.
INFO: [HLS 200-111] Finished Creating RTL model: CPU user time: 1 seconds. CPU system time: 0 seconds. Elapsed time: 0.738 seconds; current allocated memory: 165.496 MB.
INFO: [RTMG 210-278] Implementing memory 'conv2d_line_buf_0_ram (RAM_2P_BRAM)' using block RAMs with power-on initialization.
INFO: [HLS 200-111] Finished Generating all RTL models: CPU user time: 0 seconds. CPU system time: 0 seconds. Elapsed time: 0.999 seconds; current allocated memory: 170.020 MB.
INFO: [HLS 200-111] Finished Updating report files: CPU user time: 1 seconds. CPU system time: 0 seconds. Elapsed time: 0.612 seconds; current allocated memory: 175.043 MB.
INFO: [VHDL 208-304] Generating VHDL RTL for conv2d.
INFO: [VLOG 209-307] Generating Verilog RTL for conv2d.
INFO: [HLS 200-790] **** Loop Constraint Status: All loop constraints were satisfied.
INFO: [HLS 200-789] **** Estimated Fmax: 137.82 MHz
INFO: [HLS 200-111] Finished Command csynth_design CPU user time: 5 seconds. CPU system time: 0 seconds. Elapsed time: 13.543 seconds; current allocated memory: 175.029 MB.
INFO: [HLS 200-112] Total CPU user time: 6 seconds. Total CPU system time: 1 seconds. Total elapsed time: 14.908 seconds; peak allocated memory: 1007.268 MB.
==============================================================
Vitis HLS - High-Level Synthesis from C, C++ and OpenCL v2021.1 (64-bit)
Copyright 1986-2021 Xilinx, Inc. All Rights Reserved.
==============================================================
INFO: [SYN 201-201] Setting up clock 'default' with a period of 10ns.
INFO: [SYN 201-201] Setting up clock 'default' with an uncertainty of 1.25ns.
INFO: [HLS 200-1611] Setting target device to 'xc7z020-clg400-1'
INFO: [HLS 200-1505] Using flow_target 'vivado'
INFO: [HLS 200-1464] Running solution command: config_export -format=ip_catalog
INFO: [HLS 200-1464] Running solution command: config_export -output=D:/IITMadrasICS/1-2/EE5332Project/conv2dfloat.zip
INFO: [HLS 200-1464] Running solution command: config_export -rtl=verilog
INFO: [HLS 200-1510] Running: set_part xc7z020-clg400-1 
INFO: [HLS 200-1510] Running: create_clock -period 10 -name default 
INFO: [HLS 200-1510] Running: config_export -format ip_catalog -output D:/IITMadrasICS/1-2/EE5332Project/conv2dfloat.zip -rtl verilog 
INFO: [HLS 200-1510] Running: set_clock_uncertainty 1.25 
INFO: [HLS 200-1510] Running: set_directive_top -name conv2d conv2d 
INFO: [HLS 200-1510] Running: set_directive_array_partition -type complete -dim 0 conv2d kernel_in 
INFO: [HLS 200-1510] Running: set_directive_loop_tripcount -min 66 -max 130 conv2d/ROW_SLIDE 
INFO: [HLS 200-1510] Running: set_directive_loop_tripcount -min 66 -max 130 conv2d/COL_SLIDE 
INFO: [HLS 200-1510] Running: set_directive_pipeline -II 1 conv2d/COL_SLIDE 
INFO: [HLS 200-1510] Running: csynth_design 
INFO: [HLS 200-111] Finished File checks and directory preparation: CPU user time: 0 seconds. CPU system time: 0 seconds. Elapsed time: 0.054 seconds; current allocated memory: 1007.268 MB.
INFO: [HLS 200-10] Analyzing design file 'twodconv.cpp' ... 
WARNING: [HLS 207-5528] Ignore interface attribute or pragma which is not used in top function: twodconv.cpp:25:9
WARNING: [HLS 207-5301] unused parameter 'print': D:/Xilinx/Vitis_HLS/2021.1/common/technology/autopilot\ap_int_base.h:792:16
INFO: [HLS 200-111] Finished Source Code Analysis and Preprocessing: CPU user time: 2 seconds. CPU system time: 0 seconds. Elapsed time: 4.805 seconds; current allocated memory: 117.432 MB.
INFO: [HLS 200-777] Using interface defaults for 'Vivado' flow target.
INFO: [HLS 214-279] Initial Interval estimation mode is set into default.
INFO: [HLS 214-284] Auto array partition mode is set into default.
INFO: [HLS 214-131] Inlining function 'hls::axis<ap_int<32>, 1ul, 1ul, 1ul>::get_user_ptr()' into 'hls::stream<hls::axis<ap_int<32>, 1ul, 1ul, 1ul>, 0>::read()' (D:/Xilinx/Vitis_HLS/2021.1/common/technology/autopilot\ap_axi_sdata.h:293:50)
INFO: [HLS 214-131] Inlining function 'hls::axis<ap_int<32>, 1ul, 1ul, 1ul>::get_dest_ptr()' into 'hls::stream<hls::axis<ap_int<32>, 1ul, 1ul, 1ul>, 0>::read()' (D:/Xilinx/Vitis_HLS/2021.1/common/technology/autopilot\ap_axi_sdata.h:296:25)
INFO: [HLS 214-131] Inlining function 'hls::axis<ap_int<32>, 1ul, 1ul, 1ul>::get_id_ptr()' into 'hls::stream<hls::axis<ap_int<32>, 1ul, 1ul, 1ul>, 0>::read()' (D:/Xilinx/Vitis_HLS/2021.1/common/technology/autopilot\ap_axi_sdata.h:295:67)
INFO: [HLS 214-131] Inlining function 'hls::axis<ap_int<32>, 1ul, 1ul, 1ul>::get_user_ptr()' into 'hls::stream<hls::axis<ap_int<32>, 1ul, 1ul, 1ul>, 0>::read()' (D:/Xilinx/Vitis_HLS/2021.1/common/technology/autopilot\ap_axi_sdata.h:295:36)
INFO: [HLS 214-131] Inlining function 'hls::axis<ap_int<32>, 1ul, 1ul, 1ul>::get_dest_ptr()' into 'hls::stream<hls::axis<ap_int<32>, 1ul, 1ul, 1ul>, 0>::read()' (D:/Xilinx/Vitis_HLS/2021.1/common/technology/autopilot\ap_axi_sdata.h:294:39)
INFO: [HLS 214-131] Inlining function 'hls::axis<ap_int<32>, 1ul, 1ul, 1ul>::get_id_ptr()' into 'hls::stream<hls::axis<ap_int<32>, 1ul, 1ul, 1ul>, 0>::read()' (D:/Xilinx/Vitis_HLS/2021.1/common/technology/autopilot\ap_axi_sdata.h:294:23)
INFO: [HLS 214-131] Inlining function 'ap_int_base<32, true>::operator long long() const' into 'unpack(ap_int<32>)' (twodconv.cpp:6:23)
INFO: [HLS 214-131] Inlining function 'hls::axis<ap_int<32>, 1ul, 1ul, 1ul>::get_user_ptr()' into 'hls::stream<hls::axis<ap_int<32>, 1ul, 1ul, 1ul>, 0>::write(hls::axis<ap_int<32>, 1ul, 1ul, 1ul> const&)' (D:/Xilinx/Vitis_HLS/2021.1/common/technology/autopilot\ap_axi_sdata.h:304:51)
INFO: [HLS 214-131] Inlining function 'hls::axis<ap_int<32>, 1ul, 1ul, 1ul>::get_dest_ptr()' into 'hls::stream<hls::axis<ap_int<32>, 1ul, 1ul, 1ul>, 0>::write(hls::axis<ap_int<32>, 1ul, 1ul, 1ul> const&)' (D:/Xilinx/Vitis_HLS/2021.1/common/technology/autopilot\ap_axi_sdata.h:307:26)
INFO: [HLS 214-131] Inlining function 'hls::axis<ap_int<32>, 1ul, 1ul, 1ul>::get_id_ptr()' into 'hls::stream<hls::axis<ap_int<32>, 1ul, 1ul, 1ul>, 0>::write(hls::axis<ap_int<32>, 1ul, 1ul, 1ul> const&)' (D:/Xilinx/Vitis_HLS/2021.1/common/technology/autopilot\ap_axi_sdata.h:306:68)
INFO: [HLS 214-131] Inlining function 'hls::axis<ap_int<32>, 1ul, 1ul, 1ul>::get_user_ptr()' into 'hls::stream<hls::axis<ap_int<32>, 1ul, 1ul, 1ul>, 0>::write(hls::axis<ap_int<32>, 1ul, 1ul, 1ul> const&)' (D:/Xilinx/Vitis_HLS/2021.1/common/technology/autopilot\ap_axi_sdata.h:306:37)
INFO: [HLS 214-131] Inlining function 'hls::axis<ap_int<32>, 1ul, 1ul, 1ul>::get_dest_ptr()' into 'hls::stream<hls::axis<ap_int<32>, 1ul, 1ul, 1ul>, 0>::write(hls::axis<ap_int<32>, 1ul, 1ul, 1ul> const&)' (D:/Xilinx/Vitis_HLS/2021.1/common/technology/autopilot\ap_axi_sdata.h:305:40)
INFO: [HLS 214-131] Inlining function 'hls::axis<ap_int<32>, 1ul, 1ul, 1ul>::get_id_ptr()' into 'hls::stream<hls::axis<ap_int<32>, 1ul, 1ul, 1ul>, 0>::write(hls::axis<ap_int<32>, 1ul, 1ul, 1ul> const&)' (D:/Xilinx/Vitis_HLS/2021.1/common/technology/autopilot\ap_axi_sdata.h:305:24)
INFO: [HLS 214-131] Inlining function 'hls::stream<hls::axis<ap_int<32>, 1ul, 1ul, 1ul>, 0>::read()' into 'conv2d(hls::stream<hls::axis<ap_int<32>, 1ul, 1ul, 1ul>, 0>&, hls::stream<hls::axis<ap_int<32>, 1ul, 1ul, 1ul>, 0>&, float (*) [3], int)' (twodconv.cpp:57:36)
INFO: [HLS 214-131] Inlining function 'hls::stream<hls::axis<ap_int<32>, 1ul, 1ul, 1ul>, 0>::write(hls::axis<ap_int<32>, 1ul, 1ul, 1ul> const&)' into 'conv2d(hls::stream<hls::axis<ap_int<32>, 1ul, 1ul, 1ul>, 0>&, hls::stream<hls::axis<ap_int<32>, 1ul, 1ul, 1ul>, 0>&, float (*) [3], int)' (twodconv.cpp:93:28)
INFO: [HLS 214-178] Inlining function 'unpack(ap_int<32>)' into 'conv2d(hls::stream<hls::axis<ap_int<32>, 1ul, 1ul, 1ul>, 0>&, hls::stream<hls::axis<ap_int<32>, 1ul, 1ul, 1ul>, 0>&, float (*) [3], int)' (twodconv.cpp:20:0)
INFO: [HLS 214-178] Inlining function 'pack(float)' into 'conv2d(hls::stream<hls::axis<ap_int<32>, 1ul, 1ul, 1ul>, 0>&, hls::stream<hls::axis<ap_int<32>, 1ul, 1ul, 1ul>, 0>&, float (*) [3], int)' (twodconv.cpp:20:0)
INFO: [HLS 214-248] Applying array_partition to 'kernel_in': Complete partitioning on dimension 1. Complete partitioning on dimension 2. (twodconv.cpp:20:0)
INFO: [HLS 214-270] Starting automatic array partition analysis...
INFO: [HLS 200-111] Finished Compiling Optimization and Transform: CPU user time: 0 seconds. CPU system time: 0 seconds. Elapsed time: 4.706 seconds; current allocated memory: 119.536 MB.
INFO: [HLS 200-111] Finished Checking Pragmas: CPU user time: 0 seconds. CPU system time: 0 seconds. Elapsed time: 0.015 seconds; current allocated memory: 119.537 MB.
INFO: [HLS 200-10] Starting code transformations ...
INFO: [HLS 200-111] Finished Standard Transforms: CPU user time: 0 seconds. CPU system time: 0 seconds. Elapsed time: 0.255 seconds; current allocated memory: 126.423 MB.
INFO: [HLS 200-10] Checking synthesizability ...
INFO: [HLS 200-111] Finished Checking Synthesizability: CPU user time: 1 seconds. CPU system time: 0 seconds. Elapsed time: 0.142 seconds; current allocated memory: 134.766 MB.
WARNING: [XFORM 203-803] Dropped interface mode 'ap_auto' on 'kernel_in_0_0' as it is incompatible with its interface mode 's_axilite'.
WARNING: [XFORM 203-803] Dropped interface mode 'ap_auto' on 'kernel_in_0_1' as it is incompatible with its interface mode 's_axilite'.
WARNING: [XFORM 203-803] Dropped interface mode 'ap_auto' on 'kernel_in_0_2' as it is incompatible with its interface mode 's_axilite'.
WARNING: [XFORM 203-803] Dropped interface mode 'ap_auto' on 'kernel_in_1_0' as it is incompatible with its interface mode 's_axilite'.
WARNING: [XFORM 203-803] Dropped interface mode 'ap_auto' on 'kernel_in_1_1' as it is incompatible with its interface mode 's_axilite'.
WARNING: [XFORM 203-803] Dropped interface mode 'ap_auto' on 'kernel_in_1_2' as it is incompatible with its interface mode 's_axilite'.
WARNING: [XFORM 203-803] Dropped interface mode 'ap_auto' on 'kernel_in_2_0' as it is incompatible with its interface mode 's_axilite'.
WARNING: [XFORM 203-803] Dropped interface mode 'ap_auto' on 'kernel_in_2_1' as it is incompatible with its interface mode 's_axilite'.
WARNING: [XFORM 203-803] Dropped interface mode 'ap_auto' on 'kernel_in_2_2' as it is incompatible with its interface mode 's_axilite'.
INFO: [XFORM 203-502] Unrolling all sub-loops inside loop 'COL_SLIDE' (twodconv.cpp:43) in function 'conv2d' for pipelining.
INFO: [HLS 200-489] Unrolling loop 'UPDATE_WINDOW_ROW' (twodconv.cpp:46) in function 'conv2d' completely with a factor of 3.
INFO: [HLS 200-489] Unrolling loop 'UPDATE_WINDOW_COL' (twodconv.cpp:48) in function 'conv2d' completely with a factor of 2.
INFO: [HLS 200-489] Unrolling loop 'UPDATE_BUF' (twodconv.cpp:61) in function 'conv2d' completely with a factor of 2.
INFO: [HLS 200-489] Unrolling loop 'MACi' (twodconv.cpp:37) in function 'conv2d' completely with a factor of 3.
INFO: [HLS 200-489] Unrolling loop 'MACj' (twodconv.cpp:37) in function 'conv2d' completely with a factor of 3.
INFO: [XFORM 203-101] Partitioning array 'line_buf'  in dimension 1 completely.
INFO: [XFORM 203-101] Partitioning array 'window'  in dimension 1 completely.
INFO: [XFORM 203-102] Automatically partitioning small array 'window.0' completely based on array size.
INFO: [XFORM 203-102] Automatically partitioning small array 'window.1' completely based on array size.
INFO: [XFORM 203-102] Automatically partitioning small array 'window.2' completely based on array size.
INFO: [XFORM 203-101] Partitioning array 'window.0' in dimension 1 completely.
INFO: [XFORM 203-101] Partitioning array 'window.1' in dimension 1 completely.
INFO: [XFORM 203-101] Partitioning array 'window.2' in dimension 1 completely.
INFO: [XFORM 203-11] Balancing expressions in function 'conv2d' (twodconv.cpp:7:47)...3 expression(s) balanced.
INFO: [HLS 200-111] Finished Loop, function and other optimizations: CPU user time: 0 seconds. CPU system time: 0 seconds. Elapsed time: 0.483 seconds; current allocated memory: 165.277 MB.
INFO: [XFORM 203-541] Flattening a loop nest 'ROW_SLIDE' (twodconv.cpp:41:14) in function 'conv2d'.
INFO: [HLS 200-472] Inferring partial write operation for 'line_buf.0' (twodconv.cpp:66:38)
INFO: [HLS 200-111] Finished Architecture Synthesis: CPU user time: 0 seconds. CPU system time: 0 seconds. Elapsed time: 0.142 seconds; current allocated memory: 162.725 MB.
INFO: [HLS 200-10] Starting hardware synthesis ...
INFO: [HLS 200-10] Synthesizing 'conv2d' ...
INFO: [HLS 200-10] ----------------------------------------------------------------
INFO: [HLS 200-42] -- Implementing module 'conv2d' 
INFO: [HLS 200-10] ----------------------------------------------------------------
INFO: [SCHED 204-11] Starting scheduling ...
INFO: [SCHED 204-61] Pipelining loop 'ROW_SLIDE_COL_SLIDE'.
INFO: [HLS 200-1470] Pipelining result : Target II = 1, Final II = 1, Depth = 51, loop 'ROW_SLIDE_COL_SLIDE'
INFO: [SCHED 204-11] Finished scheduling.
INFO: [HLS 200-111] Finished Scheduling: CPU user time: 0 seconds. CPU system time: 0 seconds. Elapsed time: 0.445 seconds; current allocated memory: 163.360 MB.
INFO: [BIND 205-100] Starting micro-architecture generation ...
INFO: [BIND 205-101] Performing variable lifetime analysis.
INFO: [BIND 205-101] Exploring resource sharing.
INFO: [BIND 205-101] Binding ...
INFO: [BIND 205-100] Finished micro-architecture generation.
INFO: [HLS 200-111] Finished Binding: CPU user time: 0 seconds. CPU system time: 0 seconds. Elapsed time: 0.389 seconds; current allocated memory: 164.254 MB.
INFO: [HLS 200-10] ----------------------------------------------------------------
INFO: [HLS 200-10] -- Generating RTL for module 'conv2d' 
INFO: [HLS 200-10] ----------------------------------------------------------------
WARNING: [RTGEN 206-101] Design contains AXI ports. Reset is fixed to synchronous and active low.
INFO: [RTGEN 206-500] Setting interface mode on port 'conv2d/in_stream_V_data_V' to 'axis' (register, both mode).
INFO: [RTGEN 206-500] Setting interface mode on port 'conv2d/in_stream_V_keep_V' to 'axis' (register, both mode).
INFO: [RTGEN 206-500] Setting interface mode on port 'conv2d/in_stream_V_strb_V' to 'axis' (register, both mode).
INFO: [RTGEN 206-500] Setting interface mode on port 'conv2d/in_stream_V_user_V' to 'axis' (register, both mode).
INFO: [RTGEN 206-500] Setting interface mode on port 'conv2d/in_stream_V_last_V' to 'axis' (register, both mode).
INFO: [RTGEN 206-500] Setting interface mode on port 'conv2d/in_stream_V_id_V' to 'axis' (register, both mode).
INFO: [RTGEN 206-500] Setting interface mode on port 'conv2d/in_stream_V_dest_V' to 'axis' (register, both mode).
INFO: [RTGEN 206-500] Setting interface mode on port 'conv2d/out_stream_V_data_V' to 'axis' (register, both mode).
INFO: [RTGEN 206-500] Setting interface mode on port 'conv2d/out_stream_V_keep_V' to 'axis' (register, both mode).
INFO: [RTGEN 206-500] Setting interface mode on port 'conv2d/out_stream_V_strb_V' to 'axis' (register, both mode).
INFO: [RTGEN 206-500] Setting interface mode on port 'conv2d/out_stream_V_user_V' to 'axis' (register, both mode).
INFO: [RTGEN 206-500] Setting interface mode on port 'conv2d/out_stream_V_last_V' to 'axis' (register, both mode).
INFO: [RTGEN 206-500] Setting interface mode on port 'conv2d/out_stream_V_id_V' to 'axis' (register, both mode).
INFO: [RTGEN 206-500] Setting interface mode on port 'conv2d/out_stream_V_dest_V' to 'axis' (register, both mode).
INFO: [RTGEN 206-500] Setting interface mode on port 'conv2d/kernel_in_0_0' to 's_axilite & ap_none'.
INFO: [RTGEN 206-500] Setting interface mode on port 'conv2d/kernel_in_0_1' to 's_axilite & ap_none'.
INFO: [RTGEN 206-500] Setting interface mode on port 'conv2d/kernel_in_0_2' to 's_axilite & ap_none'.
INFO: [RTGEN 206-500] Setting interface mode on port 'conv2d/kernel_in_1_0' to 's_axilite & ap_none'.
INFO: [RTGEN 206-500] Setting interface mode on port 'conv2d/kernel_in_1_1' to 's_axilite & ap_none'.
INFO: [RTGEN 206-500] Setting interface mode on port 'conv2d/kernel_in_1_2' to 's_axilite & ap_none'.
INFO: [RTGEN 206-500] Setting interface mode on port 'conv2d/kernel_in_2_0' to 's_axilite & ap_none'.
INFO: [RTGEN 206-500] Setting interface mode on port 'conv2d/kernel_in_2_1' to 's_axilite & ap_none'.
INFO: [RTGEN 206-500] Setting interface mode on port 'conv2d/kernel_in_2_2' to 's_axilite & ap_none'.
INFO: [RTGEN 206-500] Setting interface mode on port 'conv2d/img_size' to 's_axilite & ap_none'.
INFO: [RTGEN 206-500] Setting interface mode on function 'conv2d' to 's_axilite & ap_ctrl_hs'.
WARNING: [RTGEN 206-101] Register 'window_0_1' is power-on initialization.
WARNING: [RTGEN 206-101] Register 'window_1_1' is power-on initialization.
WARNING: [RTGEN 206-101] Register 'window_2_1' is power-on initialization.
WARNING: [RTGEN 206-101] Register 'window_0_2' is power-on initialization.
WARNING: [RTGEN 206-101] Register 'window_1_2' is power-on initialization.
WARNING: [RTGEN 206-101] Register 'window_2_2' is power-on initialization.
INFO: [RTGEN 206-100] Bundling port 'kernel_in_0_0', 'kernel_in_0_1', 'kernel_in_0_2', 'kernel_in_1_0', 'kernel_in_1_1', 'kernel_in_1_2', 'kernel_in_2_0', 'kernel_in_2_1', 'kernel_in_2_2', 'img_size' and 'return' to AXI-Lite port control.
INFO: [RTGEN 206-100] Generating core module 'fadd_32ns_32ns_32_5_full_dsp_1': 9 instance(s).
INFO: [RTGEN 206-100] Generating core module 'fmul_32ns_32ns_32_4_max_dsp_1': 9 instance(s).
INFO: [RTGEN 206-100] Generating core module 'mul_32ns_32ns_64_1_1': 1 instance(s).
INFO: [RTGEN 206-100] Finished creating RTL model for 'conv2d'.
INFO: [HLS 200-111] Finished Creating RTL model: CPU user time: 1 seconds. CPU system time: 0 seconds. Elapsed time: 0.89 seconds; current allocated memory: 166.808 MB.
INFO: [RTMG 210-278] Implementing memory 'conv2d_line_buf_0_ram (RAM_2P_BRAM)' using block RAMs with power-on initialization.
INFO: [HLS 200-111] Finished Generating all RTL models: CPU user time: 1 seconds. CPU system time: 0 seconds. Elapsed time: 1.512 seconds; current allocated memory: 171.820 MB.
INFO: [HLS 200-111] Finished Updating report files: CPU user time: 0 seconds. CPU system time: 0 seconds. Elapsed time: 0.627 seconds; current allocated memory: 176.847 MB.
INFO: [VHDL 208-304] Generating VHDL RTL for conv2d.
INFO: [VLOG 209-307] Generating Verilog RTL for conv2d.
INFO: [HLS 200-790] **** Loop Constraint Status: All loop constraints were satisfied.
INFO: [HLS 200-789] **** Estimated Fmax: 117.51 MHz
INFO: [HLS 200-111] Finished Command csynth_design CPU user time: 5 seconds. CPU system time: 0 seconds. Elapsed time: 14.552 seconds; current allocated memory: 176.833 MB.
INFO: [HLS 200-112] Total CPU user time: 6 seconds. Total CPU system time: 1 seconds. Total elapsed time: 15.908 seconds; peak allocated memory: 1007.268 MB.
==============================================================
Vitis HLS - High-Level Synthesis from C, C++ and OpenCL v2021.1 (64-bit)
Copyright 1986-2021 Xilinx, Inc. All Rights Reserved.
==============================================================
INFO: [SYN 201-201] Setting up clock 'default' with a period of 10ns.
INFO: [SYN 201-201] Setting up clock 'default' with an uncertainty of 1.25ns.
INFO: [HLS 200-1611] Setting target device to 'xc7z020-clg400-1'
INFO: [HLS 200-1505] Using flow_target 'vivado'
INFO: [HLS 200-1464] Running solution command: config_export -format=ip_catalog
INFO: [HLS 200-1464] Running solution command: config_export -output=D:/IITMadrasICS/1-2/EE5332Project/conv2dfloat.zip
INFO: [HLS 200-1464] Running solution command: config_export -rtl=verilog
INFO: [HLS 200-1510] Running: set_part xc7z020-clg400-1 
INFO: [HLS 200-1510] Running: create_clock -period 10 -name default 
INFO: [HLS 200-1510] Running: config_export -format ip_catalog -output D:/IITMadrasICS/1-2/EE5332Project/conv2dfloat.zip -rtl verilog 
INFO: [HLS 200-1510] Running: set_clock_uncertainty 1.25 
INFO: [HLS 200-1510] Running: set_directive_top -name conv2d conv2d 
INFO: [HLS 200-1510] Running: set_directive_loop_tripcount -min 66 -max 130 conv2d/ROW_SLIDE 
INFO: [HLS 200-1510] Running: set_directive_loop_tripcount -min 66 -max 130 conv2d/COL_SLIDE 
INFO: [HLS 200-1510] Running: set_directive_pipeline -II 1 conv2d/COL_SLIDE 
INFO: [HLS 200-1510] Running: csynth_design 
INFO: [HLS 200-111] Finished File checks and directory preparation: CPU user time: 0 seconds. CPU system time: 0 seconds. Elapsed time: 0.046 seconds; current allocated memory: 1007.286 MB.
INFO: [HLS 200-10] Analyzing design file 'twodconv.cpp' ... 
WARNING: [HLS 207-5528] Ignore interface attribute or pragma which is not used in top function: twodconv.cpp:25:9
WARNING: [HLS 207-5301] unused parameter 'print': D:/Xilinx/Vitis_HLS/2021.1/common/technology/autopilot\ap_int_base.h:792:16
INFO: [HLS 200-111] Finished Source Code Analysis and Preprocessing: CPU user time: 2 seconds. CPU system time: 0 seconds. Elapsed time: 5.166 seconds; current allocated memory: 117.511 MB.
INFO: [HLS 200-777] Using interface defaults for 'Vivado' flow target.
INFO: [HLS 214-279] Initial Interval estimation mode is set into default.
INFO: [HLS 214-284] Auto array partition mode is set into default.
INFO: [HLS 214-131] Inlining function 'hls::axis<ap_int<32>, 1ul, 1ul, 1ul>::get_user_ptr()' into 'hls::stream<hls::axis<ap_int<32>, 1ul, 1ul, 1ul>, 0>::read()' (D:/Xilinx/Vitis_HLS/2021.1/common/technology/autopilot\ap_axi_sdata.h:293:50)
INFO: [HLS 214-131] Inlining function 'hls::axis<ap_int<32>, 1ul, 1ul, 1ul>::get_dest_ptr()' into 'hls::stream<hls::axis<ap_int<32>, 1ul, 1ul, 1ul>, 0>::read()' (D:/Xilinx/Vitis_HLS/2021.1/common/technology/autopilot\ap_axi_sdata.h:296:25)
INFO: [HLS 214-131] Inlining function 'hls::axis<ap_int<32>, 1ul, 1ul, 1ul>::get_id_ptr()' into 'hls::stream<hls::axis<ap_int<32>, 1ul, 1ul, 1ul>, 0>::read()' (D:/Xilinx/Vitis_HLS/2021.1/common/technology/autopilot\ap_axi_sdata.h:295:67)
INFO: [HLS 214-131] Inlining function 'hls::axis<ap_int<32>, 1ul, 1ul, 1ul>::get_user_ptr()' into 'hls::stream<hls::axis<ap_int<32>, 1ul, 1ul, 1ul>, 0>::read()' (D:/Xilinx/Vitis_HLS/2021.1/common/technology/autopilot\ap_axi_sdata.h:295:36)
INFO: [HLS 214-131] Inlining function 'hls::axis<ap_int<32>, 1ul, 1ul, 1ul>::get_dest_ptr()' into 'hls::stream<hls::axis<ap_int<32>, 1ul, 1ul, 1ul>, 0>::read()' (D:/Xilinx/Vitis_HLS/2021.1/common/technology/autopilot\ap_axi_sdata.h:294:39)
INFO: [HLS 214-131] Inlining function 'hls::axis<ap_int<32>, 1ul, 1ul, 1ul>::get_id_ptr()' into 'hls::stream<hls::axis<ap_int<32>, 1ul, 1ul, 1ul>, 0>::read()' (D:/Xilinx/Vitis_HLS/2021.1/common/technology/autopilot\ap_axi_sdata.h:294:23)
INFO: [HLS 214-131] Inlining function 'ap_int_base<32, true>::operator long long() const' into 'unpack(ap_int<32>)' (twodconv.cpp:6:23)
INFO: [HLS 214-131] Inlining function 'hls::axis<ap_int<32>, 1ul, 1ul, 1ul>::get_user_ptr()' into 'hls::stream<hls::axis<ap_int<32>, 1ul, 1ul, 1ul>, 0>::write(hls::axis<ap_int<32>, 1ul, 1ul, 1ul> const&)' (D:/Xilinx/Vitis_HLS/2021.1/common/technology/autopilot\ap_axi_sdata.h:304:51)
INFO: [HLS 214-131] Inlining function 'hls::axis<ap_int<32>, 1ul, 1ul, 1ul>::get_dest_ptr()' into 'hls::stream<hls::axis<ap_int<32>, 1ul, 1ul, 1ul>, 0>::write(hls::axis<ap_int<32>, 1ul, 1ul, 1ul> const&)' (D:/Xilinx/Vitis_HLS/2021.1/common/technology/autopilot\ap_axi_sdata.h:307:26)
INFO: [HLS 214-131] Inlining function 'hls::axis<ap_int<32>, 1ul, 1ul, 1ul>::get_id_ptr()' into 'hls::stream<hls::axis<ap_int<32>, 1ul, 1ul, 1ul>, 0>::write(hls::axis<ap_int<32>, 1ul, 1ul, 1ul> const&)' (D:/Xilinx/Vitis_HLS/2021.1/common/technology/autopilot\ap_axi_sdata.h:306:68)
INFO: [HLS 214-131] Inlining function 'hls::axis<ap_int<32>, 1ul, 1ul, 1ul>::get_user_ptr()' into 'hls::stream<hls::axis<ap_int<32>, 1ul, 1ul, 1ul>, 0>::write(hls::axis<ap_int<32>, 1ul, 1ul, 1ul> const&)' (D:/Xilinx/Vitis_HLS/2021.1/common/technology/autopilot\ap_axi_sdata.h:306:37)
INFO: [HLS 214-131] Inlining function 'hls::axis<ap_int<32>, 1ul, 1ul, 1ul>::get_dest_ptr()' into 'hls::stream<hls::axis<ap_int<32>, 1ul, 1ul, 1ul>, 0>::write(hls::axis<ap_int<32>, 1ul, 1ul, 1ul> const&)' (D:/Xilinx/Vitis_HLS/2021.1/common/technology/autopilot\ap_axi_sdata.h:305:40)
INFO: [HLS 214-131] Inlining function 'hls::axis<ap_int<32>, 1ul, 1ul, 1ul>::get_id_ptr()' into 'hls::stream<hls::axis<ap_int<32>, 1ul, 1ul, 1ul>, 0>::write(hls::axis<ap_int<32>, 1ul, 1ul, 1ul> const&)' (D:/Xilinx/Vitis_HLS/2021.1/common/technology/autopilot\ap_axi_sdata.h:305:24)
INFO: [HLS 214-131] Inlining function 'hls::stream<hls::axis<ap_int<32>, 1ul, 1ul, 1ul>, 0>::read()' into 'conv2d(hls::stream<hls::axis<ap_int<32>, 1ul, 1ul, 1ul>, 0>&, hls::stream<hls::axis<ap_int<32>, 1ul, 1ul, 1ul>, 0>&, float (*) [3], int)' (twodconv.cpp:57:36)
INFO: [HLS 214-131] Inlining function 'hls::stream<hls::axis<ap_int<32>, 1ul, 1ul, 1ul>, 0>::write(hls::axis<ap_int<32>, 1ul, 1ul, 1ul> const&)' into 'conv2d(hls::stream<hls::axis<ap_int<32>, 1ul, 1ul, 1ul>, 0>&, hls::stream<hls::axis<ap_int<32>, 1ul, 1ul, 1ul>, 0>&, float (*) [3], int)' (twodconv.cpp:93:28)
INFO: [HLS 214-178] Inlining function 'unpack(ap_int<32>)' into 'conv2d(hls::stream<hls::axis<ap_int<32>, 1ul, 1ul, 1ul>, 0>&, hls::stream<hls::axis<ap_int<32>, 1ul, 1ul, 1ul>, 0>&, float (*) [3], int)' (twodconv.cpp:20:0)
INFO: [HLS 214-178] Inlining function 'pack(float)' into 'conv2d(hls::stream<hls::axis<ap_int<32>, 1ul, 1ul, 1ul>, 0>&, hls::stream<hls::axis<ap_int<32>, 1ul, 1ul, 1ul>, 0>&, float (*) [3], int)' (twodconv.cpp:20:0)
WARNING: [HLS 214-281] Estimating pipelined loop 'COL_SLIDE' (twodconv.cpp:43:9) in function 'conv2d' with estimated II increased from II=1 to II=5 because of limited port on variable 'kernel_in' (twodconv.cpp:43:9)
INFO: [HLS 214-270] Starting automatic array partition analysis...
INFO: [HLS 200-111] Finished Compiling Optimization and Transform: CPU user time: 1 seconds. CPU system time: 0 seconds. Elapsed time: 4.908 seconds; current allocated memory: 119.262 MB.
INFO: [HLS 200-111] Finished Checking Pragmas: CPU user time: 0 seconds. CPU system time: 0 seconds. Elapsed time: 0.029 seconds; current allocated memory: 119.263 MB.
INFO: [HLS 200-10] Starting code transformations ...
INFO: [HLS 200-111] Finished Standard Transforms: CPU user time: 0 seconds. CPU system time: 0 seconds. Elapsed time: 0.176 seconds; current allocated memory: 126.043 MB.
INFO: [HLS 200-10] Checking synthesizability ...
INFO: [HLS 200-111] Finished Checking Synthesizability: CPU user time: 0 seconds. CPU system time: 0 seconds. Elapsed time: 0.128 seconds; current allocated memory: 134.431 MB.
INFO: [XFORM 203-502] Unrolling all sub-loops inside loop 'COL_SLIDE' (twodconv.cpp:43) in function 'conv2d' for pipelining.
INFO: [HLS 200-489] Unrolling loop 'UPDATE_WINDOW_ROW' (twodconv.cpp:46) in function 'conv2d' completely with a factor of 3.
INFO: [HLS 200-489] Unrolling loop 'UPDATE_WINDOW_COL' (twodconv.cpp:48) in function 'conv2d' completely with a factor of 2.
INFO: [HLS 200-489] Unrolling loop 'UPDATE_BUF' (twodconv.cpp:61) in function 'conv2d' completely with a factor of 2.
INFO: [HLS 200-489] Unrolling loop 'MACi' (twodconv.cpp:37) in function 'conv2d' completely with a factor of 3.
INFO: [HLS 200-489] Unrolling loop 'MACj' (twodconv.cpp:37) in function 'conv2d' completely with a factor of 3.
INFO: [XFORM 203-101] Partitioning array 'line_buf'  in dimension 1 completely.
INFO: [XFORM 203-11] Balancing expressions in function 'conv2d' (twodconv.cpp:7:47)...3 expression(s) balanced.
INFO: [HLS 200-111] Finished Loop, function and other optimizations: CPU user time: 0 seconds. CPU system time: 0 seconds. Elapsed time: 0.253 seconds; current allocated memory: 164.895 MB.
INFO: [XFORM 203-541] Flattening a loop nest 'ROW_SLIDE' (twodconv.cpp:41:14) in function 'conv2d'.
INFO: [HLS 200-472] Inferring partial write operation for 'window' (twodconv.cpp:63:34)
INFO: [HLS 200-472] Inferring partial write operation for 'line_buf.0' (twodconv.cpp:66:38)
INFO: [HLS 200-472] Inferring partial write operation for 'window' (twodconv.cpp:71:34)
INFO: [HLS 200-472] Inferring partial write operation for 'window' (twodconv.cpp:49:34)
INFO: [HLS 200-111] Finished Architecture Synthesis: CPU user time: 0 seconds. CPU system time: 0 seconds. Elapsed time: 0.197 seconds; current allocated memory: 162.373 MB.
INFO: [HLS 200-10] Starting hardware synthesis ...
INFO: [HLS 200-10] Synthesizing 'conv2d' ...
INFO: [HLS 200-10] ----------------------------------------------------------------
INFO: [HLS 200-42] -- Implementing module 'conv2d' 
INFO: [HLS 200-10] ----------------------------------------------------------------
INFO: [SCHED 204-11] Starting scheduling ...
INFO: [SCHED 204-61] Pipelining loop 'ROW_SLIDE_COL_SLIDE'.
WARNING: [HLS 200-885] The II Violation in module 'conv2d' (loop 'ROW_SLIDE_COL_SLIDE'): Unable to schedule 'load' operation ('kernel_in_load', twodconv.cpp:82) on array 'kernel_in' due to limited memory ports (II = 1). Please consider using a memory core with more ports or partitioning the array 'kernel_in'.
WARNING: [HLS 200-885] The II Violation in module 'conv2d' (loop 'ROW_SLIDE_COL_SLIDE'): Unable to schedule 'load' operation ('kernel_in_load_1', twodconv.cpp:82) on array 'kernel_in' due to limited memory ports (II = 2). Please consider using a memory core with more ports or partitioning the array 'kernel_in'.
WARNING: [HLS 200-885] The II Violation in module 'conv2d' (loop 'ROW_SLIDE_COL_SLIDE'): Unable to schedule 'load' operation ('kernel_in_load_2', twodconv.cpp:82) on array 'kernel_in' due to limited memory ports (II = 3). Please consider using a memory core with more ports or partitioning the array 'kernel_in'.
WARNING: [HLS 200-885] The II Violation in module 'conv2d' (loop 'ROW_SLIDE_COL_SLIDE'): Unable to schedule 'load' operation ('kernel_in_load_3', twodconv.cpp:82) on array 'kernel_in' due to limited memory ports (II = 4). Please consider using a memory core with more ports or partitioning the array 'kernel_in'.
WARNING: [HLS 200-885] The II Violation in module 'conv2d' (loop 'ROW_SLIDE_COL_SLIDE'): Unable to schedule 'load' operation ('kernel_in_load_6', twodconv.cpp:82) on array 'kernel_in' due to limited memory ports (II = 7). Please consider using a memory core with more ports or partitioning the array 'kernel_in'.
WARNING: [HLS 200-885] The II Violation in module 'conv2d' (loop 'ROW_SLIDE_COL_SLIDE'): Unable to schedule 'load' operation ('kernel_in_load_7', twodconv.cpp:82) on array 'kernel_in' due to limited memory ports (II = 8). Please consider using a memory core with more ports or partitioning the array 'kernel_in'.
INFO: [HLS 200-1470] Pipelining result : Target II = 1, Final II = 9, Depth = 51, loop 'ROW_SLIDE_COL_SLIDE'
INFO: [SCHED 204-11] Finished scheduling.
INFO: [HLS 200-111] Finished Scheduling: CPU user time: 0 seconds. CPU system time: 0 seconds. Elapsed time: 0.784 seconds; current allocated memory: 163.029 MB.
INFO: [BIND 205-100] Starting micro-architecture generation ...
INFO: [BIND 205-101] Performing variable lifetime analysis.
INFO: [BIND 205-101] Exploring resource sharing.
INFO: [BIND 205-101] Binding ...
INFO: [BIND 205-100] Finished micro-architecture generation.
INFO: [HLS 200-111] Finished Binding: CPU user time: 1 seconds. CPU system time: 0 seconds. Elapsed time: 0.437 seconds; current allocated memory: 163.806 MB.
INFO: [HLS 200-10] ----------------------------------------------------------------
INFO: [HLS 200-10] -- Generating RTL for module 'conv2d' 
INFO: [HLS 200-10] ----------------------------------------------------------------
WARNING: [RTGEN 206-101] Design contains AXI ports. Reset is fixed to synchronous and active low.
INFO: [RTGEN 206-500] Setting interface mode on port 'conv2d/in_stream_V_data_V' to 'axis' (register, both mode).
INFO: [RTGEN 206-500] Setting interface mode on port 'conv2d/in_stream_V_keep_V' to 'axis' (register, both mode).
INFO: [RTGEN 206-500] Setting interface mode on port 'conv2d/in_stream_V_strb_V' to 'axis' (register, both mode).
INFO: [RTGEN 206-500] Setting interface mode on port 'conv2d/in_stream_V_user_V' to 'axis' (register, both mode).
INFO: [RTGEN 206-500] Setting interface mode on port 'conv2d/in_stream_V_last_V' to 'axis' (register, both mode).
INFO: [RTGEN 206-500] Setting interface mode on port 'conv2d/in_stream_V_id_V' to 'axis' (register, both mode).
INFO: [RTGEN 206-500] Setting interface mode on port 'conv2d/in_stream_V_dest_V' to 'axis' (register, both mode).
INFO: [RTGEN 206-500] Setting interface mode on port 'conv2d/out_stream_V_data_V' to 'axis' (register, both mode).
INFO: [RTGEN 206-500] Setting interface mode on port 'conv2d/out_stream_V_keep_V' to 'axis' (register, both mode).
INFO: [RTGEN 206-500] Setting interface mode on port 'conv2d/out_stream_V_strb_V' to 'axis' (register, both mode).
INFO: [RTGEN 206-500] Setting interface mode on port 'conv2d/out_stream_V_user_V' to 'axis' (register, both mode).
INFO: [RTGEN 206-500] Setting interface mode on port 'conv2d/out_stream_V_last_V' to 'axis' (register, both mode).
INFO: [RTGEN 206-500] Setting interface mode on port 'conv2d/out_stream_V_id_V' to 'axis' (register, both mode).
INFO: [RTGEN 206-500] Setting interface mode on port 'conv2d/out_stream_V_dest_V' to 'axis' (register, both mode).
INFO: [RTGEN 206-500] Setting interface mode on port 'conv2d/kernel_in' to 's_axilite & ap_memory'.
INFO: [RTGEN 206-500] Setting interface mode on port 'conv2d/img_size' to 's_axilite & ap_none'.
INFO: [RTGEN 206-500] Setting interface mode on function 'conv2d' to 's_axilite & ap_ctrl_hs'.
INFO: [RTGEN 206-100] Bundling port 'img_size', 'kernel_in' and 'return' to AXI-Lite port control.
INFO: [RTGEN 206-100] Generating core module 'fadd_32ns_32ns_32_5_full_dsp_1': 1 instance(s).
INFO: [RTGEN 206-100] Generating core module 'fmul_32ns_32ns_32_4_max_dsp_1': 1 instance(s).
INFO: [RTGEN 206-100] Generating core module 'mul_32ns_32ns_64_1_1': 1 instance(s).
INFO: [RTGEN 206-100] Finished creating RTL model for 'conv2d'.
INFO: [HLS 200-111] Finished Creating RTL model: CPU user time: 0 seconds. CPU system time: 0 seconds. Elapsed time: 0.809 seconds; current allocated memory: 165.564 MB.
INFO: [RTMG 210-278] Implementing memory 'conv2d_line_buf_0_ram (RAM_2P_BRAM)' using block RAMs with power-on initialization.
INFO: [RTMG 210-278] Implementing memory 'conv2d_window_ram (RAM)' using auto RAMs with power-on initialization.
INFO: [HLS 200-111] Finished Generating all RTL models: CPU user time: 1 seconds. CPU system time: 0 seconds. Elapsed time: 1.42 seconds; current allocated memory: 170.816 MB.
INFO: [HLS 200-111] Finished Updating report files: CPU user time: 0 seconds. CPU system time: 1 seconds. Elapsed time: 0.549 seconds; current allocated memory: 175.745 MB.
INFO: [VHDL 208-304] Generating VHDL RTL for conv2d.
INFO: [VLOG 209-307] Generating Verilog RTL for conv2d.
INFO: [HLS 200-790] **** Loop Constraint Status: All loop constraints were NOT satisfied.
INFO: [HLS 200-789] **** Estimated Fmax: 117.51 MHz
INFO: [HLS 200-111] Finished Command csynth_design CPU user time: 6 seconds. CPU system time: 1 seconds. Elapsed time: 14.99 seconds; current allocated memory: 175.731 MB.
INFO: [HLS 200-112] Total CPU user time: 7 seconds. Total CPU system time: 2 seconds. Total elapsed time: 16.632 seconds; peak allocated memory: 1007.286 MB.
==============================================================
Vitis HLS - High-Level Synthesis from C, C++ and OpenCL v2021.1 (64-bit)
Copyright 1986-2021 Xilinx, Inc. All Rights Reserved.
==============================================================
INFO: [SYN 201-201] Setting up clock 'default' with a period of 10ns.
INFO: [SYN 201-201] Setting up clock 'default' with an uncertainty of 1.25ns.
INFO: [HLS 200-1611] Setting target device to 'xc7z020-clg400-1'
INFO: [HLS 200-1505] Using flow_target 'vivado'
INFO: [HLS 200-1464] Running solution command: config_export -format=ip_catalog
INFO: [HLS 200-1464] Running solution command: config_export -output=D:/IITMadrasICS/1-2/EE5332Project/conv2dfloat.zip
INFO: [HLS 200-1464] Running solution command: config_export -rtl=verilog
INFO: [HLS 200-1510] Running: set_part xc7z020-clg400-1 
INFO: [HLS 200-1510] Running: create_clock -period 10 -name default 
INFO: [HLS 200-1510] Running: config_export -format ip_catalog -output D:/IITMadrasICS/1-2/EE5332Project/conv2dfloat.zip -rtl verilog 
INFO: [HLS 200-1510] Running: set_clock_uncertainty 1.25 
INFO: [HLS 200-1510] Running: set_directive_top -name conv2d conv2d 
INFO: [HLS 200-1510] Running: set_directive_loop_tripcount -min 66 -max 130 conv2d/ROW_SLIDE 
INFO: [HLS 200-1510] Running: set_directive_loop_tripcount -min 66 -max 130 conv2d/COL_SLIDE 
INFO: [HLS 200-1510] Running: set_directive_pipeline -II 1 conv2d/COL_SLIDE 
INFO: [HLS 200-1510] Running: set_directive_array_partition -dim 0 -type complete conv2d kernel_in 
INFO: [HLS 200-1510] Running: csynth_design 
INFO: [HLS 200-111] Finished File checks and directory preparation: CPU user time: 0 seconds. CPU system time: 0 seconds. Elapsed time: 0.078 seconds; current allocated memory: 1007.288 MB.
INFO: [HLS 200-10] Analyzing design file 'twodconv.cpp' ... 
WARNING: [HLS 207-5528] Ignore interface attribute or pragma which is not used in top function: twodconv.cpp:25:9
WARNING: [HLS 207-5301] unused parameter 'print': D:/Xilinx/Vitis_HLS/2021.1/common/technology/autopilot\ap_int_base.h:792:16
INFO: [HLS 200-111] Finished Source Code Analysis and Preprocessing: CPU user time: 3 seconds. CPU system time: 0 seconds. Elapsed time: 5.286 seconds; current allocated memory: 117.527 MB.
INFO: [HLS 200-777] Using interface defaults for 'Vivado' flow target.
INFO: [HLS 214-279] Initial Interval estimation mode is set into default.
INFO: [HLS 214-284] Auto array partition mode is set into default.
INFO: [HLS 214-131] Inlining function 'hls::axis<ap_int<32>, 1ul, 1ul, 1ul>::get_user_ptr()' into 'hls::stream<hls::axis<ap_int<32>, 1ul, 1ul, 1ul>, 0>::read()' (D:/Xilinx/Vitis_HLS/2021.1/common/technology/autopilot\ap_axi_sdata.h:293:50)
INFO: [HLS 214-131] Inlining function 'hls::axis<ap_int<32>, 1ul, 1ul, 1ul>::get_dest_ptr()' into 'hls::stream<hls::axis<ap_int<32>, 1ul, 1ul, 1ul>, 0>::read()' (D:/Xilinx/Vitis_HLS/2021.1/common/technology/autopilot\ap_axi_sdata.h:296:25)
INFO: [HLS 214-131] Inlining function 'hls::axis<ap_int<32>, 1ul, 1ul, 1ul>::get_id_ptr()' into 'hls::stream<hls::axis<ap_int<32>, 1ul, 1ul, 1ul>, 0>::read()' (D:/Xilinx/Vitis_HLS/2021.1/common/technology/autopilot\ap_axi_sdata.h:295:67)
INFO: [HLS 214-131] Inlining function 'hls::axis<ap_int<32>, 1ul, 1ul, 1ul>::get_user_ptr()' into 'hls::stream<hls::axis<ap_int<32>, 1ul, 1ul, 1ul>, 0>::read()' (D:/Xilinx/Vitis_HLS/2021.1/common/technology/autopilot\ap_axi_sdata.h:295:36)
INFO: [HLS 214-131] Inlining function 'hls::axis<ap_int<32>, 1ul, 1ul, 1ul>::get_dest_ptr()' into 'hls::stream<hls::axis<ap_int<32>, 1ul, 1ul, 1ul>, 0>::read()' (D:/Xilinx/Vitis_HLS/2021.1/common/technology/autopilot\ap_axi_sdata.h:294:39)
INFO: [HLS 214-131] Inlining function 'hls::axis<ap_int<32>, 1ul, 1ul, 1ul>::get_id_ptr()' into 'hls::stream<hls::axis<ap_int<32>, 1ul, 1ul, 1ul>, 0>::read()' (D:/Xilinx/Vitis_HLS/2021.1/common/technology/autopilot\ap_axi_sdata.h:294:23)
INFO: [HLS 214-131] Inlining function 'ap_int_base<32, true>::operator long long() const' into 'unpack(ap_int<32>)' (twodconv.cpp:6:23)
INFO: [HLS 214-131] Inlining function 'hls::axis<ap_int<32>, 1ul, 1ul, 1ul>::get_user_ptr()' into 'hls::stream<hls::axis<ap_int<32>, 1ul, 1ul, 1ul>, 0>::write(hls::axis<ap_int<32>, 1ul, 1ul, 1ul> const&)' (D:/Xilinx/Vitis_HLS/2021.1/common/technology/autopilot\ap_axi_sdata.h:304:51)
INFO: [HLS 214-131] Inlining function 'hls::axis<ap_int<32>, 1ul, 1ul, 1ul>::get_dest_ptr()' into 'hls::stream<hls::axis<ap_int<32>, 1ul, 1ul, 1ul>, 0>::write(hls::axis<ap_int<32>, 1ul, 1ul, 1ul> const&)' (D:/Xilinx/Vitis_HLS/2021.1/common/technology/autopilot\ap_axi_sdata.h:307:26)
INFO: [HLS 214-131] Inlining function 'hls::axis<ap_int<32>, 1ul, 1ul, 1ul>::get_id_ptr()' into 'hls::stream<hls::axis<ap_int<32>, 1ul, 1ul, 1ul>, 0>::write(hls::axis<ap_int<32>, 1ul, 1ul, 1ul> const&)' (D:/Xilinx/Vitis_HLS/2021.1/common/technology/autopilot\ap_axi_sdata.h:306:68)
INFO: [HLS 214-131] Inlining function 'hls::axis<ap_int<32>, 1ul, 1ul, 1ul>::get_user_ptr()' into 'hls::stream<hls::axis<ap_int<32>, 1ul, 1ul, 1ul>, 0>::write(hls::axis<ap_int<32>, 1ul, 1ul, 1ul> const&)' (D:/Xilinx/Vitis_HLS/2021.1/common/technology/autopilot\ap_axi_sdata.h:306:37)
INFO: [HLS 214-131] Inlining function 'hls::axis<ap_int<32>, 1ul, 1ul, 1ul>::get_dest_ptr()' into 'hls::stream<hls::axis<ap_int<32>, 1ul, 1ul, 1ul>, 0>::write(hls::axis<ap_int<32>, 1ul, 1ul, 1ul> const&)' (D:/Xilinx/Vitis_HLS/2021.1/common/technology/autopilot\ap_axi_sdata.h:305:40)
INFO: [HLS 214-131] Inlining function 'hls::axis<ap_int<32>, 1ul, 1ul, 1ul>::get_id_ptr()' into 'hls::stream<hls::axis<ap_int<32>, 1ul, 1ul, 1ul>, 0>::write(hls::axis<ap_int<32>, 1ul, 1ul, 1ul> const&)' (D:/Xilinx/Vitis_HLS/2021.1/common/technology/autopilot\ap_axi_sdata.h:305:24)
INFO: [HLS 214-131] Inlining function 'hls::stream<hls::axis<ap_int<32>, 1ul, 1ul, 1ul>, 0>::read()' into 'conv2d(hls::stream<hls::axis<ap_int<32>, 1ul, 1ul, 1ul>, 0>&, hls::stream<hls::axis<ap_int<32>, 1ul, 1ul, 1ul>, 0>&, float (*) [3], int)' (twodconv.cpp:57:36)
INFO: [HLS 214-131] Inlining function 'hls::stream<hls::axis<ap_int<32>, 1ul, 1ul, 1ul>, 0>::write(hls::axis<ap_int<32>, 1ul, 1ul, 1ul> const&)' into 'conv2d(hls::stream<hls::axis<ap_int<32>, 1ul, 1ul, 1ul>, 0>&, hls::stream<hls::axis<ap_int<32>, 1ul, 1ul, 1ul>, 0>&, float (*) [3], int)' (twodconv.cpp:93:28)
INFO: [HLS 214-178] Inlining function 'unpack(ap_int<32>)' into 'conv2d(hls::stream<hls::axis<ap_int<32>, 1ul, 1ul, 1ul>, 0>&, hls::stream<hls::axis<ap_int<32>, 1ul, 1ul, 1ul>, 0>&, float (*) [3], int)' (twodconv.cpp:20:0)
INFO: [HLS 214-178] Inlining function 'pack(float)' into 'conv2d(hls::stream<hls::axis<ap_int<32>, 1ul, 1ul, 1ul>, 0>&, hls::stream<hls::axis<ap_int<32>, 1ul, 1ul, 1ul>, 0>&, float (*) [3], int)' (twodconv.cpp:20:0)
INFO: [HLS 214-248] Applying array_partition to 'kernel_in': Complete partitioning on dimension 1. Complete partitioning on dimension 2. (twodconv.cpp:20:0)
INFO: [HLS 214-270] Starting automatic array partition analysis...
INFO: [HLS 200-111] Finished Compiling Optimization and Transform: CPU user time: 0 seconds. CPU system time: 0 seconds. Elapsed time: 4.581 seconds; current allocated memory: 119.616 MB.
INFO: [HLS 200-111] Finished Checking Pragmas: CPU user time: 0 seconds. CPU system time: 0 seconds. Elapsed time: 0.02 seconds; current allocated memory: 119.617 MB.
INFO: [HLS 200-10] Starting code transformations ...
INFO: [HLS 200-111] Finished Standard Transforms: CPU user time: 0 seconds. CPU system time: 0 seconds. Elapsed time: 0.209 seconds; current allocated memory: 126.503 MB.
INFO: [HLS 200-10] Checking synthesizability ...
INFO: [HLS 200-111] Finished Checking Synthesizability: CPU user time: 0 seconds. CPU system time: 0 seconds. Elapsed time: 0.152 seconds; current allocated memory: 134.845 MB.
WARNING: [XFORM 203-803] Dropped interface mode 'ap_auto' on 'kernel_in_0_0' as it is incompatible with its interface mode 's_axilite'.
WARNING: [XFORM 203-803] Dropped interface mode 'ap_auto' on 'kernel_in_0_1' as it is incompatible with its interface mode 's_axilite'.
WARNING: [XFORM 203-803] Dropped interface mode 'ap_auto' on 'kernel_in_0_2' as it is incompatible with its interface mode 's_axilite'.
WARNING: [XFORM 203-803] Dropped interface mode 'ap_auto' on 'kernel_in_1_0' as it is incompatible with its interface mode 's_axilite'.
WARNING: [XFORM 203-803] Dropped interface mode 'ap_auto' on 'kernel_in_1_1' as it is incompatible with its interface mode 's_axilite'.
WARNING: [XFORM 203-803] Dropped interface mode 'ap_auto' on 'kernel_in_1_2' as it is incompatible with its interface mode 's_axilite'.
WARNING: [XFORM 203-803] Dropped interface mode 'ap_auto' on 'kernel_in_2_0' as it is incompatible with its interface mode 's_axilite'.
WARNING: [XFORM 203-803] Dropped interface mode 'ap_auto' on 'kernel_in_2_1' as it is incompatible with its interface mode 's_axilite'.
WARNING: [XFORM 203-803] Dropped interface mode 'ap_auto' on 'kernel_in_2_2' as it is incompatible with its interface mode 's_axilite'.
INFO: [XFORM 203-502] Unrolling all sub-loops inside loop 'COL_SLIDE' (twodconv.cpp:43) in function 'conv2d' for pipelining.
INFO: [HLS 200-489] Unrolling loop 'UPDATE_WINDOW_ROW' (twodconv.cpp:46) in function 'conv2d' completely with a factor of 3.
INFO: [HLS 200-489] Unrolling loop 'UPDATE_WINDOW_COL' (twodconv.cpp:48) in function 'conv2d' completely with a factor of 2.
INFO: [HLS 200-489] Unrolling loop 'UPDATE_BUF' (twodconv.cpp:61) in function 'conv2d' completely with a factor of 2.
INFO: [HLS 200-489] Unrolling loop 'MACi' (twodconv.cpp:37) in function 'conv2d' completely with a factor of 3.
INFO: [HLS 200-489] Unrolling loop 'MACj' (twodconv.cpp:37) in function 'conv2d' completely with a factor of 3.
INFO: [XFORM 203-101] Partitioning array 'line_buf'  in dimension 1 completely.
INFO: [XFORM 203-101] Partitioning array 'window'  in dimension 1 completely.
INFO: [XFORM 203-102] Automatically partitioning small array 'window.0' completely based on array size.
INFO: [XFORM 203-102] Automatically partitioning small array 'window.1' completely based on array size.
INFO: [XFORM 203-102] Automatically partitioning small array 'window.2' completely based on array size.
INFO: [XFORM 203-101] Partitioning array 'window.0' in dimension 1 completely.
INFO: [XFORM 203-101] Partitioning array 'window.1' in dimension 1 completely.
INFO: [XFORM 203-101] Partitioning array 'window.2' in dimension 1 completely.
INFO: [XFORM 203-11] Balancing expressions in function 'conv2d' (twodconv.cpp:7:47)...3 expression(s) balanced.
INFO: [HLS 200-111] Finished Loop, function and other optimizations: CPU user time: 0 seconds. CPU system time: 0 seconds. Elapsed time: 0.567 seconds; current allocated memory: 165.356 MB.
INFO: [XFORM 203-541] Flattening a loop nest 'ROW_SLIDE' (twodconv.cpp:41:14) in function 'conv2d'.
INFO: [HLS 200-472] Inferring partial write operation for 'line_buf.0' (twodconv.cpp:66:38)
INFO: [HLS 200-111] Finished Architecture Synthesis: CPU user time: 1 seconds. CPU system time: 0 seconds. Elapsed time: 0.161 seconds; current allocated memory: 162.805 MB.
INFO: [HLS 200-10] Starting hardware synthesis ...
INFO: [HLS 200-10] Synthesizing 'conv2d' ...
INFO: [HLS 200-10] ----------------------------------------------------------------
INFO: [HLS 200-42] -- Implementing module 'conv2d' 
INFO: [HLS 200-10] ----------------------------------------------------------------
INFO: [SCHED 204-11] Starting scheduling ...
INFO: [SCHED 204-61] Pipelining loop 'ROW_SLIDE_COL_SLIDE'.
INFO: [HLS 200-1470] Pipelining result : Target II = 1, Final II = 1, Depth = 51, loop 'ROW_SLIDE_COL_SLIDE'
INFO: [SCHED 204-11] Finished scheduling.
INFO: [HLS 200-111] Finished Scheduling: CPU user time: 0 seconds. CPU system time: 0 seconds. Elapsed time: 0.514 seconds; current allocated memory: 163.439 MB.
INFO: [BIND 205-100] Starting micro-architecture generation ...
INFO: [BIND 205-101] Performing variable lifetime analysis.
INFO: [BIND 205-101] Exploring resource sharing.
INFO: [BIND 205-101] Binding ...
INFO: [BIND 205-100] Finished micro-architecture generation.
INFO: [HLS 200-111] Finished Binding: CPU user time: 0 seconds. CPU system time: 0 seconds. Elapsed time: 0.436 seconds; current allocated memory: 164.334 MB.
INFO: [HLS 200-10] ----------------------------------------------------------------
INFO: [HLS 200-10] -- Generating RTL for module 'conv2d' 
INFO: [HLS 200-10] ----------------------------------------------------------------
WARNING: [RTGEN 206-101] Design contains AXI ports. Reset is fixed to synchronous and active low.
INFO: [RTGEN 206-500] Setting interface mode on port 'conv2d/in_stream_V_data_V' to 'axis' (register, both mode).
INFO: [RTGEN 206-500] Setting interface mode on port 'conv2d/in_stream_V_keep_V' to 'axis' (register, both mode).
INFO: [RTGEN 206-500] Setting interface mode on port 'conv2d/in_stream_V_strb_V' to 'axis' (register, both mode).
INFO: [RTGEN 206-500] Setting interface mode on port 'conv2d/in_stream_V_user_V' to 'axis' (register, both mode).
INFO: [RTGEN 206-500] Setting interface mode on port 'conv2d/in_stream_V_last_V' to 'axis' (register, both mode).
INFO: [RTGEN 206-500] Setting interface mode on port 'conv2d/in_stream_V_id_V' to 'axis' (register, both mode).
INFO: [RTGEN 206-500] Setting interface mode on port 'conv2d/in_stream_V_dest_V' to 'axis' (register, both mode).
INFO: [RTGEN 206-500] Setting interface mode on port 'conv2d/out_stream_V_data_V' to 'axis' (register, both mode).
INFO: [RTGEN 206-500] Setting interface mode on port 'conv2d/out_stream_V_keep_V' to 'axis' (register, both mode).
INFO: [RTGEN 206-500] Setting interface mode on port 'conv2d/out_stream_V_strb_V' to 'axis' (register, both mode).
INFO: [RTGEN 206-500] Setting interface mode on port 'conv2d/out_stream_V_user_V' to 'axis' (register, both mode).
INFO: [RTGEN 206-500] Setting interface mode on port 'conv2d/out_stream_V_last_V' to 'axis' (register, both mode).
INFO: [RTGEN 206-500] Setting interface mode on port 'conv2d/out_stream_V_id_V' to 'axis' (register, both mode).
INFO: [RTGEN 206-500] Setting interface mode on port 'conv2d/out_stream_V_dest_V' to 'axis' (register, both mode).
INFO: [RTGEN 206-500] Setting interface mode on port 'conv2d/kernel_in_0_0' to 's_axilite & ap_none'.
INFO: [RTGEN 206-500] Setting interface mode on port 'conv2d/kernel_in_0_1' to 's_axilite & ap_none'.
INFO: [RTGEN 206-500] Setting interface mode on port 'conv2d/kernel_in_0_2' to 's_axilite & ap_none'.
INFO: [RTGEN 206-500] Setting interface mode on port 'conv2d/kernel_in_1_0' to 's_axilite & ap_none'.
INFO: [RTGEN 206-500] Setting interface mode on port 'conv2d/kernel_in_1_1' to 's_axilite & ap_none'.
INFO: [RTGEN 206-500] Setting interface mode on port 'conv2d/kernel_in_1_2' to 's_axilite & ap_none'.
INFO: [RTGEN 206-500] Setting interface mode on port 'conv2d/kernel_in_2_0' to 's_axilite & ap_none'.
INFO: [RTGEN 206-500] Setting interface mode on port 'conv2d/kernel_in_2_1' to 's_axilite & ap_none'.
INFO: [RTGEN 206-500] Setting interface mode on port 'conv2d/kernel_in_2_2' to 's_axilite & ap_none'.
INFO: [RTGEN 206-500] Setting interface mode on port 'conv2d/img_size' to 's_axilite & ap_none'.
INFO: [RTGEN 206-500] Setting interface mode on function 'conv2d' to 's_axilite & ap_ctrl_hs'.
WARNING: [RTGEN 206-101] Register 'window_0_1' is power-on initialization.
WARNING: [RTGEN 206-101] Register 'window_1_1' is power-on initialization.
WARNING: [RTGEN 206-101] Register 'window_2_1' is power-on initialization.
WARNING: [RTGEN 206-101] Register 'window_0_2' is power-on initialization.
WARNING: [RTGEN 206-101] Register 'window_1_2' is power-on initialization.
WARNING: [RTGEN 206-101] Register 'window_2_2' is power-on initialization.
INFO: [RTGEN 206-100] Bundling port 'kernel_in_0_0', 'kernel_in_0_1', 'kernel_in_0_2', 'kernel_in_1_0', 'kernel_in_1_1', 'kernel_in_1_2', 'kernel_in_2_0', 'kernel_in_2_1', 'kernel_in_2_2', 'img_size' and 'return' to AXI-Lite port control.
INFO: [RTGEN 206-100] Generating core module 'fadd_32ns_32ns_32_5_full_dsp_1': 9 instance(s).
INFO: [RTGEN 206-100] Generating core module 'fmul_32ns_32ns_32_4_max_dsp_1': 9 instance(s).
INFO: [RTGEN 206-100] Generating core module 'mul_32ns_32ns_64_1_1': 1 instance(s).
INFO: [RTGEN 206-100] Finished creating RTL model for 'conv2d'.
INFO: [HLS 200-111] Finished Creating RTL model: CPU user time: 1 seconds. CPU system time: 0 seconds. Elapsed time: 1.075 seconds; current allocated memory: 166.858 MB.
INFO: [RTMG 210-278] Implementing memory 'conv2d_line_buf_0_ram (RAM_2P_BRAM)' using block RAMs with power-on initialization.
INFO: [HLS 200-111] Finished Generating all RTL models: CPU user time: 1 seconds. CPU system time: 0 seconds. Elapsed time: 1.697 seconds; current allocated memory: 171.900 MB.
INFO: [HLS 200-111] Finished Updating report files: CPU user time: 1 seconds. CPU system time: 1 seconds. Elapsed time: 0.69 seconds; current allocated memory: 176.880 MB.
INFO: [VHDL 208-304] Generating VHDL RTL for conv2d.
INFO: [VLOG 209-307] Generating Verilog RTL for conv2d.
INFO: [HLS 200-790] **** Loop Constraint Status: All loop constraints were satisfied.
INFO: [HLS 200-789] **** Estimated Fmax: 117.51 MHz
INFO: [HLS 200-111] Finished Command csynth_design CPU user time: 7 seconds. CPU system time: 1 seconds. Elapsed time: 15.567 seconds; current allocated memory: 176.866 MB.
INFO: [HLS 200-112] Total CPU user time: 8 seconds. Total CPU system time: 2 seconds. Total elapsed time: 17.468 seconds; peak allocated memory: 1007.288 MB.
==============================================================
Vitis HLS - High-Level Synthesis from C, C++ and OpenCL v2021.1 (64-bit)
Copyright 1986-2021 Xilinx, Inc. All Rights Reserved.
==============================================================
INFO: [SYN 201-201] Setting up clock 'default' with a period of 10ns.
INFO: [SYN 201-201] Setting up clock 'default' with an uncertainty of 1.25ns.
INFO: [HLS 200-1611] Setting target device to 'xc7z020-clg400-1'
INFO: [HLS 200-1505] Using flow_target 'vivado'
INFO: [HLS 200-1464] Running solution command: config_export -format=ip_catalog
INFO: [HLS 200-1464] Running solution command: config_export -output=D:/IITMadrasICS/1-2/EE5332Project/conv2dfloat.zip
INFO: [HLS 200-1464] Running solution command: config_export -rtl=verilog
INFO: [HLS 200-1510] Running: set_part xc7z020-clg400-1 
INFO: [HLS 200-1510] Running: create_clock -period 10 -name default 
INFO: [HLS 200-1510] Running: config_export -format ip_catalog -output D:/IITMadrasICS/1-2/EE5332Project/conv2dfloat.zip -rtl verilog 
INFO: [HLS 200-1510] Running: set_clock_uncertainty 1.25 
INFO: [HLS 200-1510] Running: set_directive_top -name conv2d conv2d 
INFO: [HLS 200-1510] Running: set_directive_loop_tripcount -min 66 -max 130 conv2d/ROW_SLIDE 
INFO: [HLS 200-1510] Running: set_directive_loop_tripcount -min 66 -max 130 conv2d/COL_SLIDE 
INFO: [HLS 200-1510] Running: set_directive_pipeline -II 1 conv2d/COL_SLIDE 
INFO: [HLS 200-1510] Running: set_directive_array_partition -dim 0 -type complete conv2d kernel_in 
INFO: [HLS 200-1510] Running: csynth_design 
INFO: [HLS 200-111] Finished File checks and directory preparation: CPU user time: 0 seconds. CPU system time: 0 seconds. Elapsed time: 0.034 seconds; current allocated memory: 1007.287 MB.
INFO: [HLS 200-10] Analyzing design file 'twodconv.cpp' ... 
WARNING: [HLS 207-5528] Ignore interface attribute or pragma which is not used in top function: twodconv.cpp:25:9
WARNING: [HLS 207-5301] unused parameter 'print': D:/Xilinx/Vitis_HLS/2021.1/common/technology/autopilot\ap_int_base.h:792:16
INFO: [HLS 200-111] Finished Source Code Analysis and Preprocessing: CPU user time: 1 seconds. CPU system time: 0 seconds. Elapsed time: 4.26 seconds; current allocated memory: 117.527 MB.
INFO: [HLS 200-777] Using interface defaults for 'Vivado' flow target.
INFO: [HLS 214-279] Initial Interval estimation mode is set into default.
INFO: [HLS 214-284] Auto array partition mode is set into default.
INFO: [HLS 214-131] Inlining function 'hls::axis<ap_int<32>, 1ul, 1ul, 1ul>::get_user_ptr()' into 'hls::stream<hls::axis<ap_int<32>, 1ul, 1ul, 1ul>, 0>::read()' (D:/Xilinx/Vitis_HLS/2021.1/common/technology/autopilot\ap_axi_sdata.h:293:50)
INFO: [HLS 214-131] Inlining function 'hls::axis<ap_int<32>, 1ul, 1ul, 1ul>::get_dest_ptr()' into 'hls::stream<hls::axis<ap_int<32>, 1ul, 1ul, 1ul>, 0>::read()' (D:/Xilinx/Vitis_HLS/2021.1/common/technology/autopilot\ap_axi_sdata.h:296:25)
INFO: [HLS 214-131] Inlining function 'hls::axis<ap_int<32>, 1ul, 1ul, 1ul>::get_id_ptr()' into 'hls::stream<hls::axis<ap_int<32>, 1ul, 1ul, 1ul>, 0>::read()' (D:/Xilinx/Vitis_HLS/2021.1/common/technology/autopilot\ap_axi_sdata.h:295:67)
INFO: [HLS 214-131] Inlining function 'hls::axis<ap_int<32>, 1ul, 1ul, 1ul>::get_user_ptr()' into 'hls::stream<hls::axis<ap_int<32>, 1ul, 1ul, 1ul>, 0>::read()' (D:/Xilinx/Vitis_HLS/2021.1/common/technology/autopilot\ap_axi_sdata.h:295:36)
INFO: [HLS 214-131] Inlining function 'hls::axis<ap_int<32>, 1ul, 1ul, 1ul>::get_dest_ptr()' into 'hls::stream<hls::axis<ap_int<32>, 1ul, 1ul, 1ul>, 0>::read()' (D:/Xilinx/Vitis_HLS/2021.1/common/technology/autopilot\ap_axi_sdata.h:294:39)
INFO: [HLS 214-131] Inlining function 'hls::axis<ap_int<32>, 1ul, 1ul, 1ul>::get_id_ptr()' into 'hls::stream<hls::axis<ap_int<32>, 1ul, 1ul, 1ul>, 0>::read()' (D:/Xilinx/Vitis_HLS/2021.1/common/technology/autopilot\ap_axi_sdata.h:294:23)
INFO: [HLS 214-131] Inlining function 'ap_int_base<32, true>::operator long long() const' into 'unpack(ap_int<32>)' (twodconv.cpp:6:23)
INFO: [HLS 214-131] Inlining function 'hls::axis<ap_int<32>, 1ul, 1ul, 1ul>::get_user_ptr()' into 'hls::stream<hls::axis<ap_int<32>, 1ul, 1ul, 1ul>, 0>::write(hls::axis<ap_int<32>, 1ul, 1ul, 1ul> const&)' (D:/Xilinx/Vitis_HLS/2021.1/common/technology/autopilot\ap_axi_sdata.h:304:51)
INFO: [HLS 214-131] Inlining function 'hls::axis<ap_int<32>, 1ul, 1ul, 1ul>::get_dest_ptr()' into 'hls::stream<hls::axis<ap_int<32>, 1ul, 1ul, 1ul>, 0>::write(hls::axis<ap_int<32>, 1ul, 1ul, 1ul> const&)' (D:/Xilinx/Vitis_HLS/2021.1/common/technology/autopilot\ap_axi_sdata.h:307:26)
INFO: [HLS 214-131] Inlining function 'hls::axis<ap_int<32>, 1ul, 1ul, 1ul>::get_id_ptr()' into 'hls::stream<hls::axis<ap_int<32>, 1ul, 1ul, 1ul>, 0>::write(hls::axis<ap_int<32>, 1ul, 1ul, 1ul> const&)' (D:/Xilinx/Vitis_HLS/2021.1/common/technology/autopilot\ap_axi_sdata.h:306:68)
INFO: [HLS 214-131] Inlining function 'hls::axis<ap_int<32>, 1ul, 1ul, 1ul>::get_user_ptr()' into 'hls::stream<hls::axis<ap_int<32>, 1ul, 1ul, 1ul>, 0>::write(hls::axis<ap_int<32>, 1ul, 1ul, 1ul> const&)' (D:/Xilinx/Vitis_HLS/2021.1/common/technology/autopilot\ap_axi_sdata.h:306:37)
INFO: [HLS 214-131] Inlining function 'hls::axis<ap_int<32>, 1ul, 1ul, 1ul>::get_dest_ptr()' into 'hls::stream<hls::axis<ap_int<32>, 1ul, 1ul, 1ul>, 0>::write(hls::axis<ap_int<32>, 1ul, 1ul, 1ul> const&)' (D:/Xilinx/Vitis_HLS/2021.1/common/technology/autopilot\ap_axi_sdata.h:305:40)
INFO: [HLS 214-131] Inlining function 'hls::axis<ap_int<32>, 1ul, 1ul, 1ul>::get_id_ptr()' into 'hls::stream<hls::axis<ap_int<32>, 1ul, 1ul, 1ul>, 0>::write(hls::axis<ap_int<32>, 1ul, 1ul, 1ul> const&)' (D:/Xilinx/Vitis_HLS/2021.1/common/technology/autopilot\ap_axi_sdata.h:305:24)
INFO: [HLS 214-131] Inlining function 'hls::stream<hls::axis<ap_int<32>, 1ul, 1ul, 1ul>, 0>::read()' into 'conv2d(hls::stream<hls::axis<ap_int<32>, 1ul, 1ul, 1ul>, 0>&, hls::stream<hls::axis<ap_int<32>, 1ul, 1ul, 1ul>, 0>&, float (*) [5], int)' (twodconv.cpp:57:36)
INFO: [HLS 214-131] Inlining function 'hls::stream<hls::axis<ap_int<32>, 1ul, 1ul, 1ul>, 0>::write(hls::axis<ap_int<32>, 1ul, 1ul, 1ul> const&)' into 'conv2d(hls::stream<hls::axis<ap_int<32>, 1ul, 1ul, 1ul>, 0>&, hls::stream<hls::axis<ap_int<32>, 1ul, 1ul, 1ul>, 0>&, float (*) [5], int)' (twodconv.cpp:93:28)
INFO: [HLS 214-178] Inlining function 'unpack(ap_int<32>)' into 'conv2d(hls::stream<hls::axis<ap_int<32>, 1ul, 1ul, 1ul>, 0>&, hls::stream<hls::axis<ap_int<32>, 1ul, 1ul, 1ul>, 0>&, float (*) [5], int)' (twodconv.cpp:20:0)
INFO: [HLS 214-178] Inlining function 'pack(float)' into 'conv2d(hls::stream<hls::axis<ap_int<32>, 1ul, 1ul, 1ul>, 0>&, hls::stream<hls::axis<ap_int<32>, 1ul, 1ul, 1ul>, 0>&, float (*) [5], int)' (twodconv.cpp:20:0)
INFO: [HLS 214-248] Applying array_partition to 'kernel_in': Complete partitioning on dimension 1. Complete partitioning on dimension 2. (twodconv.cpp:20:0)
INFO: [HLS 214-270] Starting automatic array partition analysis...
INFO: [HLS 200-111] Finished Compiling Optimization and Transform: CPU user time: 1 seconds. CPU system time: 0 seconds. Elapsed time: 4.97 seconds; current allocated memory: 119.929 MB.
INFO: [HLS 200-111] Finished Checking Pragmas: CPU user time: 0 seconds. CPU system time: 0 seconds. Elapsed time: 0.024 seconds; current allocated memory: 119.930 MB.
INFO: [HLS 200-10] Starting code transformations ...
INFO: [HLS 200-111] Finished Standard Transforms: CPU user time: 0 seconds. CPU system time: 0 seconds. Elapsed time: 0.141 seconds; current allocated memory: 127.082 MB.
INFO: [HLS 200-10] Checking synthesizability ...
INFO: [HLS 200-111] Finished Checking Synthesizability: CPU user time: 0 seconds. CPU system time: 0 seconds. Elapsed time: 0.163 seconds; current allocated memory: 135.287 MB.
WARNING: [XFORM 203-803] Dropped interface mode 'ap_auto' on 'kernel_in_0_0' as it is incompatible with its interface mode 's_axilite'.
WARNING: [XFORM 203-803] Dropped interface mode 'ap_auto' on 'kernel_in_0_1' as it is incompatible with its interface mode 's_axilite'.
WARNING: [XFORM 203-803] Dropped interface mode 'ap_auto' on 'kernel_in_0_2' as it is incompatible with its interface mode 's_axilite'.
WARNING: [XFORM 203-803] Dropped interface mode 'ap_auto' on 'kernel_in_0_3' as it is incompatible with its interface mode 's_axilite'.
WARNING: [XFORM 203-803] Dropped interface mode 'ap_auto' on 'kernel_in_0_4' as it is incompatible with its interface mode 's_axilite'.
WARNING: [XFORM 203-803] Dropped interface mode 'ap_auto' on 'kernel_in_1_0' as it is incompatible with its interface mode 's_axilite'.
WARNING: [XFORM 203-803] Dropped interface mode 'ap_auto' on 'kernel_in_1_1' as it is incompatible with its interface mode 's_axilite'.
WARNING: [XFORM 203-803] Dropped interface mode 'ap_auto' on 'kernel_in_1_2' as it is incompatible with its interface mode 's_axilite'.
WARNING: [XFORM 203-803] Dropped interface mode 'ap_auto' on 'kernel_in_1_3' as it is incompatible with its interface mode 's_axilite'.
WARNING: [XFORM 203-803] Dropped interface mode 'ap_auto' on 'kernel_in_1_4' as it is incompatible with its interface mode 's_axilite'.
WARNING: [XFORM 203-803] Dropped interface mode 'ap_auto' on 'kernel_in_2_0' as it is incompatible with its interface mode 's_axilite'.
WARNING: [XFORM 203-803] Dropped interface mode 'ap_auto' on 'kernel_in_2_1' as it is incompatible with its interface mode 's_axilite'.
WARNING: [XFORM 203-803] Dropped interface mode 'ap_auto' on 'kernel_in_2_2' as it is incompatible with its interface mode 's_axilite'.
WARNING: [XFORM 203-803] Dropped interface mode 'ap_auto' on 'kernel_in_2_3' as it is incompatible with its interface mode 's_axilite'.
WARNING: [XFORM 203-803] Dropped interface mode 'ap_auto' on 'kernel_in_2_4' as it is incompatible with its interface mode 's_axilite'.
WARNING: [XFORM 203-803] Dropped interface mode 'ap_auto' on 'kernel_in_3_0' as it is incompatible with its interface mode 's_axilite'.
WARNING: [XFORM 203-803] Dropped interface mode 'ap_auto' on 'kernel_in_3_1' as it is incompatible with its interface mode 's_axilite'.
WARNING: [XFORM 203-803] Dropped interface mode 'ap_auto' on 'kernel_in_3_2' as it is incompatible with its interface mode 's_axilite'.
WARNING: [XFORM 203-803] Dropped interface mode 'ap_auto' on 'kernel_in_3_3' as it is incompatible with its interface mode 's_axilite'.
WARNING: [XFORM 203-803] Dropped interface mode 'ap_auto' on 'kernel_in_3_4' as it is incompatible with its interface mode 's_axilite'.
WARNING: [XFORM 203-803] Dropped interface mode 'ap_auto' on 'kernel_in_4_0' as it is incompatible with its interface mode 's_axilite'.
WARNING: [XFORM 203-803] Dropped interface mode 'ap_auto' on 'kernel_in_4_1' as it is incompatible with its interface mode 's_axilite'.
WARNING: [XFORM 203-803] Dropped interface mode 'ap_auto' on 'kernel_in_4_2' as it is incompatible with its interface mode 's_axilite'.
WARNING: [XFORM 203-803] Dropped interface mode 'ap_auto' on 'kernel_in_4_3' as it is incompatible with its interface mode 's_axilite'.
WARNING: [XFORM 203-803] Dropped interface mode 'ap_auto' on 'kernel_in_4_4' as it is incompatible with its interface mode 's_axilite'.
INFO: [XFORM 203-502] Unrolling all sub-loops inside loop 'COL_SLIDE' (twodconv.cpp:43) in function 'conv2d' for pipelining.
INFO: [HLS 200-489] Unrolling loop 'UPDATE_WINDOW_ROW' (twodconv.cpp:46) in function 'conv2d' completely with a factor of 5.
INFO: [HLS 200-489] Unrolling loop 'UPDATE_WINDOW_COL' (twodconv.cpp:48) in function 'conv2d' completely with a factor of 4.
INFO: [HLS 200-489] Unrolling loop 'UPDATE_BUF' (twodconv.cpp:61) in function 'conv2d' completely with a factor of 4.
INFO: [HLS 200-489] Unrolling loop 'MACi' (twodconv.cpp:37) in function 'conv2d' completely with a factor of 5.
INFO: [HLS 200-489] Unrolling loop 'MACj' (twodconv.cpp:37) in function 'conv2d' completely with a factor of 5.
INFO: [XFORM 203-101] Partitioning array 'line_buf'  in dimension 1 completely.
INFO: [XFORM 203-101] Partitioning array 'window'  in dimension 1 completely.
INFO: [XFORM 203-11] Balancing expressions in function 'conv2d' (twodconv.cpp:7:47)...3 expression(s) balanced.
INFO: [HLS 200-111] Finished Loop, function and other optimizations: CPU user time: 1 seconds. CPU system time: 0 seconds. Elapsed time: 0.955 seconds; current allocated memory: 166.052 MB.
INFO: [XFORM 203-541] Flattening a loop nest 'ROW_SLIDE' (twodconv.cpp:41:14) in function 'conv2d'.
INFO: [HLS 200-472] Inferring partial write operation for 'window.0' (twodconv.cpp:63:34)
INFO: [HLS 200-472] Inferring partial write operation for 'line_buf.0' (twodconv.cpp:66:38)
INFO: [HLS 200-472] Inferring partial write operation for 'window.4' (twodconv.cpp:71:34)
INFO: [HLS 200-472] Inferring partial write operation for 'window.0' (twodconv.cpp:49:34)
INFO: [HLS 200-111] Finished Architecture Synthesis: CPU user time: 0 seconds. CPU system time: 0 seconds. Elapsed time: 0.213 seconds; current allocated memory: 164.284 MB.
INFO: [HLS 200-10] Starting hardware synthesis ...
INFO: [HLS 200-10] Synthesizing 'conv2d' ...
INFO: [HLS 200-10] ----------------------------------------------------------------
INFO: [HLS 200-42] -- Implementing module 'conv2d' 
INFO: [HLS 200-10] ----------------------------------------------------------------
INFO: [SCHED 204-11] Starting scheduling ...
INFO: [SCHED 204-61] Pipelining loop 'ROW_SLIDE_COL_SLIDE'.
WARNING: [HLS 200-885] The II Violation in module 'conv2d' (loop 'ROW_SLIDE_COL_SLIDE'): Unable to schedule 'load' operation ('window_0_load_2', twodconv.cpp:49) on array 'window_0' due to limited memory ports (II = 1). Please consider using a memory core with more ports or partitioning the array 'window_0'.
WARNING: [HLS 200-885] The II Violation in module 'conv2d' (loop 'ROW_SLIDE_COL_SLIDE'): Unable to schedule 'store' operation ('1_write_ln49', twodconv.cpp:49) of variable 'window_0_load_1', twodconv.cpp:49 on array 'window_0' due to limited memory ports (II = 2). Please consider using a memory core with more ports or partitioning the array 'window_0'.
WARNING: [HLS 200-885] The II Violation in module 'conv2d' (loop 'ROW_SLIDE_COL_SLIDE'): Unable to schedule 'store' operation ('4_write_ln63', twodconv.cpp:63) of variable 'line_buf_0_load', twodconv.cpp:62 on array 'window_0' due to limited memory ports (II = 3). Please consider using a memory core with more ports or partitioning the array 'window_0'.
INFO: [HLS 200-1470] Pipelining result : Target II = 1, Final II = 4, Depth = 131, loop 'ROW_SLIDE_COL_SLIDE'
INFO: [SCHED 204-11] Finished scheduling.
INFO: [HLS 200-111] Finished Scheduling: CPU user time: 1 seconds. CPU system time: 0 seconds. Elapsed time: 0.892 seconds; current allocated memory: 165.394 MB.
INFO: [BIND 205-100] Starting micro-architecture generation ...
INFO: [BIND 205-101] Performing variable lifetime analysis.
INFO: [BIND 205-101] Exploring resource sharing.
INFO: [BIND 205-101] Binding ...
INFO: [BIND 205-100] Finished micro-architecture generation.
INFO: [HLS 200-111] Finished Binding: CPU user time: 0 seconds. CPU system time: 0 seconds. Elapsed time: 0.893 seconds; current allocated memory: 167.163 MB.
INFO: [HLS 200-10] ----------------------------------------------------------------
INFO: [HLS 200-10] -- Generating RTL for module 'conv2d' 
INFO: [HLS 200-10] ----------------------------------------------------------------
WARNING: [RTGEN 206-101] Design contains AXI ports. Reset is fixed to synchronous and active low.
INFO: [RTGEN 206-500] Setting interface mode on port 'conv2d/in_stream_V_data_V' to 'axis' (register, both mode).
INFO: [RTGEN 206-500] Setting interface mode on port 'conv2d/in_stream_V_keep_V' to 'axis' (register, both mode).
INFO: [RTGEN 206-500] Setting interface mode on port 'conv2d/in_stream_V_strb_V' to 'axis' (register, both mode).
INFO: [RTGEN 206-500] Setting interface mode on port 'conv2d/in_stream_V_user_V' to 'axis' (register, both mode).
INFO: [RTGEN 206-500] Setting interface mode on port 'conv2d/in_stream_V_last_V' to 'axis' (register, both mode).
INFO: [RTGEN 206-500] Setting interface mode on port 'conv2d/in_stream_V_id_V' to 'axis' (register, both mode).
INFO: [RTGEN 206-500] Setting interface mode on port 'conv2d/in_stream_V_dest_V' to 'axis' (register, both mode).
INFO: [RTGEN 206-500] Setting interface mode on port 'conv2d/out_stream_V_data_V' to 'axis' (register, both mode).
INFO: [RTGEN 206-500] Setting interface mode on port 'conv2d/out_stream_V_keep_V' to 'axis' (register, both mode).
INFO: [RTGEN 206-500] Setting interface mode on port 'conv2d/out_stream_V_strb_V' to 'axis' (register, both mode).
INFO: [RTGEN 206-500] Setting interface mode on port 'conv2d/out_stream_V_user_V' to 'axis' (register, both mode).
INFO: [RTGEN 206-500] Setting interface mode on port 'conv2d/out_stream_V_last_V' to 'axis' (register, both mode).
INFO: [RTGEN 206-500] Setting interface mode on port 'conv2d/out_stream_V_id_V' to 'axis' (register, both mode).
INFO: [RTGEN 206-500] Setting interface mode on port 'conv2d/out_stream_V_dest_V' to 'axis' (register, both mode).
INFO: [RTGEN 206-500] Setting interface mode on port 'conv2d/kernel_in_0_0' to 's_axilite & ap_none'.
INFO: [RTGEN 206-500] Setting interface mode on port 'conv2d/kernel_in_0_1' to 's_axilite & ap_none'.
INFO: [RTGEN 206-500] Setting interface mode on port 'conv2d/kernel_in_0_2' to 's_axilite & ap_none'.
INFO: [RTGEN 206-500] Setting interface mode on port 'conv2d/kernel_in_0_3' to 's_axilite & ap_none'.
INFO: [RTGEN 206-500] Setting interface mode on port 'conv2d/kernel_in_0_4' to 's_axilite & ap_none'.
INFO: [RTGEN 206-500] Setting interface mode on port 'conv2d/kernel_in_1_0' to 's_axilite & ap_none'.
INFO: [RTGEN 206-500] Setting interface mode on port 'conv2d/kernel_in_1_1' to 's_axilite & ap_none'.
INFO: [RTGEN 206-500] Setting interface mode on port 'conv2d/kernel_in_1_2' to 's_axilite & ap_none'.
INFO: [RTGEN 206-500] Setting interface mode on port 'conv2d/kernel_in_1_3' to 's_axilite & ap_none'.
INFO: [RTGEN 206-500] Setting interface mode on port 'conv2d/kernel_in_1_4' to 's_axilite & ap_none'.
INFO: [RTGEN 206-500] Setting interface mode on port 'conv2d/kernel_in_2_0' to 's_axilite & ap_none'.
INFO: [RTGEN 206-500] Setting interface mode on port 'conv2d/kernel_in_2_1' to 's_axilite & ap_none'.
INFO: [RTGEN 206-500] Setting interface mode on port 'conv2d/kernel_in_2_2' to 's_axilite & ap_none'.
INFO: [RTGEN 206-500] Setting interface mode on port 'conv2d/kernel_in_2_3' to 's_axilite & ap_none'.
INFO: [RTGEN 206-500] Setting interface mode on port 'conv2d/kernel_in_2_4' to 's_axilite & ap_none'.
INFO: [RTGEN 206-500] Setting interface mode on port 'conv2d/kernel_in_3_0' to 's_axilite & ap_none'.
INFO: [RTGEN 206-500] Setting interface mode on port 'conv2d/kernel_in_3_1' to 's_axilite & ap_none'.
INFO: [RTGEN 206-500] Setting interface mode on port 'conv2d/kernel_in_3_2' to 's_axilite & ap_none'.
INFO: [RTGEN 206-500] Setting interface mode on port 'conv2d/kernel_in_3_3' to 's_axilite & ap_none'.
INFO: [RTGEN 206-500] Setting interface mode on port 'conv2d/kernel_in_3_4' to 's_axilite & ap_none'.
INFO: [RTGEN 206-500] Setting interface mode on port 'conv2d/kernel_in_4_0' to 's_axilite & ap_none'.
INFO: [RTGEN 206-500] Setting interface mode on port 'conv2d/kernel_in_4_1' to 's_axilite & ap_none'.
INFO: [RTGEN 206-500] Setting interface mode on port 'conv2d/kernel_in_4_2' to 's_axilite & ap_none'.
INFO: [RTGEN 206-500] Setting interface mode on port 'conv2d/kernel_in_4_3' to 's_axilite & ap_none'.
INFO: [RTGEN 206-500] Setting interface mode on port 'conv2d/kernel_in_4_4' to 's_axilite & ap_none'.
INFO: [RTGEN 206-500] Setting interface mode on port 'conv2d/img_size' to 's_axilite & ap_none'.
INFO: [RTGEN 206-500] Setting interface mode on function 'conv2d' to 's_axilite & ap_ctrl_hs'.
INFO: [RTGEN 206-100] Bundling port 'kernel_in_0_0', 'kernel_in_0_1', 'kernel_in_0_2', 'kernel_in_0_3', 'kernel_in_0_4', 'kernel_in_1_0', 'kernel_in_1_1', 'kernel_in_1_2', 'kernel_in_1_3', 'kernel_in_1_4', 'kernel_in_2_0', 'kernel_in_2_1', 'kernel_in_2_2', 'kernel_in_2_3', 'kernel_in_2_4', 'kernel_in_3_0', 'kernel_in_3_1', 'kernel_in_3_2', 'kernel_in_3_3', 'kernel_in_3_4', 'kernel_in_4_0', 'kernel_in_4_1', 'kernel_in_4_2', 'kernel_in_4_3', 'kernel_in_4_4', 'img_size' and 'return' to AXI-Lite port control.
INFO: [RTGEN 206-100] Generating core module 'fadd_32ns_32ns_32_5_full_dsp_1': 7 instance(s).
INFO: [RTGEN 206-100] Generating core module 'fmul_32ns_32ns_32_4_max_dsp_1': 7 instance(s).
INFO: [RTGEN 206-100] Generating core module 'mul_32ns_32ns_64_1_1': 1 instance(s).
INFO: [RTGEN 206-100] Finished creating RTL model for 'conv2d'.
INFO: [HLS 200-111] Finished Creating RTL model: CPU user time: 1 seconds. CPU system time: 0 seconds. Elapsed time: 1.275 seconds; current allocated memory: 170.863 MB.
INFO: [RTMG 210-278] Implementing memory 'conv2d_line_buf_0_ram (RAM_2P_BRAM)' using block RAMs with power-on initialization.
INFO: [RTMG 210-278] Implementing memory 'conv2d_window_0_ram (RAM)' using auto RAMs with power-on initialization.
INFO: [HLS 200-111] Finished Generating all RTL models: CPU user time: 2 seconds. CPU system time: 1 seconds. Elapsed time: 2.151 seconds; current allocated memory: 177.508 MB.
INFO: [HLS 200-111] Finished Updating report files: CPU user time: 1 seconds. CPU system time: 0 seconds. Elapsed time: 1.462 seconds; current allocated memory: 183.256 MB.
INFO: [VHDL 208-304] Generating VHDL RTL for conv2d.
INFO: [VLOG 209-307] Generating Verilog RTL for conv2d.
INFO: [HLS 200-790] **** Loop Constraint Status: All loop constraints were NOT satisfied.
INFO: [HLS 200-789] **** Estimated Fmax: 117.51 MHz
INFO: [HLS 200-111] Finished Command csynth_design CPU user time: 8 seconds. CPU system time: 1 seconds. Elapsed time: 17.55 seconds; current allocated memory: 183.242 MB.
INFO: [HLS 200-112] Total CPU user time: 9 seconds. Total CPU system time: 2 seconds. Total elapsed time: 18.831 seconds; peak allocated memory: 1007.287 MB.
==============================================================
Vitis HLS - High-Level Synthesis from C, C++ and OpenCL v2021.1 (64-bit)
Copyright 1986-2021 Xilinx, Inc. All Rights Reserved.
==============================================================
INFO: [SYN 201-201] Setting up clock 'default' with a period of 10ns.
INFO: [SYN 201-201] Setting up clock 'default' with an uncertainty of 1.25ns.
INFO: [HLS 200-1611] Setting target device to 'xc7z020-clg400-1'
INFO: [HLS 200-1505] Using flow_target 'vivado'
INFO: [HLS 200-1464] Running solution command: config_export -format=ip_catalog
INFO: [HLS 200-1464] Running solution command: config_export -output=D:/IITMadrasICS/1-2/EE5332Project/conv2dfloat.zip
INFO: [HLS 200-1464] Running solution command: config_export -rtl=verilog
INFO: [HLS 200-1510] Running: set_part xc7z020-clg400-1 
INFO: [HLS 200-1510] Running: create_clock -period 10 -name default 
INFO: [HLS 200-1510] Running: config_export -format ip_catalog -output D:/IITMadrasICS/1-2/EE5332Project/conv2dfloat.zip -rtl verilog 
INFO: [HLS 200-1510] Running: set_clock_uncertainty 1.25 
INFO: [HLS 200-1510] Running: set_directive_top -name conv2d conv2d 
INFO: [HLS 200-1510] Running: set_directive_loop_tripcount -max 132 -min 68 conv2d/ROW_SLIDE 
INFO: [HLS 200-1510] Running: set_directive_loop_tripcount -max 132 -min 68 conv2d/COL_SLIDE 
INFO: [HLS 200-1510] Running: set_directive_pipeline -II 1 conv2d/COL_SLIDE 
INFO: [HLS 200-1510] Running: set_directive_array_partition -type complete -dim 0 conv2d kernel_in 
INFO: [HLS 200-1510] Running: csynth_design 
INFO: [HLS 200-111] Finished File checks and directory preparation: CPU user time: 0 seconds. CPU system time: 0 seconds. Elapsed time: 0.041 seconds; current allocated memory: 1007.288 MB.
INFO: [HLS 200-10] Analyzing design file 'twodconv.cpp' ... 
WARNING: [HLS 207-5528] Ignore interface attribute or pragma which is not used in top function: twodconv.cpp:25:9
WARNING: [HLS 207-5301] unused parameter 'print': D:/Xilinx/Vitis_HLS/2021.1/common/technology/autopilot\ap_int_base.h:792:16
INFO: [HLS 200-111] Finished Source Code Analysis and Preprocessing: CPU user time: 1 seconds. CPU system time: 0 seconds. Elapsed time: 4.24 seconds; current allocated memory: 117.527 MB.
INFO: [HLS 200-777] Using interface defaults for 'Vivado' flow target.
INFO: [HLS 214-279] Initial Interval estimation mode is set into default.
INFO: [HLS 214-284] Auto array partition mode is set into default.
INFO: [HLS 214-131] Inlining function 'hls::axis<ap_int<32>, 1ul, 1ul, 1ul>::get_user_ptr()' into 'hls::stream<hls::axis<ap_int<32>, 1ul, 1ul, 1ul>, 0>::read()' (D:/Xilinx/Vitis_HLS/2021.1/common/technology/autopilot\ap_axi_sdata.h:293:50)
INFO: [HLS 214-131] Inlining function 'hls::axis<ap_int<32>, 1ul, 1ul, 1ul>::get_dest_ptr()' into 'hls::stream<hls::axis<ap_int<32>, 1ul, 1ul, 1ul>, 0>::read()' (D:/Xilinx/Vitis_HLS/2021.1/common/technology/autopilot\ap_axi_sdata.h:296:25)
INFO: [HLS 214-131] Inlining function 'hls::axis<ap_int<32>, 1ul, 1ul, 1ul>::get_id_ptr()' into 'hls::stream<hls::axis<ap_int<32>, 1ul, 1ul, 1ul>, 0>::read()' (D:/Xilinx/Vitis_HLS/2021.1/common/technology/autopilot\ap_axi_sdata.h:295:67)
INFO: [HLS 214-131] Inlining function 'hls::axis<ap_int<32>, 1ul, 1ul, 1ul>::get_user_ptr()' into 'hls::stream<hls::axis<ap_int<32>, 1ul, 1ul, 1ul>, 0>::read()' (D:/Xilinx/Vitis_HLS/2021.1/common/technology/autopilot\ap_axi_sdata.h:295:36)
INFO: [HLS 214-131] Inlining function 'hls::axis<ap_int<32>, 1ul, 1ul, 1ul>::get_dest_ptr()' into 'hls::stream<hls::axis<ap_int<32>, 1ul, 1ul, 1ul>, 0>::read()' (D:/Xilinx/Vitis_HLS/2021.1/common/technology/autopilot\ap_axi_sdata.h:294:39)
INFO: [HLS 214-131] Inlining function 'hls::axis<ap_int<32>, 1ul, 1ul, 1ul>::get_id_ptr()' into 'hls::stream<hls::axis<ap_int<32>, 1ul, 1ul, 1ul>, 0>::read()' (D:/Xilinx/Vitis_HLS/2021.1/common/technology/autopilot\ap_axi_sdata.h:294:23)
INFO: [HLS 214-131] Inlining function 'ap_int_base<32, true>::operator long long() const' into 'unpack(ap_int<32>)' (twodconv.cpp:6:23)
INFO: [HLS 214-131] Inlining function 'hls::axis<ap_int<32>, 1ul, 1ul, 1ul>::get_user_ptr()' into 'hls::stream<hls::axis<ap_int<32>, 1ul, 1ul, 1ul>, 0>::write(hls::axis<ap_int<32>, 1ul, 1ul, 1ul> const&)' (D:/Xilinx/Vitis_HLS/2021.1/common/technology/autopilot\ap_axi_sdata.h:304:51)
INFO: [HLS 214-131] Inlining function 'hls::axis<ap_int<32>, 1ul, 1ul, 1ul>::get_dest_ptr()' into 'hls::stream<hls::axis<ap_int<32>, 1ul, 1ul, 1ul>, 0>::write(hls::axis<ap_int<32>, 1ul, 1ul, 1ul> const&)' (D:/Xilinx/Vitis_HLS/2021.1/common/technology/autopilot\ap_axi_sdata.h:307:26)
INFO: [HLS 214-131] Inlining function 'hls::axis<ap_int<32>, 1ul, 1ul, 1ul>::get_id_ptr()' into 'hls::stream<hls::axis<ap_int<32>, 1ul, 1ul, 1ul>, 0>::write(hls::axis<ap_int<32>, 1ul, 1ul, 1ul> const&)' (D:/Xilinx/Vitis_HLS/2021.1/common/technology/autopilot\ap_axi_sdata.h:306:68)
INFO: [HLS 214-131] Inlining function 'hls::axis<ap_int<32>, 1ul, 1ul, 1ul>::get_user_ptr()' into 'hls::stream<hls::axis<ap_int<32>, 1ul, 1ul, 1ul>, 0>::write(hls::axis<ap_int<32>, 1ul, 1ul, 1ul> const&)' (D:/Xilinx/Vitis_HLS/2021.1/common/technology/autopilot\ap_axi_sdata.h:306:37)
INFO: [HLS 214-131] Inlining function 'hls::axis<ap_int<32>, 1ul, 1ul, 1ul>::get_dest_ptr()' into 'hls::stream<hls::axis<ap_int<32>, 1ul, 1ul, 1ul>, 0>::write(hls::axis<ap_int<32>, 1ul, 1ul, 1ul> const&)' (D:/Xilinx/Vitis_HLS/2021.1/common/technology/autopilot\ap_axi_sdata.h:305:40)
INFO: [HLS 214-131] Inlining function 'hls::axis<ap_int<32>, 1ul, 1ul, 1ul>::get_id_ptr()' into 'hls::stream<hls::axis<ap_int<32>, 1ul, 1ul, 1ul>, 0>::write(hls::axis<ap_int<32>, 1ul, 1ul, 1ul> const&)' (D:/Xilinx/Vitis_HLS/2021.1/common/technology/autopilot\ap_axi_sdata.h:305:24)
INFO: [HLS 214-131] Inlining function 'hls::stream<hls::axis<ap_int<32>, 1ul, 1ul, 1ul>, 0>::read()' into 'conv2d(hls::stream<hls::axis<ap_int<32>, 1ul, 1ul, 1ul>, 0>&, hls::stream<hls::axis<ap_int<32>, 1ul, 1ul, 1ul>, 0>&, float (*) [5], int)' (twodconv.cpp:57:36)
INFO: [HLS 214-131] Inlining function 'hls::stream<hls::axis<ap_int<32>, 1ul, 1ul, 1ul>, 0>::write(hls::axis<ap_int<32>, 1ul, 1ul, 1ul> const&)' into 'conv2d(hls::stream<hls::axis<ap_int<32>, 1ul, 1ul, 1ul>, 0>&, hls::stream<hls::axis<ap_int<32>, 1ul, 1ul, 1ul>, 0>&, float (*) [5], int)' (twodconv.cpp:93:28)
INFO: [HLS 214-178] Inlining function 'unpack(ap_int<32>)' into 'conv2d(hls::stream<hls::axis<ap_int<32>, 1ul, 1ul, 1ul>, 0>&, hls::stream<hls::axis<ap_int<32>, 1ul, 1ul, 1ul>, 0>&, float (*) [5], int)' (twodconv.cpp:20:0)
INFO: [HLS 214-178] Inlining function 'pack(float)' into 'conv2d(hls::stream<hls::axis<ap_int<32>, 1ul, 1ul, 1ul>, 0>&, hls::stream<hls::axis<ap_int<32>, 1ul, 1ul, 1ul>, 0>&, float (*) [5], int)' (twodconv.cpp:20:0)
INFO: [HLS 214-248] Applying array_partition to 'kernel_in': Complete partitioning on dimension 1. Complete partitioning on dimension 2. (twodconv.cpp:20:0)
INFO: [HLS 214-270] Starting automatic array partition analysis...
INFO: [HLS 200-111] Finished Compiling Optimization and Transform: CPU user time: 1 seconds. CPU system time: 0 seconds. Elapsed time: 4.402 seconds; current allocated memory: 119.930 MB.
INFO: [HLS 200-111] Finished Checking Pragmas: CPU user time: 0 seconds. CPU system time: 0 seconds. Elapsed time: 0.015 seconds; current allocated memory: 119.930 MB.
INFO: [HLS 200-10] Starting code transformations ...
INFO: [HLS 200-111] Finished Standard Transforms: CPU user time: 0 seconds. CPU system time: 0 seconds. Elapsed time: 0.105 seconds; current allocated memory: 127.082 MB.
INFO: [HLS 200-10] Checking synthesizability ...
INFO: [HLS 200-111] Finished Checking Synthesizability: CPU user time: 0 seconds. CPU system time: 0 seconds. Elapsed time: 0.133 seconds; current allocated memory: 135.288 MB.
WARNING: [XFORM 203-803] Dropped interface mode 'ap_auto' on 'kernel_in_0_0' as it is incompatible with its interface mode 's_axilite'.
WARNING: [XFORM 203-803] Dropped interface mode 'ap_auto' on 'kernel_in_0_1' as it is incompatible with its interface mode 's_axilite'.
WARNING: [XFORM 203-803] Dropped interface mode 'ap_auto' on 'kernel_in_0_2' as it is incompatible with its interface mode 's_axilite'.
WARNING: [XFORM 203-803] Dropped interface mode 'ap_auto' on 'kernel_in_0_3' as it is incompatible with its interface mode 's_axilite'.
WARNING: [XFORM 203-803] Dropped interface mode 'ap_auto' on 'kernel_in_0_4' as it is incompatible with its interface mode 's_axilite'.
WARNING: [XFORM 203-803] Dropped interface mode 'ap_auto' on 'kernel_in_1_0' as it is incompatible with its interface mode 's_axilite'.
WARNING: [XFORM 203-803] Dropped interface mode 'ap_auto' on 'kernel_in_1_1' as it is incompatible with its interface mode 's_axilite'.
WARNING: [XFORM 203-803] Dropped interface mode 'ap_auto' on 'kernel_in_1_2' as it is incompatible with its interface mode 's_axilite'.
WARNING: [XFORM 203-803] Dropped interface mode 'ap_auto' on 'kernel_in_1_3' as it is incompatible with its interface mode 's_axilite'.
WARNING: [XFORM 203-803] Dropped interface mode 'ap_auto' on 'kernel_in_1_4' as it is incompatible with its interface mode 's_axilite'.
WARNING: [XFORM 203-803] Dropped interface mode 'ap_auto' on 'kernel_in_2_0' as it is incompatible with its interface mode 's_axilite'.
WARNING: [XFORM 203-803] Dropped interface mode 'ap_auto' on 'kernel_in_2_1' as it is incompatible with its interface mode 's_axilite'.
WARNING: [XFORM 203-803] Dropped interface mode 'ap_auto' on 'kernel_in_2_2' as it is incompatible with its interface mode 's_axilite'.
WARNING: [XFORM 203-803] Dropped interface mode 'ap_auto' on 'kernel_in_2_3' as it is incompatible with its interface mode 's_axilite'.
WARNING: [XFORM 203-803] Dropped interface mode 'ap_auto' on 'kernel_in_2_4' as it is incompatible with its interface mode 's_axilite'.
WARNING: [XFORM 203-803] Dropped interface mode 'ap_auto' on 'kernel_in_3_0' as it is incompatible with its interface mode 's_axilite'.
WARNING: [XFORM 203-803] Dropped interface mode 'ap_auto' on 'kernel_in_3_1' as it is incompatible with its interface mode 's_axilite'.
WARNING: [XFORM 203-803] Dropped interface mode 'ap_auto' on 'kernel_in_3_2' as it is incompatible with its interface mode 's_axilite'.
WARNING: [XFORM 203-803] Dropped interface mode 'ap_auto' on 'kernel_in_3_3' as it is incompatible with its interface mode 's_axilite'.
WARNING: [XFORM 203-803] Dropped interface mode 'ap_auto' on 'kernel_in_3_4' as it is incompatible with its interface mode 's_axilite'.
WARNING: [XFORM 203-803] Dropped interface mode 'ap_auto' on 'kernel_in_4_0' as it is incompatible with its interface mode 's_axilite'.
WARNING: [XFORM 203-803] Dropped interface mode 'ap_auto' on 'kernel_in_4_1' as it is incompatible with its interface mode 's_axilite'.
WARNING: [XFORM 203-803] Dropped interface mode 'ap_auto' on 'kernel_in_4_2' as it is incompatible with its interface mode 's_axilite'.
WARNING: [XFORM 203-803] Dropped interface mode 'ap_auto' on 'kernel_in_4_3' as it is incompatible with its interface mode 's_axilite'.
WARNING: [XFORM 203-803] Dropped interface mode 'ap_auto' on 'kernel_in_4_4' as it is incompatible with its interface mode 's_axilite'.
INFO: [XFORM 203-502] Unrolling all sub-loops inside loop 'COL_SLIDE' (twodconv.cpp:43) in function 'conv2d' for pipelining.
INFO: [HLS 200-489] Unrolling loop 'UPDATE_WINDOW_ROW' (twodconv.cpp:46) in function 'conv2d' completely with a factor of 5.
INFO: [HLS 200-489] Unrolling loop 'UPDATE_WINDOW_COL' (twodconv.cpp:48) in function 'conv2d' completely with a factor of 4.
INFO: [HLS 200-489] Unrolling loop 'UPDATE_BUF' (twodconv.cpp:61) in function 'conv2d' completely with a factor of 4.
INFO: [HLS 200-489] Unrolling loop 'MACi' (twodconv.cpp:37) in function 'conv2d' completely with a factor of 5.
INFO: [HLS 200-489] Unrolling loop 'MACj' (twodconv.cpp:37) in function 'conv2d' completely with a factor of 5.
INFO: [XFORM 203-101] Partitioning array 'line_buf'  in dimension 1 completely.
INFO: [XFORM 203-101] Partitioning array 'window'  in dimension 1 completely.
INFO: [XFORM 203-11] Balancing expressions in function 'conv2d' (twodconv.cpp:7:47)...3 expression(s) balanced.
INFO: [HLS 200-111] Finished Loop, function and other optimizations: CPU user time: 1 seconds. CPU system time: 0 seconds. Elapsed time: 0.712 seconds; current allocated memory: 166.053 MB.
INFO: [XFORM 203-541] Flattening a loop nest 'ROW_SLIDE' (twodconv.cpp:41:14) in function 'conv2d'.
INFO: [HLS 200-472] Inferring partial write operation for 'window.0' (twodconv.cpp:63:34)
INFO: [HLS 200-472] Inferring partial write operation for 'line_buf.0' (twodconv.cpp:66:38)
INFO: [HLS 200-472] Inferring partial write operation for 'window.4' (twodconv.cpp:71:34)
INFO: [HLS 200-472] Inferring partial write operation for 'window.0' (twodconv.cpp:49:34)
INFO: [HLS 200-111] Finished Architecture Synthesis: CPU user time: 0 seconds. CPU system time: 0 seconds. Elapsed time: 0.175 seconds; current allocated memory: 164.284 MB.
INFO: [HLS 200-10] Starting hardware synthesis ...
INFO: [HLS 200-10] Synthesizing 'conv2d' ...
INFO: [HLS 200-10] ----------------------------------------------------------------
INFO: [HLS 200-42] -- Implementing module 'conv2d' 
INFO: [HLS 200-10] ----------------------------------------------------------------
INFO: [SCHED 204-11] Starting scheduling ...
INFO: [SCHED 204-61] Pipelining loop 'ROW_SLIDE_COL_SLIDE'.
WARNING: [HLS 200-885] The II Violation in module 'conv2d' (loop 'ROW_SLIDE_COL_SLIDE'): Unable to schedule 'load' operation ('window_0_load_2', twodconv.cpp:49) on array 'window_0' due to limited memory ports (II = 1). Please consider using a memory core with more ports or partitioning the array 'window_0'.
WARNING: [HLS 200-885] The II Violation in module 'conv2d' (loop 'ROW_SLIDE_COL_SLIDE'): Unable to schedule 'store' operation ('1_write_ln49', twodconv.cpp:49) of variable 'window_0_load_1', twodconv.cpp:49 on array 'window_0' due to limited memory ports (II = 2). Please consider using a memory core with more ports or partitioning the array 'window_0'.
WARNING: [HLS 200-885] The II Violation in module 'conv2d' (loop 'ROW_SLIDE_COL_SLIDE'): Unable to schedule 'store' operation ('4_write_ln63', twodconv.cpp:63) of variable 'line_buf_0_load', twodconv.cpp:62 on array 'window_0' due to limited memory ports (II = 3). Please consider using a memory core with more ports or partitioning the array 'window_0'.
INFO: [HLS 200-1470] Pipelining result : Target II = 1, Final II = 4, Depth = 131, loop 'ROW_SLIDE_COL_SLIDE'
INFO: [SCHED 204-11] Finished scheduling.
INFO: [HLS 200-111] Finished Scheduling: CPU user time: 0 seconds. CPU system time: 0 seconds. Elapsed time: 0.771 seconds; current allocated memory: 165.394 MB.
INFO: [BIND 205-100] Starting micro-architecture generation ...
INFO: [BIND 205-101] Performing variable lifetime analysis.
INFO: [BIND 205-101] Exploring resource sharing.
INFO: [BIND 205-101] Binding ...
INFO: [BIND 205-100] Finished micro-architecture generation.
INFO: [HLS 200-111] Finished Binding: CPU user time: 1 seconds. CPU system time: 0 seconds. Elapsed time: 0.759 seconds; current allocated memory: 167.164 MB.
INFO: [HLS 200-10] ----------------------------------------------------------------
INFO: [HLS 200-10] -- Generating RTL for module 'conv2d' 
INFO: [HLS 200-10] ----------------------------------------------------------------
WARNING: [RTGEN 206-101] Design contains AXI ports. Reset is fixed to synchronous and active low.
INFO: [RTGEN 206-500] Setting interface mode on port 'conv2d/in_stream_V_data_V' to 'axis' (register, both mode).
INFO: [RTGEN 206-500] Setting interface mode on port 'conv2d/in_stream_V_keep_V' to 'axis' (register, both mode).
INFO: [RTGEN 206-500] Setting interface mode on port 'conv2d/in_stream_V_strb_V' to 'axis' (register, both mode).
INFO: [RTGEN 206-500] Setting interface mode on port 'conv2d/in_stream_V_user_V' to 'axis' (register, both mode).
INFO: [RTGEN 206-500] Setting interface mode on port 'conv2d/in_stream_V_last_V' to 'axis' (register, both mode).
INFO: [RTGEN 206-500] Setting interface mode on port 'conv2d/in_stream_V_id_V' to 'axis' (register, both mode).
INFO: [RTGEN 206-500] Setting interface mode on port 'conv2d/in_stream_V_dest_V' to 'axis' (register, both mode).
INFO: [RTGEN 206-500] Setting interface mode on port 'conv2d/out_stream_V_data_V' to 'axis' (register, both mode).
INFO: [RTGEN 206-500] Setting interface mode on port 'conv2d/out_stream_V_keep_V' to 'axis' (register, both mode).
INFO: [RTGEN 206-500] Setting interface mode on port 'conv2d/out_stream_V_strb_V' to 'axis' (register, both mode).
INFO: [RTGEN 206-500] Setting interface mode on port 'conv2d/out_stream_V_user_V' to 'axis' (register, both mode).
INFO: [RTGEN 206-500] Setting interface mode on port 'conv2d/out_stream_V_last_V' to 'axis' (register, both mode).
INFO: [RTGEN 206-500] Setting interface mode on port 'conv2d/out_stream_V_id_V' to 'axis' (register, both mode).
INFO: [RTGEN 206-500] Setting interface mode on port 'conv2d/out_stream_V_dest_V' to 'axis' (register, both mode).
INFO: [RTGEN 206-500] Setting interface mode on port 'conv2d/kernel_in_0_0' to 's_axilite & ap_none'.
INFO: [RTGEN 206-500] Setting interface mode on port 'conv2d/kernel_in_0_1' to 's_axilite & ap_none'.
INFO: [RTGEN 206-500] Setting interface mode on port 'conv2d/kernel_in_0_2' to 's_axilite & ap_none'.
INFO: [RTGEN 206-500] Setting interface mode on port 'conv2d/kernel_in_0_3' to 's_axilite & ap_none'.
INFO: [RTGEN 206-500] Setting interface mode on port 'conv2d/kernel_in_0_4' to 's_axilite & ap_none'.
INFO: [RTGEN 206-500] Setting interface mode on port 'conv2d/kernel_in_1_0' to 's_axilite & ap_none'.
INFO: [RTGEN 206-500] Setting interface mode on port 'conv2d/kernel_in_1_1' to 's_axilite & ap_none'.
INFO: [RTGEN 206-500] Setting interface mode on port 'conv2d/kernel_in_1_2' to 's_axilite & ap_none'.
INFO: [RTGEN 206-500] Setting interface mode on port 'conv2d/kernel_in_1_3' to 's_axilite & ap_none'.
INFO: [RTGEN 206-500] Setting interface mode on port 'conv2d/kernel_in_1_4' to 's_axilite & ap_none'.
INFO: [RTGEN 206-500] Setting interface mode on port 'conv2d/kernel_in_2_0' to 's_axilite & ap_none'.
INFO: [RTGEN 206-500] Setting interface mode on port 'conv2d/kernel_in_2_1' to 's_axilite & ap_none'.
INFO: [RTGEN 206-500] Setting interface mode on port 'conv2d/kernel_in_2_2' to 's_axilite & ap_none'.
INFO: [RTGEN 206-500] Setting interface mode on port 'conv2d/kernel_in_2_3' to 's_axilite & ap_none'.
INFO: [RTGEN 206-500] Setting interface mode on port 'conv2d/kernel_in_2_4' to 's_axilite & ap_none'.
INFO: [RTGEN 206-500] Setting interface mode on port 'conv2d/kernel_in_3_0' to 's_axilite & ap_none'.
INFO: [RTGEN 206-500] Setting interface mode on port 'conv2d/kernel_in_3_1' to 's_axilite & ap_none'.
INFO: [RTGEN 206-500] Setting interface mode on port 'conv2d/kernel_in_3_2' to 's_axilite & ap_none'.
INFO: [RTGEN 206-500] Setting interface mode on port 'conv2d/kernel_in_3_3' to 's_axilite & ap_none'.
INFO: [RTGEN 206-500] Setting interface mode on port 'conv2d/kernel_in_3_4' to 's_axilite & ap_none'.
INFO: [RTGEN 206-500] Setting interface mode on port 'conv2d/kernel_in_4_0' to 's_axilite & ap_none'.
INFO: [RTGEN 206-500] Setting interface mode on port 'conv2d/kernel_in_4_1' to 's_axilite & ap_none'.
INFO: [RTGEN 206-500] Setting interface mode on port 'conv2d/kernel_in_4_2' to 's_axilite & ap_none'.
INFO: [RTGEN 206-500] Setting interface mode on port 'conv2d/kernel_in_4_3' to 's_axilite & ap_none'.
INFO: [RTGEN 206-500] Setting interface mode on port 'conv2d/kernel_in_4_4' to 's_axilite & ap_none'.
INFO: [RTGEN 206-500] Setting interface mode on port 'conv2d/img_size' to 's_axilite & ap_none'.
INFO: [RTGEN 206-500] Setting interface mode on function 'conv2d' to 's_axilite & ap_ctrl_hs'.
INFO: [RTGEN 206-100] Bundling port 'kernel_in_0_0', 'kernel_in_0_1', 'kernel_in_0_2', 'kernel_in_0_3', 'kernel_in_0_4', 'kernel_in_1_0', 'kernel_in_1_1', 'kernel_in_1_2', 'kernel_in_1_3', 'kernel_in_1_4', 'kernel_in_2_0', 'kernel_in_2_1', 'kernel_in_2_2', 'kernel_in_2_3', 'kernel_in_2_4', 'kernel_in_3_0', 'kernel_in_3_1', 'kernel_in_3_2', 'kernel_in_3_3', 'kernel_in_3_4', 'kernel_in_4_0', 'kernel_in_4_1', 'kernel_in_4_2', 'kernel_in_4_3', 'kernel_in_4_4', 'img_size' and 'return' to AXI-Lite port control.
INFO: [RTGEN 206-100] Generating core module 'fadd_32ns_32ns_32_5_full_dsp_1': 7 instance(s).
INFO: [RTGEN 206-100] Generating core module 'fmul_32ns_32ns_32_4_max_dsp_1': 7 instance(s).
INFO: [RTGEN 206-100] Generating core module 'mul_32ns_32ns_64_1_1': 1 instance(s).
INFO: [RTGEN 206-100] Finished creating RTL model for 'conv2d'.
INFO: [HLS 200-111] Finished Creating RTL model: CPU user time: 1 seconds. CPU system time: 0 seconds. Elapsed time: 1.207 seconds; current allocated memory: 170.863 MB.
INFO: [RTMG 210-278] Implementing memory 'conv2d_line_buf_0_ram (RAM_2P_BRAM)' using block RAMs with power-on initialization.
INFO: [RTMG 210-278] Implementing memory 'conv2d_window_0_ram (RAM)' using auto RAMs with power-on initialization.
INFO: [HLS 200-111] Finished Generating all RTL models: CPU user time: 1 seconds. CPU system time: 0 seconds. Elapsed time: 1.919 seconds; current allocated memory: 177.509 MB.
INFO: [HLS 200-111] Finished Updating report files: CPU user time: 1 seconds. CPU system time: 1 seconds. Elapsed time: 1.287 seconds; current allocated memory: 183.256 MB.
INFO: [VHDL 208-304] Generating VHDL RTL for conv2d.
INFO: [VLOG 209-307] Generating Verilog RTL for conv2d.
INFO: [HLS 200-790] **** Loop Constraint Status: All loop constraints were NOT satisfied.
INFO: [HLS 200-789] **** Estimated Fmax: 117.51 MHz
INFO: [HLS 200-111] Finished Command csynth_design CPU user time: 7 seconds. CPU system time: 1 seconds. Elapsed time: 15.864 seconds; current allocated memory: 183.242 MB.
INFO: [HLS 200-112] Total CPU user time: 8 seconds. Total CPU system time: 2 seconds. Total elapsed time: 17.009 seconds; peak allocated memory: 1007.288 MB.
==============================================================
Vitis HLS - High-Level Synthesis from C, C++ and OpenCL v2021.1 (64-bit)
Copyright 1986-2021 Xilinx, Inc. All Rights Reserved.
==============================================================
INFO: [SYN 201-201] Setting up clock 'default' with a period of 10ns.
INFO: [SYN 201-201] Setting up clock 'default' with an uncertainty of 1.25ns.
INFO: [HLS 200-1611] Setting target device to 'xc7z020-clg400-1'
INFO: [HLS 200-1505] Using flow_target 'vivado'
INFO: [HLS 200-1464] Running solution command: config_export -format=ip_catalog
INFO: [HLS 200-1464] Running solution command: config_export -output=D:/IITMadrasICS/1-2/EE5332Project/conv2dfloat.zip
INFO: [HLS 200-1464] Running solution command: config_export -rtl=verilog
INFO: [HLS 200-1510] Running: set_part xc7z020-clg400-1 
INFO: [HLS 200-1510] Running: create_clock -period 10 -name default 
INFO: [HLS 200-1510] Running: config_export -format ip_catalog -output D:/IITMadrasICS/1-2/EE5332Project/conv2dfloat.zip -rtl verilog 
INFO: [HLS 200-1510] Running: set_clock_uncertainty 1.25 
INFO: [HLS 200-1510] Running: set_directive_top -name conv2d conv2d 
INFO: [HLS 200-1510] Running: set_directive_pipeline -II 1 conv2d/COL_SLIDE 
INFO: [HLS 200-1510] Running: set_directive_array_partition -type complete -dim 0 conv2d kernel_in 
INFO: [HLS 200-1510] Running: csynth_design 
INFO: [HLS 200-111] Finished File checks and directory preparation: CPU user time: 0 seconds. CPU system time: 0 seconds. Elapsed time: 0.058 seconds; current allocated memory: 1007.286 MB.
INFO: [HLS 200-10] Analyzing design file 'twodconv.cpp' ... 
WARNING: [HLS 207-5528] Ignore interface attribute or pragma which is not used in top function: twodconv.cpp:25:9
WARNING: [HLS 207-5301] unused parameter 'print': D:/Xilinx/Vitis_HLS/2021.1/common/technology/autopilot\ap_int_base.h:792:16
INFO: [HLS 200-111] Finished Source Code Analysis and Preprocessing: CPU user time: 2 seconds. CPU system time: 0 seconds. Elapsed time: 4.233 seconds; current allocated memory: 117.495 MB.
INFO: [HLS 200-777] Using interface defaults for 'Vivado' flow target.
INFO: [HLS 214-279] Initial Interval estimation mode is set into default.
INFO: [HLS 214-284] Auto array partition mode is set into default.
INFO: [HLS 214-131] Inlining function 'hls::axis<ap_int<32>, 1ul, 1ul, 1ul>::get_user_ptr()' into 'hls::stream<hls::axis<ap_int<32>, 1ul, 1ul, 1ul>, 0>::read()' (D:/Xilinx/Vitis_HLS/2021.1/common/technology/autopilot\ap_axi_sdata.h:293:50)
INFO: [HLS 214-131] Inlining function 'hls::axis<ap_int<32>, 1ul, 1ul, 1ul>::get_dest_ptr()' into 'hls::stream<hls::axis<ap_int<32>, 1ul, 1ul, 1ul>, 0>::read()' (D:/Xilinx/Vitis_HLS/2021.1/common/technology/autopilot\ap_axi_sdata.h:296:25)
INFO: [HLS 214-131] Inlining function 'hls::axis<ap_int<32>, 1ul, 1ul, 1ul>::get_id_ptr()' into 'hls::stream<hls::axis<ap_int<32>, 1ul, 1ul, 1ul>, 0>::read()' (D:/Xilinx/Vitis_HLS/2021.1/common/technology/autopilot\ap_axi_sdata.h:295:67)
INFO: [HLS 214-131] Inlining function 'hls::axis<ap_int<32>, 1ul, 1ul, 1ul>::get_user_ptr()' into 'hls::stream<hls::axis<ap_int<32>, 1ul, 1ul, 1ul>, 0>::read()' (D:/Xilinx/Vitis_HLS/2021.1/common/technology/autopilot\ap_axi_sdata.h:295:36)
INFO: [HLS 214-131] Inlining function 'hls::axis<ap_int<32>, 1ul, 1ul, 1ul>::get_dest_ptr()' into 'hls::stream<hls::axis<ap_int<32>, 1ul, 1ul, 1ul>, 0>::read()' (D:/Xilinx/Vitis_HLS/2021.1/common/technology/autopilot\ap_axi_sdata.h:294:39)
INFO: [HLS 214-131] Inlining function 'hls::axis<ap_int<32>, 1ul, 1ul, 1ul>::get_id_ptr()' into 'hls::stream<hls::axis<ap_int<32>, 1ul, 1ul, 1ul>, 0>::read()' (D:/Xilinx/Vitis_HLS/2021.1/common/technology/autopilot\ap_axi_sdata.h:294:23)
INFO: [HLS 214-131] Inlining function 'ap_int_base<32, true>::operator long long() const' into 'unpack(ap_int<32>)' (twodconv.cpp:6:23)
INFO: [HLS 214-131] Inlining function 'hls::axis<ap_int<32>, 1ul, 1ul, 1ul>::get_user_ptr()' into 'hls::stream<hls::axis<ap_int<32>, 1ul, 1ul, 1ul>, 0>::write(hls::axis<ap_int<32>, 1ul, 1ul, 1ul> const&)' (D:/Xilinx/Vitis_HLS/2021.1/common/technology/autopilot\ap_axi_sdata.h:304:51)
INFO: [HLS 214-131] Inlining function 'hls::axis<ap_int<32>, 1ul, 1ul, 1ul>::get_dest_ptr()' into 'hls::stream<hls::axis<ap_int<32>, 1ul, 1ul, 1ul>, 0>::write(hls::axis<ap_int<32>, 1ul, 1ul, 1ul> const&)' (D:/Xilinx/Vitis_HLS/2021.1/common/technology/autopilot\ap_axi_sdata.h:307:26)
INFO: [HLS 214-131] Inlining function 'hls::axis<ap_int<32>, 1ul, 1ul, 1ul>::get_id_ptr()' into 'hls::stream<hls::axis<ap_int<32>, 1ul, 1ul, 1ul>, 0>::write(hls::axis<ap_int<32>, 1ul, 1ul, 1ul> const&)' (D:/Xilinx/Vitis_HLS/2021.1/common/technology/autopilot\ap_axi_sdata.h:306:68)
INFO: [HLS 214-131] Inlining function 'hls::axis<ap_int<32>, 1ul, 1ul, 1ul>::get_user_ptr()' into 'hls::stream<hls::axis<ap_int<32>, 1ul, 1ul, 1ul>, 0>::write(hls::axis<ap_int<32>, 1ul, 1ul, 1ul> const&)' (D:/Xilinx/Vitis_HLS/2021.1/common/technology/autopilot\ap_axi_sdata.h:306:37)
INFO: [HLS 214-131] Inlining function 'hls::axis<ap_int<32>, 1ul, 1ul, 1ul>::get_dest_ptr()' into 'hls::stream<hls::axis<ap_int<32>, 1ul, 1ul, 1ul>, 0>::write(hls::axis<ap_int<32>, 1ul, 1ul, 1ul> const&)' (D:/Xilinx/Vitis_HLS/2021.1/common/technology/autopilot\ap_axi_sdata.h:305:40)
INFO: [HLS 214-131] Inlining function 'hls::axis<ap_int<32>, 1ul, 1ul, 1ul>::get_id_ptr()' into 'hls::stream<hls::axis<ap_int<32>, 1ul, 1ul, 1ul>, 0>::write(hls::axis<ap_int<32>, 1ul, 1ul, 1ul> const&)' (D:/Xilinx/Vitis_HLS/2021.1/common/technology/autopilot\ap_axi_sdata.h:305:24)
INFO: [HLS 214-131] Inlining function 'hls::stream<hls::axis<ap_int<32>, 1ul, 1ul, 1ul>, 0>::read()' into 'conv2d(hls::stream<hls::axis<ap_int<32>, 1ul, 1ul, 1ul>, 0>&, hls::stream<hls::axis<ap_int<32>, 1ul, 1ul, 1ul>, 0>&, float (*) [5], int)' (twodconv.cpp:57:36)
INFO: [HLS 214-131] Inlining function 'hls::stream<hls::axis<ap_int<32>, 1ul, 1ul, 1ul>, 0>::write(hls::axis<ap_int<32>, 1ul, 1ul, 1ul> const&)' into 'conv2d(hls::stream<hls::axis<ap_int<32>, 1ul, 1ul, 1ul>, 0>&, hls::stream<hls::axis<ap_int<32>, 1ul, 1ul, 1ul>, 0>&, float (*) [5], int)' (twodconv.cpp:93:28)
INFO: [HLS 214-178] Inlining function 'unpack(ap_int<32>)' into 'conv2d(hls::stream<hls::axis<ap_int<32>, 1ul, 1ul, 1ul>, 0>&, hls::stream<hls::axis<ap_int<32>, 1ul, 1ul, 1ul>, 0>&, float (*) [5], int)' (twodconv.cpp:20:0)
INFO: [HLS 214-178] Inlining function 'pack(float)' into 'conv2d(hls::stream<hls::axis<ap_int<32>, 1ul, 1ul, 1ul>, 0>&, hls::stream<hls::axis<ap_int<32>, 1ul, 1ul, 1ul>, 0>&, float (*) [5], int)' (twodconv.cpp:20:0)
INFO: [HLS 214-248] Applying array_partition to 'kernel_in': Complete partitioning on dimension 1. Complete partitioning on dimension 2. (twodconv.cpp:20:0)
INFO: [HLS 214-270] Starting automatic array partition analysis...
INFO: [HLS 200-111] Finished Compiling Optimization and Transform: CPU user time: 0 seconds. CPU system time: 0 seconds. Elapsed time: 4.508 seconds; current allocated memory: 119.884 MB.
INFO: [HLS 200-111] Finished Checking Pragmas: CPU user time: 0 seconds. CPU system time: 0 seconds. Elapsed time: 0.022 seconds; current allocated memory: 119.885 MB.
INFO: [HLS 200-10] Starting code transformations ...
INFO: [HLS 200-111] Finished Standard Transforms: CPU user time: 0 seconds. CPU system time: 0 seconds. Elapsed time: 0.107 seconds; current allocated memory: 127.034 MB.
INFO: [HLS 200-10] Checking synthesizability ...
INFO: [HLS 200-111] Finished Checking Synthesizability: CPU user time: 0 seconds. CPU system time: 0 seconds. Elapsed time: 0.135 seconds; current allocated memory: 135.239 MB.
WARNING: [XFORM 203-803] Dropped interface mode 'ap_auto' on 'kernel_in_0_0' as it is incompatible with its interface mode 's_axilite'.
WARNING: [XFORM 203-803] Dropped interface mode 'ap_auto' on 'kernel_in_0_1' as it is incompatible with its interface mode 's_axilite'.
WARNING: [XFORM 203-803] Dropped interface mode 'ap_auto' on 'kernel_in_0_2' as it is incompatible with its interface mode 's_axilite'.
WARNING: [XFORM 203-803] Dropped interface mode 'ap_auto' on 'kernel_in_0_3' as it is incompatible with its interface mode 's_axilite'.
WARNING: [XFORM 203-803] Dropped interface mode 'ap_auto' on 'kernel_in_0_4' as it is incompatible with its interface mode 's_axilite'.
WARNING: [XFORM 203-803] Dropped interface mode 'ap_auto' on 'kernel_in_1_0' as it is incompatible with its interface mode 's_axilite'.
WARNING: [XFORM 203-803] Dropped interface mode 'ap_auto' on 'kernel_in_1_1' as it is incompatible with its interface mode 's_axilite'.
WARNING: [XFORM 203-803] Dropped interface mode 'ap_auto' on 'kernel_in_1_2' as it is incompatible with its interface mode 's_axilite'.
WARNING: [XFORM 203-803] Dropped interface mode 'ap_auto' on 'kernel_in_1_3' as it is incompatible with its interface mode 's_axilite'.
WARNING: [XFORM 203-803] Dropped interface mode 'ap_auto' on 'kernel_in_1_4' as it is incompatible with its interface mode 's_axilite'.
WARNING: [XFORM 203-803] Dropped interface mode 'ap_auto' on 'kernel_in_2_0' as it is incompatible with its interface mode 's_axilite'.
WARNING: [XFORM 203-803] Dropped interface mode 'ap_auto' on 'kernel_in_2_1' as it is incompatible with its interface mode 's_axilite'.
WARNING: [XFORM 203-803] Dropped interface mode 'ap_auto' on 'kernel_in_2_2' as it is incompatible with its interface mode 's_axilite'.
WARNING: [XFORM 203-803] Dropped interface mode 'ap_auto' on 'kernel_in_2_3' as it is incompatible with its interface mode 's_axilite'.
WARNING: [XFORM 203-803] Dropped interface mode 'ap_auto' on 'kernel_in_2_4' as it is incompatible with its interface mode 's_axilite'.
WARNING: [XFORM 203-803] Dropped interface mode 'ap_auto' on 'kernel_in_3_0' as it is incompatible with its interface mode 's_axilite'.
WARNING: [XFORM 203-803] Dropped interface mode 'ap_auto' on 'kernel_in_3_1' as it is incompatible with its interface mode 's_axilite'.
WARNING: [XFORM 203-803] Dropped interface mode 'ap_auto' on 'kernel_in_3_2' as it is incompatible with its interface mode 's_axilite'.
WARNING: [XFORM 203-803] Dropped interface mode 'ap_auto' on 'kernel_in_3_3' as it is incompatible with its interface mode 's_axilite'.
WARNING: [XFORM 203-803] Dropped interface mode 'ap_auto' on 'kernel_in_3_4' as it is incompatible with its interface mode 's_axilite'.
WARNING: [XFORM 203-803] Dropped interface mode 'ap_auto' on 'kernel_in_4_0' as it is incompatible with its interface mode 's_axilite'.
WARNING: [XFORM 203-803] Dropped interface mode 'ap_auto' on 'kernel_in_4_1' as it is incompatible with its interface mode 's_axilite'.
WARNING: [XFORM 203-803] Dropped interface mode 'ap_auto' on 'kernel_in_4_2' as it is incompatible with its interface mode 's_axilite'.
WARNING: [XFORM 203-803] Dropped interface mode 'ap_auto' on 'kernel_in_4_3' as it is incompatible with its interface mode 's_axilite'.
WARNING: [XFORM 203-803] Dropped interface mode 'ap_auto' on 'kernel_in_4_4' as it is incompatible with its interface mode 's_axilite'.
INFO: [XFORM 203-502] Unrolling all sub-loops inside loop 'COL_SLIDE' (twodconv.cpp:43) in function 'conv2d' for pipelining.
INFO: [HLS 200-489] Unrolling loop 'UPDATE_WINDOW_ROW' (twodconv.cpp:46) in function 'conv2d' completely with a factor of 5.
INFO: [HLS 200-489] Unrolling loop 'UPDATE_WINDOW_COL' (twodconv.cpp:48) in function 'conv2d' completely with a factor of 4.
INFO: [HLS 200-489] Unrolling loop 'UPDATE_BUF' (twodconv.cpp:61) in function 'conv2d' completely with a factor of 4.
INFO: [HLS 200-489] Unrolling loop 'MACi' (twodconv.cpp:37) in function 'conv2d' completely with a factor of 5.
INFO: [HLS 200-489] Unrolling loop 'MACj' (twodconv.cpp:37) in function 'conv2d' completely with a factor of 5.
INFO: [XFORM 203-101] Partitioning array 'line_buf'  in dimension 1 completely.
INFO: [XFORM 203-101] Partitioning array 'window'  in dimension 1 completely.
INFO: [XFORM 203-11] Balancing expressions in function 'conv2d' (twodconv.cpp:7:47)...3 expression(s) balanced.
INFO: [HLS 200-111] Finished Loop, function and other optimizations: CPU user time: 1 seconds. CPU system time: 0 seconds. Elapsed time: 0.706 seconds; current allocated memory: 165.986 MB.
INFO: [XFORM 203-541] Flattening a loop nest 'ROW_SLIDE' (twodconv.cpp:41:14) in function 'conv2d'.
INFO: [HLS 200-472] Inferring partial write operation for 'window.0' (twodconv.cpp:63:34)
INFO: [HLS 200-472] Inferring partial write operation for 'line_buf.0' (twodconv.cpp:66:38)
INFO: [HLS 200-472] Inferring partial write operation for 'window.4' (twodconv.cpp:71:34)
INFO: [HLS 200-472] Inferring partial write operation for 'window.0' (twodconv.cpp:49:34)
INFO: [HLS 200-111] Finished Architecture Synthesis: CPU user time: 0 seconds. CPU system time: 0 seconds. Elapsed time: 0.186 seconds; current allocated memory: 164.320 MB.
INFO: [HLS 200-10] Starting hardware synthesis ...
INFO: [HLS 200-10] Synthesizing 'conv2d' ...
INFO: [HLS 200-10] ----------------------------------------------------------------
INFO: [HLS 200-42] -- Implementing module 'conv2d' 
INFO: [HLS 200-10] ----------------------------------------------------------------
INFO: [SCHED 204-11] Starting scheduling ...
INFO: [SCHED 204-61] Pipelining loop 'ROW_SLIDE_COL_SLIDE'.
WARNING: [HLS 200-885] The II Violation in module 'conv2d' (loop 'ROW_SLIDE_COL_SLIDE'): Unable to schedule 'load' operation ('window_0_load_2', twodconv.cpp:49) on array 'window_0' due to limited memory ports (II = 1). Please consider using a memory core with more ports or partitioning the array 'window_0'.
WARNING: [HLS 200-885] The II Violation in module 'conv2d' (loop 'ROW_SLIDE_COL_SLIDE'): Unable to schedule 'store' operation ('1_write_ln49', twodconv.cpp:49) of variable 'window_0_load_1', twodconv.cpp:49 on array 'window_0' due to limited memory ports (II = 2). Please consider using a memory core with more ports or partitioning the array 'window_0'.
WARNING: [HLS 200-885] The II Violation in module 'conv2d' (loop 'ROW_SLIDE_COL_SLIDE'): Unable to schedule 'store' operation ('4_write_ln63', twodconv.cpp:63) of variable 'reuse_select90', twodconv.cpp:43 on array 'window_0' due to limited memory ports (II = 3). Please consider using a memory core with more ports or partitioning the array 'window_0'.
INFO: [HLS 200-1470] Pipelining result : Target II = 1, Final II = 4, Depth = 131, loop 'ROW_SLIDE_COL_SLIDE'
INFO: [SCHED 204-11] Finished scheduling.
INFO: [HLS 200-111] Finished Scheduling: CPU user time: 1 seconds. CPU system time: 0 seconds. Elapsed time: 0.799 seconds; current allocated memory: 165.537 MB.
INFO: [BIND 205-100] Starting micro-architecture generation ...
INFO: [BIND 205-101] Performing variable lifetime analysis.
INFO: [BIND 205-101] Exploring resource sharing.
INFO: [BIND 205-101] Binding ...
INFO: [BIND 205-100] Finished micro-architecture generation.
INFO: [HLS 200-111] Finished Binding: CPU user time: 0 seconds. CPU system time: 0 seconds. Elapsed time: 0.8 seconds; current allocated memory: 167.423 MB.
INFO: [HLS 200-10] ----------------------------------------------------------------
INFO: [HLS 200-10] -- Generating RTL for module 'conv2d' 
INFO: [HLS 200-10] ----------------------------------------------------------------
WARNING: [RTGEN 206-101] Design contains AXI ports. Reset is fixed to synchronous and active low.
INFO: [RTGEN 206-500] Setting interface mode on port 'conv2d/in_stream_V_data_V' to 'axis' (register, both mode).
INFO: [RTGEN 206-500] Setting interface mode on port 'conv2d/in_stream_V_keep_V' to 'axis' (register, both mode).
INFO: [RTGEN 206-500] Setting interface mode on port 'conv2d/in_stream_V_strb_V' to 'axis' (register, both mode).
INFO: [RTGEN 206-500] Setting interface mode on port 'conv2d/in_stream_V_user_V' to 'axis' (register, both mode).
INFO: [RTGEN 206-500] Setting interface mode on port 'conv2d/in_stream_V_last_V' to 'axis' (register, both mode).
INFO: [RTGEN 206-500] Setting interface mode on port 'conv2d/in_stream_V_id_V' to 'axis' (register, both mode).
INFO: [RTGEN 206-500] Setting interface mode on port 'conv2d/in_stream_V_dest_V' to 'axis' (register, both mode).
INFO: [RTGEN 206-500] Setting interface mode on port 'conv2d/out_stream_V_data_V' to 'axis' (register, both mode).
INFO: [RTGEN 206-500] Setting interface mode on port 'conv2d/out_stream_V_keep_V' to 'axis' (register, both mode).
INFO: [RTGEN 206-500] Setting interface mode on port 'conv2d/out_stream_V_strb_V' to 'axis' (register, both mode).
INFO: [RTGEN 206-500] Setting interface mode on port 'conv2d/out_stream_V_user_V' to 'axis' (register, both mode).
INFO: [RTGEN 206-500] Setting interface mode on port 'conv2d/out_stream_V_last_V' to 'axis' (register, both mode).
INFO: [RTGEN 206-500] Setting interface mode on port 'conv2d/out_stream_V_id_V' to 'axis' (register, both mode).
INFO: [RTGEN 206-500] Setting interface mode on port 'conv2d/out_stream_V_dest_V' to 'axis' (register, both mode).
INFO: [RTGEN 206-500] Setting interface mode on port 'conv2d/kernel_in_0_0' to 's_axilite & ap_none'.
INFO: [RTGEN 206-500] Setting interface mode on port 'conv2d/kernel_in_0_1' to 's_axilite & ap_none'.
INFO: [RTGEN 206-500] Setting interface mode on port 'conv2d/kernel_in_0_2' to 's_axilite & ap_none'.
INFO: [RTGEN 206-500] Setting interface mode on port 'conv2d/kernel_in_0_3' to 's_axilite & ap_none'.
INFO: [RTGEN 206-500] Setting interface mode on port 'conv2d/kernel_in_0_4' to 's_axilite & ap_none'.
INFO: [RTGEN 206-500] Setting interface mode on port 'conv2d/kernel_in_1_0' to 's_axilite & ap_none'.
INFO: [RTGEN 206-500] Setting interface mode on port 'conv2d/kernel_in_1_1' to 's_axilite & ap_none'.
INFO: [RTGEN 206-500] Setting interface mode on port 'conv2d/kernel_in_1_2' to 's_axilite & ap_none'.
INFO: [RTGEN 206-500] Setting interface mode on port 'conv2d/kernel_in_1_3' to 's_axilite & ap_none'.
INFO: [RTGEN 206-500] Setting interface mode on port 'conv2d/kernel_in_1_4' to 's_axilite & ap_none'.
INFO: [RTGEN 206-500] Setting interface mode on port 'conv2d/kernel_in_2_0' to 's_axilite & ap_none'.
INFO: [RTGEN 206-500] Setting interface mode on port 'conv2d/kernel_in_2_1' to 's_axilite & ap_none'.
INFO: [RTGEN 206-500] Setting interface mode on port 'conv2d/kernel_in_2_2' to 's_axilite & ap_none'.
INFO: [RTGEN 206-500] Setting interface mode on port 'conv2d/kernel_in_2_3' to 's_axilite & ap_none'.
INFO: [RTGEN 206-500] Setting interface mode on port 'conv2d/kernel_in_2_4' to 's_axilite & ap_none'.
INFO: [RTGEN 206-500] Setting interface mode on port 'conv2d/kernel_in_3_0' to 's_axilite & ap_none'.
INFO: [RTGEN 206-500] Setting interface mode on port 'conv2d/kernel_in_3_1' to 's_axilite & ap_none'.
INFO: [RTGEN 206-500] Setting interface mode on port 'conv2d/kernel_in_3_2' to 's_axilite & ap_none'.
INFO: [RTGEN 206-500] Setting interface mode on port 'conv2d/kernel_in_3_3' to 's_axilite & ap_none'.
INFO: [RTGEN 206-500] Setting interface mode on port 'conv2d/kernel_in_3_4' to 's_axilite & ap_none'.
INFO: [RTGEN 206-500] Setting interface mode on port 'conv2d/kernel_in_4_0' to 's_axilite & ap_none'.
INFO: [RTGEN 206-500] Setting interface mode on port 'conv2d/kernel_in_4_1' to 's_axilite & ap_none'.
INFO: [RTGEN 206-500] Setting interface mode on port 'conv2d/kernel_in_4_2' to 's_axilite & ap_none'.
INFO: [RTGEN 206-500] Setting interface mode on port 'conv2d/kernel_in_4_3' to 's_axilite & ap_none'.
INFO: [RTGEN 206-500] Setting interface mode on port 'conv2d/kernel_in_4_4' to 's_axilite & ap_none'.
INFO: [RTGEN 206-500] Setting interface mode on port 'conv2d/img_size' to 's_axilite & ap_none'.
INFO: [RTGEN 206-500] Setting interface mode on function 'conv2d' to 's_axilite & ap_ctrl_hs'.
INFO: [RTGEN 206-100] Bundling port 'kernel_in_0_0', 'kernel_in_0_1', 'kernel_in_0_2', 'kernel_in_0_3', 'kernel_in_0_4', 'kernel_in_1_0', 'kernel_in_1_1', 'kernel_in_1_2', 'kernel_in_1_3', 'kernel_in_1_4', 'kernel_in_2_0', 'kernel_in_2_1', 'kernel_in_2_2', 'kernel_in_2_3', 'kernel_in_2_4', 'kernel_in_3_0', 'kernel_in_3_1', 'kernel_in_3_2', 'kernel_in_3_3', 'kernel_in_3_4', 'kernel_in_4_0', 'kernel_in_4_1', 'kernel_in_4_2', 'kernel_in_4_3', 'kernel_in_4_4', 'img_size' and 'return' to AXI-Lite port control.
INFO: [RTGEN 206-100] Generating core module 'fadd_32ns_32ns_32_5_full_dsp_1': 7 instance(s).
INFO: [RTGEN 206-100] Generating core module 'fmul_32ns_32ns_32_4_max_dsp_1': 7 instance(s).
INFO: [RTGEN 206-100] Generating core module 'mul_32ns_32ns_64_1_1': 1 instance(s).
INFO: [RTGEN 206-100] Finished creating RTL model for 'conv2d'.
INFO: [HLS 200-111] Finished Creating RTL model: CPU user time: 1 seconds. CPU system time: 0 seconds. Elapsed time: 1.267 seconds; current allocated memory: 171.247 MB.
INFO: [RTMG 210-278] Implementing memory 'conv2d_line_buf_0_ram (RAM_2P_BRAM)' using block RAMs with power-on initialization.
INFO: [RTMG 210-278] Implementing memory 'conv2d_window_0_ram (RAM)' using auto RAMs with power-on initialization.
INFO: [HLS 200-111] Finished Generating all RTL models: CPU user time: 2 seconds. CPU system time: 0 seconds. Elapsed time: 2.119 seconds; current allocated memory: 178.376 MB.
INFO: [HLS 200-111] Finished Updating report files: CPU user time: 1 seconds. CPU system time: 0 seconds. Elapsed time: 1.374 seconds; current allocated memory: 184.123 MB.
INFO: [VHDL 208-304] Generating VHDL RTL for conv2d.
INFO: [VLOG 209-307] Generating Verilog RTL for conv2d.
INFO: [HLS 200-790] **** Loop Constraint Status: All loop constraints were NOT satisfied.
INFO: [HLS 200-789] **** Estimated Fmax: 117.51 MHz
INFO: [HLS 200-111] Finished Command csynth_design CPU user time: 8 seconds. CPU system time: 0 seconds. Elapsed time: 16.44 seconds; current allocated memory: 184.109 MB.
INFO: [HLS 200-112] Total CPU user time: 9 seconds. Total CPU system time: 1 seconds. Total elapsed time: 17.601 seconds; peak allocated memory: 1007.286 MB.
==============================================================
Vitis HLS - High-Level Synthesis from C, C++ and OpenCL v2021.1 (64-bit)
Copyright 1986-2021 Xilinx, Inc. All Rights Reserved.
==============================================================
INFO: [SYN 201-201] Setting up clock 'default' with a period of 10ns.
INFO: [SYN 201-201] Setting up clock 'default' with an uncertainty of 1.25ns.
INFO: [HLS 200-1611] Setting target device to 'xc7z020-clg400-1'
INFO: [HLS 200-1505] Using flow_target 'vivado'
INFO: [HLS 200-1464] Running solution command: config_export -format=ip_catalog
INFO: [HLS 200-1464] Running solution command: config_export -output=D:/IITMadrasICS/1-2/EE5332Project/conv2dfloat.zip
INFO: [HLS 200-1464] Running solution command: config_export -rtl=verilog
INFO: [HLS 200-1510] Running: set_part xc7z020-clg400-1 
INFO: [HLS 200-1510] Running: create_clock -period 10 -name default 
INFO: [HLS 200-1510] Running: config_export -format ip_catalog -output D:/IITMadrasICS/1-2/EE5332Project/conv2dfloat.zip -rtl verilog 
INFO: [HLS 200-1510] Running: set_clock_uncertainty 1.25 
INFO: [HLS 200-1510] Running: set_directive_top -name conv2d conv2d 
INFO: [HLS 200-1510] Running: set_directive_pipeline -II 1 conv2d/COL_SLIDE 
INFO: [HLS 200-1510] Running: set_directive_array_partition -type complete -dim 0 conv2d kernel_in 
INFO: [HLS 200-1510] Running: csynth_design 
INFO: [HLS 200-111] Finished File checks and directory preparation: CPU user time: 0 seconds. CPU system time: 0 seconds. Elapsed time: 0.047 seconds; current allocated memory: 1007.287 MB.
INFO: [HLS 200-10] Analyzing design file 'twodconv.cpp' ... 
WARNING: [HLS 207-5528] Ignore interface attribute or pragma which is not used in top function: twodconv.cpp:25:9
WARNING: [HLS 207-5301] unused parameter 'print': D:/Xilinx/Vitis_HLS/2021.1/common/technology/autopilot\ap_int_base.h:792:16
INFO: [HLS 200-111] Finished Source Code Analysis and Preprocessing: CPU user time: 2 seconds. CPU system time: 0 seconds. Elapsed time: 4.197 seconds; current allocated memory: 117.495 MB.
INFO: [HLS 200-777] Using interface defaults for 'Vivado' flow target.
INFO: [HLS 214-279] Initial Interval estimation mode is set into default.
INFO: [HLS 214-284] Auto array partition mode is set into default.
INFO: [HLS 214-131] Inlining function 'hls::axis<ap_int<32>, 1ul, 1ul, 1ul>::get_user_ptr()' into 'hls::stream<hls::axis<ap_int<32>, 1ul, 1ul, 1ul>, 0>::read()' (D:/Xilinx/Vitis_HLS/2021.1/common/technology/autopilot\ap_axi_sdata.h:293:50)
INFO: [HLS 214-131] Inlining function 'hls::axis<ap_int<32>, 1ul, 1ul, 1ul>::get_dest_ptr()' into 'hls::stream<hls::axis<ap_int<32>, 1ul, 1ul, 1ul>, 0>::read()' (D:/Xilinx/Vitis_HLS/2021.1/common/technology/autopilot\ap_axi_sdata.h:296:25)
INFO: [HLS 214-131] Inlining function 'hls::axis<ap_int<32>, 1ul, 1ul, 1ul>::get_id_ptr()' into 'hls::stream<hls::axis<ap_int<32>, 1ul, 1ul, 1ul>, 0>::read()' (D:/Xilinx/Vitis_HLS/2021.1/common/technology/autopilot\ap_axi_sdata.h:295:67)
INFO: [HLS 214-131] Inlining function 'hls::axis<ap_int<32>, 1ul, 1ul, 1ul>::get_user_ptr()' into 'hls::stream<hls::axis<ap_int<32>, 1ul, 1ul, 1ul>, 0>::read()' (D:/Xilinx/Vitis_HLS/2021.1/common/technology/autopilot\ap_axi_sdata.h:295:36)
INFO: [HLS 214-131] Inlining function 'hls::axis<ap_int<32>, 1ul, 1ul, 1ul>::get_dest_ptr()' into 'hls::stream<hls::axis<ap_int<32>, 1ul, 1ul, 1ul>, 0>::read()' (D:/Xilinx/Vitis_HLS/2021.1/common/technology/autopilot\ap_axi_sdata.h:294:39)
INFO: [HLS 214-131] Inlining function 'hls::axis<ap_int<32>, 1ul, 1ul, 1ul>::get_id_ptr()' into 'hls::stream<hls::axis<ap_int<32>, 1ul, 1ul, 1ul>, 0>::read()' (D:/Xilinx/Vitis_HLS/2021.1/common/technology/autopilot\ap_axi_sdata.h:294:23)
INFO: [HLS 214-131] Inlining function 'ap_int_base<32, true>::operator long long() const' into 'unpack(ap_int<32>)' (twodconv.cpp:6:23)
INFO: [HLS 214-131] Inlining function 'hls::axis<ap_int<32>, 1ul, 1ul, 1ul>::get_user_ptr()' into 'hls::stream<hls::axis<ap_int<32>, 1ul, 1ul, 1ul>, 0>::write(hls::axis<ap_int<32>, 1ul, 1ul, 1ul> const&)' (D:/Xilinx/Vitis_HLS/2021.1/common/technology/autopilot\ap_axi_sdata.h:304:51)
INFO: [HLS 214-131] Inlining function 'hls::axis<ap_int<32>, 1ul, 1ul, 1ul>::get_dest_ptr()' into 'hls::stream<hls::axis<ap_int<32>, 1ul, 1ul, 1ul>, 0>::write(hls::axis<ap_int<32>, 1ul, 1ul, 1ul> const&)' (D:/Xilinx/Vitis_HLS/2021.1/common/technology/autopilot\ap_axi_sdata.h:307:26)
INFO: [HLS 214-131] Inlining function 'hls::axis<ap_int<32>, 1ul, 1ul, 1ul>::get_id_ptr()' into 'hls::stream<hls::axis<ap_int<32>, 1ul, 1ul, 1ul>, 0>::write(hls::axis<ap_int<32>, 1ul, 1ul, 1ul> const&)' (D:/Xilinx/Vitis_HLS/2021.1/common/technology/autopilot\ap_axi_sdata.h:306:68)
INFO: [HLS 214-131] Inlining function 'hls::axis<ap_int<32>, 1ul, 1ul, 1ul>::get_user_ptr()' into 'hls::stream<hls::axis<ap_int<32>, 1ul, 1ul, 1ul>, 0>::write(hls::axis<ap_int<32>, 1ul, 1ul, 1ul> const&)' (D:/Xilinx/Vitis_HLS/2021.1/common/technology/autopilot\ap_axi_sdata.h:306:37)
INFO: [HLS 214-131] Inlining function 'hls::axis<ap_int<32>, 1ul, 1ul, 1ul>::get_dest_ptr()' into 'hls::stream<hls::axis<ap_int<32>, 1ul, 1ul, 1ul>, 0>::write(hls::axis<ap_int<32>, 1ul, 1ul, 1ul> const&)' (D:/Xilinx/Vitis_HLS/2021.1/common/technology/autopilot\ap_axi_sdata.h:305:40)
INFO: [HLS 214-131] Inlining function 'hls::axis<ap_int<32>, 1ul, 1ul, 1ul>::get_id_ptr()' into 'hls::stream<hls::axis<ap_int<32>, 1ul, 1ul, 1ul>, 0>::write(hls::axis<ap_int<32>, 1ul, 1ul, 1ul> const&)' (D:/Xilinx/Vitis_HLS/2021.1/common/technology/autopilot\ap_axi_sdata.h:305:24)
INFO: [HLS 214-131] Inlining function 'hls::stream<hls::axis<ap_int<32>, 1ul, 1ul, 1ul>, 0>::read()' into 'conv2d(hls::stream<hls::axis<ap_int<32>, 1ul, 1ul, 1ul>, 0>&, hls::stream<hls::axis<ap_int<32>, 1ul, 1ul, 1ul>, 0>&, float (*) [5], int)' (twodconv.cpp:57:36)
INFO: [HLS 214-131] Inlining function 'hls::stream<hls::axis<ap_int<32>, 1ul, 1ul, 1ul>, 0>::write(hls::axis<ap_int<32>, 1ul, 1ul, 1ul> const&)' into 'conv2d(hls::stream<hls::axis<ap_int<32>, 1ul, 1ul, 1ul>, 0>&, hls::stream<hls::axis<ap_int<32>, 1ul, 1ul, 1ul>, 0>&, float (*) [5], int)' (twodconv.cpp:93:28)
INFO: [HLS 214-178] Inlining function 'unpack(ap_int<32>)' into 'conv2d(hls::stream<hls::axis<ap_int<32>, 1ul, 1ul, 1ul>, 0>&, hls::stream<hls::axis<ap_int<32>, 1ul, 1ul, 1ul>, 0>&, float (*) [5], int)' (twodconv.cpp:20:0)
INFO: [HLS 214-178] Inlining function 'pack(float)' into 'conv2d(hls::stream<hls::axis<ap_int<32>, 1ul, 1ul, 1ul>, 0>&, hls::stream<hls::axis<ap_int<32>, 1ul, 1ul, 1ul>, 0>&, float (*) [5], int)' (twodconv.cpp:20:0)
INFO: [HLS 214-248] Applying array_partition to 'kernel_in': Complete partitioning on dimension 1. Complete partitioning on dimension 2. (twodconv.cpp:20:0)
INFO: [HLS 214-270] Starting automatic array partition analysis...
INFO: [HLS 200-111] Finished Compiling Optimization and Transform: CPU user time: 1 seconds. CPU system time: 0 seconds. Elapsed time: 5.047 seconds; current allocated memory: 119.884 MB.
INFO: [HLS 200-111] Finished Checking Pragmas: CPU user time: 0 seconds. CPU system time: 0 seconds. Elapsed time: 0.028 seconds; current allocated memory: 119.885 MB.
INFO: [HLS 200-10] Starting code transformations ...
INFO: [HLS 200-111] Finished Standard Transforms: CPU user time: 0 seconds. CPU system time: 0 seconds. Elapsed time: 0.217 seconds; current allocated memory: 127.035 MB.
INFO: [HLS 200-10] Checking synthesizability ...
INFO: [HLS 200-111] Finished Checking Synthesizability: CPU user time: 0 seconds. CPU system time: 0 seconds. Elapsed time: 0.213 seconds; current allocated memory: 135.239 MB.
WARNING: [XFORM 203-803] Dropped interface mode 'ap_auto' on 'kernel_in_0_0' as it is incompatible with its interface mode 's_axilite'.
WARNING: [XFORM 203-803] Dropped interface mode 'ap_auto' on 'kernel_in_0_1' as it is incompatible with its interface mode 's_axilite'.
WARNING: [XFORM 203-803] Dropped interface mode 'ap_auto' on 'kernel_in_0_2' as it is incompatible with its interface mode 's_axilite'.
WARNING: [XFORM 203-803] Dropped interface mode 'ap_auto' on 'kernel_in_0_3' as it is incompatible with its interface mode 's_axilite'.
WARNING: [XFORM 203-803] Dropped interface mode 'ap_auto' on 'kernel_in_0_4' as it is incompatible with its interface mode 's_axilite'.
WARNING: [XFORM 203-803] Dropped interface mode 'ap_auto' on 'kernel_in_1_0' as it is incompatible with its interface mode 's_axilite'.
WARNING: [XFORM 203-803] Dropped interface mode 'ap_auto' on 'kernel_in_1_1' as it is incompatible with its interface mode 's_axilite'.
WARNING: [XFORM 203-803] Dropped interface mode 'ap_auto' on 'kernel_in_1_2' as it is incompatible with its interface mode 's_axilite'.
WARNING: [XFORM 203-803] Dropped interface mode 'ap_auto' on 'kernel_in_1_3' as it is incompatible with its interface mode 's_axilite'.
WARNING: [XFORM 203-803] Dropped interface mode 'ap_auto' on 'kernel_in_1_4' as it is incompatible with its interface mode 's_axilite'.
WARNING: [XFORM 203-803] Dropped interface mode 'ap_auto' on 'kernel_in_2_0' as it is incompatible with its interface mode 's_axilite'.
WARNING: [XFORM 203-803] Dropped interface mode 'ap_auto' on 'kernel_in_2_1' as it is incompatible with its interface mode 's_axilite'.
WARNING: [XFORM 203-803] Dropped interface mode 'ap_auto' on 'kernel_in_2_2' as it is incompatible with its interface mode 's_axilite'.
WARNING: [XFORM 203-803] Dropped interface mode 'ap_auto' on 'kernel_in_2_3' as it is incompatible with its interface mode 's_axilite'.
WARNING: [XFORM 203-803] Dropped interface mode 'ap_auto' on 'kernel_in_2_4' as it is incompatible with its interface mode 's_axilite'.
WARNING: [XFORM 203-803] Dropped interface mode 'ap_auto' on 'kernel_in_3_0' as it is incompatible with its interface mode 's_axilite'.
WARNING: [XFORM 203-803] Dropped interface mode 'ap_auto' on 'kernel_in_3_1' as it is incompatible with its interface mode 's_axilite'.
WARNING: [XFORM 203-803] Dropped interface mode 'ap_auto' on 'kernel_in_3_2' as it is incompatible with its interface mode 's_axilite'.
WARNING: [XFORM 203-803] Dropped interface mode 'ap_auto' on 'kernel_in_3_3' as it is incompatible with its interface mode 's_axilite'.
WARNING: [XFORM 203-803] Dropped interface mode 'ap_auto' on 'kernel_in_3_4' as it is incompatible with its interface mode 's_axilite'.
WARNING: [XFORM 203-803] Dropped interface mode 'ap_auto' on 'kernel_in_4_0' as it is incompatible with its interface mode 's_axilite'.
WARNING: [XFORM 203-803] Dropped interface mode 'ap_auto' on 'kernel_in_4_1' as it is incompatible with its interface mode 's_axilite'.
WARNING: [XFORM 203-803] Dropped interface mode 'ap_auto' on 'kernel_in_4_2' as it is incompatible with its interface mode 's_axilite'.
WARNING: [XFORM 203-803] Dropped interface mode 'ap_auto' on 'kernel_in_4_3' as it is incompatible with its interface mode 's_axilite'.
WARNING: [XFORM 203-803] Dropped interface mode 'ap_auto' on 'kernel_in_4_4' as it is incompatible with its interface mode 's_axilite'.
INFO: [XFORM 203-502] Unrolling all sub-loops inside loop 'COL_SLIDE' (twodconv.cpp:43) in function 'conv2d' for pipelining.
INFO: [HLS 200-489] Unrolling loop 'UPDATE_WINDOW_ROW' (twodconv.cpp:46) in function 'conv2d' completely with a factor of 5.
INFO: [HLS 200-489] Unrolling loop 'UPDATE_WINDOW_COL' (twodconv.cpp:48) in function 'conv2d' completely with a factor of 4.
INFO: [HLS 200-489] Unrolling loop 'UPDATE_BUF' (twodconv.cpp:61) in function 'conv2d' completely with a factor of 4.
INFO: [HLS 200-489] Unrolling loop 'MACi' (twodconv.cpp:37) in function 'conv2d' completely with a factor of 5.
INFO: [HLS 200-489] Unrolling loop 'MACj' (twodconv.cpp:37) in function 'conv2d' completely with a factor of 5.
INFO: [XFORM 203-101] Partitioning array 'line_buf'  in dimension 1 completely.
INFO: [XFORM 203-101] Partitioning array 'window'  in dimension 1 completely.
INFO: [XFORM 203-101] Partitioning array 'window'  in dimension 2 completely.
INFO: [XFORM 203-11] Balancing expressions in function 'conv2d' (twodconv.cpp:7:47)...3 expression(s) balanced.
INFO: [HLS 200-111] Finished Loop, function and other optimizations: CPU user time: 0 seconds. CPU system time: 0 seconds. Elapsed time: 1.21 seconds; current allocated memory: 166.030 MB.
INFO: [XFORM 203-541] Flattening a loop nest 'ROW_SLIDE' (twodconv.cpp:41:14) in function 'conv2d'.
INFO: [HLS 200-472] Inferring partial write operation for 'line_buf.0' (twodconv.cpp:66:38)
INFO: [HLS 200-111] Finished Architecture Synthesis: CPU user time: 1 seconds. CPU system time: 0 seconds. Elapsed time: 0.264 seconds; current allocated memory: 164.551 MB.
INFO: [HLS 200-10] Starting hardware synthesis ...
INFO: [HLS 200-10] Synthesizing 'conv2d' ...
INFO: [HLS 200-10] ----------------------------------------------------------------
INFO: [HLS 200-42] -- Implementing module 'conv2d' 
INFO: [HLS 200-10] ----------------------------------------------------------------
INFO: [SCHED 204-11] Starting scheduling ...
INFO: [SCHED 204-61] Pipelining loop 'ROW_SLIDE_COL_SLIDE'.
INFO: [HLS 200-1470] Pipelining result : Target II = 1, Final II = 1, Depth = 141, loop 'ROW_SLIDE_COL_SLIDE'
INFO: [SCHED 204-11] Finished scheduling.
INFO: [HLS 200-111] Finished Scheduling: CPU user time: 0 seconds. CPU system time: 0 seconds. Elapsed time: 0.849 seconds; current allocated memory: 166.000 MB.
INFO: [BIND 205-100] Starting micro-architecture generation ...
INFO: [BIND 205-101] Performing variable lifetime analysis.
INFO: [BIND 205-101] Exploring resource sharing.
INFO: [BIND 205-101] Binding ...
INFO: [BIND 205-100] Finished micro-architecture generation.
INFO: [HLS 200-111] Finished Binding: CPU user time: 1 seconds. CPU system time: 0 seconds. Elapsed time: 1.067 seconds; current allocated memory: 168.223 MB.
INFO: [HLS 200-10] ----------------------------------------------------------------
INFO: [HLS 200-10] -- Generating RTL for module 'conv2d' 
INFO: [HLS 200-10] ----------------------------------------------------------------
WARNING: [RTGEN 206-101] Design contains AXI ports. Reset is fixed to synchronous and active low.
INFO: [RTGEN 206-500] Setting interface mode on port 'conv2d/in_stream_V_data_V' to 'axis' (register, both mode).
INFO: [RTGEN 206-500] Setting interface mode on port 'conv2d/in_stream_V_keep_V' to 'axis' (register, both mode).
INFO: [RTGEN 206-500] Setting interface mode on port 'conv2d/in_stream_V_strb_V' to 'axis' (register, both mode).
INFO: [RTGEN 206-500] Setting interface mode on port 'conv2d/in_stream_V_user_V' to 'axis' (register, both mode).
INFO: [RTGEN 206-500] Setting interface mode on port 'conv2d/in_stream_V_last_V' to 'axis' (register, both mode).
INFO: [RTGEN 206-500] Setting interface mode on port 'conv2d/in_stream_V_id_V' to 'axis' (register, both mode).
INFO: [RTGEN 206-500] Setting interface mode on port 'conv2d/in_stream_V_dest_V' to 'axis' (register, both mode).
INFO: [RTGEN 206-500] Setting interface mode on port 'conv2d/out_stream_V_data_V' to 'axis' (register, both mode).
INFO: [RTGEN 206-500] Setting interface mode on port 'conv2d/out_stream_V_keep_V' to 'axis' (register, both mode).
INFO: [RTGEN 206-500] Setting interface mode on port 'conv2d/out_stream_V_strb_V' to 'axis' (register, both mode).
INFO: [RTGEN 206-500] Setting interface mode on port 'conv2d/out_stream_V_user_V' to 'axis' (register, both mode).
INFO: [RTGEN 206-500] Setting interface mode on port 'conv2d/out_stream_V_last_V' to 'axis' (register, both mode).
INFO: [RTGEN 206-500] Setting interface mode on port 'conv2d/out_stream_V_id_V' to 'axis' (register, both mode).
INFO: [RTGEN 206-500] Setting interface mode on port 'conv2d/out_stream_V_dest_V' to 'axis' (register, both mode).
INFO: [RTGEN 206-500] Setting interface mode on port 'conv2d/kernel_in_0_0' to 's_axilite & ap_none'.
INFO: [RTGEN 206-500] Setting interface mode on port 'conv2d/kernel_in_0_1' to 's_axilite & ap_none'.
INFO: [RTGEN 206-500] Setting interface mode on port 'conv2d/kernel_in_0_2' to 's_axilite & ap_none'.
INFO: [RTGEN 206-500] Setting interface mode on port 'conv2d/kernel_in_0_3' to 's_axilite & ap_none'.
INFO: [RTGEN 206-500] Setting interface mode on port 'conv2d/kernel_in_0_4' to 's_axilite & ap_none'.
INFO: [RTGEN 206-500] Setting interface mode on port 'conv2d/kernel_in_1_0' to 's_axilite & ap_none'.
INFO: [RTGEN 206-500] Setting interface mode on port 'conv2d/kernel_in_1_1' to 's_axilite & ap_none'.
INFO: [RTGEN 206-500] Setting interface mode on port 'conv2d/kernel_in_1_2' to 's_axilite & ap_none'.
INFO: [RTGEN 206-500] Setting interface mode on port 'conv2d/kernel_in_1_3' to 's_axilite & ap_none'.
INFO: [RTGEN 206-500] Setting interface mode on port 'conv2d/kernel_in_1_4' to 's_axilite & ap_none'.
INFO: [RTGEN 206-500] Setting interface mode on port 'conv2d/kernel_in_2_0' to 's_axilite & ap_none'.
INFO: [RTGEN 206-500] Setting interface mode on port 'conv2d/kernel_in_2_1' to 's_axilite & ap_none'.
INFO: [RTGEN 206-500] Setting interface mode on port 'conv2d/kernel_in_2_2' to 's_axilite & ap_none'.
INFO: [RTGEN 206-500] Setting interface mode on port 'conv2d/kernel_in_2_3' to 's_axilite & ap_none'.
INFO: [RTGEN 206-500] Setting interface mode on port 'conv2d/kernel_in_2_4' to 's_axilite & ap_none'.
INFO: [RTGEN 206-500] Setting interface mode on port 'conv2d/kernel_in_3_0' to 's_axilite & ap_none'.
INFO: [RTGEN 206-500] Setting interface mode on port 'conv2d/kernel_in_3_1' to 's_axilite & ap_none'.
INFO: [RTGEN 206-500] Setting interface mode on port 'conv2d/kernel_in_3_2' to 's_axilite & ap_none'.
INFO: [RTGEN 206-500] Setting interface mode on port 'conv2d/kernel_in_3_3' to 's_axilite & ap_none'.
INFO: [RTGEN 206-500] Setting interface mode on port 'conv2d/kernel_in_3_4' to 's_axilite & ap_none'.
INFO: [RTGEN 206-500] Setting interface mode on port 'conv2d/kernel_in_4_0' to 's_axilite & ap_none'.
INFO: [RTGEN 206-500] Setting interface mode on port 'conv2d/kernel_in_4_1' to 's_axilite & ap_none'.
INFO: [RTGEN 206-500] Setting interface mode on port 'conv2d/kernel_in_4_2' to 's_axilite & ap_none'.
INFO: [RTGEN 206-500] Setting interface mode on port 'conv2d/kernel_in_4_3' to 's_axilite & ap_none'.
INFO: [RTGEN 206-500] Setting interface mode on port 'conv2d/kernel_in_4_4' to 's_axilite & ap_none'.
INFO: [RTGEN 206-500] Setting interface mode on port 'conv2d/img_size' to 's_axilite & ap_none'.
INFO: [RTGEN 206-500] Setting interface mode on function 'conv2d' to 's_axilite & ap_ctrl_hs'.
WARNING: [RTGEN 206-101] Register 'window_0_1' is power-on initialization.
WARNING: [RTGEN 206-101] Register 'window_0_2' is power-on initialization.
WARNING: [RTGEN 206-101] Register 'window_0_3' is power-on initialization.
WARNING: [RTGEN 206-101] Register 'window_1_1' is power-on initialization.
WARNING: [RTGEN 206-101] Register 'window_1_2' is power-on initialization.
WARNING: [RTGEN 206-101] Register 'window_1_3' is power-on initialization.
WARNING: [RTGEN 206-101] Register 'window_2_1' is power-on initialization.
WARNING: [RTGEN 206-101] Register 'window_2_2' is power-on initialization.
WARNING: [RTGEN 206-101] Register 'window_2_3' is power-on initialization.
WARNING: [RTGEN 206-101] Register 'window_3_1' is power-on initialization.
WARNING: [RTGEN 206-101] Register 'window_3_2' is power-on initialization.
WARNING: [RTGEN 206-101] Register 'window_3_3' is power-on initialization.
WARNING: [RTGEN 206-101] Register 'window_4_1' is power-on initialization.
WARNING: [RTGEN 206-101] Register 'window_4_2' is power-on initialization.
WARNING: [RTGEN 206-101] Register 'window_4_3' is power-on initialization.
WARNING: [RTGEN 206-101] Register 'window_0_4' is power-on initialization.
WARNING: [RTGEN 206-101] Register 'window_1_4' is power-on initialization.
WARNING: [RTGEN 206-101] Register 'window_2_4' is power-on initialization.
WARNING: [RTGEN 206-101] Register 'window_3_4' is power-on initialization.
WARNING: [RTGEN 206-101] Register 'window_4_4' is power-on initialization.
INFO: [RTGEN 206-100] Bundling port 'kernel_in_0_0', 'kernel_in_0_1', 'kernel_in_0_2', 'kernel_in_0_3', 'kernel_in_0_4', 'kernel_in_1_0', 'kernel_in_1_1', 'kernel_in_1_2', 'kernel_in_1_3', 'kernel_in_1_4', 'kernel_in_2_0', 'kernel_in_2_1', 'kernel_in_2_2', 'kernel_in_2_3', 'kernel_in_2_4', 'kernel_in_3_0', 'kernel_in_3_1', 'kernel_in_3_2', 'kernel_in_3_3', 'kernel_in_3_4', 'kernel_in_4_0', 'kernel_in_4_1', 'kernel_in_4_2', 'kernel_in_4_3', 'kernel_in_4_4', 'img_size' and 'return' to AXI-Lite port control.
INFO: [RTGEN 206-104] Estimated max fanout for 'conv2d' is 22139 from HDL expression: (1'b0 == ap_block_pp0_stage0_11001)
INFO: [RTGEN 206-100] Generating core module 'fadd_32ns_32ns_32_5_full_dsp_1': 35 instance(s).
INFO: [RTGEN 206-100] Generating core module 'fmul_32ns_32ns_32_4_max_dsp_1': 25 instance(s).
INFO: [RTGEN 206-100] Generating core module 'mul_32ns_32ns_64_1_1': 1 instance(s).
INFO: [RTGEN 206-100] Finished creating RTL model for 'conv2d'.
INFO: [HLS 200-111] Finished Creating RTL model: CPU user time: 2 seconds. CPU system time: 0 seconds. Elapsed time: 2.871 seconds; current allocated memory: 175.129 MB.
INFO: [RTMG 210-278] Implementing memory 'conv2d_line_buf_0_ram (RAM_2P_BRAM)' using block RAMs with power-on initialization.
INFO: [HLS 200-111] Finished Generating all RTL models: CPU user time: 4 seconds. CPU system time: 0 seconds. Elapsed time: 5.148 seconds; current allocated memory: 183.159 MB.
INFO: [HLS 200-111] Finished Updating report files: CPU user time: 5 seconds. CPU system time: 1 seconds. Elapsed time: 6.125 seconds; current allocated memory: 189.003 MB.
INFO: [VHDL 208-304] Generating VHDL RTL for conv2d.
INFO: [VLOG 209-307] Generating Verilog RTL for conv2d.
INFO: [HLS 200-790] **** Loop Constraint Status: All loop constraints were satisfied.
INFO: [HLS 200-789] **** Estimated Fmax: 117.51 MHz
INFO: [HLS 200-111] Finished Command csynth_design CPU user time: 16 seconds. CPU system time: 1 seconds. Elapsed time: 27.634 seconds; current allocated memory: 188.989 MB.
INFO: [HLS 200-112] Total CPU user time: 17 seconds. Total CPU system time: 2 seconds. Total elapsed time: 28.902 seconds; peak allocated memory: 1007.287 MB.
==============================================================
Vitis HLS - High-Level Synthesis from C, C++ and OpenCL v2021.1 (64-bit)
Copyright 1986-2021 Xilinx, Inc. All Rights Reserved.
==============================================================
INFO: [SYN 201-201] Setting up clock 'default' with a period of 10ns.
INFO: [SYN 201-201] Setting up clock 'default' with an uncertainty of 1.25ns.
INFO: [HLS 200-1611] Setting target device to 'xc7z020-clg400-1'
INFO: [HLS 200-1505] Using flow_target 'vivado'
INFO: [HLS 200-1464] Running solution command: config_export -format=ip_catalog
INFO: [HLS 200-1464] Running solution command: config_export -output=D:/IITMadrasICS/1-2/EE5332Project/conv2dfloat.zip
INFO: [HLS 200-1464] Running solution command: config_export -rtl=verilog
INFO: [HLS 200-1510] Running: set_part xc7z020-clg400-1 
INFO: [HLS 200-1510] Running: create_clock -period 10 -name default 
INFO: [HLS 200-1510] Running: config_export -format ip_catalog -output D:/IITMadrasICS/1-2/EE5332Project/conv2dfloat.zip -rtl verilog 
INFO: [HLS 200-1510] Running: set_clock_uncertainty 1.25 
INFO: [HLS 200-1510] Running: set_directive_top -name conv2d conv2d 
INFO: [HLS 200-1510] Running: set_directive_pipeline -II 1 conv2d/COL_SLIDE 
INFO: [HLS 200-1510] Running: set_directive_array_partition -type complete -dim 0 conv2d kernel_in 
INFO: [HLS 200-1510] Running: set_directive_loop_tripcount -max 132 -min 68 conv2d/ROW_SLIDE 
INFO: [HLS 200-1510] Running: set_directive_loop_tripcount -max 132 -min 68 conv2d/COL_SLIDE 
INFO: [HLS 200-1510] Running: csynth_design 
INFO: [HLS 200-111] Finished File checks and directory preparation: CPU user time: 0 seconds. CPU system time: 0 seconds. Elapsed time: 0.051 seconds; current allocated memory: 1007.288 MB.
INFO: [HLS 200-10] Analyzing design file 'twodconv.cpp' ... 
WARNING: [HLS 207-5528] Ignore interface attribute or pragma which is not used in top function: twodconv.cpp:25:9
WARNING: [HLS 207-5301] unused parameter 'print': D:/Xilinx/Vitis_HLS/2021.1/common/technology/autopilot\ap_int_base.h:792:16
INFO: [HLS 200-111] Finished Source Code Analysis and Preprocessing: CPU user time: 2 seconds. CPU system time: 0 seconds. Elapsed time: 5.281 seconds; current allocated memory: 117.496 MB.
INFO: [HLS 200-777] Using interface defaults for 'Vivado' flow target.
INFO: [HLS 214-279] Initial Interval estimation mode is set into default.
INFO: [HLS 214-284] Auto array partition mode is set into default.
INFO: [HLS 214-131] Inlining function 'hls::axis<ap_int<32>, 1ul, 1ul, 1ul>::get_user_ptr()' into 'hls::stream<hls::axis<ap_int<32>, 1ul, 1ul, 1ul>, 0>::read()' (D:/Xilinx/Vitis_HLS/2021.1/common/technology/autopilot\ap_axi_sdata.h:293:50)
INFO: [HLS 214-131] Inlining function 'hls::axis<ap_int<32>, 1ul, 1ul, 1ul>::get_dest_ptr()' into 'hls::stream<hls::axis<ap_int<32>, 1ul, 1ul, 1ul>, 0>::read()' (D:/Xilinx/Vitis_HLS/2021.1/common/technology/autopilot\ap_axi_sdata.h:296:25)
INFO: [HLS 214-131] Inlining function 'hls::axis<ap_int<32>, 1ul, 1ul, 1ul>::get_id_ptr()' into 'hls::stream<hls::axis<ap_int<32>, 1ul, 1ul, 1ul>, 0>::read()' (D:/Xilinx/Vitis_HLS/2021.1/common/technology/autopilot\ap_axi_sdata.h:295:67)
INFO: [HLS 214-131] Inlining function 'hls::axis<ap_int<32>, 1ul, 1ul, 1ul>::get_user_ptr()' into 'hls::stream<hls::axis<ap_int<32>, 1ul, 1ul, 1ul>, 0>::read()' (D:/Xilinx/Vitis_HLS/2021.1/common/technology/autopilot\ap_axi_sdata.h:295:36)
INFO: [HLS 214-131] Inlining function 'hls::axis<ap_int<32>, 1ul, 1ul, 1ul>::get_dest_ptr()' into 'hls::stream<hls::axis<ap_int<32>, 1ul, 1ul, 1ul>, 0>::read()' (D:/Xilinx/Vitis_HLS/2021.1/common/technology/autopilot\ap_axi_sdata.h:294:39)
INFO: [HLS 214-131] Inlining function 'hls::axis<ap_int<32>, 1ul, 1ul, 1ul>::get_id_ptr()' into 'hls::stream<hls::axis<ap_int<32>, 1ul, 1ul, 1ul>, 0>::read()' (D:/Xilinx/Vitis_HLS/2021.1/common/technology/autopilot\ap_axi_sdata.h:294:23)
INFO: [HLS 214-131] Inlining function 'ap_int_base<32, true>::operator long long() const' into 'unpack(ap_int<32>)' (twodconv.cpp:6:23)
INFO: [HLS 214-131] Inlining function 'hls::axis<ap_int<32>, 1ul, 1ul, 1ul>::get_user_ptr()' into 'hls::stream<hls::axis<ap_int<32>, 1ul, 1ul, 1ul>, 0>::write(hls::axis<ap_int<32>, 1ul, 1ul, 1ul> const&)' (D:/Xilinx/Vitis_HLS/2021.1/common/technology/autopilot\ap_axi_sdata.h:304:51)
INFO: [HLS 214-131] Inlining function 'hls::axis<ap_int<32>, 1ul, 1ul, 1ul>::get_dest_ptr()' into 'hls::stream<hls::axis<ap_int<32>, 1ul, 1ul, 1ul>, 0>::write(hls::axis<ap_int<32>, 1ul, 1ul, 1ul> const&)' (D:/Xilinx/Vitis_HLS/2021.1/common/technology/autopilot\ap_axi_sdata.h:307:26)
INFO: [HLS 214-131] Inlining function 'hls::axis<ap_int<32>, 1ul, 1ul, 1ul>::get_id_ptr()' into 'hls::stream<hls::axis<ap_int<32>, 1ul, 1ul, 1ul>, 0>::write(hls::axis<ap_int<32>, 1ul, 1ul, 1ul> const&)' (D:/Xilinx/Vitis_HLS/2021.1/common/technology/autopilot\ap_axi_sdata.h:306:68)
INFO: [HLS 214-131] Inlining function 'hls::axis<ap_int<32>, 1ul, 1ul, 1ul>::get_user_ptr()' into 'hls::stream<hls::axis<ap_int<32>, 1ul, 1ul, 1ul>, 0>::write(hls::axis<ap_int<32>, 1ul, 1ul, 1ul> const&)' (D:/Xilinx/Vitis_HLS/2021.1/common/technology/autopilot\ap_axi_sdata.h:306:37)
INFO: [HLS 214-131] Inlining function 'hls::axis<ap_int<32>, 1ul, 1ul, 1ul>::get_dest_ptr()' into 'hls::stream<hls::axis<ap_int<32>, 1ul, 1ul, 1ul>, 0>::write(hls::axis<ap_int<32>, 1ul, 1ul, 1ul> const&)' (D:/Xilinx/Vitis_HLS/2021.1/common/technology/autopilot\ap_axi_sdata.h:305:40)
INFO: [HLS 214-131] Inlining function 'hls::axis<ap_int<32>, 1ul, 1ul, 1ul>::get_id_ptr()' into 'hls::stream<hls::axis<ap_int<32>, 1ul, 1ul, 1ul>, 0>::write(hls::axis<ap_int<32>, 1ul, 1ul, 1ul> const&)' (D:/Xilinx/Vitis_HLS/2021.1/common/technology/autopilot\ap_axi_sdata.h:305:24)
INFO: [HLS 214-131] Inlining function 'hls::stream<hls::axis<ap_int<32>, 1ul, 1ul, 1ul>, 0>::read()' into 'conv2d(hls::stream<hls::axis<ap_int<32>, 1ul, 1ul, 1ul>, 0>&, hls::stream<hls::axis<ap_int<32>, 1ul, 1ul, 1ul>, 0>&, float (*) [5], int)' (twodconv.cpp:57:36)
INFO: [HLS 214-131] Inlining function 'hls::stream<hls::axis<ap_int<32>, 1ul, 1ul, 1ul>, 0>::write(hls::axis<ap_int<32>, 1ul, 1ul, 1ul> const&)' into 'conv2d(hls::stream<hls::axis<ap_int<32>, 1ul, 1ul, 1ul>, 0>&, hls::stream<hls::axis<ap_int<32>, 1ul, 1ul, 1ul>, 0>&, float (*) [5], int)' (twodconv.cpp:93:28)
INFO: [HLS 214-178] Inlining function 'unpack(ap_int<32>)' into 'conv2d(hls::stream<hls::axis<ap_int<32>, 1ul, 1ul, 1ul>, 0>&, hls::stream<hls::axis<ap_int<32>, 1ul, 1ul, 1ul>, 0>&, float (*) [5], int)' (twodconv.cpp:20:0)
INFO: [HLS 214-178] Inlining function 'pack(float)' into 'conv2d(hls::stream<hls::axis<ap_int<32>, 1ul, 1ul, 1ul>, 0>&, hls::stream<hls::axis<ap_int<32>, 1ul, 1ul, 1ul>, 0>&, float (*) [5], int)' (twodconv.cpp:20:0)
INFO: [HLS 214-248] Applying array_partition to 'kernel_in': Complete partitioning on dimension 1. Complete partitioning on dimension 2. (twodconv.cpp:20:0)
INFO: [HLS 214-270] Starting automatic array partition analysis...
INFO: [HLS 200-111] Finished Compiling Optimization and Transform: CPU user time: 1 seconds. CPU system time: 0 seconds. Elapsed time: 5.382 seconds; current allocated memory: 119.930 MB.
INFO: [HLS 200-111] Finished Checking Pragmas: CPU user time: 0 seconds. CPU system time: 0 seconds. Elapsed time: 0.014 seconds; current allocated memory: 119.930 MB.
INFO: [HLS 200-10] Starting code transformations ...
INFO: [HLS 200-111] Finished Standard Transforms: CPU user time: 0 seconds. CPU system time: 0 seconds. Elapsed time: 0.178 seconds; current allocated memory: 127.082 MB.
INFO: [HLS 200-10] Checking synthesizability ...
INFO: [HLS 200-111] Finished Checking Synthesizability: CPU user time: 0 seconds. CPU system time: 0 seconds. Elapsed time: 0.145 seconds; current allocated memory: 135.288 MB.
WARNING: [XFORM 203-803] Dropped interface mode 'ap_auto' on 'kernel_in_0_0' as it is incompatible with its interface mode 's_axilite'.
WARNING: [XFORM 203-803] Dropped interface mode 'ap_auto' on 'kernel_in_0_1' as it is incompatible with its interface mode 's_axilite'.
WARNING: [XFORM 203-803] Dropped interface mode 'ap_auto' on 'kernel_in_0_2' as it is incompatible with its interface mode 's_axilite'.
WARNING: [XFORM 203-803] Dropped interface mode 'ap_auto' on 'kernel_in_0_3' as it is incompatible with its interface mode 's_axilite'.
WARNING: [XFORM 203-803] Dropped interface mode 'ap_auto' on 'kernel_in_0_4' as it is incompatible with its interface mode 's_axilite'.
WARNING: [XFORM 203-803] Dropped interface mode 'ap_auto' on 'kernel_in_1_0' as it is incompatible with its interface mode 's_axilite'.
WARNING: [XFORM 203-803] Dropped interface mode 'ap_auto' on 'kernel_in_1_1' as it is incompatible with its interface mode 's_axilite'.
WARNING: [XFORM 203-803] Dropped interface mode 'ap_auto' on 'kernel_in_1_2' as it is incompatible with its interface mode 's_axilite'.
WARNING: [XFORM 203-803] Dropped interface mode 'ap_auto' on 'kernel_in_1_3' as it is incompatible with its interface mode 's_axilite'.
WARNING: [XFORM 203-803] Dropped interface mode 'ap_auto' on 'kernel_in_1_4' as it is incompatible with its interface mode 's_axilite'.
WARNING: [XFORM 203-803] Dropped interface mode 'ap_auto' on 'kernel_in_2_0' as it is incompatible with its interface mode 's_axilite'.
WARNING: [XFORM 203-803] Dropped interface mode 'ap_auto' on 'kernel_in_2_1' as it is incompatible with its interface mode 's_axilite'.
WARNING: [XFORM 203-803] Dropped interface mode 'ap_auto' on 'kernel_in_2_2' as it is incompatible with its interface mode 's_axilite'.
WARNING: [XFORM 203-803] Dropped interface mode 'ap_auto' on 'kernel_in_2_3' as it is incompatible with its interface mode 's_axilite'.
WARNING: [XFORM 203-803] Dropped interface mode 'ap_auto' on 'kernel_in_2_4' as it is incompatible with its interface mode 's_axilite'.
WARNING: [XFORM 203-803] Dropped interface mode 'ap_auto' on 'kernel_in_3_0' as it is incompatible with its interface mode 's_axilite'.
WARNING: [XFORM 203-803] Dropped interface mode 'ap_auto' on 'kernel_in_3_1' as it is incompatible with its interface mode 's_axilite'.
WARNING: [XFORM 203-803] Dropped interface mode 'ap_auto' on 'kernel_in_3_2' as it is incompatible with its interface mode 's_axilite'.
WARNING: [XFORM 203-803] Dropped interface mode 'ap_auto' on 'kernel_in_3_3' as it is incompatible with its interface mode 's_axilite'.
WARNING: [XFORM 203-803] Dropped interface mode 'ap_auto' on 'kernel_in_3_4' as it is incompatible with its interface mode 's_axilite'.
WARNING: [XFORM 203-803] Dropped interface mode 'ap_auto' on 'kernel_in_4_0' as it is incompatible with its interface mode 's_axilite'.
WARNING: [XFORM 203-803] Dropped interface mode 'ap_auto' on 'kernel_in_4_1' as it is incompatible with its interface mode 's_axilite'.
WARNING: [XFORM 203-803] Dropped interface mode 'ap_auto' on 'kernel_in_4_2' as it is incompatible with its interface mode 's_axilite'.
WARNING: [XFORM 203-803] Dropped interface mode 'ap_auto' on 'kernel_in_4_3' as it is incompatible with its interface mode 's_axilite'.
WARNING: [XFORM 203-803] Dropped interface mode 'ap_auto' on 'kernel_in_4_4' as it is incompatible with its interface mode 's_axilite'.
INFO: [XFORM 203-502] Unrolling all sub-loops inside loop 'COL_SLIDE' (twodconv.cpp:43) in function 'conv2d' for pipelining.
INFO: [HLS 200-489] Unrolling loop 'UPDATE_WINDOW_ROW' (twodconv.cpp:46) in function 'conv2d' completely with a factor of 5.
INFO: [HLS 200-489] Unrolling loop 'UPDATE_WINDOW_COL' (twodconv.cpp:48) in function 'conv2d' completely with a factor of 4.
INFO: [HLS 200-489] Unrolling loop 'UPDATE_BUF' (twodconv.cpp:61) in function 'conv2d' completely with a factor of 4.
INFO: [HLS 200-489] Unrolling loop 'MACi' (twodconv.cpp:37) in function 'conv2d' completely with a factor of 5.
INFO: [HLS 200-489] Unrolling loop 'MACj' (twodconv.cpp:37) in function 'conv2d' completely with a factor of 5.
INFO: [XFORM 203-101] Partitioning array 'line_buf'  in dimension 1 completely.
INFO: [XFORM 203-101] Partitioning array 'window'  in dimension 1 completely.
INFO: [XFORM 203-101] Partitioning array 'window'  in dimension 2 completely.
INFO: [XFORM 203-11] Balancing expressions in function 'conv2d' (twodconv.cpp:7:47)...3 expression(s) balanced.
INFO: [HLS 200-111] Finished Loop, function and other optimizations: CPU user time: 0 seconds. CPU system time: 0 seconds. Elapsed time: 0.785 seconds; current allocated memory: 166.097 MB.
INFO: [XFORM 203-541] Flattening a loop nest 'ROW_SLIDE' (twodconv.cpp:41:14) in function 'conv2d'.
INFO: [HLS 200-472] Inferring partial write operation for 'line_buf.0' (twodconv.cpp:66:38)
INFO: [HLS 200-111] Finished Architecture Synthesis: CPU user time: 1 seconds. CPU system time: 0 seconds. Elapsed time: 0.187 seconds; current allocated memory: 164.521 MB.
INFO: [HLS 200-10] Starting hardware synthesis ...
INFO: [HLS 200-10] Synthesizing 'conv2d' ...
INFO: [HLS 200-10] ----------------------------------------------------------------
INFO: [HLS 200-42] -- Implementing module 'conv2d' 
INFO: [HLS 200-10] ----------------------------------------------------------------
INFO: [SCHED 204-11] Starting scheduling ...
INFO: [SCHED 204-61] Pipelining loop 'ROW_SLIDE_COL_SLIDE'.
INFO: [HLS 200-1470] Pipelining result : Target II = 1, Final II = 1, Depth = 141, loop 'ROW_SLIDE_COL_SLIDE'
INFO: [SCHED 204-11] Finished scheduling.
INFO: [HLS 200-111] Finished Scheduling: CPU user time: 0 seconds. CPU system time: 0 seconds. Elapsed time: 0.79 seconds; current allocated memory: 165.852 MB.
INFO: [BIND 205-100] Starting micro-architecture generation ...
INFO: [BIND 205-101] Performing variable lifetime analysis.
INFO: [BIND 205-101] Exploring resource sharing.
INFO: [BIND 205-101] Binding ...
INFO: [BIND 205-100] Finished micro-architecture generation.
INFO: [HLS 200-111] Finished Binding: CPU user time: 1 seconds. CPU system time: 0 seconds. Elapsed time: 1.086 seconds; current allocated memory: 167.961 MB.
INFO: [HLS 200-10] ----------------------------------------------------------------
INFO: [HLS 200-10] -- Generating RTL for module 'conv2d' 
INFO: [HLS 200-10] ----------------------------------------------------------------
WARNING: [RTGEN 206-101] Design contains AXI ports. Reset is fixed to synchronous and active low.
INFO: [RTGEN 206-500] Setting interface mode on port 'conv2d/in_stream_V_data_V' to 'axis' (register, both mode).
INFO: [RTGEN 206-500] Setting interface mode on port 'conv2d/in_stream_V_keep_V' to 'axis' (register, both mode).
INFO: [RTGEN 206-500] Setting interface mode on port 'conv2d/in_stream_V_strb_V' to 'axis' (register, both mode).
INFO: [RTGEN 206-500] Setting interface mode on port 'conv2d/in_stream_V_user_V' to 'axis' (register, both mode).
INFO: [RTGEN 206-500] Setting interface mode on port 'conv2d/in_stream_V_last_V' to 'axis' (register, both mode).
INFO: [RTGEN 206-500] Setting interface mode on port 'conv2d/in_stream_V_id_V' to 'axis' (register, both mode).
INFO: [RTGEN 206-500] Setting interface mode on port 'conv2d/in_stream_V_dest_V' to 'axis' (register, both mode).
INFO: [RTGEN 206-500] Setting interface mode on port 'conv2d/out_stream_V_data_V' to 'axis' (register, both mode).
INFO: [RTGEN 206-500] Setting interface mode on port 'conv2d/out_stream_V_keep_V' to 'axis' (register, both mode).
INFO: [RTGEN 206-500] Setting interface mode on port 'conv2d/out_stream_V_strb_V' to 'axis' (register, both mode).
INFO: [RTGEN 206-500] Setting interface mode on port 'conv2d/out_stream_V_user_V' to 'axis' (register, both mode).
INFO: [RTGEN 206-500] Setting interface mode on port 'conv2d/out_stream_V_last_V' to 'axis' (register, both mode).
INFO: [RTGEN 206-500] Setting interface mode on port 'conv2d/out_stream_V_id_V' to 'axis' (register, both mode).
INFO: [RTGEN 206-500] Setting interface mode on port 'conv2d/out_stream_V_dest_V' to 'axis' (register, both mode).
INFO: [RTGEN 206-500] Setting interface mode on port 'conv2d/kernel_in_0_0' to 's_axilite & ap_none'.
INFO: [RTGEN 206-500] Setting interface mode on port 'conv2d/kernel_in_0_1' to 's_axilite & ap_none'.
INFO: [RTGEN 206-500] Setting interface mode on port 'conv2d/kernel_in_0_2' to 's_axilite & ap_none'.
INFO: [RTGEN 206-500] Setting interface mode on port 'conv2d/kernel_in_0_3' to 's_axilite & ap_none'.
INFO: [RTGEN 206-500] Setting interface mode on port 'conv2d/kernel_in_0_4' to 's_axilite & ap_none'.
INFO: [RTGEN 206-500] Setting interface mode on port 'conv2d/kernel_in_1_0' to 's_axilite & ap_none'.
INFO: [RTGEN 206-500] Setting interface mode on port 'conv2d/kernel_in_1_1' to 's_axilite & ap_none'.
INFO: [RTGEN 206-500] Setting interface mode on port 'conv2d/kernel_in_1_2' to 's_axilite & ap_none'.
INFO: [RTGEN 206-500] Setting interface mode on port 'conv2d/kernel_in_1_3' to 's_axilite & ap_none'.
INFO: [RTGEN 206-500] Setting interface mode on port 'conv2d/kernel_in_1_4' to 's_axilite & ap_none'.
INFO: [RTGEN 206-500] Setting interface mode on port 'conv2d/kernel_in_2_0' to 's_axilite & ap_none'.
INFO: [RTGEN 206-500] Setting interface mode on port 'conv2d/kernel_in_2_1' to 's_axilite & ap_none'.
INFO: [RTGEN 206-500] Setting interface mode on port 'conv2d/kernel_in_2_2' to 's_axilite & ap_none'.
INFO: [RTGEN 206-500] Setting interface mode on port 'conv2d/kernel_in_2_3' to 's_axilite & ap_none'.
INFO: [RTGEN 206-500] Setting interface mode on port 'conv2d/kernel_in_2_4' to 's_axilite & ap_none'.
INFO: [RTGEN 206-500] Setting interface mode on port 'conv2d/kernel_in_3_0' to 's_axilite & ap_none'.
INFO: [RTGEN 206-500] Setting interface mode on port 'conv2d/kernel_in_3_1' to 's_axilite & ap_none'.
INFO: [RTGEN 206-500] Setting interface mode on port 'conv2d/kernel_in_3_2' to 's_axilite & ap_none'.
INFO: [RTGEN 206-500] Setting interface mode on port 'conv2d/kernel_in_3_3' to 's_axilite & ap_none'.
INFO: [RTGEN 206-500] Setting interface mode on port 'conv2d/kernel_in_3_4' to 's_axilite & ap_none'.
INFO: [RTGEN 206-500] Setting interface mode on port 'conv2d/kernel_in_4_0' to 's_axilite & ap_none'.
INFO: [RTGEN 206-500] Setting interface mode on port 'conv2d/kernel_in_4_1' to 's_axilite & ap_none'.
INFO: [RTGEN 206-500] Setting interface mode on port 'conv2d/kernel_in_4_2' to 's_axilite & ap_none'.
INFO: [RTGEN 206-500] Setting interface mode on port 'conv2d/kernel_in_4_3' to 's_axilite & ap_none'.
INFO: [RTGEN 206-500] Setting interface mode on port 'conv2d/kernel_in_4_4' to 's_axilite & ap_none'.
INFO: [RTGEN 206-500] Setting interface mode on port 'conv2d/img_size' to 's_axilite & ap_none'.
INFO: [RTGEN 206-500] Setting interface mode on function 'conv2d' to 's_axilite & ap_ctrl_hs'.
WARNING: [RTGEN 206-101] Register 'window_0_1' is power-on initialization.
WARNING: [RTGEN 206-101] Register 'window_0_2' is power-on initialization.
WARNING: [RTGEN 206-101] Register 'window_0_3' is power-on initialization.
WARNING: [RTGEN 206-101] Register 'window_1_1' is power-on initialization.
WARNING: [RTGEN 206-101] Register 'window_1_2' is power-on initialization.
WARNING: [RTGEN 206-101] Register 'window_1_3' is power-on initialization.
WARNING: [RTGEN 206-101] Register 'window_2_1' is power-on initialization.
WARNING: [RTGEN 206-101] Register 'window_2_2' is power-on initialization.
WARNING: [RTGEN 206-101] Register 'window_2_3' is power-on initialization.
WARNING: [RTGEN 206-101] Register 'window_3_1' is power-on initialization.
WARNING: [RTGEN 206-101] Register 'window_3_2' is power-on initialization.
WARNING: [RTGEN 206-101] Register 'window_3_3' is power-on initialization.
WARNING: [RTGEN 206-101] Register 'window_4_1' is power-on initialization.
WARNING: [RTGEN 206-101] Register 'window_4_2' is power-on initialization.
WARNING: [RTGEN 206-101] Register 'window_4_3' is power-on initialization.
WARNING: [RTGEN 206-101] Register 'window_0_4' is power-on initialization.
WARNING: [RTGEN 206-101] Register 'window_1_4' is power-on initialization.
WARNING: [RTGEN 206-101] Register 'window_2_4' is power-on initialization.
WARNING: [RTGEN 206-101] Register 'window_3_4' is power-on initialization.
WARNING: [RTGEN 206-101] Register 'window_4_4' is power-on initialization.
INFO: [RTGEN 206-100] Bundling port 'kernel_in_0_0', 'kernel_in_0_1', 'kernel_in_0_2', 'kernel_in_0_3', 'kernel_in_0_4', 'kernel_in_1_0', 'kernel_in_1_1', 'kernel_in_1_2', 'kernel_in_1_3', 'kernel_in_1_4', 'kernel_in_2_0', 'kernel_in_2_1', 'kernel_in_2_2', 'kernel_in_2_3', 'kernel_in_2_4', 'kernel_in_3_0', 'kernel_in_3_1', 'kernel_in_3_2', 'kernel_in_3_3', 'kernel_in_3_4', 'kernel_in_4_0', 'kernel_in_4_1', 'kernel_in_4_2', 'kernel_in_4_3', 'kernel_in_4_4', 'img_size' and 'return' to AXI-Lite port control.
INFO: [RTGEN 206-104] Estimated max fanout for 'conv2d' is 22139 from HDL expression: (1'b0 == ap_block_pp0_stage0_11001)
INFO: [RTGEN 206-100] Generating core module 'fadd_32ns_32ns_32_5_full_dsp_1': 35 instance(s).
INFO: [RTGEN 206-100] Generating core module 'fmul_32ns_32ns_32_4_max_dsp_1': 25 instance(s).
INFO: [RTGEN 206-100] Generating core module 'mul_32ns_32ns_64_1_1': 1 instance(s).
INFO: [RTGEN 206-100] Finished creating RTL model for 'conv2d'.
INFO: [HLS 200-111] Finished Creating RTL model: CPU user time: 2 seconds. CPU system time: 0 seconds. Elapsed time: 4.455 seconds; current allocated memory: 174.773 MB.
INFO: [RTMG 210-278] Implementing memory 'conv2d_line_buf_0_ram (RAM_2P_BRAM)' using block RAMs with power-on initialization.
INFO: [HLS 200-111] Finished Generating all RTL models: CPU user time: 3 seconds. CPU system time: 1 seconds. Elapsed time: 3.931 seconds; current allocated memory: 182.338 MB.
INFO: [HLS 200-111] Finished Updating report files: CPU user time: 1 seconds. CPU system time: 0 seconds. Elapsed time: 1.465 seconds; current allocated memory: 188.120 MB.
INFO: [VHDL 208-304] Generating VHDL RTL for conv2d.
INFO: [VLOG 209-307] Generating Verilog RTL for conv2d.
INFO: [HLS 200-790] **** Loop Constraint Status: All loop constraints were satisfied.
INFO: [HLS 200-789] **** Estimated Fmax: 117.51 MHz
INFO: [HLS 200-111] Finished Command csynth_design CPU user time: 12 seconds. CPU system time: 1 seconds. Elapsed time: 23.847 seconds; current allocated memory: 188.106 MB.
INFO: [HLS 200-112] Total CPU user time: 13 seconds. Total CPU system time: 2 seconds. Total elapsed time: 25.454 seconds; peak allocated memory: 1007.288 MB.
==============================================================
Vitis HLS - High-Level Synthesis from C, C++ and OpenCL v2021.1 (64-bit)
Copyright 1986-2021 Xilinx, Inc. All Rights Reserved.
==============================================================
INFO: [SYN 201-201] Setting up clock 'default' with a period of 10ns.
INFO: [SYN 201-201] Setting up clock 'default' with an uncertainty of 1.25ns.
INFO: [HLS 200-1611] Setting target device to 'xc7z020-clg400-1'
INFO: [HLS 200-1505] Using flow_target 'vivado'
INFO: [HLS 200-1464] Running solution command: config_export -format=ip_catalog
INFO: [HLS 200-1464] Running solution command: config_export -output=D:/IITMadrasICS/1-2/EE5332Project/conv2dfloat.zip
INFO: [HLS 200-1464] Running solution command: config_export -rtl=verilog
INFO: [HLS 200-1510] Running: set_part xc7z020-clg400-1 
INFO: [HLS 200-1510] Running: create_clock -period 10 -name default 
INFO: [HLS 200-1510] Running: config_export -format ip_catalog -output D:/IITMadrasICS/1-2/EE5332Project/conv2dfloat.zip -rtl verilog 
INFO: [HLS 200-1510] Running: set_clock_uncertainty 1.25 
INFO: [HLS 200-1510] Running: set_directive_top -name conv2d conv2d 
INFO: [HLS 200-1510] Running: set_directive_pipeline -II 1 conv2d/COL_SLIDE 
INFO: [HLS 200-1510] Running: set_directive_array_partition -type complete -dim 0 conv2d kernel_in 
INFO: [HLS 200-1510] Running: set_directive_loop_tripcount -max 130 -min 66 conv2d/ROW_SLIDE 
INFO: [HLS 200-1510] Running: set_directive_loop_tripcount -max 130 -min 66 conv2d/COL_SLIDE 
INFO: [HLS 200-1510] Running: csynth_design 
INFO: [HLS 200-111] Finished File checks and directory preparation: CPU user time: 0 seconds. CPU system time: 0 seconds. Elapsed time: 0.044 seconds; current allocated memory: 1007.288 MB.
INFO: [HLS 200-10] Analyzing design file 'twodconv.cpp' ... 
WARNING: [HLS 207-5528] Ignore interface attribute or pragma which is not used in top function: twodconv.cpp:25:9
WARNING: [HLS 207-5301] unused parameter 'print': D:/Xilinx/Vitis_HLS/2021.1/common/technology/autopilot\ap_int_base.h:792:16
INFO: [HLS 200-111] Finished Source Code Analysis and Preprocessing: CPU user time: 2 seconds. CPU system time: 0 seconds. Elapsed time: 4.844 seconds; current allocated memory: 117.496 MB.
INFO: [HLS 200-777] Using interface defaults for 'Vivado' flow target.
INFO: [HLS 214-279] Initial Interval estimation mode is set into default.
INFO: [HLS 214-284] Auto array partition mode is set into default.
INFO: [HLS 214-131] Inlining function 'hls::axis<ap_int<32>, 1ul, 1ul, 1ul>::get_user_ptr()' into 'hls::stream<hls::axis<ap_int<32>, 1ul, 1ul, 1ul>, 0>::read()' (D:/Xilinx/Vitis_HLS/2021.1/common/technology/autopilot\ap_axi_sdata.h:293:50)
INFO: [HLS 214-131] Inlining function 'hls::axis<ap_int<32>, 1ul, 1ul, 1ul>::get_dest_ptr()' into 'hls::stream<hls::axis<ap_int<32>, 1ul, 1ul, 1ul>, 0>::read()' (D:/Xilinx/Vitis_HLS/2021.1/common/technology/autopilot\ap_axi_sdata.h:296:25)
INFO: [HLS 214-131] Inlining function 'hls::axis<ap_int<32>, 1ul, 1ul, 1ul>::get_id_ptr()' into 'hls::stream<hls::axis<ap_int<32>, 1ul, 1ul, 1ul>, 0>::read()' (D:/Xilinx/Vitis_HLS/2021.1/common/technology/autopilot\ap_axi_sdata.h:295:67)
INFO: [HLS 214-131] Inlining function 'hls::axis<ap_int<32>, 1ul, 1ul, 1ul>::get_user_ptr()' into 'hls::stream<hls::axis<ap_int<32>, 1ul, 1ul, 1ul>, 0>::read()' (D:/Xilinx/Vitis_HLS/2021.1/common/technology/autopilot\ap_axi_sdata.h:295:36)
INFO: [HLS 214-131] Inlining function 'hls::axis<ap_int<32>, 1ul, 1ul, 1ul>::get_dest_ptr()' into 'hls::stream<hls::axis<ap_int<32>, 1ul, 1ul, 1ul>, 0>::read()' (D:/Xilinx/Vitis_HLS/2021.1/common/technology/autopilot\ap_axi_sdata.h:294:39)
INFO: [HLS 214-131] Inlining function 'hls::axis<ap_int<32>, 1ul, 1ul, 1ul>::get_id_ptr()' into 'hls::stream<hls::axis<ap_int<32>, 1ul, 1ul, 1ul>, 0>::read()' (D:/Xilinx/Vitis_HLS/2021.1/common/technology/autopilot\ap_axi_sdata.h:294:23)
INFO: [HLS 214-131] Inlining function 'ap_int_base<32, true>::operator long long() const' into 'unpack(ap_int<32>)' (twodconv.cpp:6:23)
INFO: [HLS 214-131] Inlining function 'hls::axis<ap_int<32>, 1ul, 1ul, 1ul>::get_user_ptr()' into 'hls::stream<hls::axis<ap_int<32>, 1ul, 1ul, 1ul>, 0>::write(hls::axis<ap_int<32>, 1ul, 1ul, 1ul> const&)' (D:/Xilinx/Vitis_HLS/2021.1/common/technology/autopilot\ap_axi_sdata.h:304:51)
INFO: [HLS 214-131] Inlining function 'hls::axis<ap_int<32>, 1ul, 1ul, 1ul>::get_dest_ptr()' into 'hls::stream<hls::axis<ap_int<32>, 1ul, 1ul, 1ul>, 0>::write(hls::axis<ap_int<32>, 1ul, 1ul, 1ul> const&)' (D:/Xilinx/Vitis_HLS/2021.1/common/technology/autopilot\ap_axi_sdata.h:307:26)
INFO: [HLS 214-131] Inlining function 'hls::axis<ap_int<32>, 1ul, 1ul, 1ul>::get_id_ptr()' into 'hls::stream<hls::axis<ap_int<32>, 1ul, 1ul, 1ul>, 0>::write(hls::axis<ap_int<32>, 1ul, 1ul, 1ul> const&)' (D:/Xilinx/Vitis_HLS/2021.1/common/technology/autopilot\ap_axi_sdata.h:306:68)
INFO: [HLS 214-131] Inlining function 'hls::axis<ap_int<32>, 1ul, 1ul, 1ul>::get_user_ptr()' into 'hls::stream<hls::axis<ap_int<32>, 1ul, 1ul, 1ul>, 0>::write(hls::axis<ap_int<32>, 1ul, 1ul, 1ul> const&)' (D:/Xilinx/Vitis_HLS/2021.1/common/technology/autopilot\ap_axi_sdata.h:306:37)
INFO: [HLS 214-131] Inlining function 'hls::axis<ap_int<32>, 1ul, 1ul, 1ul>::get_dest_ptr()' into 'hls::stream<hls::axis<ap_int<32>, 1ul, 1ul, 1ul>, 0>::write(hls::axis<ap_int<32>, 1ul, 1ul, 1ul> const&)' (D:/Xilinx/Vitis_HLS/2021.1/common/technology/autopilot\ap_axi_sdata.h:305:40)
INFO: [HLS 214-131] Inlining function 'hls::axis<ap_int<32>, 1ul, 1ul, 1ul>::get_id_ptr()' into 'hls::stream<hls::axis<ap_int<32>, 1ul, 1ul, 1ul>, 0>::write(hls::axis<ap_int<32>, 1ul, 1ul, 1ul> const&)' (D:/Xilinx/Vitis_HLS/2021.1/common/technology/autopilot\ap_axi_sdata.h:305:24)
INFO: [HLS 214-131] Inlining function 'hls::stream<hls::axis<ap_int<32>, 1ul, 1ul, 1ul>, 0>::read()' into 'conv2d(hls::stream<hls::axis<ap_int<32>, 1ul, 1ul, 1ul>, 0>&, hls::stream<hls::axis<ap_int<32>, 1ul, 1ul, 1ul>, 0>&, float (*) [3], int)' (twodconv.cpp:57:36)
INFO: [HLS 214-131] Inlining function 'hls::stream<hls::axis<ap_int<32>, 1ul, 1ul, 1ul>, 0>::write(hls::axis<ap_int<32>, 1ul, 1ul, 1ul> const&)' into 'conv2d(hls::stream<hls::axis<ap_int<32>, 1ul, 1ul, 1ul>, 0>&, hls::stream<hls::axis<ap_int<32>, 1ul, 1ul, 1ul>, 0>&, float (*) [3], int)' (twodconv.cpp:93:28)
INFO: [HLS 214-178] Inlining function 'unpack(ap_int<32>)' into 'conv2d(hls::stream<hls::axis<ap_int<32>, 1ul, 1ul, 1ul>, 0>&, hls::stream<hls::axis<ap_int<32>, 1ul, 1ul, 1ul>, 0>&, float (*) [3], int)' (twodconv.cpp:20:0)
INFO: [HLS 214-178] Inlining function 'pack(float)' into 'conv2d(hls::stream<hls::axis<ap_int<32>, 1ul, 1ul, 1ul>, 0>&, hls::stream<hls::axis<ap_int<32>, 1ul, 1ul, 1ul>, 0>&, float (*) [3], int)' (twodconv.cpp:20:0)
INFO: [HLS 214-248] Applying array_partition to 'kernel_in': Complete partitioning on dimension 1. Complete partitioning on dimension 2. (twodconv.cpp:20:0)
INFO: [HLS 214-270] Starting automatic array partition analysis...
INFO: [HLS 200-111] Finished Compiling Optimization and Transform: CPU user time: 1 seconds. CPU system time: 0 seconds. Elapsed time: 4.648 seconds; current allocated memory: 119.600 MB.
INFO: [HLS 200-111] Finished Checking Pragmas: CPU user time: 0 seconds. CPU system time: 0 seconds. Elapsed time: 0.019 seconds; current allocated memory: 119.601 MB.
INFO: [HLS 200-10] Starting code transformations ...
INFO: [HLS 200-111] Finished Standard Transforms: CPU user time: 0 seconds. CPU system time: 0 seconds. Elapsed time: 0.166 seconds; current allocated memory: 126.487 MB.
INFO: [HLS 200-10] Checking synthesizability ...
INFO: [HLS 200-111] Finished Checking Synthesizability: CPU user time: 0 seconds. CPU system time: 0 seconds. Elapsed time: 0.156 seconds; current allocated memory: 134.830 MB.
WARNING: [XFORM 203-803] Dropped interface mode 'ap_auto' on 'kernel_in_0_0' as it is incompatible with its interface mode 's_axilite'.
WARNING: [XFORM 203-803] Dropped interface mode 'ap_auto' on 'kernel_in_0_1' as it is incompatible with its interface mode 's_axilite'.
WARNING: [XFORM 203-803] Dropped interface mode 'ap_auto' on 'kernel_in_0_2' as it is incompatible with its interface mode 's_axilite'.
WARNING: [XFORM 203-803] Dropped interface mode 'ap_auto' on 'kernel_in_1_0' as it is incompatible with its interface mode 's_axilite'.
WARNING: [XFORM 203-803] Dropped interface mode 'ap_auto' on 'kernel_in_1_1' as it is incompatible with its interface mode 's_axilite'.
WARNING: [XFORM 203-803] Dropped interface mode 'ap_auto' on 'kernel_in_1_2' as it is incompatible with its interface mode 's_axilite'.
WARNING: [XFORM 203-803] Dropped interface mode 'ap_auto' on 'kernel_in_2_0' as it is incompatible with its interface mode 's_axilite'.
WARNING: [XFORM 203-803] Dropped interface mode 'ap_auto' on 'kernel_in_2_1' as it is incompatible with its interface mode 's_axilite'.
WARNING: [XFORM 203-803] Dropped interface mode 'ap_auto' on 'kernel_in_2_2' as it is incompatible with its interface mode 's_axilite'.
INFO: [XFORM 203-502] Unrolling all sub-loops inside loop 'COL_SLIDE' (twodconv.cpp:43) in function 'conv2d' for pipelining.
INFO: [HLS 200-489] Unrolling loop 'UPDATE_WINDOW_ROW' (twodconv.cpp:46) in function 'conv2d' completely with a factor of 3.
INFO: [HLS 200-489] Unrolling loop 'UPDATE_WINDOW_COL' (twodconv.cpp:48) in function 'conv2d' completely with a factor of 2.
INFO: [HLS 200-489] Unrolling loop 'UPDATE_BUF' (twodconv.cpp:61) in function 'conv2d' completely with a factor of 2.
INFO: [HLS 200-489] Unrolling loop 'MACi' (twodconv.cpp:37) in function 'conv2d' completely with a factor of 3.
INFO: [HLS 200-489] Unrolling loop 'MACj' (twodconv.cpp:37) in function 'conv2d' completely with a factor of 3.
INFO: [XFORM 203-101] Partitioning array 'line_buf'  in dimension 1 completely.
INFO: [XFORM 203-101] Partitioning array 'window'  in dimension 1 completely.
INFO: [XFORM 203-101] Partitioning array 'window'  in dimension 2 completely.
INFO: [XFORM 203-11] Balancing expressions in function 'conv2d' (twodconv.cpp:7:47)...3 expression(s) balanced.
INFO: [HLS 200-111] Finished Loop, function and other optimizations: CPU user time: 0 seconds. CPU system time: 0 seconds. Elapsed time: 0.458 seconds; current allocated memory: 165.337 MB.
INFO: [XFORM 203-541] Flattening a loop nest 'ROW_SLIDE' (twodconv.cpp:41:14) in function 'conv2d'.
INFO: [HLS 200-472] Inferring partial write operation for 'line_buf.0' (twodconv.cpp:66:38)
INFO: [HLS 200-111] Finished Architecture Synthesis: CPU user time: 0 seconds. CPU system time: 0 seconds. Elapsed time: 0.159 seconds; current allocated memory: 162.786 MB.
INFO: [HLS 200-10] Starting hardware synthesis ...
INFO: [HLS 200-10] Synthesizing 'conv2d' ...
INFO: [HLS 200-10] ----------------------------------------------------------------
INFO: [HLS 200-42] -- Implementing module 'conv2d' 
INFO: [HLS 200-10] ----------------------------------------------------------------
INFO: [SCHED 204-11] Starting scheduling ...
INFO: [SCHED 204-61] Pipelining loop 'ROW_SLIDE_COL_SLIDE'.
INFO: [HLS 200-1470] Pipelining result : Target II = 1, Final II = 1, Depth = 51, loop 'ROW_SLIDE_COL_SLIDE'
INFO: [SCHED 204-11] Finished scheduling.
INFO: [HLS 200-111] Finished Scheduling: CPU user time: 0 seconds. CPU system time: 0 seconds. Elapsed time: 0.466 seconds; current allocated memory: 163.420 MB.
INFO: [BIND 205-100] Starting micro-architecture generation ...
INFO: [BIND 205-101] Performing variable lifetime analysis.
INFO: [BIND 205-101] Exploring resource sharing.
INFO: [BIND 205-101] Binding ...
INFO: [BIND 205-100] Finished micro-architecture generation.
INFO: [HLS 200-111] Finished Binding: CPU user time: 1 seconds. CPU system time: 0 seconds. Elapsed time: 0.463 seconds; current allocated memory: 164.315 MB.
INFO: [HLS 200-10] ----------------------------------------------------------------
INFO: [HLS 200-10] -- Generating RTL for module 'conv2d' 
INFO: [HLS 200-10] ----------------------------------------------------------------
WARNING: [RTGEN 206-101] Design contains AXI ports. Reset is fixed to synchronous and active low.
INFO: [RTGEN 206-500] Setting interface mode on port 'conv2d/in_stream_V_data_V' to 'axis' (register, both mode).
INFO: [RTGEN 206-500] Setting interface mode on port 'conv2d/in_stream_V_keep_V' to 'axis' (register, both mode).
INFO: [RTGEN 206-500] Setting interface mode on port 'conv2d/in_stream_V_strb_V' to 'axis' (register, both mode).
INFO: [RTGEN 206-500] Setting interface mode on port 'conv2d/in_stream_V_user_V' to 'axis' (register, both mode).
INFO: [RTGEN 206-500] Setting interface mode on port 'conv2d/in_stream_V_last_V' to 'axis' (register, both mode).
INFO: [RTGEN 206-500] Setting interface mode on port 'conv2d/in_stream_V_id_V' to 'axis' (register, both mode).
INFO: [RTGEN 206-500] Setting interface mode on port 'conv2d/in_stream_V_dest_V' to 'axis' (register, both mode).
INFO: [RTGEN 206-500] Setting interface mode on port 'conv2d/out_stream_V_data_V' to 'axis' (register, both mode).
INFO: [RTGEN 206-500] Setting interface mode on port 'conv2d/out_stream_V_keep_V' to 'axis' (register, both mode).
INFO: [RTGEN 206-500] Setting interface mode on port 'conv2d/out_stream_V_strb_V' to 'axis' (register, both mode).
INFO: [RTGEN 206-500] Setting interface mode on port 'conv2d/out_stream_V_user_V' to 'axis' (register, both mode).
INFO: [RTGEN 206-500] Setting interface mode on port 'conv2d/out_stream_V_last_V' to 'axis' (register, both mode).
INFO: [RTGEN 206-500] Setting interface mode on port 'conv2d/out_stream_V_id_V' to 'axis' (register, both mode).
INFO: [RTGEN 206-500] Setting interface mode on port 'conv2d/out_stream_V_dest_V' to 'axis' (register, both mode).
INFO: [RTGEN 206-500] Setting interface mode on port 'conv2d/kernel_in_0_0' to 's_axilite & ap_none'.
INFO: [RTGEN 206-500] Setting interface mode on port 'conv2d/kernel_in_0_1' to 's_axilite & ap_none'.
INFO: [RTGEN 206-500] Setting interface mode on port 'conv2d/kernel_in_0_2' to 's_axilite & ap_none'.
INFO: [RTGEN 206-500] Setting interface mode on port 'conv2d/kernel_in_1_0' to 's_axilite & ap_none'.
INFO: [RTGEN 206-500] Setting interface mode on port 'conv2d/kernel_in_1_1' to 's_axilite & ap_none'.
INFO: [RTGEN 206-500] Setting interface mode on port 'conv2d/kernel_in_1_2' to 's_axilite & ap_none'.
INFO: [RTGEN 206-500] Setting interface mode on port 'conv2d/kernel_in_2_0' to 's_axilite & ap_none'.
INFO: [RTGEN 206-500] Setting interface mode on port 'conv2d/kernel_in_2_1' to 's_axilite & ap_none'.
INFO: [RTGEN 206-500] Setting interface mode on port 'conv2d/kernel_in_2_2' to 's_axilite & ap_none'.
INFO: [RTGEN 206-500] Setting interface mode on port 'conv2d/img_size' to 's_axilite & ap_none'.
INFO: [RTGEN 206-500] Setting interface mode on function 'conv2d' to 's_axilite & ap_ctrl_hs'.
WARNING: [RTGEN 206-101] Register 'window_0_1' is power-on initialization.
WARNING: [RTGEN 206-101] Register 'window_1_1' is power-on initialization.
WARNING: [RTGEN 206-101] Register 'window_2_1' is power-on initialization.
WARNING: [RTGEN 206-101] Register 'window_0_2' is power-on initialization.
WARNING: [RTGEN 206-101] Register 'window_1_2' is power-on initialization.
WARNING: [RTGEN 206-101] Register 'window_2_2' is power-on initialization.
INFO: [RTGEN 206-100] Bundling port 'kernel_in_0_0', 'kernel_in_0_1', 'kernel_in_0_2', 'kernel_in_1_0', 'kernel_in_1_1', 'kernel_in_1_2', 'kernel_in_2_0', 'kernel_in_2_1', 'kernel_in_2_2', 'img_size' and 'return' to AXI-Lite port control.
INFO: [RTGEN 206-100] Generating core module 'fadd_32ns_32ns_32_5_full_dsp_1': 9 instance(s).
INFO: [RTGEN 206-100] Generating core module 'fmul_32ns_32ns_32_4_max_dsp_1': 9 instance(s).
INFO: [RTGEN 206-100] Generating core module 'mul_32ns_32ns_64_1_1': 1 instance(s).
INFO: [RTGEN 206-100] Finished creating RTL model for 'conv2d'.
INFO: [HLS 200-111] Finished Creating RTL model: CPU user time: 0 seconds. CPU system time: 0 seconds. Elapsed time: 0.959 seconds; current allocated memory: 166.839 MB.
INFO: [RTMG 210-278] Implementing memory 'conv2d_line_buf_0_ram (RAM_2P_BRAM)' using block RAMs with power-on initialization.
INFO: [HLS 200-111] Finished Generating all RTL models: CPU user time: 2 seconds. CPU system time: 0 seconds. Elapsed time: 1.705 seconds; current allocated memory: 171.896 MB.
INFO: [HLS 200-111] Finished Updating report files: CPU user time: 0 seconds. CPU system time: 0 seconds. Elapsed time: 0.671 seconds; current allocated memory: 176.907 MB.
INFO: [VHDL 208-304] Generating VHDL RTL for conv2d.
INFO: [VLOG 209-307] Generating Verilog RTL for conv2d.
INFO: [HLS 200-790] **** Loop Constraint Status: All loop constraints were satisfied.
INFO: [HLS 200-789] **** Estimated Fmax: 117.51 MHz
INFO: [HLS 200-111] Finished Command csynth_design CPU user time: 6 seconds. CPU system time: 0 seconds. Elapsed time: 14.852 seconds; current allocated memory: 176.893 MB.
INFO: [HLS 200-112] Total CPU user time: 7 seconds. Total CPU system time: 1 seconds. Total elapsed time: 16.09 seconds; peak allocated memory: 1007.288 MB.
==============================================================
Vitis HLS - High-Level Synthesis from C, C++ and OpenCL v2021.1 (64-bit)
Copyright 1986-2021 Xilinx, Inc. All Rights Reserved.
==============================================================
==============================================================
Vitis HLS - High-Level Synthesis from C, C++ and OpenCL v2021.1 (64-bit)
Copyright 1986-2021 Xilinx, Inc. All Rights Reserved.
==============================================================
INFO: [SYN 201-201] Setting up clock 'default' with a period of 10ns.
INFO: [SYN 201-201] Setting up clock 'default' with an uncertainty of 1.25ns.
INFO: [HLS 200-1611] Setting target device to 'xc7z020-clg400-1'
INFO: [HLS 200-1505] Using flow_target 'vivado'
INFO: [HLS 200-1464] Running solution command: config_export -format=ip_catalog
INFO: [HLS 200-1464] Running solution command: config_export -output=D:/IITMadrasICS/1-2/EE5332Project/conv2dfloat.zip
INFO: [HLS 200-1464] Running solution command: config_export -rtl=verilog
INFO: [HLS 200-1510] Running: set_part xc7z020-clg400-1 
INFO: [HLS 200-1510] Running: create_clock -period 10 -name default 
INFO: [HLS 200-1510] Running: config_export -format ip_catalog -output D:/IITMadrasICS/1-2/EE5332Project/conv2dfloat.zip -rtl verilog 
INFO: [HLS 200-1510] Running: set_clock_uncertainty 1.25 
INFO: [HLS 200-1510] Running: set_directive_top -name conv2d conv2d 
INFO: [HLS 200-1510] Running: set_directive_pipeline -II 1 conv2d/COL_SLIDE 
INFO: [HLS 200-1510] Running: set_directive_array_partition -type complete -dim 0 conv2d kernel_in 
INFO: [HLS 200-1510] Running: set_directive_loop_tripcount -min 66 -max 130 conv2d/ROW_SLIDE 
INFO: [HLS 200-1510] Running: set_directive_loop_tripcount -min 66 -max 130 conv2d/COL_SLIDE 
INFO: [HLS 200-1510] Running: csim_design -quiet 
INFO: [SIM 211-2] *************** CSIM start ***************
INFO: [SIM 211-4] CSIM will launch GCC as the compiler.
INFO: [SIM 211-1] CSim done with 0 errors.
INFO: [SIM 211-3] *************** CSIM finish ***************
INFO: [HLS 200-111] Finished Command csim_design CPU user time: 3 seconds. CPU system time: 0 seconds. Elapsed time: 12.087 seconds; current allocated memory: 116.127 MB.
==============================================================
Vitis HLS - High-Level Synthesis from C, C++ and OpenCL v2021.1 (64-bit)
Copyright 1986-2021 Xilinx, Inc. All Rights Reserved.
==============================================================
INFO: [SYN 201-201] Setting up clock 'default' with a period of 10ns.
INFO: [SYN 201-201] Setting up clock 'default' with an uncertainty of 1.25ns.
INFO: [HLS 200-1611] Setting target device to 'xc7z020-clg400-1'
INFO: [HLS 200-1505] Using flow_target 'vivado'
INFO: [HLS 200-1464] Running solution command: config_export -format=ip_catalog
INFO: [HLS 200-1464] Running solution command: config_export -output=D:/IITMadrasICS/1-2/EE5332Project/conv2dfloat.zip
INFO: [HLS 200-1464] Running solution command: config_export -rtl=verilog
INFO: [HLS 200-1510] Running: set_part xc7z020-clg400-1 
INFO: [HLS 200-1510] Running: create_clock -period 10 -name default 
INFO: [HLS 200-1510] Running: config_export -format ip_catalog -output D:/IITMadrasICS/1-2/EE5332Project/conv2dfloat.zip -rtl verilog 
INFO: [HLS 200-1510] Running: set_clock_uncertainty 1.25 
INFO: [HLS 200-1510] Running: set_directive_top -name conv2d conv2d 
INFO: [HLS 200-1510] Running: set_directive_pipeline -II 1 conv2d/COL_SLIDE 
INFO: [HLS 200-1510] Running: set_directive_array_partition -type complete -dim 0 conv2d kernel_in 
INFO: [HLS 200-1510] Running: set_directive_loop_tripcount -min 66 -max 130 conv2d/ROW_SLIDE 
INFO: [HLS 200-1510] Running: set_directive_loop_tripcount -min 66 -max 130 conv2d/COL_SLIDE 
INFO: [HLS 200-1510] Running: csynth_design 
INFO: [HLS 200-111] Finished File checks and directory preparation: CPU user time: 0 seconds. CPU system time: 0 seconds. Elapsed time: 0.078 seconds; current allocated memory: 1007.301 MB.
INFO: [HLS 200-10] Analyzing design file 'twodconv.cpp' ... 
WARNING: [HLS 207-5528] Ignore interface attribute or pragma which is not used in top function: twodconv.cpp:25:9
WARNING: [HLS 207-5301] unused parameter 'print': D:/Xilinx/Vitis_HLS/2021.1/common/technology/autopilot\ap_int_base.h:792:16
INFO: [HLS 200-111] Finished Source Code Analysis and Preprocessing: CPU user time: 3 seconds. CPU system time: 0 seconds. Elapsed time: 7.166 seconds; current allocated memory: 117.510 MB.
INFO: [HLS 200-777] Using interface defaults for 'Vivado' flow target.
INFO: [HLS 214-279] Initial Interval estimation mode is set into default.
INFO: [HLS 214-284] Auto array partition mode is set into default.
INFO: [HLS 214-131] Inlining function 'hls::axis<ap_int<32>, 1ul, 1ul, 1ul>::get_user_ptr()' into 'hls::stream<hls::axis<ap_int<32>, 1ul, 1ul, 1ul>, 0>::read()' (D:/Xilinx/Vitis_HLS/2021.1/common/technology/autopilot\ap_axi_sdata.h:293:50)
INFO: [HLS 214-131] Inlining function 'hls::axis<ap_int<32>, 1ul, 1ul, 1ul>::get_dest_ptr()' into 'hls::stream<hls::axis<ap_int<32>, 1ul, 1ul, 1ul>, 0>::read()' (D:/Xilinx/Vitis_HLS/2021.1/common/technology/autopilot\ap_axi_sdata.h:296:25)
INFO: [HLS 214-131] Inlining function 'hls::axis<ap_int<32>, 1ul, 1ul, 1ul>::get_id_ptr()' into 'hls::stream<hls::axis<ap_int<32>, 1ul, 1ul, 1ul>, 0>::read()' (D:/Xilinx/Vitis_HLS/2021.1/common/technology/autopilot\ap_axi_sdata.h:295:67)
INFO: [HLS 214-131] Inlining function 'hls::axis<ap_int<32>, 1ul, 1ul, 1ul>::get_user_ptr()' into 'hls::stream<hls::axis<ap_int<32>, 1ul, 1ul, 1ul>, 0>::read()' (D:/Xilinx/Vitis_HLS/2021.1/common/technology/autopilot\ap_axi_sdata.h:295:36)
INFO: [HLS 214-131] Inlining function 'hls::axis<ap_int<32>, 1ul, 1ul, 1ul>::get_dest_ptr()' into 'hls::stream<hls::axis<ap_int<32>, 1ul, 1ul, 1ul>, 0>::read()' (D:/Xilinx/Vitis_HLS/2021.1/common/technology/autopilot\ap_axi_sdata.h:294:39)
INFO: [HLS 214-131] Inlining function 'hls::axis<ap_int<32>, 1ul, 1ul, 1ul>::get_id_ptr()' into 'hls::stream<hls::axis<ap_int<32>, 1ul, 1ul, 1ul>, 0>::read()' (D:/Xilinx/Vitis_HLS/2021.1/common/technology/autopilot\ap_axi_sdata.h:294:23)
INFO: [HLS 214-131] Inlining function 'ap_int_base<32, true>::operator long long() const' into 'unpack(ap_int<32>)' (twodconv.cpp:6:23)
INFO: [HLS 214-131] Inlining function 'ap_int_base<5, true>::ap_int_base<1, false>(ap_int_base<1, false> const&)' into 'ap_int_base<1, false>::RType<4, false>::minus operator-<1, false, 4, false>(ap_int_base<1, false> const&, ap_int_base<4, false> const&)' (D:/Xilinx/Vitis_HLS/2021.1/common/technology/autopilot\ap_int_base.h:1526:341)
INFO: [HLS 214-131] Inlining function 'ap_int_base<5, true>::ap_int_base<4, false>(ap_int_base<4, false> const&)' into 'ap_int_base<1, false>::RType<4, false>::minus operator-<1, false, 4, false>(ap_int_base<1, false> const&, ap_int_base<4, false> const&)' (D:/Xilinx/Vitis_HLS/2021.1/common/technology/autopilot\ap_int_base.h:1526:430)
INFO: [HLS 214-131] Inlining function 'ap_int_base<1, false>::ap_int_base(int)' into 'ap_int_base<4, false>::operator-() const' (D:/Xilinx/Vitis_HLS/2021.1/common/technology/autopilot\ap_int_base.h:925:12)
INFO: [HLS 214-131] Inlining function 'ap_int_base<1, false>::RType<4, false>::minus operator-<1, false, 4, false>(ap_int_base<1, false> const&, ap_int_base<4, false> const&)' into 'ap_int_base<4, false>::operator-() const' (D:/Xilinx/Vitis_HLS/2021.1/common/technology/autopilot\ap_int_base.h:925:37)
INFO: [HLS 214-131] Inlining function 'hls::axis<ap_int<32>, 1ul, 1ul, 1ul>::get_user_ptr()' into 'hls::stream<hls::axis<ap_int<32>, 1ul, 1ul, 1ul>, 0>::write(hls::axis<ap_int<32>, 1ul, 1ul, 1ul> const&)' (D:/Xilinx/Vitis_HLS/2021.1/common/technology/autopilot\ap_axi_sdata.h:304:51)
INFO: [HLS 214-131] Inlining function 'hls::axis<ap_int<32>, 1ul, 1ul, 1ul>::get_dest_ptr()' into 'hls::stream<hls::axis<ap_int<32>, 1ul, 1ul, 1ul>, 0>::write(hls::axis<ap_int<32>, 1ul, 1ul, 1ul> const&)' (D:/Xilinx/Vitis_HLS/2021.1/common/technology/autopilot\ap_axi_sdata.h:307:26)
INFO: [HLS 214-131] Inlining function 'hls::axis<ap_int<32>, 1ul, 1ul, 1ul>::get_id_ptr()' into 'hls::stream<hls::axis<ap_int<32>, 1ul, 1ul, 1ul>, 0>::write(hls::axis<ap_int<32>, 1ul, 1ul, 1ul> const&)' (D:/Xilinx/Vitis_HLS/2021.1/common/technology/autopilot\ap_axi_sdata.h:306:68)
INFO: [HLS 214-131] Inlining function 'hls::axis<ap_int<32>, 1ul, 1ul, 1ul>::get_user_ptr()' into 'hls::stream<hls::axis<ap_int<32>, 1ul, 1ul, 1ul>, 0>::write(hls::axis<ap_int<32>, 1ul, 1ul, 1ul> const&)' (D:/Xilinx/Vitis_HLS/2021.1/common/technology/autopilot\ap_axi_sdata.h:306:37)
INFO: [HLS 214-131] Inlining function 'hls::axis<ap_int<32>, 1ul, 1ul, 1ul>::get_dest_ptr()' into 'hls::stream<hls::axis<ap_int<32>, 1ul, 1ul, 1ul>, 0>::write(hls::axis<ap_int<32>, 1ul, 1ul, 1ul> const&)' (D:/Xilinx/Vitis_HLS/2021.1/common/technology/autopilot\ap_axi_sdata.h:305:40)
INFO: [HLS 214-131] Inlining function 'hls::axis<ap_int<32>, 1ul, 1ul, 1ul>::get_id_ptr()' into 'hls::stream<hls::axis<ap_int<32>, 1ul, 1ul, 1ul>, 0>::write(hls::axis<ap_int<32>, 1ul, 1ul, 1ul> const&)' (D:/Xilinx/Vitis_HLS/2021.1/common/technology/autopilot\ap_axi_sdata.h:305:24)
INFO: [HLS 214-131] Inlining function 'hls::stream<hls::axis<ap_int<32>, 1ul, 1ul, 1ul>, 0>::read()' into 'conv2d(hls::stream<hls::axis<ap_int<32>, 1ul, 1ul, 1ul>, 0>&, hls::stream<hls::axis<ap_int<32>, 1ul, 1ul, 1ul>, 0>&, float (*) [3], int)' (twodconv.cpp:57:36)
INFO: [HLS 214-131] Inlining function 'hls::stream<hls::axis<ap_int<32>, 1ul, 1ul, 1ul>, 0>::write(hls::axis<ap_int<32>, 1ul, 1ul, 1ul> const&)' into 'conv2d(hls::stream<hls::axis<ap_int<32>, 1ul, 1ul, 1ul>, 0>&, hls::stream<hls::axis<ap_int<32>, 1ul, 1ul, 1ul>, 0>&, float (*) [3], int)' (twodconv.cpp:93:28)
INFO: [HLS 214-131] Inlining function 'ap_int_base<4, false>::operator-() const' into 'conv2d(hls::stream<hls::axis<ap_int<32>, 1ul, 1ul, 1ul>, 0>&, hls::stream<hls::axis<ap_int<32>, 1ul, 1ul, 1ul>, 0>&, float (*) [3], int)' (twodconv.cpp:86:42)
INFO: [HLS 214-178] Inlining function 'unpack(ap_int<32>)' into 'conv2d(hls::stream<hls::axis<ap_int<32>, 1ul, 1ul, 1ul>, 0>&, hls::stream<hls::axis<ap_int<32>, 1ul, 1ul, 1ul>, 0>&, float (*) [3], int)' (twodconv.cpp:20:0)
INFO: [HLS 214-178] Inlining function 'pack(float)' into 'conv2d(hls::stream<hls::axis<ap_int<32>, 1ul, 1ul, 1ul>, 0>&, hls::stream<hls::axis<ap_int<32>, 1ul, 1ul, 1ul>, 0>&, float (*) [3], int)' (twodconv.cpp:20:0)
INFO: [HLS 214-248] Applying array_partition to 'kernel_in': Complete partitioning on dimension 1. Complete partitioning on dimension 2. (twodconv.cpp:20:0)
INFO: [HLS 214-270] Starting automatic array partition analysis...
INFO: [HLS 200-111] Finished Compiling Optimization and Transform: CPU user time: 0 seconds. CPU system time: 0 seconds. Elapsed time: 5.464 seconds; current allocated memory: 119.636 MB.
INFO: [HLS 200-111] Finished Checking Pragmas: CPU user time: 0 seconds. CPU system time: 0 seconds. Elapsed time: 0.017 seconds; current allocated memory: 119.637 MB.
INFO: [HLS 200-10] Starting code transformations ...
INFO: [HLS 200-111] Finished Standard Transforms: CPU user time: 0 seconds. CPU system time: 0 seconds. Elapsed time: 0.2 seconds; current allocated memory: 126.521 MB.
INFO: [HLS 200-10] Checking synthesizability ...
INFO: [HLS 200-111] Finished Checking Synthesizability: CPU user time: 0 seconds. CPU system time: 0 seconds. Elapsed time: 0.166 seconds; current allocated memory: 134.866 MB.
WARNING: [XFORM 203-803] Dropped interface mode 'ap_auto' on 'kernel_in_0_0' as it is incompatible with its interface mode 's_axilite'.
WARNING: [XFORM 203-803] Dropped interface mode 'ap_auto' on 'kernel_in_0_1' as it is incompatible with its interface mode 's_axilite'.
WARNING: [XFORM 203-803] Dropped interface mode 'ap_auto' on 'kernel_in_0_2' as it is incompatible with its interface mode 's_axilite'.
WARNING: [XFORM 203-803] Dropped interface mode 'ap_auto' on 'kernel_in_1_0' as it is incompatible with its interface mode 's_axilite'.
WARNING: [XFORM 203-803] Dropped interface mode 'ap_auto' on 'kernel_in_1_1' as it is incompatible with its interface mode 's_axilite'.
WARNING: [XFORM 203-803] Dropped interface mode 'ap_auto' on 'kernel_in_1_2' as it is incompatible with its interface mode 's_axilite'.
WARNING: [XFORM 203-803] Dropped interface mode 'ap_auto' on 'kernel_in_2_0' as it is incompatible with its interface mode 's_axilite'.
WARNING: [XFORM 203-803] Dropped interface mode 'ap_auto' on 'kernel_in_2_1' as it is incompatible with its interface mode 's_axilite'.
WARNING: [XFORM 203-803] Dropped interface mode 'ap_auto' on 'kernel_in_2_2' as it is incompatible with its interface mode 's_axilite'.
INFO: [XFORM 203-502] Unrolling all sub-loops inside loop 'COL_SLIDE' (twodconv.cpp:43) in function 'conv2d' for pipelining.
INFO: [HLS 200-489] Unrolling loop 'UPDATE_WINDOW_ROW' (twodconv.cpp:46) in function 'conv2d' completely with a factor of 3.
INFO: [HLS 200-489] Unrolling loop 'UPDATE_WINDOW_COL' (twodconv.cpp:48) in function 'conv2d' completely with a factor of 2.
INFO: [HLS 200-489] Unrolling loop 'UPDATE_BUF' (twodconv.cpp:61) in function 'conv2d' completely with a factor of 2.
INFO: [HLS 200-489] Unrolling loop 'MACi' (twodconv.cpp:37) in function 'conv2d' completely with a factor of 3.
INFO: [HLS 200-489] Unrolling loop 'MACj' (twodconv.cpp:37) in function 'conv2d' completely with a factor of 3.
INFO: [XFORM 203-101] Partitioning array 'line_buf'  in dimension 1 completely.
INFO: [XFORM 203-101] Partitioning array 'window'  in dimension 1 completely.
INFO: [XFORM 203-101] Partitioning array 'window'  in dimension 2 completely.
INFO: [XFORM 203-11] Balancing expressions in function 'conv2d' (twodconv.cpp:7:47)...3 expression(s) balanced.
INFO: [HLS 200-111] Finished Loop, function and other optimizations: CPU user time: 0 seconds. CPU system time: 0 seconds. Elapsed time: 0.635 seconds; current allocated memory: 165.358 MB.
INFO: [XFORM 203-541] Flattening a loop nest 'ROW_SLIDE' (twodconv.cpp:41:14) in function 'conv2d'.
INFO: [HLS 200-472] Inferring partial write operation for 'line_buf.0' (twodconv.cpp:66:38)
INFO: [HLS 200-111] Finished Architecture Synthesis: CPU user time: 1 seconds. CPU system time: 0 seconds. Elapsed time: 0.18 seconds; current allocated memory: 162.823 MB.
INFO: [HLS 200-10] Starting hardware synthesis ...
INFO: [HLS 200-10] Synthesizing 'conv2d' ...
INFO: [HLS 200-10] ----------------------------------------------------------------
INFO: [HLS 200-42] -- Implementing module 'conv2d' 
INFO: [HLS 200-10] ----------------------------------------------------------------
INFO: [SCHED 204-11] Starting scheduling ...
INFO: [SCHED 204-61] Pipelining loop 'ROW_SLIDE_COL_SLIDE'.
INFO: [HLS 200-1470] Pipelining result : Target II = 1, Final II = 1, Depth = 51, loop 'ROW_SLIDE_COL_SLIDE'
INFO: [SCHED 204-11] Finished scheduling.
INFO: [HLS 200-111] Finished Scheduling: CPU user time: 0 seconds. CPU system time: 0 seconds. Elapsed time: 0.683 seconds; current allocated memory: 163.443 MB.
INFO: [BIND 205-100] Starting micro-architecture generation ...
INFO: [BIND 205-101] Performing variable lifetime analysis.
INFO: [BIND 205-101] Exploring resource sharing.
INFO: [BIND 205-101] Binding ...
INFO: [BIND 205-100] Finished micro-architecture generation.
INFO: [HLS 200-111] Finished Binding: CPU user time: 0 seconds. CPU system time: 0 seconds. Elapsed time: 0.459 seconds; current allocated memory: 164.338 MB.
INFO: [HLS 200-10] ----------------------------------------------------------------
INFO: [HLS 200-10] -- Generating RTL for module 'conv2d' 
INFO: [HLS 200-10] ----------------------------------------------------------------
WARNING: [RTGEN 206-101] Design contains AXI ports. Reset is fixed to synchronous and active low.
INFO: [RTGEN 206-500] Setting interface mode on port 'conv2d/in_stream_V_data_V' to 'axis' (register, both mode).
INFO: [RTGEN 206-500] Setting interface mode on port 'conv2d/in_stream_V_keep_V' to 'axis' (register, both mode).
INFO: [RTGEN 206-500] Setting interface mode on port 'conv2d/in_stream_V_strb_V' to 'axis' (register, both mode).
INFO: [RTGEN 206-500] Setting interface mode on port 'conv2d/in_stream_V_user_V' to 'axis' (register, both mode).
INFO: [RTGEN 206-500] Setting interface mode on port 'conv2d/in_stream_V_last_V' to 'axis' (register, both mode).
INFO: [RTGEN 206-500] Setting interface mode on port 'conv2d/in_stream_V_id_V' to 'axis' (register, both mode).
INFO: [RTGEN 206-500] Setting interface mode on port 'conv2d/in_stream_V_dest_V' to 'axis' (register, both mode).
INFO: [RTGEN 206-500] Setting interface mode on port 'conv2d/out_stream_V_data_V' to 'axis' (register, both mode).
INFO: [RTGEN 206-500] Setting interface mode on port 'conv2d/out_stream_V_keep_V' to 'axis' (register, both mode).
INFO: [RTGEN 206-500] Setting interface mode on port 'conv2d/out_stream_V_strb_V' to 'axis' (register, both mode).
INFO: [RTGEN 206-500] Setting interface mode on port 'conv2d/out_stream_V_user_V' to 'axis' (register, both mode).
INFO: [RTGEN 206-500] Setting interface mode on port 'conv2d/out_stream_V_last_V' to 'axis' (register, both mode).
INFO: [RTGEN 206-500] Setting interface mode on port 'conv2d/out_stream_V_id_V' to 'axis' (register, both mode).
INFO: [RTGEN 206-500] Setting interface mode on port 'conv2d/out_stream_V_dest_V' to 'axis' (register, both mode).
INFO: [RTGEN 206-500] Setting interface mode on port 'conv2d/kernel_in_0_0' to 's_axilite & ap_none'.
INFO: [RTGEN 206-500] Setting interface mode on port 'conv2d/kernel_in_0_1' to 's_axilite & ap_none'.
INFO: [RTGEN 206-500] Setting interface mode on port 'conv2d/kernel_in_0_2' to 's_axilite & ap_none'.
INFO: [RTGEN 206-500] Setting interface mode on port 'conv2d/kernel_in_1_0' to 's_axilite & ap_none'.
INFO: [RTGEN 206-500] Setting interface mode on port 'conv2d/kernel_in_1_1' to 's_axilite & ap_none'.
INFO: [RTGEN 206-500] Setting interface mode on port 'conv2d/kernel_in_1_2' to 's_axilite & ap_none'.
INFO: [RTGEN 206-500] Setting interface mode on port 'conv2d/kernel_in_2_0' to 's_axilite & ap_none'.
INFO: [RTGEN 206-500] Setting interface mode on port 'conv2d/kernel_in_2_1' to 's_axilite & ap_none'.
INFO: [RTGEN 206-500] Setting interface mode on port 'conv2d/kernel_in_2_2' to 's_axilite & ap_none'.
INFO: [RTGEN 206-500] Setting interface mode on port 'conv2d/img_size' to 's_axilite & ap_none'.
INFO: [RTGEN 206-500] Setting interface mode on function 'conv2d' to 's_axilite & ap_ctrl_hs'.
WARNING: [RTGEN 206-101] Register 'window_0_1' is power-on initialization.
WARNING: [RTGEN 206-101] Register 'window_1_1' is power-on initialization.
WARNING: [RTGEN 206-101] Register 'window_2_1' is power-on initialization.
WARNING: [RTGEN 206-101] Register 'window_0_2' is power-on initialization.
WARNING: [RTGEN 206-101] Register 'window_1_2' is power-on initialization.
WARNING: [RTGEN 206-101] Register 'window_2_2' is power-on initialization.
INFO: [RTGEN 206-100] Bundling port 'kernel_in_0_0', 'kernel_in_0_1', 'kernel_in_0_2', 'kernel_in_1_0', 'kernel_in_1_1', 'kernel_in_1_2', 'kernel_in_2_0', 'kernel_in_2_1', 'kernel_in_2_2', 'img_size' and 'return' to AXI-Lite port control.
INFO: [RTGEN 206-100] Generating core module 'fadd_32ns_32ns_32_5_full_dsp_1': 9 instance(s).
INFO: [RTGEN 206-100] Generating core module 'fmul_32ns_32ns_32_4_max_dsp_1': 9 instance(s).
INFO: [RTGEN 206-100] Generating core module 'mul_32ns_32ns_64_1_1': 1 instance(s).
INFO: [RTGEN 206-100] Finished creating RTL model for 'conv2d'.
INFO: [HLS 200-111] Finished Creating RTL model: CPU user time: 1 seconds. CPU system time: 0 seconds. Elapsed time: 1.31 seconds; current allocated memory: 166.863 MB.
INFO: [RTMG 210-278] Implementing memory 'conv2d_line_buf_0_ram (RAM_2P_BRAM)' using block RAMs with power-on initialization.
INFO: [HLS 200-111] Finished Generating all RTL models: CPU user time: 1 seconds. CPU system time: 0 seconds. Elapsed time: 2.048 seconds; current allocated memory: 171.905 MB.
INFO: [HLS 200-111] Finished Updating report files: CPU user time: 1 seconds. CPU system time: 1 seconds. Elapsed time: 0.938 seconds; current allocated memory: 176.916 MB.
INFO: [VHDL 208-304] Generating VHDL RTL for conv2d.
INFO: [VLOG 209-307] Generating Verilog RTL for conv2d.
INFO: [HLS 200-790] **** Loop Constraint Status: All loop constraints were satisfied.
INFO: [HLS 200-789] **** Estimated Fmax: 117.51 MHz
INFO: [HLS 200-111] Finished Command csynth_design CPU user time: 7 seconds. CPU system time: 1 seconds. Elapsed time: 19.464 seconds; current allocated memory: 176.902 MB.
INFO: [HLS 200-112] Total CPU user time: 9 seconds. Total CPU system time: 3 seconds. Total elapsed time: 23.192 seconds; peak allocated memory: 1007.301 MB.
==============================================================
Vitis HLS - High-Level Synthesis from C, C++ and OpenCL v2021.1 (64-bit)
Copyright 1986-2021 Xilinx, Inc. All Rights Reserved.
==============================================================
INFO: [SYN 201-201] Setting up clock 'default' with a period of 10ns.
INFO: [SYN 201-201] Setting up clock 'default' with an uncertainty of 1.25ns.
INFO: [HLS 200-1611] Setting target device to 'xc7z020-clg400-1'
INFO: [HLS 200-1505] Using flow_target 'vivado'
INFO: [HLS 200-1464] Running solution command: config_export -format=ip_catalog
INFO: [HLS 200-1464] Running solution command: config_export -output=D:/IITMadrasICS/1-2/EE5332Project/conv2dfloat.zip
INFO: [HLS 200-1464] Running solution command: config_export -rtl=verilog
INFO: [HLS 200-1510] Running: set_part xc7z020-clg400-1 
INFO: [HLS 200-1510] Running: create_clock -period 10 -name default 
INFO: [HLS 200-1510] Running: config_export -format ip_catalog -output D:/IITMadrasICS/1-2/EE5332Project/conv2dfloat.zip -rtl verilog 
INFO: [HLS 200-1510] Running: set_clock_uncertainty 1.25 
INFO: [HLS 200-1510] Running: set_directive_top -name conv2d conv2d 
INFO: [HLS 200-1510] Running: set_directive_pipeline -II 1 conv2d/COL_SLIDE 
INFO: [HLS 200-1510] Running: set_directive_array_partition -type complete -dim 0 conv2d kernel_in 
INFO: [HLS 200-1510] Running: set_directive_loop_tripcount -min 66 -max 130 conv2d/ROW_SLIDE 
INFO: [HLS 200-1510] Running: set_directive_loop_tripcount -min 66 -max 130 conv2d/COL_SLIDE 
INFO: [HLS 200-1510] Running: csynth_design 
INFO: [HLS 200-111] Finished File checks and directory preparation: CPU user time: 0 seconds. CPU system time: 0 seconds. Elapsed time: 0.051 seconds; current allocated memory: 1007.302 MB.
INFO: [HLS 200-10] Analyzing design file 'twodconv.cpp' ... 
WARNING: [HLS 207-5528] Ignore interface attribute or pragma which is not used in top function: twodconv.cpp:25:9
WARNING: [HLS 207-5301] unused parameter 'print': D:/Xilinx/Vitis_HLS/2021.1/common/technology/autopilot\ap_int_base.h:792:16
INFO: [HLS 200-111] Finished Source Code Analysis and Preprocessing: CPU user time: 2 seconds. CPU system time: 0 seconds. Elapsed time: 5.393 seconds; current allocated memory: 117.511 MB.
INFO: [HLS 200-777] Using interface defaults for 'Vivado' flow target.
INFO: [HLS 214-279] Initial Interval estimation mode is set into default.
INFO: [HLS 214-284] Auto array partition mode is set into default.
INFO: [HLS 214-131] Inlining function 'hls::axis<ap_int<32>, 1ul, 1ul, 1ul>::get_user_ptr()' into 'hls::stream<hls::axis<ap_int<32>, 1ul, 1ul, 1ul>, 0>::read()' (D:/Xilinx/Vitis_HLS/2021.1/common/technology/autopilot\ap_axi_sdata.h:293:50)
INFO: [HLS 214-131] Inlining function 'hls::axis<ap_int<32>, 1ul, 1ul, 1ul>::get_dest_ptr()' into 'hls::stream<hls::axis<ap_int<32>, 1ul, 1ul, 1ul>, 0>::read()' (D:/Xilinx/Vitis_HLS/2021.1/common/technology/autopilot\ap_axi_sdata.h:296:25)
INFO: [HLS 214-131] Inlining function 'hls::axis<ap_int<32>, 1ul, 1ul, 1ul>::get_id_ptr()' into 'hls::stream<hls::axis<ap_int<32>, 1ul, 1ul, 1ul>, 0>::read()' (D:/Xilinx/Vitis_HLS/2021.1/common/technology/autopilot\ap_axi_sdata.h:295:67)
INFO: [HLS 214-131] Inlining function 'hls::axis<ap_int<32>, 1ul, 1ul, 1ul>::get_user_ptr()' into 'hls::stream<hls::axis<ap_int<32>, 1ul, 1ul, 1ul>, 0>::read()' (D:/Xilinx/Vitis_HLS/2021.1/common/technology/autopilot\ap_axi_sdata.h:295:36)
INFO: [HLS 214-131] Inlining function 'hls::axis<ap_int<32>, 1ul, 1ul, 1ul>::get_dest_ptr()' into 'hls::stream<hls::axis<ap_int<32>, 1ul, 1ul, 1ul>, 0>::read()' (D:/Xilinx/Vitis_HLS/2021.1/common/technology/autopilot\ap_axi_sdata.h:294:39)
INFO: [HLS 214-131] Inlining function 'hls::axis<ap_int<32>, 1ul, 1ul, 1ul>::get_id_ptr()' into 'hls::stream<hls::axis<ap_int<32>, 1ul, 1ul, 1ul>, 0>::read()' (D:/Xilinx/Vitis_HLS/2021.1/common/technology/autopilot\ap_axi_sdata.h:294:23)
INFO: [HLS 214-131] Inlining function 'ap_int_base<32, true>::operator long long() const' into 'unpack(ap_int<32>)' (twodconv.cpp:6:23)
INFO: [HLS 214-131] Inlining function 'ap_int_base<5, true>::ap_int_base<1, false>(ap_int_base<1, false> const&)' into 'ap_int_base<1, false>::RType<4, false>::minus operator-<1, false, 4, false>(ap_int_base<1, false> const&, ap_int_base<4, false> const&)' (D:/Xilinx/Vitis_HLS/2021.1/common/technology/autopilot\ap_int_base.h:1526:341)
INFO: [HLS 214-131] Inlining function 'ap_int_base<5, true>::ap_int_base<4, false>(ap_int_base<4, false> const&)' into 'ap_int_base<1, false>::RType<4, false>::minus operator-<1, false, 4, false>(ap_int_base<1, false> const&, ap_int_base<4, false> const&)' (D:/Xilinx/Vitis_HLS/2021.1/common/technology/autopilot\ap_int_base.h:1526:430)
INFO: [HLS 214-131] Inlining function 'ap_int_base<1, false>::ap_int_base(int)' into 'ap_int_base<4, false>::operator-() const' (D:/Xilinx/Vitis_HLS/2021.1/common/technology/autopilot\ap_int_base.h:925:12)
INFO: [HLS 214-131] Inlining function 'ap_int_base<1, false>::RType<4, false>::minus operator-<1, false, 4, false>(ap_int_base<1, false> const&, ap_int_base<4, false> const&)' into 'ap_int_base<4, false>::operator-() const' (D:/Xilinx/Vitis_HLS/2021.1/common/technology/autopilot\ap_int_base.h:925:37)
INFO: [HLS 214-131] Inlining function 'hls::axis<ap_int<32>, 1ul, 1ul, 1ul>::get_user_ptr()' into 'hls::stream<hls::axis<ap_int<32>, 1ul, 1ul, 1ul>, 0>::write(hls::axis<ap_int<32>, 1ul, 1ul, 1ul> const&)' (D:/Xilinx/Vitis_HLS/2021.1/common/technology/autopilot\ap_axi_sdata.h:304:51)
INFO: [HLS 214-131] Inlining function 'hls::axis<ap_int<32>, 1ul, 1ul, 1ul>::get_dest_ptr()' into 'hls::stream<hls::axis<ap_int<32>, 1ul, 1ul, 1ul>, 0>::write(hls::axis<ap_int<32>, 1ul, 1ul, 1ul> const&)' (D:/Xilinx/Vitis_HLS/2021.1/common/technology/autopilot\ap_axi_sdata.h:307:26)
INFO: [HLS 214-131] Inlining function 'hls::axis<ap_int<32>, 1ul, 1ul, 1ul>::get_id_ptr()' into 'hls::stream<hls::axis<ap_int<32>, 1ul, 1ul, 1ul>, 0>::write(hls::axis<ap_int<32>, 1ul, 1ul, 1ul> const&)' (D:/Xilinx/Vitis_HLS/2021.1/common/technology/autopilot\ap_axi_sdata.h:306:68)
INFO: [HLS 214-131] Inlining function 'hls::axis<ap_int<32>, 1ul, 1ul, 1ul>::get_user_ptr()' into 'hls::stream<hls::axis<ap_int<32>, 1ul, 1ul, 1ul>, 0>::write(hls::axis<ap_int<32>, 1ul, 1ul, 1ul> const&)' (D:/Xilinx/Vitis_HLS/2021.1/common/technology/autopilot\ap_axi_sdata.h:306:37)
INFO: [HLS 214-131] Inlining function 'hls::axis<ap_int<32>, 1ul, 1ul, 1ul>::get_dest_ptr()' into 'hls::stream<hls::axis<ap_int<32>, 1ul, 1ul, 1ul>, 0>::write(hls::axis<ap_int<32>, 1ul, 1ul, 1ul> const&)' (D:/Xilinx/Vitis_HLS/2021.1/common/technology/autopilot\ap_axi_sdata.h:305:40)
INFO: [HLS 214-131] Inlining function 'hls::axis<ap_int<32>, 1ul, 1ul, 1ul>::get_id_ptr()' into 'hls::stream<hls::axis<ap_int<32>, 1ul, 1ul, 1ul>, 0>::write(hls::axis<ap_int<32>, 1ul, 1ul, 1ul> const&)' (D:/Xilinx/Vitis_HLS/2021.1/common/technology/autopilot\ap_axi_sdata.h:305:24)
INFO: [HLS 214-131] Inlining function 'hls::stream<hls::axis<ap_int<32>, 1ul, 1ul, 1ul>, 0>::read()' into 'conv2d(hls::stream<hls::axis<ap_int<32>, 1ul, 1ul, 1ul>, 0>&, hls::stream<hls::axis<ap_int<32>, 1ul, 1ul, 1ul>, 0>&, float (*) [3], int)' (twodconv.cpp:57:36)
INFO: [HLS 214-131] Inlining function 'hls::stream<hls::axis<ap_int<32>, 1ul, 1ul, 1ul>, 0>::write(hls::axis<ap_int<32>, 1ul, 1ul, 1ul> const&)' into 'conv2d(hls::stream<hls::axis<ap_int<32>, 1ul, 1ul, 1ul>, 0>&, hls::stream<hls::axis<ap_int<32>, 1ul, 1ul, 1ul>, 0>&, float (*) [3], int)' (twodconv.cpp:93:28)
INFO: [HLS 214-131] Inlining function 'ap_int_base<4, false>::operator-() const' into 'conv2d(hls::stream<hls::axis<ap_int<32>, 1ul, 1ul, 1ul>, 0>&, hls::stream<hls::axis<ap_int<32>, 1ul, 1ul, 1ul>, 0>&, float (*) [3], int)' (twodconv.cpp:86:42)
INFO: [HLS 214-178] Inlining function 'unpack(ap_int<32>)' into 'conv2d(hls::stream<hls::axis<ap_int<32>, 1ul, 1ul, 1ul>, 0>&, hls::stream<hls::axis<ap_int<32>, 1ul, 1ul, 1ul>, 0>&, float (*) [3], int)' (twodconv.cpp:20:0)
INFO: [HLS 214-178] Inlining function 'pack(float)' into 'conv2d(hls::stream<hls::axis<ap_int<32>, 1ul, 1ul, 1ul>, 0>&, hls::stream<hls::axis<ap_int<32>, 1ul, 1ul, 1ul>, 0>&, float (*) [3], int)' (twodconv.cpp:20:0)
INFO: [HLS 214-248] Applying array_partition to 'kernel_in': Complete partitioning on dimension 1. Complete partitioning on dimension 2. (twodconv.cpp:20:0)
INFO: [HLS 214-270] Starting automatic array partition analysis...
INFO: [HLS 200-111] Finished Compiling Optimization and Transform: CPU user time: 1 seconds. CPU system time: 0 seconds. Elapsed time: 4.991 seconds; current allocated memory: 119.636 MB.
INFO: [HLS 200-111] Finished Checking Pragmas: CPU user time: 0 seconds. CPU system time: 0 seconds. Elapsed time: 0.019 seconds; current allocated memory: 119.637 MB.
INFO: [HLS 200-10] Starting code transformations ...
INFO: [HLS 200-111] Finished Standard Transforms: CPU user time: 0 seconds. CPU system time: 0 seconds. Elapsed time: 0.184 seconds; current allocated memory: 126.521 MB.
INFO: [HLS 200-10] Checking synthesizability ...
INFO: [HLS 200-111] Finished Checking Synthesizability: CPU user time: 0 seconds. CPU system time: 0 seconds. Elapsed time: 0.143 seconds; current allocated memory: 134.867 MB.
WARNING: [XFORM 203-803] Dropped interface mode 'ap_auto' on 'kernel_in_0_0' as it is incompatible with its interface mode 's_axilite'.
WARNING: [XFORM 203-803] Dropped interface mode 'ap_auto' on 'kernel_in_0_1' as it is incompatible with its interface mode 's_axilite'.
WARNING: [XFORM 203-803] Dropped interface mode 'ap_auto' on 'kernel_in_0_2' as it is incompatible with its interface mode 's_axilite'.
WARNING: [XFORM 203-803] Dropped interface mode 'ap_auto' on 'kernel_in_1_0' as it is incompatible with its interface mode 's_axilite'.
WARNING: [XFORM 203-803] Dropped interface mode 'ap_auto' on 'kernel_in_1_1' as it is incompatible with its interface mode 's_axilite'.
WARNING: [XFORM 203-803] Dropped interface mode 'ap_auto' on 'kernel_in_1_2' as it is incompatible with its interface mode 's_axilite'.
WARNING: [XFORM 203-803] Dropped interface mode 'ap_auto' on 'kernel_in_2_0' as it is incompatible with its interface mode 's_axilite'.
WARNING: [XFORM 203-803] Dropped interface mode 'ap_auto' on 'kernel_in_2_1' as it is incompatible with its interface mode 's_axilite'.
WARNING: [XFORM 203-803] Dropped interface mode 'ap_auto' on 'kernel_in_2_2' as it is incompatible with its interface mode 's_axilite'.
INFO: [XFORM 203-502] Unrolling all sub-loops inside loop 'COL_SLIDE' (twodconv.cpp:43) in function 'conv2d' for pipelining.
INFO: [HLS 200-489] Unrolling loop 'UPDATE_WINDOW_ROW' (twodconv.cpp:46) in function 'conv2d' completely with a factor of 3.
INFO: [HLS 200-489] Unrolling loop 'UPDATE_WINDOW_COL' (twodconv.cpp:48) in function 'conv2d' completely with a factor of 2.
INFO: [HLS 200-489] Unrolling loop 'UPDATE_BUF' (twodconv.cpp:61) in function 'conv2d' completely with a factor of 2.
INFO: [HLS 200-489] Unrolling loop 'MACi' (twodconv.cpp:37) in function 'conv2d' completely with a factor of 3.
INFO: [HLS 200-489] Unrolling loop 'MACj' (twodconv.cpp:37) in function 'conv2d' completely with a factor of 3.
INFO: [XFORM 203-101] Partitioning array 'line_buf'  in dimension 1 completely.
INFO: [XFORM 203-101] Partitioning array 'window'  in dimension 1 completely.
INFO: [XFORM 203-101] Partitioning array 'window'  in dimension 2 completely.
INFO: [XFORM 203-11] Balancing expressions in function 'conv2d' (twodconv.cpp:7:47)...3 expression(s) balanced.
INFO: [HLS 200-111] Finished Loop, function and other optimizations: CPU user time: 0 seconds. CPU system time: 0 seconds. Elapsed time: 0.571 seconds; current allocated memory: 165.359 MB.
INFO: [XFORM 203-541] Flattening a loop nest 'ROW_SLIDE' (twodconv.cpp:41:14) in function 'conv2d'.
INFO: [HLS 200-472] Inferring partial write operation for 'line_buf.0' (twodconv.cpp:66:38)
INFO: [HLS 200-111] Finished Architecture Synthesis: CPU user time: 1 seconds. CPU system time: 0 seconds. Elapsed time: 0.156 seconds; current allocated memory: 162.824 MB.
INFO: [HLS 200-10] Starting hardware synthesis ...
INFO: [HLS 200-10] Synthesizing 'conv2d' ...
INFO: [HLS 200-10] ----------------------------------------------------------------
INFO: [HLS 200-42] -- Implementing module 'conv2d' 
INFO: [HLS 200-10] ----------------------------------------------------------------
INFO: [SCHED 204-11] Starting scheduling ...
INFO: [SCHED 204-61] Pipelining loop 'ROW_SLIDE_COL_SLIDE'.
INFO: [HLS 200-1470] Pipelining result : Target II = 1, Final II = 1, Depth = 51, loop 'ROW_SLIDE_COL_SLIDE'
INFO: [SCHED 204-11] Finished scheduling.
INFO: [HLS 200-111] Finished Scheduling: CPU user time: 0 seconds. CPU system time: 0 seconds. Elapsed time: 0.508 seconds; current allocated memory: 163.443 MB.
INFO: [BIND 205-100] Starting micro-architecture generation ...
INFO: [BIND 205-101] Performing variable lifetime analysis.
INFO: [BIND 205-101] Exploring resource sharing.
INFO: [BIND 205-101] Binding ...
INFO: [BIND 205-100] Finished micro-architecture generation.
INFO: [HLS 200-111] Finished Binding: CPU user time: 0 seconds. CPU system time: 0 seconds. Elapsed time: 0.452 seconds; current allocated memory: 164.339 MB.
INFO: [HLS 200-10] ----------------------------------------------------------------
INFO: [HLS 200-10] -- Generating RTL for module 'conv2d' 
INFO: [HLS 200-10] ----------------------------------------------------------------
WARNING: [RTGEN 206-101] Design contains AXI ports. Reset is fixed to synchronous and active low.
INFO: [RTGEN 206-500] Setting interface mode on port 'conv2d/in_stream_V_data_V' to 'axis' (register, both mode).
INFO: [RTGEN 206-500] Setting interface mode on port 'conv2d/in_stream_V_keep_V' to 'axis' (register, both mode).
INFO: [RTGEN 206-500] Setting interface mode on port 'conv2d/in_stream_V_strb_V' to 'axis' (register, both mode).
INFO: [RTGEN 206-500] Setting interface mode on port 'conv2d/in_stream_V_user_V' to 'axis' (register, both mode).
INFO: [RTGEN 206-500] Setting interface mode on port 'conv2d/in_stream_V_last_V' to 'axis' (register, both mode).
INFO: [RTGEN 206-500] Setting interface mode on port 'conv2d/in_stream_V_id_V' to 'axis' (register, both mode).
INFO: [RTGEN 206-500] Setting interface mode on port 'conv2d/in_stream_V_dest_V' to 'axis' (register, both mode).
INFO: [RTGEN 206-500] Setting interface mode on port 'conv2d/out_stream_V_data_V' to 'axis' (register, both mode).
INFO: [RTGEN 206-500] Setting interface mode on port 'conv2d/out_stream_V_keep_V' to 'axis' (register, both mode).
INFO: [RTGEN 206-500] Setting interface mode on port 'conv2d/out_stream_V_strb_V' to 'axis' (register, both mode).
INFO: [RTGEN 206-500] Setting interface mode on port 'conv2d/out_stream_V_user_V' to 'axis' (register, both mode).
INFO: [RTGEN 206-500] Setting interface mode on port 'conv2d/out_stream_V_last_V' to 'axis' (register, both mode).
INFO: [RTGEN 206-500] Setting interface mode on port 'conv2d/out_stream_V_id_V' to 'axis' (register, both mode).
INFO: [RTGEN 206-500] Setting interface mode on port 'conv2d/out_stream_V_dest_V' to 'axis' (register, both mode).
INFO: [RTGEN 206-500] Setting interface mode on port 'conv2d/kernel_in_0_0' to 's_axilite & ap_none'.
INFO: [RTGEN 206-500] Setting interface mode on port 'conv2d/kernel_in_0_1' to 's_axilite & ap_none'.
INFO: [RTGEN 206-500] Setting interface mode on port 'conv2d/kernel_in_0_2' to 's_axilite & ap_none'.
INFO: [RTGEN 206-500] Setting interface mode on port 'conv2d/kernel_in_1_0' to 's_axilite & ap_none'.
INFO: [RTGEN 206-500] Setting interface mode on port 'conv2d/kernel_in_1_1' to 's_axilite & ap_none'.
INFO: [RTGEN 206-500] Setting interface mode on port 'conv2d/kernel_in_1_2' to 's_axilite & ap_none'.
INFO: [RTGEN 206-500] Setting interface mode on port 'conv2d/kernel_in_2_0' to 's_axilite & ap_none'.
INFO: [RTGEN 206-500] Setting interface mode on port 'conv2d/kernel_in_2_1' to 's_axilite & ap_none'.
INFO: [RTGEN 206-500] Setting interface mode on port 'conv2d/kernel_in_2_2' to 's_axilite & ap_none'.
INFO: [RTGEN 206-500] Setting interface mode on port 'conv2d/img_size' to 's_axilite & ap_none'.
INFO: [RTGEN 206-500] Setting interface mode on function 'conv2d' to 's_axilite & ap_ctrl_hs'.
WARNING: [RTGEN 206-101] Register 'window_0_1' is power-on initialization.
WARNING: [RTGEN 206-101] Register 'window_1_1' is power-on initialization.
WARNING: [RTGEN 206-101] Register 'window_2_1' is power-on initialization.
WARNING: [RTGEN 206-101] Register 'window_0_2' is power-on initialization.
WARNING: [RTGEN 206-101] Register 'window_1_2' is power-on initialization.
WARNING: [RTGEN 206-101] Register 'window_2_2' is power-on initialization.
INFO: [RTGEN 206-100] Bundling port 'kernel_in_0_0', 'kernel_in_0_1', 'kernel_in_0_2', 'kernel_in_1_0', 'kernel_in_1_1', 'kernel_in_1_2', 'kernel_in_2_0', 'kernel_in_2_1', 'kernel_in_2_2', 'img_size' and 'return' to AXI-Lite port control.
INFO: [RTGEN 206-100] Generating core module 'fadd_32ns_32ns_32_5_full_dsp_1': 9 instance(s).
INFO: [RTGEN 206-100] Generating core module 'fmul_32ns_32ns_32_4_max_dsp_1': 9 instance(s).
INFO: [RTGEN 206-100] Generating core module 'mul_32ns_32ns_64_1_1': 1 instance(s).
INFO: [RTGEN 206-100] Finished creating RTL model for 'conv2d'.
INFO: [HLS 200-111] Finished Creating RTL model: CPU user time: 1 seconds. CPU system time: 0 seconds. Elapsed time: 1.101 seconds; current allocated memory: 166.864 MB.
INFO: [RTMG 210-278] Implementing memory 'conv2d_line_buf_0_ram (RAM_2P_BRAM)' using block RAMs with power-on initialization.
INFO: [HLS 200-111] Finished Generating all RTL models: CPU user time: 1 seconds. CPU system time: 0 seconds. Elapsed time: 1.98 seconds; current allocated memory: 171.905 MB.
INFO: [HLS 200-111] Finished Updating report files: CPU user time: 1 seconds. CPU system time: 0 seconds. Elapsed time: 0.675 seconds; current allocated memory: 176.901 MB.
INFO: [VHDL 208-304] Generating VHDL RTL for conv2d.
INFO: [VLOG 209-307] Generating Verilog RTL for conv2d.
INFO: [HLS 200-790] **** Loop Constraint Status: All loop constraints were satisfied.
INFO: [HLS 200-789] **** Estimated Fmax: 117.51 MHz
INFO: [HLS 200-111] Finished Command csynth_design CPU user time: 7 seconds. CPU system time: 0 seconds. Elapsed time: 16.35 seconds; current allocated memory: 176.887 MB.
INFO: [HLS 200-112] Total CPU user time: 8 seconds. Total CPU system time: 1 seconds. Total elapsed time: 17.748 seconds; peak allocated memory: 1007.302 MB.
==============================================================
Vitis HLS - High-Level Synthesis from C, C++ and OpenCL v2021.1 (64-bit)
Copyright 1986-2021 Xilinx, Inc. All Rights Reserved.
==============================================================
INFO: [SYN 201-201] Setting up clock 'default' with a period of 100ns.
INFO: [SYN 201-201] Setting up clock 'default' with an uncertainty of 1.25ns.
INFO: [HLS 200-1611] Setting target device to 'xc7z020-clg400-1'
INFO: [HLS 200-1505] Using flow_target 'vivado'
INFO: [HLS 200-1464] Running solution command: config_export -format=ip_catalog
INFO: [HLS 200-1464] Running solution command: config_export -output=D:/IITMadrasICS/1-2/EE5332Project/conv2dfloat.zip
INFO: [HLS 200-1464] Running solution command: config_export -rtl=verilog
INFO: [HLS 200-1510] Running: set_part xc7z020-clg400-1 
INFO: [HLS 200-1510] Running: create_clock -period 100 -name default 
INFO: [HLS 200-1510] Running: config_export -format ip_catalog -output D:/IITMadrasICS/1-2/EE5332Project/conv2dfloat.zip -rtl verilog 
INFO: [HLS 200-1510] Running: set_clock_uncertainty 1.25 
INFO: [HLS 200-1510] Running: set_directive_top -name conv2d conv2d 
INFO: [HLS 200-1510] Running: set_directive_pipeline -II 1 conv2d/COL_SLIDE 
INFO: [HLS 200-1510] Running: set_directive_array_partition -type complete -dim 0 conv2d kernel_in 
INFO: [HLS 200-1510] Running: set_directive_loop_tripcount -min 66 -max 130 conv2d/ROW_SLIDE 
INFO: [HLS 200-1510] Running: set_directive_loop_tripcount -min 66 -max 130 conv2d/COL_SLIDE 
INFO: [HLS 200-1510] Running: csynth_design 
INFO: [HLS 200-111] Finished File checks and directory preparation: CPU user time: 0 seconds. CPU system time: 0 seconds. Elapsed time: 0.052 seconds; current allocated memory: 1007.273 MB.
INFO: [HLS 200-10] Analyzing design file 'twodconv.cpp' ... 
WARNING: [HLS 207-5528] Ignore interface attribute or pragma which is not used in top function: twodconv.cpp:25:9
WARNING: [HLS 207-5301] unused parameter 'print': D:/Xilinx/Vitis_HLS/2021.1/common/technology/autopilot\ap_int_base.h:792:16
INFO: [HLS 200-111] Finished Source Code Analysis and Preprocessing: CPU user time: 2 seconds. CPU system time: 0 seconds. Elapsed time: 4.927 seconds; current allocated memory: 117.512 MB.
INFO: [HLS 200-777] Using interface defaults for 'Vivado' flow target.
INFO: [HLS 214-279] Initial Interval estimation mode is set into default.
INFO: [HLS 214-284] Auto array partition mode is set into default.
INFO: [HLS 214-131] Inlining function 'hls::axis<ap_int<32>, 1ul, 1ul, 1ul>::get_user_ptr()' into 'hls::stream<hls::axis<ap_int<32>, 1ul, 1ul, 1ul>, 0>::read()' (D:/Xilinx/Vitis_HLS/2021.1/common/technology/autopilot\ap_axi_sdata.h:293:50)
INFO: [HLS 214-131] Inlining function 'hls::axis<ap_int<32>, 1ul, 1ul, 1ul>::get_dest_ptr()' into 'hls::stream<hls::axis<ap_int<32>, 1ul, 1ul, 1ul>, 0>::read()' (D:/Xilinx/Vitis_HLS/2021.1/common/technology/autopilot\ap_axi_sdata.h:296:25)
INFO: [HLS 214-131] Inlining function 'hls::axis<ap_int<32>, 1ul, 1ul, 1ul>::get_id_ptr()' into 'hls::stream<hls::axis<ap_int<32>, 1ul, 1ul, 1ul>, 0>::read()' (D:/Xilinx/Vitis_HLS/2021.1/common/technology/autopilot\ap_axi_sdata.h:295:67)
INFO: [HLS 214-131] Inlining function 'hls::axis<ap_int<32>, 1ul, 1ul, 1ul>::get_user_ptr()' into 'hls::stream<hls::axis<ap_int<32>, 1ul, 1ul, 1ul>, 0>::read()' (D:/Xilinx/Vitis_HLS/2021.1/common/technology/autopilot\ap_axi_sdata.h:295:36)
INFO: [HLS 214-131] Inlining function 'hls::axis<ap_int<32>, 1ul, 1ul, 1ul>::get_dest_ptr()' into 'hls::stream<hls::axis<ap_int<32>, 1ul, 1ul, 1ul>, 0>::read()' (D:/Xilinx/Vitis_HLS/2021.1/common/technology/autopilot\ap_axi_sdata.h:294:39)
INFO: [HLS 214-131] Inlining function 'hls::axis<ap_int<32>, 1ul, 1ul, 1ul>::get_id_ptr()' into 'hls::stream<hls::axis<ap_int<32>, 1ul, 1ul, 1ul>, 0>::read()' (D:/Xilinx/Vitis_HLS/2021.1/common/technology/autopilot\ap_axi_sdata.h:294:23)
INFO: [HLS 214-131] Inlining function 'ap_int_base<32, true>::operator long long() const' into 'unpack(ap_int<32>)' (twodconv.cpp:6:23)
INFO: [HLS 214-131] Inlining function 'ap_int_base<5, true>::ap_int_base<1, false>(ap_int_base<1, false> const&)' into 'ap_int_base<1, false>::RType<4, false>::minus operator-<1, false, 4, false>(ap_int_base<1, false> const&, ap_int_base<4, false> const&)' (D:/Xilinx/Vitis_HLS/2021.1/common/technology/autopilot\ap_int_base.h:1526:341)
INFO: [HLS 214-131] Inlining function 'ap_int_base<5, true>::ap_int_base<4, false>(ap_int_base<4, false> const&)' into 'ap_int_base<1, false>::RType<4, false>::minus operator-<1, false, 4, false>(ap_int_base<1, false> const&, ap_int_base<4, false> const&)' (D:/Xilinx/Vitis_HLS/2021.1/common/technology/autopilot\ap_int_base.h:1526:430)
INFO: [HLS 214-131] Inlining function 'ap_int_base<1, false>::ap_int_base(int)' into 'ap_int_base<4, false>::operator-() const' (D:/Xilinx/Vitis_HLS/2021.1/common/technology/autopilot\ap_int_base.h:925:12)
INFO: [HLS 214-131] Inlining function 'ap_int_base<1, false>::RType<4, false>::minus operator-<1, false, 4, false>(ap_int_base<1, false> const&, ap_int_base<4, false> const&)' into 'ap_int_base<4, false>::operator-() const' (D:/Xilinx/Vitis_HLS/2021.1/common/technology/autopilot\ap_int_base.h:925:37)
INFO: [HLS 214-131] Inlining function 'hls::axis<ap_int<32>, 1ul, 1ul, 1ul>::get_user_ptr()' into 'hls::stream<hls::axis<ap_int<32>, 1ul, 1ul, 1ul>, 0>::write(hls::axis<ap_int<32>, 1ul, 1ul, 1ul> const&)' (D:/Xilinx/Vitis_HLS/2021.1/common/technology/autopilot\ap_axi_sdata.h:304:51)
INFO: [HLS 214-131] Inlining function 'hls::axis<ap_int<32>, 1ul, 1ul, 1ul>::get_dest_ptr()' into 'hls::stream<hls::axis<ap_int<32>, 1ul, 1ul, 1ul>, 0>::write(hls::axis<ap_int<32>, 1ul, 1ul, 1ul> const&)' (D:/Xilinx/Vitis_HLS/2021.1/common/technology/autopilot\ap_axi_sdata.h:307:26)
INFO: [HLS 214-131] Inlining function 'hls::axis<ap_int<32>, 1ul, 1ul, 1ul>::get_id_ptr()' into 'hls::stream<hls::axis<ap_int<32>, 1ul, 1ul, 1ul>, 0>::write(hls::axis<ap_int<32>, 1ul, 1ul, 1ul> const&)' (D:/Xilinx/Vitis_HLS/2021.1/common/technology/autopilot\ap_axi_sdata.h:306:68)
INFO: [HLS 214-131] Inlining function 'hls::axis<ap_int<32>, 1ul, 1ul, 1ul>::get_user_ptr()' into 'hls::stream<hls::axis<ap_int<32>, 1ul, 1ul, 1ul>, 0>::write(hls::axis<ap_int<32>, 1ul, 1ul, 1ul> const&)' (D:/Xilinx/Vitis_HLS/2021.1/common/technology/autopilot\ap_axi_sdata.h:306:37)
INFO: [HLS 214-131] Inlining function 'hls::axis<ap_int<32>, 1ul, 1ul, 1ul>::get_dest_ptr()' into 'hls::stream<hls::axis<ap_int<32>, 1ul, 1ul, 1ul>, 0>::write(hls::axis<ap_int<32>, 1ul, 1ul, 1ul> const&)' (D:/Xilinx/Vitis_HLS/2021.1/common/technology/autopilot\ap_axi_sdata.h:305:40)
INFO: [HLS 214-131] Inlining function 'hls::axis<ap_int<32>, 1ul, 1ul, 1ul>::get_id_ptr()' into 'hls::stream<hls::axis<ap_int<32>, 1ul, 1ul, 1ul>, 0>::write(hls::axis<ap_int<32>, 1ul, 1ul, 1ul> const&)' (D:/Xilinx/Vitis_HLS/2021.1/common/technology/autopilot\ap_axi_sdata.h:305:24)
INFO: [HLS 214-131] Inlining function 'hls::stream<hls::axis<ap_int<32>, 1ul, 1ul, 1ul>, 0>::read()' into 'conv2d(hls::stream<hls::axis<ap_int<32>, 1ul, 1ul, 1ul>, 0>&, hls::stream<hls::axis<ap_int<32>, 1ul, 1ul, 1ul>, 0>&, float (*) [3], int)' (twodconv.cpp:57:36)
INFO: [HLS 214-131] Inlining function 'hls::stream<hls::axis<ap_int<32>, 1ul, 1ul, 1ul>, 0>::write(hls::axis<ap_int<32>, 1ul, 1ul, 1ul> const&)' into 'conv2d(hls::stream<hls::axis<ap_int<32>, 1ul, 1ul, 1ul>, 0>&, hls::stream<hls::axis<ap_int<32>, 1ul, 1ul, 1ul>, 0>&, float (*) [3], int)' (twodconv.cpp:93:28)
INFO: [HLS 214-131] Inlining function 'ap_int_base<4, false>::operator-() const' into 'conv2d(hls::stream<hls::axis<ap_int<32>, 1ul, 1ul, 1ul>, 0>&, hls::stream<hls::axis<ap_int<32>, 1ul, 1ul, 1ul>, 0>&, float (*) [3], int)' (twodconv.cpp:86:42)
INFO: [HLS 214-178] Inlining function 'unpack(ap_int<32>)' into 'conv2d(hls::stream<hls::axis<ap_int<32>, 1ul, 1ul, 1ul>, 0>&, hls::stream<hls::axis<ap_int<32>, 1ul, 1ul, 1ul>, 0>&, float (*) [3], int)' (twodconv.cpp:20:0)
INFO: [HLS 214-178] Inlining function 'pack(float)' into 'conv2d(hls::stream<hls::axis<ap_int<32>, 1ul, 1ul, 1ul>, 0>&, hls::stream<hls::axis<ap_int<32>, 1ul, 1ul, 1ul>, 0>&, float (*) [3], int)' (twodconv.cpp:20:0)
INFO: [HLS 214-248] Applying array_partition to 'kernel_in': Complete partitioning on dimension 1. Complete partitioning on dimension 2. (twodconv.cpp:20:0)
INFO: [HLS 214-270] Starting automatic array partition analysis...
INFO: [HLS 200-111] Finished Compiling Optimization and Transform: CPU user time: 0 seconds. CPU system time: 0 seconds. Elapsed time: 5.253 seconds; current allocated memory: 119.608 MB.
INFO: [HLS 200-111] Finished Checking Pragmas: CPU user time: 0 seconds. CPU system time: 0 seconds. Elapsed time: 0.017 seconds; current allocated memory: 119.609 MB.
INFO: [HLS 200-10] Starting code transformations ...
INFO: [HLS 200-111] Finished Standard Transforms: CPU user time: 1 seconds. CPU system time: 0 seconds. Elapsed time: 0.188 seconds; current allocated memory: 126.493 MB.
INFO: [HLS 200-10] Checking synthesizability ...
INFO: [HLS 200-111] Finished Checking Synthesizability: CPU user time: 0 seconds. CPU system time: 0 seconds. Elapsed time: 0.157 seconds; current allocated memory: 134.838 MB.
WARNING: [XFORM 203-803] Dropped interface mode 'ap_auto' on 'kernel_in_0_0' as it is incompatible with its interface mode 's_axilite'.
WARNING: [XFORM 203-803] Dropped interface mode 'ap_auto' on 'kernel_in_0_1' as it is incompatible with its interface mode 's_axilite'.
WARNING: [XFORM 203-803] Dropped interface mode 'ap_auto' on 'kernel_in_0_2' as it is incompatible with its interface mode 's_axilite'.
WARNING: [XFORM 203-803] Dropped interface mode 'ap_auto' on 'kernel_in_1_0' as it is incompatible with its interface mode 's_axilite'.
WARNING: [XFORM 203-803] Dropped interface mode 'ap_auto' on 'kernel_in_1_1' as it is incompatible with its interface mode 's_axilite'.
WARNING: [XFORM 203-803] Dropped interface mode 'ap_auto' on 'kernel_in_1_2' as it is incompatible with its interface mode 's_axilite'.
WARNING: [XFORM 203-803] Dropped interface mode 'ap_auto' on 'kernel_in_2_0' as it is incompatible with its interface mode 's_axilite'.
WARNING: [XFORM 203-803] Dropped interface mode 'ap_auto' on 'kernel_in_2_1' as it is incompatible with its interface mode 's_axilite'.
WARNING: [XFORM 203-803] Dropped interface mode 'ap_auto' on 'kernel_in_2_2' as it is incompatible with its interface mode 's_axilite'.
INFO: [XFORM 203-502] Unrolling all sub-loops inside loop 'COL_SLIDE' (twodconv.cpp:43) in function 'conv2d' for pipelining.
INFO: [HLS 200-489] Unrolling loop 'UPDATE_WINDOW_ROW' (twodconv.cpp:46) in function 'conv2d' completely with a factor of 3.
INFO: [HLS 200-489] Unrolling loop 'UPDATE_WINDOW_COL' (twodconv.cpp:48) in function 'conv2d' completely with a factor of 2.
INFO: [HLS 200-489] Unrolling loop 'UPDATE_BUF' (twodconv.cpp:61) in function 'conv2d' completely with a factor of 2.
INFO: [HLS 200-489] Unrolling loop 'MACi' (twodconv.cpp:37) in function 'conv2d' completely with a factor of 3.
INFO: [HLS 200-489] Unrolling loop 'MACj' (twodconv.cpp:37) in function 'conv2d' completely with a factor of 3.
INFO: [XFORM 203-101] Partitioning array 'line_buf'  in dimension 1 completely.
INFO: [XFORM 203-101] Partitioning array 'window'  in dimension 1 completely.
INFO: [XFORM 203-101] Partitioning array 'window'  in dimension 2 completely.
INFO: [XFORM 203-11] Balancing expressions in function 'conv2d' (twodconv.cpp:7:47)...3 expression(s) balanced.
INFO: [HLS 200-111] Finished Loop, function and other optimizations: CPU user time: 0 seconds. CPU system time: 0 seconds. Elapsed time: 0.515 seconds; current allocated memory: 165.330 MB.
INFO: [XFORM 203-541] Flattening a loop nest 'ROW_SLIDE' (twodconv.cpp:41:14) in function 'conv2d'.
INFO: [HLS 200-472] Inferring partial write operation for 'line_buf.0' (twodconv.cpp:66:38)
INFO: [HLS 200-111] Finished Architecture Synthesis: CPU user time: 0 seconds. CPU system time: 0 seconds. Elapsed time: 0.151 seconds; current allocated memory: 162.795 MB.
INFO: [HLS 200-10] Starting hardware synthesis ...
INFO: [HLS 200-10] Synthesizing 'conv2d' ...
INFO: [HLS 200-10] ----------------------------------------------------------------
INFO: [HLS 200-42] -- Implementing module 'conv2d' 
INFO: [HLS 200-10] ----------------------------------------------------------------
INFO: [SCHED 204-11] Starting scheduling ...
INFO: [SCHED 204-61] Pipelining loop 'ROW_SLIDE_COL_SLIDE'.
INFO: [HLS 200-1470] Pipelining result : Target II = 1, Final II = 1, Depth = 12, loop 'ROW_SLIDE_COL_SLIDE'
INFO: [SCHED 204-11] Finished scheduling.
INFO: [HLS 200-111] Finished Scheduling: CPU user time: 0 seconds. CPU system time: 0 seconds. Elapsed time: 0.518 seconds; current allocated memory: 163.308 MB.
INFO: [BIND 205-100] Starting micro-architecture generation ...
INFO: [BIND 205-101] Performing variable lifetime analysis.
INFO: [BIND 205-101] Exploring resource sharing.
INFO: [BIND 205-101] Binding ...
INFO: [BIND 205-100] Finished micro-architecture generation.
INFO: [HLS 200-111] Finished Binding: CPU user time: 0 seconds. CPU system time: 0 seconds. Elapsed time: 0.247 seconds; current allocated memory: 163.946 MB.
INFO: [HLS 200-10] ----------------------------------------------------------------
INFO: [HLS 200-10] -- Generating RTL for module 'conv2d' 
INFO: [HLS 200-10] ----------------------------------------------------------------
WARNING: [RTGEN 206-101] Design contains AXI ports. Reset is fixed to synchronous and active low.
INFO: [RTGEN 206-500] Setting interface mode on port 'conv2d/in_stream_V_data_V' to 'axis' (register, both mode).
INFO: [RTGEN 206-500] Setting interface mode on port 'conv2d/in_stream_V_keep_V' to 'axis' (register, both mode).
INFO: [RTGEN 206-500] Setting interface mode on port 'conv2d/in_stream_V_strb_V' to 'axis' (register, both mode).
INFO: [RTGEN 206-500] Setting interface mode on port 'conv2d/in_stream_V_user_V' to 'axis' (register, both mode).
INFO: [RTGEN 206-500] Setting interface mode on port 'conv2d/in_stream_V_last_V' to 'axis' (register, both mode).
INFO: [RTGEN 206-500] Setting interface mode on port 'conv2d/in_stream_V_id_V' to 'axis' (register, both mode).
INFO: [RTGEN 206-500] Setting interface mode on port 'conv2d/in_stream_V_dest_V' to 'axis' (register, both mode).
INFO: [RTGEN 206-500] Setting interface mode on port 'conv2d/out_stream_V_data_V' to 'axis' (register, both mode).
INFO: [RTGEN 206-500] Setting interface mode on port 'conv2d/out_stream_V_keep_V' to 'axis' (register, both mode).
INFO: [RTGEN 206-500] Setting interface mode on port 'conv2d/out_stream_V_strb_V' to 'axis' (register, both mode).
INFO: [RTGEN 206-500] Setting interface mode on port 'conv2d/out_stream_V_user_V' to 'axis' (register, both mode).
INFO: [RTGEN 206-500] Setting interface mode on port 'conv2d/out_stream_V_last_V' to 'axis' (register, both mode).
INFO: [RTGEN 206-500] Setting interface mode on port 'conv2d/out_stream_V_id_V' to 'axis' (register, both mode).
INFO: [RTGEN 206-500] Setting interface mode on port 'conv2d/out_stream_V_dest_V' to 'axis' (register, both mode).
INFO: [RTGEN 206-500] Setting interface mode on port 'conv2d/kernel_in_0_0' to 's_axilite & ap_none'.
INFO: [RTGEN 206-500] Setting interface mode on port 'conv2d/kernel_in_0_1' to 's_axilite & ap_none'.
INFO: [RTGEN 206-500] Setting interface mode on port 'conv2d/kernel_in_0_2' to 's_axilite & ap_none'.
INFO: [RTGEN 206-500] Setting interface mode on port 'conv2d/kernel_in_1_0' to 's_axilite & ap_none'.
INFO: [RTGEN 206-500] Setting interface mode on port 'conv2d/kernel_in_1_1' to 's_axilite & ap_none'.
INFO: [RTGEN 206-500] Setting interface mode on port 'conv2d/kernel_in_1_2' to 's_axilite & ap_none'.
INFO: [RTGEN 206-500] Setting interface mode on port 'conv2d/kernel_in_2_0' to 's_axilite & ap_none'.
INFO: [RTGEN 206-500] Setting interface mode on port 'conv2d/kernel_in_2_1' to 's_axilite & ap_none'.
INFO: [RTGEN 206-500] Setting interface mode on port 'conv2d/kernel_in_2_2' to 's_axilite & ap_none'.
INFO: [RTGEN 206-500] Setting interface mode on port 'conv2d/img_size' to 's_axilite & ap_none'.
INFO: [RTGEN 206-500] Setting interface mode on function 'conv2d' to 's_axilite & ap_ctrl_hs'.
WARNING: [RTGEN 206-101] Register 'window_0_1' is power-on initialization.
WARNING: [RTGEN 206-101] Register 'window_1_1' is power-on initialization.
WARNING: [RTGEN 206-101] Register 'window_2_1' is power-on initialization.
WARNING: [RTGEN 206-101] Register 'window_0_2' is power-on initialization.
WARNING: [RTGEN 206-101] Register 'window_1_2' is power-on initialization.
WARNING: [RTGEN 206-101] Register 'window_2_2' is power-on initialization.
INFO: [RTGEN 206-100] Bundling port 'kernel_in_0_0', 'kernel_in_0_1', 'kernel_in_0_2', 'kernel_in_1_0', 'kernel_in_1_1', 'kernel_in_1_2', 'kernel_in_2_0', 'kernel_in_2_1', 'kernel_in_2_2', 'img_size' and 'return' to AXI-Lite port control.
INFO: [RTGEN 206-100] Generating core module 'fadd_32ns_32ns_32_1_full_dsp_1': 9 instance(s).
INFO: [RTGEN 206-100] Generating core module 'fmul_32ns_32ns_32_1_max_dsp_1': 9 instance(s).
INFO: [RTGEN 206-100] Generating core module 'mul_32ns_32ns_64_1_1': 1 instance(s).
INFO: [RTGEN 206-100] Finished creating RTL model for 'conv2d'.
INFO: [HLS 200-111] Finished Creating RTL model: CPU user time: 1 seconds. CPU system time: 0 seconds. Elapsed time: 0.991 seconds; current allocated memory: 165.554 MB.
INFO: [RTMG 210-278] Implementing memory 'conv2d_line_buf_0_ram (RAM_2P_BRAM)' using block RAMs with power-on initialization.
INFO: [RTMG 210-278] Implementing memory 'conv2d_line_buf_1_ram (RAM_2P_BRAM)' using block RAMs with power-on initialization.
INFO: [HLS 200-111] Finished Generating all RTL models: CPU user time: 1 seconds. CPU system time: 0 seconds. Elapsed time: 1.859 seconds; current allocated memory: 170.364 MB.
INFO: [HLS 200-111] Finished Updating report files: CPU user time: 0 seconds. CPU system time: 0 seconds. Elapsed time: 0.718 seconds; current allocated memory: 175.318 MB.
INFO: [VHDL 208-304] Generating VHDL RTL for conv2d.
INFO: [VLOG 209-307] Generating Verilog RTL for conv2d.
INFO: [HLS 200-790] **** Loop Constraint Status: All loop constraints were satisfied.
INFO: [HLS 200-789] **** Estimated Fmax: 10.63 MHz
INFO: [HLS 200-111] Finished Command csynth_design CPU user time: 6 seconds. CPU system time: 0 seconds. Elapsed time: 15.717 seconds; current allocated memory: 175.304 MB.
INFO: [HLS 200-112] Total CPU user time: 7 seconds. Total CPU system time: 1 seconds. Total elapsed time: 17.022 seconds; peak allocated memory: 1007.273 MB.
==============================================================
Vitis HLS - High-Level Synthesis from C, C++ and OpenCL v2021.1 (64-bit)
Copyright 1986-2021 Xilinx, Inc. All Rights Reserved.
==============================================================
INFO: [SYN 201-201] Setting up clock 'default' with a period of 250ns.
INFO: [SYN 201-201] Setting up clock 'default' with an uncertainty of 1.25ns.
INFO: [HLS 200-1611] Setting target device to 'xc7z020-clg400-1'
INFO: [HLS 200-1505] Using flow_target 'vivado'
INFO: [HLS 200-1464] Running solution command: config_export -format=ip_catalog
INFO: [HLS 200-1464] Running solution command: config_export -output=D:/IITMadrasICS/1-2/EE5332Project/conv2dfloat.zip
INFO: [HLS 200-1464] Running solution command: config_export -rtl=verilog
INFO: [HLS 200-1510] Running: set_part xc7z020-clg400-1 
INFO: [HLS 200-1510] Running: create_clock -period 250 -name default 
INFO: [HLS 200-1510] Running: config_export -format ip_catalog -output D:/IITMadrasICS/1-2/EE5332Project/conv2dfloat.zip -rtl verilog 
INFO: [HLS 200-1510] Running: set_clock_uncertainty 1.25 
INFO: [HLS 200-1510] Running: set_directive_top -name conv2d conv2d 
INFO: [HLS 200-1510] Running: set_directive_pipeline -II 1 conv2d/COL_SLIDE 
INFO: [HLS 200-1510] Running: set_directive_array_partition -type complete -dim 0 conv2d kernel_in 
INFO: [HLS 200-1510] Running: set_directive_loop_tripcount -min 66 -max 130 conv2d/ROW_SLIDE 
INFO: [HLS 200-1510] Running: set_directive_loop_tripcount -min 66 -max 130 conv2d/COL_SLIDE 
INFO: [HLS 200-1510] Running: csynth_design 
INFO: [HLS 200-111] Finished File checks and directory preparation: CPU user time: 1 seconds. CPU system time: 0 seconds. Elapsed time: 0.062 seconds; current allocated memory: 1007.273 MB.
INFO: [HLS 200-10] Analyzing design file 'twodconv.cpp' ... 
WARNING: [HLS 207-5528] Ignore interface attribute or pragma which is not used in top function: twodconv.cpp:25:9
WARNING: [HLS 207-5301] unused parameter 'print': D:/Xilinx/Vitis_HLS/2021.1/common/technology/autopilot\ap_int_base.h:792:16
INFO: [HLS 200-111] Finished Source Code Analysis and Preprocessing: CPU user time: 1 seconds. CPU system time: 0 seconds. Elapsed time: 4.981 seconds; current allocated memory: 117.511 MB.
INFO: [HLS 200-777] Using interface defaults for 'Vivado' flow target.
INFO: [HLS 214-279] Initial Interval estimation mode is set into default.
INFO: [HLS 214-284] Auto array partition mode is set into default.
INFO: [HLS 214-131] Inlining function 'hls::axis<ap_int<32>, 1ul, 1ul, 1ul>::get_user_ptr()' into 'hls::stream<hls::axis<ap_int<32>, 1ul, 1ul, 1ul>, 0>::read()' (D:/Xilinx/Vitis_HLS/2021.1/common/technology/autopilot\ap_axi_sdata.h:293:50)
INFO: [HLS 214-131] Inlining function 'hls::axis<ap_int<32>, 1ul, 1ul, 1ul>::get_dest_ptr()' into 'hls::stream<hls::axis<ap_int<32>, 1ul, 1ul, 1ul>, 0>::read()' (D:/Xilinx/Vitis_HLS/2021.1/common/technology/autopilot\ap_axi_sdata.h:296:25)
INFO: [HLS 214-131] Inlining function 'hls::axis<ap_int<32>, 1ul, 1ul, 1ul>::get_id_ptr()' into 'hls::stream<hls::axis<ap_int<32>, 1ul, 1ul, 1ul>, 0>::read()' (D:/Xilinx/Vitis_HLS/2021.1/common/technology/autopilot\ap_axi_sdata.h:295:67)
INFO: [HLS 214-131] Inlining function 'hls::axis<ap_int<32>, 1ul, 1ul, 1ul>::get_user_ptr()' into 'hls::stream<hls::axis<ap_int<32>, 1ul, 1ul, 1ul>, 0>::read()' (D:/Xilinx/Vitis_HLS/2021.1/common/technology/autopilot\ap_axi_sdata.h:295:36)
INFO: [HLS 214-131] Inlining function 'hls::axis<ap_int<32>, 1ul, 1ul, 1ul>::get_dest_ptr()' into 'hls::stream<hls::axis<ap_int<32>, 1ul, 1ul, 1ul>, 0>::read()' (D:/Xilinx/Vitis_HLS/2021.1/common/technology/autopilot\ap_axi_sdata.h:294:39)
INFO: [HLS 214-131] Inlining function 'hls::axis<ap_int<32>, 1ul, 1ul, 1ul>::get_id_ptr()' into 'hls::stream<hls::axis<ap_int<32>, 1ul, 1ul, 1ul>, 0>::read()' (D:/Xilinx/Vitis_HLS/2021.1/common/technology/autopilot\ap_axi_sdata.h:294:23)
INFO: [HLS 214-131] Inlining function 'ap_int_base<32, true>::operator long long() const' into 'unpack(ap_int<32>)' (twodconv.cpp:6:23)
INFO: [HLS 214-131] Inlining function 'ap_int_base<5, true>::ap_int_base<1, false>(ap_int_base<1, false> const&)' into 'ap_int_base<1, false>::RType<4, false>::minus operator-<1, false, 4, false>(ap_int_base<1, false> const&, ap_int_base<4, false> const&)' (D:/Xilinx/Vitis_HLS/2021.1/common/technology/autopilot\ap_int_base.h:1526:341)
INFO: [HLS 214-131] Inlining function 'ap_int_base<5, true>::ap_int_base<4, false>(ap_int_base<4, false> const&)' into 'ap_int_base<1, false>::RType<4, false>::minus operator-<1, false, 4, false>(ap_int_base<1, false> const&, ap_int_base<4, false> const&)' (D:/Xilinx/Vitis_HLS/2021.1/common/technology/autopilot\ap_int_base.h:1526:430)
INFO: [HLS 214-131] Inlining function 'ap_int_base<1, false>::ap_int_base(int)' into 'ap_int_base<4, false>::operator-() const' (D:/Xilinx/Vitis_HLS/2021.1/common/technology/autopilot\ap_int_base.h:925:12)
INFO: [HLS 214-131] Inlining function 'ap_int_base<1, false>::RType<4, false>::minus operator-<1, false, 4, false>(ap_int_base<1, false> const&, ap_int_base<4, false> const&)' into 'ap_int_base<4, false>::operator-() const' (D:/Xilinx/Vitis_HLS/2021.1/common/technology/autopilot\ap_int_base.h:925:37)
INFO: [HLS 214-131] Inlining function 'hls::axis<ap_int<32>, 1ul, 1ul, 1ul>::get_user_ptr()' into 'hls::stream<hls::axis<ap_int<32>, 1ul, 1ul, 1ul>, 0>::write(hls::axis<ap_int<32>, 1ul, 1ul, 1ul> const&)' (D:/Xilinx/Vitis_HLS/2021.1/common/technology/autopilot\ap_axi_sdata.h:304:51)
INFO: [HLS 214-131] Inlining function 'hls::axis<ap_int<32>, 1ul, 1ul, 1ul>::get_dest_ptr()' into 'hls::stream<hls::axis<ap_int<32>, 1ul, 1ul, 1ul>, 0>::write(hls::axis<ap_int<32>, 1ul, 1ul, 1ul> const&)' (D:/Xilinx/Vitis_HLS/2021.1/common/technology/autopilot\ap_axi_sdata.h:307:26)
INFO: [HLS 214-131] Inlining function 'hls::axis<ap_int<32>, 1ul, 1ul, 1ul>::get_id_ptr()' into 'hls::stream<hls::axis<ap_int<32>, 1ul, 1ul, 1ul>, 0>::write(hls::axis<ap_int<32>, 1ul, 1ul, 1ul> const&)' (D:/Xilinx/Vitis_HLS/2021.1/common/technology/autopilot\ap_axi_sdata.h:306:68)
INFO: [HLS 214-131] Inlining function 'hls::axis<ap_int<32>, 1ul, 1ul, 1ul>::get_user_ptr()' into 'hls::stream<hls::axis<ap_int<32>, 1ul, 1ul, 1ul>, 0>::write(hls::axis<ap_int<32>, 1ul, 1ul, 1ul> const&)' (D:/Xilinx/Vitis_HLS/2021.1/common/technology/autopilot\ap_axi_sdata.h:306:37)
INFO: [HLS 214-131] Inlining function 'hls::axis<ap_int<32>, 1ul, 1ul, 1ul>::get_dest_ptr()' into 'hls::stream<hls::axis<ap_int<32>, 1ul, 1ul, 1ul>, 0>::write(hls::axis<ap_int<32>, 1ul, 1ul, 1ul> const&)' (D:/Xilinx/Vitis_HLS/2021.1/common/technology/autopilot\ap_axi_sdata.h:305:40)
INFO: [HLS 214-131] Inlining function 'hls::axis<ap_int<32>, 1ul, 1ul, 1ul>::get_id_ptr()' into 'hls::stream<hls::axis<ap_int<32>, 1ul, 1ul, 1ul>, 0>::write(hls::axis<ap_int<32>, 1ul, 1ul, 1ul> const&)' (D:/Xilinx/Vitis_HLS/2021.1/common/technology/autopilot\ap_axi_sdata.h:305:24)
INFO: [HLS 214-131] Inlining function 'hls::stream<hls::axis<ap_int<32>, 1ul, 1ul, 1ul>, 0>::read()' into 'conv2d(hls::stream<hls::axis<ap_int<32>, 1ul, 1ul, 1ul>, 0>&, hls::stream<hls::axis<ap_int<32>, 1ul, 1ul, 1ul>, 0>&, float (*) [3], int)' (twodconv.cpp:57:36)
INFO: [HLS 214-131] Inlining function 'hls::stream<hls::axis<ap_int<32>, 1ul, 1ul, 1ul>, 0>::write(hls::axis<ap_int<32>, 1ul, 1ul, 1ul> const&)' into 'conv2d(hls::stream<hls::axis<ap_int<32>, 1ul, 1ul, 1ul>, 0>&, hls::stream<hls::axis<ap_int<32>, 1ul, 1ul, 1ul>, 0>&, float (*) [3], int)' (twodconv.cpp:93:28)
INFO: [HLS 214-131] Inlining function 'ap_int_base<4, false>::operator-() const' into 'conv2d(hls::stream<hls::axis<ap_int<32>, 1ul, 1ul, 1ul>, 0>&, hls::stream<hls::axis<ap_int<32>, 1ul, 1ul, 1ul>, 0>&, float (*) [3], int)' (twodconv.cpp:86:42)
INFO: [HLS 214-178] Inlining function 'unpack(ap_int<32>)' into 'conv2d(hls::stream<hls::axis<ap_int<32>, 1ul, 1ul, 1ul>, 0>&, hls::stream<hls::axis<ap_int<32>, 1ul, 1ul, 1ul>, 0>&, float (*) [3], int)' (twodconv.cpp:20:0)
INFO: [HLS 214-178] Inlining function 'pack(float)' into 'conv2d(hls::stream<hls::axis<ap_int<32>, 1ul, 1ul, 1ul>, 0>&, hls::stream<hls::axis<ap_int<32>, 1ul, 1ul, 1ul>, 0>&, float (*) [3], int)' (twodconv.cpp:20:0)
INFO: [HLS 214-248] Applying array_partition to 'kernel_in': Complete partitioning on dimension 1. Complete partitioning on dimension 2. (twodconv.cpp:20:0)
INFO: [HLS 214-270] Starting automatic array partition analysis...
INFO: [HLS 200-111] Finished Compiling Optimization and Transform: CPU user time: 1 seconds. CPU system time: 0 seconds. Elapsed time: 4.88 seconds; current allocated memory: 119.623 MB.
INFO: [HLS 200-111] Finished Checking Pragmas: CPU user time: 0 seconds. CPU system time: 0 seconds. Elapsed time: 0.016 seconds; current allocated memory: 119.624 MB.
INFO: [HLS 200-10] Starting code transformations ...
INFO: [HLS 200-111] Finished Standard Transforms: CPU user time: 0 seconds. CPU system time: 0 seconds. Elapsed time: 0.166 seconds; current allocated memory: 126.508 MB.
INFO: [HLS 200-10] Checking synthesizability ...
INFO: [HLS 200-111] Finished Checking Synthesizability: CPU user time: 0 seconds. CPU system time: 0 seconds. Elapsed time: 0.16 seconds; current allocated memory: 134.853 MB.
WARNING: [XFORM 203-803] Dropped interface mode 'ap_auto' on 'kernel_in_0_0' as it is incompatible with its interface mode 's_axilite'.
WARNING: [XFORM 203-803] Dropped interface mode 'ap_auto' on 'kernel_in_0_1' as it is incompatible with its interface mode 's_axilite'.
WARNING: [XFORM 203-803] Dropped interface mode 'ap_auto' on 'kernel_in_0_2' as it is incompatible with its interface mode 's_axilite'.
WARNING: [XFORM 203-803] Dropped interface mode 'ap_auto' on 'kernel_in_1_0' as it is incompatible with its interface mode 's_axilite'.
WARNING: [XFORM 203-803] Dropped interface mode 'ap_auto' on 'kernel_in_1_1' as it is incompatible with its interface mode 's_axilite'.
WARNING: [XFORM 203-803] Dropped interface mode 'ap_auto' on 'kernel_in_1_2' as it is incompatible with its interface mode 's_axilite'.
WARNING: [XFORM 203-803] Dropped interface mode 'ap_auto' on 'kernel_in_2_0' as it is incompatible with its interface mode 's_axilite'.
WARNING: [XFORM 203-803] Dropped interface mode 'ap_auto' on 'kernel_in_2_1' as it is incompatible with its interface mode 's_axilite'.
WARNING: [XFORM 203-803] Dropped interface mode 'ap_auto' on 'kernel_in_2_2' as it is incompatible with its interface mode 's_axilite'.
INFO: [XFORM 203-502] Unrolling all sub-loops inside loop 'COL_SLIDE' (twodconv.cpp:43) in function 'conv2d' for pipelining.
INFO: [HLS 200-489] Unrolling loop 'UPDATE_WINDOW_ROW' (twodconv.cpp:46) in function 'conv2d' completely with a factor of 3.
INFO: [HLS 200-489] Unrolling loop 'UPDATE_WINDOW_COL' (twodconv.cpp:48) in function 'conv2d' completely with a factor of 2.
INFO: [HLS 200-489] Unrolling loop 'UPDATE_BUF' (twodconv.cpp:61) in function 'conv2d' completely with a factor of 2.
INFO: [HLS 200-489] Unrolling loop 'MACi' (twodconv.cpp:37) in function 'conv2d' completely with a factor of 3.
INFO: [HLS 200-489] Unrolling loop 'MACj' (twodconv.cpp:37) in function 'conv2d' completely with a factor of 3.
INFO: [XFORM 203-101] Partitioning array 'line_buf'  in dimension 1 completely.
INFO: [XFORM 203-101] Partitioning array 'window'  in dimension 1 completely.
INFO: [XFORM 203-101] Partitioning array 'window'  in dimension 2 completely.
INFO: [XFORM 203-11] Balancing expressions in function 'conv2d' (twodconv.cpp:7:47)...3 expression(s) balanced.
INFO: [HLS 200-111] Finished Loop, function and other optimizations: CPU user time: 0 seconds. CPU system time: 0 seconds. Elapsed time: 0.484 seconds; current allocated memory: 165.346 MB.
INFO: [XFORM 203-541] Flattening a loop nest 'ROW_SLIDE' (twodconv.cpp:41:14) in function 'conv2d'.
INFO: [HLS 200-472] Inferring partial write operation for 'line_buf.0' (twodconv.cpp:66:38)
INFO: [HLS 200-111] Finished Architecture Synthesis: CPU user time: 0 seconds. CPU system time: 0 seconds. Elapsed time: 0.148 seconds; current allocated memory: 162.811 MB.
INFO: [HLS 200-10] Starting hardware synthesis ...
INFO: [HLS 200-10] Synthesizing 'conv2d' ...
INFO: [HLS 200-10] ----------------------------------------------------------------
INFO: [HLS 200-42] -- Implementing module 'conv2d' 
INFO: [HLS 200-10] ----------------------------------------------------------------
INFO: [SCHED 204-11] Starting scheduling ...
INFO: [SCHED 204-61] Pipelining loop 'ROW_SLIDE_COL_SLIDE'.
INFO: [HLS 200-1470] Pipelining result : Target II = 1, Final II = 1, Depth = 7, loop 'ROW_SLIDE_COL_SLIDE'
INFO: [SCHED 204-11] Finished scheduling.
INFO: [HLS 200-111] Finished Scheduling: CPU user time: 1 seconds. CPU system time: 0 seconds. Elapsed time: 0.532 seconds; current allocated memory: 163.316 MB.
INFO: [BIND 205-100] Starting micro-architecture generation ...
INFO: [BIND 205-101] Performing variable lifetime analysis.
INFO: [BIND 205-101] Exploring resource sharing.
INFO: [BIND 205-101] Binding ...
INFO: [BIND 205-100] Finished micro-architecture generation.
INFO: [HLS 200-111] Finished Binding: CPU user time: 0 seconds. CPU system time: 0 seconds. Elapsed time: 0.236 seconds; current allocated memory: 163.934 MB.
INFO: [HLS 200-10] ----------------------------------------------------------------
INFO: [HLS 200-10] -- Generating RTL for module 'conv2d' 
INFO: [HLS 200-10] ----------------------------------------------------------------
WARNING: [RTGEN 206-101] Design contains AXI ports. Reset is fixed to synchronous and active low.
INFO: [RTGEN 206-500] Setting interface mode on port 'conv2d/in_stream_V_data_V' to 'axis' (register, both mode).
INFO: [RTGEN 206-500] Setting interface mode on port 'conv2d/in_stream_V_keep_V' to 'axis' (register, both mode).
INFO: [RTGEN 206-500] Setting interface mode on port 'conv2d/in_stream_V_strb_V' to 'axis' (register, both mode).
INFO: [RTGEN 206-500] Setting interface mode on port 'conv2d/in_stream_V_user_V' to 'axis' (register, both mode).
INFO: [RTGEN 206-500] Setting interface mode on port 'conv2d/in_stream_V_last_V' to 'axis' (register, both mode).
INFO: [RTGEN 206-500] Setting interface mode on port 'conv2d/in_stream_V_id_V' to 'axis' (register, both mode).
INFO: [RTGEN 206-500] Setting interface mode on port 'conv2d/in_stream_V_dest_V' to 'axis' (register, both mode).
INFO: [RTGEN 206-500] Setting interface mode on port 'conv2d/out_stream_V_data_V' to 'axis' (register, both mode).
INFO: [RTGEN 206-500] Setting interface mode on port 'conv2d/out_stream_V_keep_V' to 'axis' (register, both mode).
INFO: [RTGEN 206-500] Setting interface mode on port 'conv2d/out_stream_V_strb_V' to 'axis' (register, both mode).
INFO: [RTGEN 206-500] Setting interface mode on port 'conv2d/out_stream_V_user_V' to 'axis' (register, both mode).
INFO: [RTGEN 206-500] Setting interface mode on port 'conv2d/out_stream_V_last_V' to 'axis' (register, both mode).
INFO: [RTGEN 206-500] Setting interface mode on port 'conv2d/out_stream_V_id_V' to 'axis' (register, both mode).
INFO: [RTGEN 206-500] Setting interface mode on port 'conv2d/out_stream_V_dest_V' to 'axis' (register, both mode).
INFO: [RTGEN 206-500] Setting interface mode on port 'conv2d/kernel_in_0_0' to 's_axilite & ap_none'.
INFO: [RTGEN 206-500] Setting interface mode on port 'conv2d/kernel_in_0_1' to 's_axilite & ap_none'.
INFO: [RTGEN 206-500] Setting interface mode on port 'conv2d/kernel_in_0_2' to 's_axilite & ap_none'.
INFO: [RTGEN 206-500] Setting interface mode on port 'conv2d/kernel_in_1_0' to 's_axilite & ap_none'.
INFO: [RTGEN 206-500] Setting interface mode on port 'conv2d/kernel_in_1_1' to 's_axilite & ap_none'.
INFO: [RTGEN 206-500] Setting interface mode on port 'conv2d/kernel_in_1_2' to 's_axilite & ap_none'.
INFO: [RTGEN 206-500] Setting interface mode on port 'conv2d/kernel_in_2_0' to 's_axilite & ap_none'.
INFO: [RTGEN 206-500] Setting interface mode on port 'conv2d/kernel_in_2_1' to 's_axilite & ap_none'.
INFO: [RTGEN 206-500] Setting interface mode on port 'conv2d/kernel_in_2_2' to 's_axilite & ap_none'.
INFO: [RTGEN 206-500] Setting interface mode on port 'conv2d/img_size' to 's_axilite & ap_none'.
INFO: [RTGEN 206-500] Setting interface mode on function 'conv2d' to 's_axilite & ap_ctrl_hs'.
WARNING: [RTGEN 206-101] Register 'window_0_1' is power-on initialization.
WARNING: [RTGEN 206-101] Register 'window_1_1' is power-on initialization.
WARNING: [RTGEN 206-101] Register 'window_2_1' is power-on initialization.
WARNING: [RTGEN 206-101] Register 'window_0_2' is power-on initialization.
WARNING: [RTGEN 206-101] Register 'window_1_2' is power-on initialization.
WARNING: [RTGEN 206-101] Register 'window_2_2' is power-on initialization.
INFO: [RTGEN 206-100] Bundling port 'kernel_in_0_0', 'kernel_in_0_1', 'kernel_in_0_2', 'kernel_in_1_0', 'kernel_in_1_1', 'kernel_in_1_2', 'kernel_in_2_0', 'kernel_in_2_1', 'kernel_in_2_2', 'img_size' and 'return' to AXI-Lite port control.
INFO: [RTGEN 206-100] Generating core module 'fadd_32ns_32ns_32_1_full_dsp_1': 9 instance(s).
INFO: [RTGEN 206-100] Generating core module 'fmul_32ns_32ns_32_1_max_dsp_1': 9 instance(s).
INFO: [RTGEN 206-100] Generating core module 'mul_32ns_32ns_64_1_1': 1 instance(s).
INFO: [RTGEN 206-100] Finished creating RTL model for 'conv2d'.
INFO: [HLS 200-111] Finished Creating RTL model: CPU user time: 0 seconds. CPU system time: 0 seconds. Elapsed time: 0.912 seconds; current allocated memory: 165.421 MB.
INFO: [RTMG 210-278] Implementing memory 'conv2d_line_buf_0_ram (RAM_2P_BRAM)' using block RAMs with power-on initialization.
INFO: [RTMG 210-278] Implementing memory 'conv2d_line_buf_1_ram (RAM_2P_BRAM)' using block RAMs with power-on initialization.
INFO: [HLS 200-111] Finished Generating all RTL models: CPU user time: 1 seconds. CPU system time: 1 seconds. Elapsed time: 1.625 seconds; current allocated memory: 170.167 MB.
INFO: [HLS 200-111] Finished Updating report files: CPU user time: 1 seconds. CPU system time: 0 seconds. Elapsed time: 0.721 seconds; current allocated memory: 175.150 MB.
INFO: [VHDL 208-304] Generating VHDL RTL for conv2d.
INFO: [VLOG 209-307] Generating Verilog RTL for conv2d.
INFO: [HLS 200-790] **** Loop Constraint Status: All loop constraints were satisfied.
INFO: [HLS 200-789] **** Estimated Fmax: 4.17 MHz
INFO: [HLS 200-111] Finished Command csynth_design CPU user time: 6 seconds. CPU system time: 1 seconds. Elapsed time: 15.033 seconds; current allocated memory: 175.136 MB.
INFO: [HLS 200-112] Total CPU user time: 7 seconds. Total CPU system time: 2 seconds. Total elapsed time: 16.653 seconds; peak allocated memory: 1007.273 MB.
