-0.3237661268390472
-0.17479080162005398
-0.32933936212767073
-0.6193482915533561
-0.2616063177781151
-0.4488826806510269
-1.2656785665307975
-0.8729316915972254
-1.6822206790759258
-0.746369282664212
-1.23264540107027
-1.4178877463831023
-0.9432091982354637
-2.3121174456112534
-1.1143908469191615
-1.6007688687426642
-0.7782351316792631
-1.9039606261628494
-1.4078264326854304
-0.9971927876742072
-0.9867263140730329
-0.00866510294520878
-0.5323028362612504
-1.2965907602386388
-1.2951164605771255
0.251589758267842
-0.5371528543975649
-0.14526074096957065
-1.5217411667063545
-1.0945348291556454
-0.9907272745597933
-0.8217326472344415
-1.1084709933464785
-0.7774676601954027
-1.7744825863249258
-1.0327300561014465
-1.5265291781070522
-2.235855930530651
-2.041544621214569
-2.3195148964334584
-1.2074949656838796
-0.8514958006210664
-0.36427636975307975
-0.5620275457071411
-1.5099689318894611
-1.2866269467427531
-0.6227014385763684
-0.6657129225125087
-0.2607147322166535
-1.819561154487408
-0.6246165007280373
-0.47368343726328566
-0.9078267484413864
-1.6810328023526426
-1.5300207194198014
-0.11814679130585082
-0.3103589109380982
-0.06553075527093404
-1.118034445933912
-0.7255607911936603
-0.4484855851695303
0.3097454448293195
-0.5022904909875691
-0.623935962013008
-0.5661601696388361
-0.9638500152349979
-2.687138230137513
-1.5339529726517762
-1.630798679461384
-0.6720228469309418
-0.6224088960902758
-0.5108776475789177
-1.8101737187415328
-1.3305296443652281
-1.6699493749621521
-1.8055004490526863
-1.5896089113916156
-1.2278507764750897
-1.2254329301992035
-1.656710055125323
-1.610193237997925
-0.5966593565886129
0.9099196424776448
-0.8394636134328282
-1.8631210567162078
-1.4156830972426528
-1.1618170972520303
-0.9354863066129546
-0.8626932281805799
-0.6963593186584184
-1.0090955208874521
-0.06536134997379589
-0.6146556264948578
-0.4191505895020806
-1.7382217344830038
-0.9338976963277233
-0.7935352580392885
-0.856004122475849
-0.15679082925871868
-0.5011167517028198
-1.3436848581773824
-1.7853816577154047
-1.420757955109502
-1.221983055352174
-1.4218801464856095
-1.369172164436095
-1.4024246335768717
-0.7306320464271976
-1.3563119831373496
-1.486848686958159
-0.8052607614385229
-1.1326077233610057
-0.9940273149263866
-1.7453166523050296
-1.243361255315239
-0.9656777320240165
-0.7641070661016285
-0.5678652102014756
0.5289184946800565
-1.1547368448272706
-1.4651715688328915
-2.28976369301872
-1.789906908033609
-1.0770641268991277
-0.40690684263452925
-0.06605940477271488
-1.616083498402878
-1.3301715927555144
-0.1687169814658872
-1.6846278711190312
-2.116880533713952
-2.7186364824639457
-1.2856379761242438
-1.7746376479791401
-1.3850961494530476
-1.1940591737605724
-1.2840720815211795
-1.5199284082240774
-2.082949198311798
-1.430717340168561
-1.4582980967283738
-2.1476928031837375
-2.427900110672109
-2.677717960496033
-2.8233956679476666
-1.5890073047983666
-1.8002934918978488
-0.35865327517722523
-2.086376007023257
-0.17678333028717658
-0.7123055783442577
-0.6687611974082548
-1.1330774778738033
-1.77084508821272
-2.141571811194158
-0.05721148507859963
-0.6600323809949812
-2.082916261744316
-2.459620878885696
-2.870360182986092
-0.5158595500712084
-0.9627441186280984
-1.0485383155269419
-1.6962498572827396
-1.2280729612578636
-1.6705134969785072
-0.8407899300004464
-2.575525816228559
-2.8562790596669423
-3.097114949560766
-1.6430912825073536
-0.7068366234511283
-1.207058944344035
-1.1122167538060759
-2.2106210151589947
-2.2234630076998814
-2.648279605566852
-1.5966538213810328
-0.2819380632721019
-0.8258175528855415
-1.4268884680357832
-1.985851798832319
-3.1343928374817573
-1.6512932135806488
-2.915443747056234
-0.981031655852376
-1.1723930259503352
-0.4950588167773031
-0.05513466802218753
-1.543964716490604
-1.3189061131954816
-2.9260586901727472
-1.2912604811319122
-1.947047124404638
-1.4273230976565028
-0.7244368524209336
-1.241197120832997
-1.1643601274932285
-0.5366002232698827
-0.9260370542954773
-0.5875870119779989
-1.3131615532569747
-1.851420481797263
-1.3237381073272176
-0.7701579976754364
-0.9592573170229693
-0.8585475050312186
-0.5855518115788172
-1.2244842512273977
-1.0346990427888871
-0.6805929366760519
-1.4685310175521076
-1.1121159474010902
-1.7004306294629488
-1.0717961566513456
-1.49332770630786
-0.05418737009385827
-1.0698563155848504
-1.8375213402726036
-1.5026845620397524
-1.7643279384420734
-1.3388464931339743
-1.3993033556691863
-0.7900902251069863
-1.282150342499557
-2.041993655232733
-1.756268854704428
-1.6628504268449573
-1.2393300035955934
-1.3726177223489258
-0.6873826236802628
-1.8511847374384285
-1.4914764953809805
-2.4504472129982124
-1.3379511495052059
-2.1263043259846732
-1.5096864713920488
-1.4220629713027322
-1.9286039979369778
-1.2325566002870125
-0.31977919540523964
-0.6374359648524828
-1.4077879479956934
-2.098537073341011
-1.9092601384947154
-1.5215006479713948
-0.5327023963459405
-0.9189889467056466
-0.4088114796700474
-1.0000776698668996
-1.5637704296816337
-1.2019356964430612
-1.002983093258821
-0.7159954704148896
-1.7257701674559263
-0.8416509684642586
-0.5742113350425911
-0.3270444300472868
-1.0829867385532852
0.3768530770529488
1.031089481243088
0.3013989594527596
0.356452920173175
0.07804784428246847
1.6662724091082948
-0.06629521311186454
0.07486585995741536
-0.19305995201858545
-0.409738070789459
-0.5446661082688444
0.3170460722912015
-0.3876641021312434
-0.49521022225650774
-0.5070167925816895
0.12289754357733318
0.5748608671497568
0.6081631064023685
0.628353658019726
-0.5623090056784209
-0.7881332406594861
0.6021060790087438
-1.9742821542275533
-0.21834702416184584
-0.32121310096216416
0.35720919669355944
0.38119034931822826
-0.15619149369514668
-0.6809269056116822
-0.5799897911769836
-0.31075683789766095
0.06740835161818659
0.20541424110783152
-2.257801846775789
-1.4381638776621328
-1.2192637566303353
-0.9159213876003003
-0.20955778120421048
0.348482687489594
0.8310056574670106
0.5147770224040462
-0.028147433710266984
-0.08950378491928052
-0.45955537463639373
-0.16044296599631297
0.6817226259301209
-0.6211330876741004
-0.7933524645710268
-1.998879356265137
0.645425113827394
-0.556884892213743
-0.0685220871195118
-0.9737499019098736
0.08534707040890764
0.39032109075707344
-0.13231285355169117
-0.2422064958472501
0.6064542207922811
1.2820398953751753
1.235741508161647
0.816249487244771
-0.09208677371863416
-0.2426163264509748
0.35184544951665886
-0.7780109498501775
-0.6000945082281673
-0.2360115620717959
-0.11667090541073338
-0.041506998828951175
0.7025200404917451
-0.030485433515117122
-1.6682655591139504
-0.19314876547591783
-0.4712010472595386
-0.40143633836410053
-0.11393545178690068
1.0660020709754598
-0.23781031905785321
-1.6668625179496661
-0.5655872206217875
-0.7000090889445049
1.214007697156864
-0.42360591569361433
-0.7348068318464195
-0.8163711508750815
0.19755864807582316
-0.7765773106796334
-0.038194919180207065
0.04953510294925528
-0.5459157694395578
-0.24317253356680313
-0.8061097179482322
0.6127766570411904
-0.2367556506047615
0.11863600406033237
-0.31331036565653236
0.31260912884145564
-0.2596690104889302
-0.08206700988737725
-0.673867176943812
-0.6428292183972838
-1.0963886252204107
-0.6013436685191228
-0.7136252087001242
1.2390026047318101
-0.13607806654534893
0.13330237604935385
-1.2075491820171305
0.1056903172438165
0.387436575324085
-0.6405019826642164
-0.15952895641864467
1.8777756224870248
0.09484736929899328
1.154232600166926
-0.06755855495332352
0.27080359242405977
0.7414365641859055
0.5972787443134664
0.48013974512094126
0.07917044142029572
-0.2614797134437932
-0.3296566724438042
-0.936533736266172
0.20461389544152495
-0.018141493624843963
0.30916972302803336
-1.1507307851820372
-1.828729388809974
-0.5564989210257376
0.7597744411395575
0.5529284691109811
0.1372228580782718
-1.140670356815974
-0.06066408479418034
-0.6612506496415058
0.9587969326910686
-0.7226780582301298
0.40184182495973303
0.21877581903722534
-0.6031303067626711
-0.2910472440278392
-1.0186528484129558
-0.11131147670367952
0.3059774394235392
0.3989918757827593
-0.6206777623246577
-1.7763080460438183
-0.8647702057126512
-0.030232010013908947
-0.8179928186867764
-0.8716283007338803
-0.6421063561128804
-1.2520575267655887
0.6815219427097507
-0.22836699943059066
0.6600366469225991
1.0570639886235278
0.8059810565498142
1.1225312153692435
0.22390340089623617
-1.2958383495100323
-0.23281757124620617
-0.029666897212022897
0.22923838241234096
0.23490003506464602
-0.6004418883132602
0.47655064317597917
-0.6558791568228799
0.33282192882076145
-0.6193455441518773
-0.8868908919695875
-0.12656054930306165
-0.38236244989528656
0.2503342449674866
0.735792191103668
-0.7670606664142993
-0.9879344378634715
-1.475004038621182
-0.5266450584914872
-0.7580144701717348
-2.066174660113338
-0.464226823580219
-0.9960835210822184
-0.1080601600708272
-0.8669197039390422
-1.1524769354886633
-2.212561738299801
-2.05131525630662
-1.4966167117189562
-2.5182263681912667
-0.06236007104420571
-0.6828970358283418
0.3256314770969826
0.4027219696198612
-0.46540646763841254
-0.3022724102898485
0.42480868317942533
0.045253405665934054
0.23786569020741932
2.0122241379008954
0.2970584068772453
-0.3303504406387071
-0.12054113799876402
-0.08488171080658113
-0.35896601140546325
0.19392445374062986
-0.5693193711059237
-0.9804460783998838
-0.6364770567696993
-0.15460483049662904
-0.3084016025558865
0.15349285064066379
0.48206595406296043
-0.5103359760193155
0.673308935960145
-0.04875122718106825
0.7125807178507197
0.18088812261750148
-0.12461952827895176
0.2657652105891964
-0.918506296341067
0.2310223809091504
-0.4988590869028771
0.6907748255124363
-0.1642884923584963
-0.04561578424995505
-0.1262870434736535
0.7418519664614822
0.3238250822067119
-1.0476797271641454
0.013545715601327613
0.3656935926886342
0.3704939383920874
0.020101090925592535
-0.629800231906106
1.0992880438199193
-0.6156472860501199
-0.2194007548906886
1.299127404076213
0.2942273098906637
-0.8508945554522775
-1.2032620202169695
-1.285666559719044
-1.403058962801326
-0.7046191618705029
-0.7943839463616158
-0.5114553856032483
0.9528533554814242
-0.46112055834227134
-1.4877222640546865
-1.072281200316503
-0.4972298314650202
-0.5514462001884337
-1.4171572645595014
-1.8603564348934443
-0.5253013414478099
-0.7070126539367989
-0.7310626992697077
-0.34655752759995206
-0.7574071671181398
-0.3090350079204378
-0.9567879472011689
0.3007914549337211
-1.1478296693172019
-1.0041636364218083
0.16232994952711954
-0.4687879794771187
-0.2513864618054078
0.2858261994466225
0.16551024732312433
1.049242763225801
-0.14617729854021627
-0.10211786622292918
0.005566660393470979
-0.9906736138070596
-0.7663445752828533
-1.1862847491654702
-0.5126144339443056
-0.19453369378041685
-0.2792895206869017
-0.9228342635494458
-0.5644375456224774
-0.8641422284865743
2.621396428925671e-06
-0.17987127054853805
0.5614422529085634
-0.12122585454006862
-1.0492194212634018
-0.4748713355659564
0.8056615672427494
-1.1494799731067804
-0.614259452946371
0.22582775051765158
0.5645013889529115
-0.04425441543435735
-0.26668724426212115
-0.2856512765838495
-0.5433422388198492
-0.8982577583816734
-1.4239221547377823
-1.2604527880714083
0.3039205523818113
0.6627729379943235
-0.2502738582069284
-0.9806246972277345
-0.06408719467822327
-0.21802995424186866
0.7537485934721929
0.7957115311594709
0.42357532506103013
-0.06489458689370498
-0.2007580761496488
-0.4651218795723176
-1.9835596981376953
-0.4500129191344034
0.4348265735336939
1.201080778482142
0.20064188250874954
0.8503545042407259
1.6283818581260219
0.5981804682813814
0.2730647300936845
-1.5265203480366138
-0.9579864655145883
-1.6223251613771081
-1.8065227271069288
0.9537072801114985
0.5075987507340081
-0.18976172365571242
-0.5314271147110334
-0.6426458156472229
-0.9721707345966552
0.3283396072741804
1.4858173515845687
-0.14446027228234826
-1.8659271730142257
0.11263807889090853
-0.6880425610492522
-0.2570589915327892
-0.4061069832526228
-0.18781860606982068
-0.7544914607649197
0.7472582245953749
-0.36886991757835286
0.6733473585528931
-0.699369133693654
-0.5933670361331513
-0.9156664574724386
-0.7230636638039257
-0.4655246260076653
0.0631602067610093
-0.3059943704837391
-0.6028206084327278
0.4720676914506919
0.08223780923286558
0.15562998531924133
-0.9703662708060453
0.3473937292315836
-0.5833060990416441
-0.3379662674080849
-0.5022103317215867
0.11325176284393357
-0.49575131412385964
-0.6657231921635915
-0.7438070833064245
0.21816881125956455
-1.216448685215308
-1.6818378903469946
-0.0993707631069195
0.30603835789272615
-0.7959044247526543
-0.38860304584613875
-0.3157894041670627
-1.3270131837201724
-1.367922371240827
-0.2871402958309095
-0.6845488849729219
-0.3920121304653422
-0.43840539752103624
0.5912772179678079
0.9320612497403146
0.6397088932822236
0.5752238425240275
0.8139377382525832
-1.9360890884197044
-2.6904157009463643
-1.169227794727661
0.10084294998430204
-0.8319321335152166
-0.3838418571294127
-0.14504327922913351
0.2293247926541132
-0.3055317868240608
0.42676934842774666
0.5844354289097997
0.21202026356072773
-0.18772460467990054
-0.9424611209094034
-1.4260608609081518
-1.624696265871541
-0.43216772423543937
-0.010850068352503683
-0.4010891286100443
0.10464551083997042
-1.3374279139824474
-1.0388072795464018
0.019223811223414544
-0.8192638976496709
0.6047304605385804
-0.11785956511816109
-0.08292254118990561
0.8041851736160777
-0.216751233208957
-0.23111193529997753
-0.6752030116416622
-0.41856674854815457
-0.04492926421963345
-0.08701835815433745
-0.23326883991924185
0.9707018721154244
0.8265898698141398
0.11366969272086189
-1.7328620186799157
-0.23719014787374515
-0.9679209226174633
0.6321385662227398
0.6105545597095542
0.8029398739745881
-0.6720918857169681
-0.44067167239821053
0.22580325128574158
0.2392128018585442
0.9707851400032126
-0.6934028217865571
0.5751296498682766
0.3622830903944373
0.16201083336885064
-0.8169527949409439
-0.3335615274738395
-0.4787695921369517
-0.21413054149682254
-0.6538537198829119
-0.5653321559289615
-0.5308716892669907
-0.15161018844092222
-1.050411313775211
0.03349733366843766
-0.6907718605033885
0.0736934745033751
-1.4073562966485407
-1.1344758878546652
-1.1173943397901243
-0.5693184143912393
0.13495713591862302
0.4681228888047572
-1.4451808694845165
-0.9567583335943961
0.09170300124669958
-0.28764502497050176
-2.8854216649270943
-0.8297910637540626
-0.6323117459270244
-0.7900910044371359
-0.3904108717320931
-0.08512090788974674
-0.6236152644934255
0.2137117723821269
-0.4296046383040901
-1.735425965139863
-0.10952126538692025
1.220834550445296
0.6262714058428146
-0.18522004350372923
-1.1019838591958189
-0.033238423724814434
0.3856182139328522
-0.8670717259033391
-0.06755412579659115
0.6145642846687995
-0.4670794204769402
-0.7072977359751447
1.187043743517449
0.19713054920673023
-0.11109726087266436
-1.080364378995501
1.2053837624865336
0.5495887087193873
-0.7918814909040699
0.05816062526254373
-0.6883336517657095
0.3282414890232215
-0.6076322067755333
-0.08260529072513256
-0.07586439001980627
-0.8371932414431502
-0.8785805632572485
-0.5694406295889255
-0.6053672271295536
-1.4125628434210054
-1.4361304701553441
-1.163637937738402
-1.351227839522495
0.08857456957293514
-1.542899927385486
-0.5632259551114696
-0.8137364424351445
-0.14545053027689495
-0.5266870811650861
-0.25774639797227933
-1.9559523128838534
-0.20180420072143024
-0.616611176391203
-0.6135966566131223
-1.2001443169237853
-0.6976306513371784
-1.4160823554617716
0.29440018406908164
-0.501583973279971
0.8795674095535977
-0.962265387354206
0.8494072024044301
-1.283258699132121
-0.5556548936825427
0.21693529738045397
-0.08912386980742243
0.6617485227796387
-0.29776300993009963
-0.3374902960509725
-1.45348877916827
-1.4085153591999595
0.48351847085806066
-0.04084284207361666
0.05441086703576309
0.6943392819456252
-0.6647091221961909
-1.9095893038582887
-1.139550990835888
-0.922667283135242
-0.13588270423944623
0.6024767679464107
0.39633859787095005
-0.85393880897438
-1.2261189037461868
-0.9819326671003443
-0.05296346652351608
0.45490407639732056
-0.9795793749108769
-0.12356964845130784
-0.6423341513740299
0.13624322769288588
0.42103023780036525
-0.8430676915692846
-1.4904805612527596
-0.9149677088175336
0.4371278828410141
-0.6439151020344656
-0.34818263672774297
-0.5165097474996735
-1.2237866036024063
-0.13453643846958618
-0.15992262273462002
-0.35361031073975163
0.36266408802057787
0.3231753457046096
-0.43546832170934124
0.10817589563388894
-0.7453100978073117
-0.6554672191336839
-0.9094843304713568
-0.26479343442068803
-0.05716183583659851
0.09187147181161276
0.48941781918968574
0.608301038400562
0.4262947047000534
-0.9135875411419455
-0.39611280399397913
-0.23352439962389687
-0.15240751930467406
-0.5470162100298593
-2.194947354175872
-0.018090027855440616
0.07812988604527887
0.21007765187961291
-0.4160415519527455
0.41000614679962066
-1.0305079575504603
-0.050400745108712286
-0.04227449842311343
-0.16145251468053762
-0.7510045285230187
0.6548472216904234
-0.6614996457275372
-1.7532147108294927
0.18774250695409028
-0.5322926894285089
-0.7081832280387356
-0.8242431507373013
-0.3894386723741602
-0.7615849644321355
-0.13591672989936127
-0.7128265422940635
0.6182299625970614
0.042462078409588155
-0.262574786314991
0.473208707499143
0.6643939149817748
-0.4210284311851056
0.585442891123456
0.49265315637466495
0.8281004070594657
-1.0702027348825045
-0.22833153556374997
0.3989493913806005
-1.1136037318127079
0.23266188850154773
-0.06459783579462741
0.14537638146067522
0.3561522489737454
-0.0012778900926925796
-1.3068508408753985
-1.9450533062736304
-1.126530379504905
-0.7072363570179034
-1.4072025820671947
-1.0751373788901852
0.4788657150237157
0.019812308395437794
-1.578791953067954
-0.15789211587470087
-0.13190103105154916
0.7500340908152449
0.586265896447522
0.7725011962088129
-0.3034870350196309
-0.06474385292717291
-0.591783140246598
-0.8472482242156261
0.36171809925409565
0.5437412269731027
0.5970213674801069
0.001113278789911465
-1.0718782362978734
-1.9822440609718424
-0.47382834817420727
-0.4268667566785578
-0.19758962990400653
0.8176442117037728
0.4026150110793269
0.4133434161478063
-1.0188561928490207
-1.4674756843057675
-0.8157446275839413
-0.8114090741203406
0.009324026593308332
-0.4908693303992502
-2.048482890489761
-2.0346597227950918
-0.255047640570806
-0.6926546436944678
0.2503479817916129
-0.3009570143159916
-0.3602858523267362
0.7594846695507779
1.2745678633617794
-0.7404789974494037
-0.3914247673633793
-1.2645619880679215
-0.18732846660939978
-0.10260431268340486
-0.05939107064638893
-1.2931648210102846
-0.35217794479404013
-0.5287863159778151
0.40478468994336125
0.002096387173644243
0.3812189433717601
-0.01478216696698198
-0.46803363548335775
-1.1133248320851021
-1.337233541772967
-0.13589943678070354
-0.4955029822620697
-0.36560449694117236
0.5530640029534006
0.4935217030923639
-0.46294738426460924
-0.9565739627510685
-1.4901127595348926
-1.100454099598562
-0.29384303782399657
0.18859021221047212
-0.9569421000068847
-0.3587283710867463
-1.3320270657116247
-0.3427023950327378
0.2795188863319451
0.07017433796717909
0.4072272035157537
-1.6279551270641714
-0.28083585000966105
-1.2734617818112692
-1.0703958769692083
-1.7162075892733386
-1.2103640034365388
-0.6665710802648843
-0.16414033037993217
-0.14215458519253077
0.45115612060339444
-0.16197829857017837
-0.6739529932097217
-1.2709687545431037
-1.0997596142859367
-1.017194462373442
-1.3124198324606093
-0.8083525889192157
-0.8471103365646879
-1.4953918812181273
-0.34998765625654965
-0.5523356810546007
-0.5098532297982552
-1.1212853812471688
-0.354345950654787
-0.2210599097998126
0.12579568811413483
-0.646249476499178
-0.9437883505049842
-0.48134200746868927
-0.733118164251794
-0.7474706664525985
-1.8849273298736704
-1.2804114482988784
-1.1104268815530822
-0.29983755154240554
-1.0784982550270468
-0.5252621153022957
-0.197163979197496
-1.0756556283053658
-0.8848994469225242
-0.3356788913333168
1.1646186021189955
0.33516989603472586
0.036180162684274986
0.10765795484145195
-1.9561447729289307
-1.013130506222008
0.08140290128892058
0.5738155455933177
0.24722771843186353
-0.22886094710777216
0.23915018472151356
0.1417172763573799
-1.0439475433878806
-0.7702561022574549
-0.8071616150415247
-1.0633586339123582
-1.4786994302074794
-0.14695417701561408
-0.7909895470789332
-0.019409009845008485
-0.712844478946077
-0.21994631678949106
0.22879918970738122
-0.7401053595823438
1.0672567199352148
-0.24277870299354262
-1.1138849983123664
-1.0643149625366444
1.0440708595482437
0.8321690784755823
-0.3840812344079876
-0.018575100340235073
0.6181442072375113
-1.1184108277038243
-0.036871009489789386
-0.896319709167907
0.31903356730852317
-1.622526573139759
0.14539259366594448
-1.238222690370939
-0.5899975566363769
-1.6560316788406673
-1.2265039610623378
0.01309672410384885
-0.4961344353124516
-0.212900783611622
-0.983909240642332
-0.9006995478228259
0.4704119702654431
-0.24331874220039368
-0.2037274656579804
0.9576866169237493
-0.7502341425571434
-1.050810745718447
-0.1595849505882675
-1.4461188135065612
-1.672147608500068
-1.1801433333649176
-1.0860595280565852
-0.23865204028247378
-0.3353973935082311
0.8756098641019527
0.21968813406884696
-0.07167052621917169
-1.5804668545959666
-1.0562335234318714
0.4668012091484207
0.005328370753801659
-0.13961533870249598
-1.1145051939067303
-1.763336562431155
0.3836630668055245
-0.1229074582856878
-0.11072377749800225
-0.6324869157553409
0.6729034540102127
-0.10213914670900831
-0.28935243159537816
-0.6057005300994485
-0.8605454668418673
-0.38225138864784536
0.7240484260778158
-1.7892624260687542
-0.09624541107436435
-0.3143426353607266
0.255632843203068
-0.6417831073183872
-0.15031539645415082
-0.3185016859225496
-0.3650874949839048
0.2468701050213653
-1.3606321659647798
-0.22379347581242082
-1.7198561039545253
-1.3579195424894481
-0.8322404661173501
0.8843129580547919
0.3375945712331023
0.08313644396752234
-0.38044055252862796
0.234113706472286
-0.221581842980618
0.647600652859472
0.20672252583027134
0.166053490904277
-0.6151098033756953
-0.4359684145703306
-0.45846476903438244
-1.3556626047601081
0.4955863411534458
-0.779202198675084
-1.625731819393228
-1.0617658508443706
-0.5684948820454321
-1.9423955162545465
-1.4909071872864141
0.632171050736188
1.2590025046092859
1.8209924677724585
0.7061439655473524
0.19704845411977606
-1.215672022935046
-1.3906975186586181
0.2529572060917267
-0.4340091972877115
-0.8083193964910156
-1.0498043394028633
-0.5754978136757817
-0.6373527870187823
-1.8187621953248776
0.27508816590290397
0.07677086038945757
-0.15168349681463894
-0.12151601805190626
1.337122835097449
-0.8685673307004119
0.011625612140750197
-0.8018024588659082
-0.8658920390751175
-0.38258724887932216
-1.0951654938399407
-0.60731450829597
-1.3108671901032156
-0.6348743242453548
1.6076787621919937
1.3695714395793261
0.34622386347837086
-0.12259320322426792
-1.6483632931256573
0.03149929378574534
0.1944462511472761
0.03944334109225589
-0.5364245154477554
-0.7523852108999896
-0.5838503971177694
-0.7527623247058756
0.6483764901801559
0.13049087658337533
-0.13825606266430013
0.2261940942784592
-0.9954603387154243
-1.4852756651401942
-0.8294365557201115
-1.2867905492869296
-1.613672150532868
-1.4566714386317823
-0.4259823334864907
0.12273887087335893
0.8100000730207126
-0.8193257479177164
0.36088421500167617
-0.5483138286267426
-0.10131120670028024
1.0470069844170795
-0.4991666163449919
0.4586870997272787
0.8080303643122774
-0.7067776933553047
0.7769166783561802
-1.8009316828397832
-1.0081528176688663
-0.47171678705233866
0.8017261503834383
-1.079674442869468
-0.7838802250951937
-1.760307576048426
0.03471115397701541
-0.0443151591094168
-0.24134094979733284
-0.8926639464657583
-0.4328584529097688
0.648196908101114
0.43863591024332177
-0.47734664484152994
-1.4479674485539717
-0.7881048748043843
0.32579360089618875
-0.19906078651062956
0.33599691590267877
0.10133051834082102
0.5866850446003486
-1.0804842638389678
-0.7558771050650771
-0.5124217391155469
-0.9858078782480505
0.1349974080102383
-0.21508938721598347
-1.0684536056940144
-0.9595211318194466
-1.8739482365817326
-2.0427946863561326
0.27750810311110885
-1.9187973570047863
-0.25645861092711886
-1.1258032686688395
0.03644349973288219
-2.1230114009737684
-1.3130848707319247
-1.3929675847636582
0.508578492088183
-0.45914607419545483
-0.36480423802027595
-0.6404723270412839
-0.3754764000098958
-1.3550933858271232
-0.8957336934228951
-0.5558606646498707
-0.6672768975295771
-0.7423207064345508
-1.0812435916040575
-0.0035676414615688906
0.5384936545350358
-0.17556159759226253
0.029228432547167005
-0.5856476492228743
-1.6952474634535635
-0.7857841862579826
0.8284771770269175
0.7335879521228905
-0.4395784559244203
0.4496127598209637
0.7410454326846878
-0.8956969343230283
-1.3204806967009612
-0.9888535300405784
-0.7716555430614391
-0.07808377326907934
-1.015030781105836
-0.8104630080681272
-0.6930043992145045
0.8549945215378925
0.8319792052287039
-0.43484446568481916
-1.1128593122801445
-1.6984567686533996
-1.0038496418689808
-0.1872557614032464
-0.7733709216693923
0.47376322839776275
-0.7664765345329411
-1.7232524674721361
-0.31978941460025706
-0.4401944077869638
-0.6068409429403302
0.5324737124048773
-0.05802431598123428
0.684077679770202
0.26616288009296385
0.17711691521892495
-0.16701291956355724
-0.24351950128460986
-0.7230588024400557
-0.01895806537116297
-0.10035143075650449
0.3655561711223541
0.5886054163847554
-1.3339502809337342
0.24204553461964504
-0.5335048097353393
0.1594186593667734
0.24493010228495393
0.7625042284724779
1.429448760405613
-0.5755551009074189
-0.35271645565646126
-1.8870984167423985
0.38606662845063994
-0.34777613275221675
-0.9811688330273624
0.4302925352845578
0.02513625913530282
-1.117375922478359
-1.005614736741359
-1.395799982558412
-1.0040164501107416
-1.1042774458023528
-0.13789281381925328
0.3342146376083292
0.5537861900415117
-0.45124310085237607
0.051622166167587524
-0.06417781254687585
-0.227012395296049
0.7990758242783471
0.09997610213143807
0.5325557689168712
0.9415599276335924
0.9959697421064528
0.4621799291871338
-0.6858875351398578
-0.30457677362278257
-1.263983895339885
0.4686283351823227
-0.8120508298941923
-1.3701602993200575
-1.586849836416299
-1.0470742541863365
0.22277143378658834
0.4153014098642772
-0.24469875597164137
-0.4393120341316272
-0.35678540418401383
-0.8759172695308468
-0.39739944814436495
-1.4439613129180953
0.35408526863782636
0.20899835656406518
0.03585677714890481
-0.14313188402072566
-0.13073342988796133
-0.32688915853239064
-1.2654641702026341
-1.169464021245124
0.9525647992847852
0.5776022037709188
0.8017071722421183
-0.4180237250395522
0.17908707264018636
-0.7273106264132256
0.6825466085606169
-0.6581430176361409
-0.5520809230288435
-0.1512314183213671
-0.40555468366732633
-1.3960052869943758
-0.7530546658074442
-0.7291015172759734
0.4113158849646473
0.5439274671217241
0.5111179396760716
0.31593498680047893
0.06717028121621804
-1.4286688860473182
-1.5661262444629882
-1.3109937757374146
-0.5112379744065382
-0.08130339073938053
-0.2866659533900037
-0.47506907981568625
0.2060737810274485
-0.7105145663258245
-0.5530071427311299
-0.9447740388937464
0.43512619836076655
1.2431489752148035
1.0635133763485314
-0.2970010778152287
0.13684611677681338
-0.06155330139841125
-2.0896597154112055
-1.1851057831859866
0.6025251243775362
0.03144778337662002
-0.16664044079067092
0.21490058501533554
-0.09175196014641396
-0.10747996071498311
-1.1185554481597637
-1.4474023712078299
-1.6095521909832664
-0.46140425119252326
0.22172654915038004
-1.5391779008046302
-0.8547037200030376
-1.6693248875442468
-0.10948514929792474
0.22807497825696826
-1.35680757374661
-0.0929744411587094
0.39332406392812375
0.07311325540597535
-0.4265829906077763
-0.06730417310703551
-2.1102395431028502
0.7789128023123166
-0.674908455011216
-0.2869672306245388
-0.03797867995447418
-0.849966893356452
-0.5188661075613669
-0.8423869585287105
-0.10303734198102099
0.15025157195394884
0.2736180753717242
-0.6725802635235623
0.2910068256171585
-2.0868121565134796
0.030558055990275557
-0.2751255222144591
-0.33605077354401713
-0.2753619112124613
0.18867051597792583
-0.2601779456946154
-1.1296426912666269
0.2943332969613722
-0.7894153858234256
-0.8007329563600514
-0.7068561477008982
0.07333272410490044
-0.20982899309514214
-0.4282005975374882
-0.764967241443994
-1.3039113313765682
-1.7772169289684243
-0.3525867894767815
0.3120202939356737
1.3422575240051897
0.5468270511054458
2.00510916835915
0.97055103286505
-0.39928047346309614
-1.5657018879533124
-1.752443610360087
-1.6949668561635072
-0.7603412496501262
-0.7556953272577851
0.3169136242220771
-0.016293022605398277
-0.2112594237888182
-1.069236650897895
-0.0424885526751683
0.04208500212068422
0.774318140677474
1.1337426288260082
1.3290691014931744
-0.230622020008317
-0.35415920899968545
0.017346087055080506
-0.033765910679552966
0.5335447614286779
0.6527230184671674
-0.17686535441550896
0.1769511616126071
0.22717645900915287
0.8000238267703894
0.28536967670208874
0.5127759034747307
0.602117623402182
0.6648357126390012
-0.43165979077202
-0.6094345454106948
-0.6825832865416775
-0.35779871381801015
-0.004870417272000528
0.32867223951758406
-1.4365839810061045
0.5192233960906274
0.6506197271459033
-1.313685168038402
-0.4002683725031019
-1.0921038059171673
-0.6780919897264445
0.2656953364585137
-0.18672881852140288
-0.7768862756123917
0.1554950652006273
-0.8869911644470453
-0.4957874739310769
0.2687490120070887
-0.2775521759085793
1.1309490120647376
-0.3654354091954741
-0.7720759296548414
-0.8380304013867838
-0.90178190545253
-1.1635915021366603
0.35547526548771946
-1.271771725677918
-1.4621576221792962
-1.794824705967787
-0.45102639780985354
0.11304899158018283
0.5651400025459281
-0.4610047158627945
-0.5921759118865056
-0.2240015590161506
-0.04081186184096064
-0.5777003752070989
0.4329963808061159
1.098828123121138
-1.7347542181972542
-0.05671392258166086
0.04688752636737192
-0.27915502649915863
0.11385372265492077
-0.21654997110865193
0.6638936885076548
-0.9701004119341161
-0.6540059481257097
-0.29774311682017357
0.16897021820484626
-0.5527161966296444
-0.391023955962541
0.1517290965807788
0.9380194509574656
-0.22248135805759828
0.1582246033093842
-0.8257630231124121
-1.9613979652192288
-0.17109402062023046
-0.3329873795444811
-0.9720610435231972
0.03580894820227365
-0.822676899901206
0.21251169065668915
0.5689975897662221
-0.5012489582292972
1.2136547793684151
1.0263574263095383
0.013505194402361642
-0.798799948420841
-1.6739955993119362
0.31830706849373047
0.11541584492393672
-0.4119357429063224
0.4090875072817693
-0.3421485589195101
-0.9849742735951746
-2.679033128259634
-0.31645899739911726
-0.5600919327348879
-0.26477747082032144
-0.13100614272287797
-0.24281969122834313
-0.031433247514765505
-0.8848101212595618
-1.8441350667795737
-0.7705431381380508
0.2541828989572676
0.5751379377868057
0.7394884722677235
1.9107348740328316
0.021792135495853425
0.7751565232649207
-0.07835605818873473
-0.39866592392141137
0.17356713353009778
0.37247325322101776
1.2413235572698322
0.1338777284825513
-0.7556058000596851
-0.5471088094319592
-1.1274296683801848
-1.1970378897184846
-0.16385461476314858
0.8180054088688873
0.4311778189548013
0.381821456115321
-0.10411386418286817
-0.21117006766710722
-0.22547126755824065
0.1641050178880803
-0.8437851101812429
-0.5358162480229707
-0.8673451521114903
-0.6028529088245455
-0.9759884304853139
-1.278825141252806
-0.611087576995595
1.351458494677041
0.14496481213886026
0.36816998959945724
-0.7359926605533188
1.078142854205584
-0.46281906694926406
-0.7452098536349194
-0.49259141235005344
-0.27140740025277504
-0.10243025580036119
-1.4147744909432525
-1.3869325707241549
0.4138870808728329
-0.35423779305215325
-0.03276316126715917
0.2865854412761374
0.21870361857203194
-0.24664290414113416
0.2577789722227329
-0.6878026167477755
-0.6643663190008434
-0.028533450314646575
-0.4654261845980948
0.06364938360898505
0.3895102245246185
-0.42072022535252335
1.3113305945765579
-0.14715562936506793
0.25761533474380877
0.9887449702353404
0.39759351927171005
0.03740375970721671
-0.13933245609303435
-0.7663074015633845
-0.14642983631160728
-1.2242535327582367
-1.5531548189727884
-1.1459768036751137
0.4282679042183897
-0.4997413557593534
0.13592490222457154
-0.18294528391144657
0.24550851305940885
-0.23081158294647997
-0.1846918300962438
-1.0753211774394973
-0.6313474120416719
-0.4577194478491984
-1.3174328543142362
-0.6302131122051817
-0.1526793459688513
-1.063191109291895
-0.9346770487573453
0.07755123903434641
0.5912060958292734
-0.4467786031927332
-1.0932721602995286
-0.8322114945403192
0.38755043534025735
1.0539532647154175
0.3563669882140888
0.49640495641467053
-0.4251002741761249
-1.3837483622189228
-1.1631244725787881
0.9756006810976806
0.8902793255133947
0.9213533846530373
0.47954416649184656
-0.32971844237797165
-0.7647568303286822
0.11527658436893651
-0.956109045061543
1.184353700561924
0.9616703996090232
0.562534157588872
-0.45639426596372656
-1.2826984705747564
-0.740218659124436
-1.4714768682936221
-0.41557145627627934
-0.046190225760876155
-0.030254056205062246
-1.028980001186738
-0.4144282414155522
0.8770206976583698
0.016648939171919452
-0.000919152356586489
-0.048187298046226235
-0.38019545077414457
0.5278558221748689
0.2853712348116643
0.4471478094537642
0.9224059361139296
0.49085192033578073
-0.4877450958935918
-0.31014415871155543
-0.09591876834077351
-1.0214433736840405
0.31722188053649303
-0.601376271115712
-0.8848220517465692
0.04634245135056647
0.36765018219278556
0.5243438766448605
-0.5018736661667388
-1.2568712051962996
-0.5999614751166835
-0.10897045833112173
-0.49779400264488005
-0.602722721674587
-0.7187893443472757
-1.4247928109210748
-1.8038670731345388
-0.8616844191794841
-0.18114342362060845
0.691966847827148
-0.5922706262515857
-1.1471296016523216
0.2709723902954882
-0.03732876402613566
0.8597549762711018
0.20254571333404914
-0.261647120852042
-0.47355483565641776
-0.9296927968203645
-1.017755293988302
-1.1952702446169026
-0.19467086911702774
-0.2366836062372167
0.46118809070758376
0.9654565314682446
0.09489789275806558
0.30945660149407916
0.4294550512575232
1.2287286300744995
0.40181501294108424
-0.09616734837216695
-0.6998035822426836
0.5161710032328095
-0.37675684913850527
0.08335543886757957
0.55274277413939
1.0456750553587786
0.08476657547414018
-0.07506219831457561
0.7886556552836677
-0.28115978699687183
-0.15157291545358853
-0.9547329010665062
1.0184127016682774
1.3463333170245175
0.5636727578913568
-0.027361189099227412
-0.36686945086270556
-0.2406999446814021
-0.3079867399314929
-0.2511833649030382
0.007750775372420304
0.2907263108631874
-0.8448522897127497
-0.5304518574596643
-0.2191306955744126
0.3997164609009267
-0.1184979909991406
0.9453300132618522
-0.6216045268444343
-0.6895519944514696
-0.538474607108389
0.2141224283382701
-1.0024909967337348
-2.25654806628522
-0.8294646809822601
-0.47584632200947474
0.22424927451286836
-0.2487106509587506
-0.4974333630086173
-0.34243860195953224
-0.2235673455643723
-0.28568699168172396
0.7912411958924397
-1.1231659737803392
-1.7827473909000384
-1.2607149171301326
0.23708498648802398
-0.0879143057641365
-0.8344908044981437
-0.6271344477530829
-0.025187267437817823
-0.10078568319363398
-0.2534152179445092
-1.2399704539699274
0.3998929785317082
0.40897940569645885
-0.06411025797918796
-0.8734488622751717
0.20249936382707917
-1.7856966221183996
-0.19720931415852283
-0.6546622064558526
-1.285625049200519
-0.04751916491573416
0.07855492803687003
0.7026910122324382
-0.16151941394618508
-1.3519727193124305
-0.5090205102353935
-0.5991716693657558
0.058285628927023436
-0.7632873714018733
-0.20461738045006256
-0.46068995006798963
0.39475894069265854
-0.08348267588155198
-0.4166472028757396
-0.5739764650138361
-1.419128266966269
-1.4768719546955145
-0.6738676542366334
-0.5385995644729407
-0.31088584347947384
-0.11609969179592222
0.39011437946575733
-0.07738944656907104
0.11580528715410038
-0.794132641177328
-0.02278072597716685
1.5177311107279245
0.5557904263433071
1.4933569065273091
0.5692181488667303
-0.9219811693147425
-0.690320095011691
-1.200110490721117
-1.1948554744440152
-1.7579548114418482
-1.9961442536811664
-0.5664840167627896
-1.8771665581319645
0.35921704439338625
0.11992141387243968
1.2824613480530735
-0.8805754484462627
-0.7241773151858866
0.6731718451695876
0.07461014761743237
0.9426677502948289
-0.5241365052361535
-0.3770837443428531
-0.5253060265132057
0.24716547764619973
-0.5706110805467454
-0.3522953710173571
0.9049423088859488
0.6245538002487416
-0.43311931446471175
-0.3798857069462207
-0.5011802836826771
0.3147546753646713
0.011629399992296174
-0.9584017643024894
-2.147155743380319
-1.232624616619498
-1.0603744517808509
-0.5211742316095043
-0.3498586371721173
1.4202383266652459
-0.7855448376896867
-1.421306484666147
-1.618666503838706
0.379897940742154
1.4573312613945124
-0.20157759975538997
-0.5389692081318326
0.09646580064621396
-0.514840967378839
1.009836654337483
-0.37470628528601424
-0.5904762232934773
-0.7146284676690691
-0.563816983049086
-0.1143192359834021
0.6968498574830089
0.21853261075068797
-0.26980627722536044
-1.5878545523112229
-0.8931535812235721
-0.11255382606112349
0.01381089762787957
-0.3408835400863379
1.1975784374027003
0.13082232369458652
-0.3765799345747771
-0.2661583654179186
0.2609146508528602
-0.5178197511094698
0.45545939911766564
-0.5645739367882527
-0.5540309649260067
-0.2986153854487097
0.6402204469869119
0.8939109793879667
0.7446016496504889
0.804408107467411
0.3260534390739723
-0.2893799903913775
-1.0639016695130985
-0.9373188281602267
0.2707177513204445
-0.03924050002423751
0.06149492422993774
0.6967934524119366
0.8099686567950481
0.8467328603383892
-0.025706353500930812
0.32651668901852793
-0.4949857119663155
1.0912931687803549
-0.7836663415320955
0.8898782648501639
-0.45140528739274244
-0.0539273569420064
-0.4728803904565202
0.9001800051701776
-0.4025370976258469
0.204369689786933
-0.562356396292483
0.01675960275933591
-0.16764967406348297
0.9149414937606829
-0.5205581234754831
0.01855739942345125
0.7006870960408347
-0.2951408762655625
-0.8265186435855992
-1.823720679189764
-0.5798057442575454
-0.25595820621549226
-0.009829534340314028
-0.3214230866838049
-1.2997687758307455
-1.2792951639470154
0.1847220748387084
0.555932598201179
1.0260873074477679
1.1087776148949915
0.5700491023585541
0.11500533072360691
-0.5575445025121915
0.5907410466034339
-0.24094699546985895
0.0005574343322303221
0.769776882644495
-0.629704378443636
1.3501439661968644
-0.2349779774552596
-0.8652998254275245
-1.8966003956458646
-1.0507724883921736
-0.7612818409985279
0.04031612821900399
0.6223003276894994
1.3093484663370938
0.14631193814315463
0.7916269301391821
0.6944845479033009
0.19445832529851795
-0.6868534649908378
-0.6971641730636597
-0.053919374082331356
0.15277591694702658
-0.47104148033359866
-0.7288158281994983
-0.6956990511681495
0.4328015079351174
-1.2944648099263496
-1.366682818547106
-1.0442237298118653
-1.1354578737581777
-1.4683091163093005
-0.7148322319030148
0.8380184252438201
1.1901221543159544
0.8013277762479729
0.5010386540051718
-0.9851057094708017
-0.013566239771171884
-0.1343234807710027
-0.7559359409492703
-0.7967474864363355
-1.4362315888126254
0.4166423798473097
-1.2106940339042525
0.24003575660958487
0.30670354875687694
0.644057584196528
-1.2862103389215307
-0.47523967373291404
-0.47347158413297724
-0.8158296454437186
-0.49805488771138506
-0.05334176361102738
-0.5054134604993243
-0.9500879638450247
-0.5040210861292154
-0.5793200843045072
1.3153530648233576
-0.17317630461953387
0.3928470223861442
1.127620257429369
-0.6217928709734424
0.4026538687193305
-0.5694251368321215
0.15264103751266375
0.5876426664577008
-0.30768636480617745
0.14758934447525363
0.9369951054850099
0.9239779972480127
-0.983874992301951
0.5156017718787824
-0.11365332336076922
0.9148906007844446
-0.3277434391401266
-0.3043184788556061
-1.4704599246569825
-0.2885089896612573
1.6464833779773824
-0.36099721288446485
-0.6803720804417672
-0.05369841469115297
0.45679697964943855
1.0639866986946767
0.35062292536927425
-0.7520522747865324
-0.40485894815975376
-0.3988298379320335
-0.3015854918213519
-0.06778632997923434
-0.7237269360548261
-0.38024364946282496
-1.2095514557851192
-1.0777952978284477
-1.12849800530326
-1.407010060204882
-1.3642952430196527
-1.609689077102348
-0.23303602590941042
-1.430820451274441
-0.23919738503223598
-0.532020690813906
-0.948443017563718
-0.9780904572947222
-0.13154659072081898
1.6868590313658753
0.020834964265564415
2.179069727681315
0.8063035628458322
-0.34843154295697853
-0.21939580549086712
-0.39293064679530654
-1.4070523548033607
-0.871542951728762
-0.50499435264423
0.5686164037970189
-0.2742025848480029
-0.4002103530672476
-1.860436421057289
-0.5915840945764026
0.24367282997921683
0.02629779525985515
-0.7471786655344855
0.6245481798268524
-0.35639274325674053
0.4958337884615556
-0.5945430066235494
1.175959874423388
-0.6276395769929366
0.07247473502140528
0.21020207890608705
-0.13023222180117144
-0.25140755007471577
0.23169203878019135
-0.26799320086285927
-0.35420777229142797
-0.17619287761884167
0.4332339872111296
-0.34497696840465475
-0.9764044900801376
-1.066633387737433
-1.257691072115439
-1.1660920262848138
-0.39601480645011716
-0.231549313435373
-0.5416159049757423
0.04203215139003297
-0.13678072846149514
1.51181536732945
0.8650660829002841
0.985050550954257
-1.3594824538016763
0.06299841556785524
-0.6133944726746583
-0.3548854687672953
0.28277665825319387
-0.2501464433078925
0.5308048290477035
-0.3481396802264157
0.2966060223565399
-0.8248317438839481
-0.5952272204471302
0.16292561504761788
0.24537180588014462
-1.5119742027075944
0.21350090027670376
-1.1391008054552676
-1.1052123864550711
-1.6700999136362364
-0.8884773778298037
-0.9372896129346937
-1.0568737466471565
-0.578893387093872
-0.6002572676831958
-0.9475699670790091
-0.6761774199730974
-1.1416256838111314
0.45173292804095955
0.280479227837954
-0.626414059502271
-0.6254328396200025
-1.178143517550442
-1.1478526434384775
-1.8710094475340782
-1.1036958069140195
-0.6290245791836395
-2.2283642828910333
-0.8843886575143449
-1.7336930983540269
-0.45432693499508214
-0.4070294049151736
-0.3736648862361959
0.8092460755963331
-0.5715143237638344
-1.1201874997148862
-0.8837559277905463
0.9383109332712016
1.3683813940968796
0.5069664716333405
0.30782715032151164
-0.6553849673471355
-1.0158834130811272
0.010292205270432175
0.5306614011518819
-0.9919354551205699
-0.3721445748538096
0.2023824898801421
-0.8227343656679352
-0.21755285643365124
-0.07000301031811584
-0.8964962574587255
-0.08143497492590646
0.14536136509298747
0.25816438747131276
0.7121394602695675
-0.6323657213619267
-0.494700855119994
0.5224568364577847
1.365933358259577
1.4846205884912491
-0.7023705995149221
-0.8010098677651332
-0.256812315216963
-0.44777274962721525
-0.5915568018518491
-0.47370515810394315
-0.4067770634728467
-0.6610099201113477
-0.7801441494990814
-0.7175617209782817
-0.7793232179886564
0.11754768927470338
-0.20871037376998464
-0.177764266296018
-1.0735398758720935
-1.0738409681861267
-1.5055759147588734
0.15623293003701066
0.5900264808350814
0.4447651801154946
0.299516981913734
-0.5144320945493149
-0.4335808108303969
-1.4090755509592578
-0.8105751398701179
-0.5340136265292326
-0.5999122541531496
0.2710431394382601
-0.052781408043021144
-0.7359161138998909
-1.3097873823946407
0.9776374201440285
0.31012895442436456
-0.4742583732921587
-0.4069741348514688
-0.6587857600415828
-0.4814497928439587
-0.3646554709582006
-0.14859978995244527
-0.9563270448001372
-0.3801557002886015
0.2286633985534896
-0.44869314698435026
0.43315735712690506
0.7119075623609846
-0.5631846640586055
-0.6480709325843743
0.23448582740033397
0.8333506564932016
0.9499378818205506
-0.6199538251280277
0.9086948959694423
-0.48702361928622473
1.9239575949479564
1.085966648606215
-0.1917669324234158
-0.4471149280839752
-1.0972443818676578
-0.8835767392476429
-1.736427216006122
-1.4936294111479567
-1.0608850903228437
0.4976654676205259
-0.35138988425521733
-0.9238724315719763
-1.4198111863778908
-0.27214590410993833
0.8570348711628694
-0.8377952845843033
0.5975669035535117
0.24888918152793105
0.33050775854134884
-0.590597629147785
-0.17604847017578434
-1.2158295940319606
-1.8074517376103696
0.6710841994558769
0.5313928933862866
-0.269149308486552
0.08379646696594428
-0.18080000436516608
-0.6867169879513498
-0.8409380742145064
-1.2800399297706289
-1.5618080509979624
-1.8473393477522955
-1.807091747108466
-1.0993980230078293
-0.20190838138384082
0.2777923696224067
-0.5303426834147502
-0.29616906058159587
0.27936233773319397
-0.13080300558454883
-1.4663301997315377
1.0177514553483344
-0.3585154215170162
0.5292088004962073
1.3738308497566387
-0.1782255232477027
1.0170190157637313
0.12512514790390517
0.3048553951870434
-0.5814358438329296
-0.8206930964985999
-1.856327391275421
0.40805614106404653
0.8169662165453626
-0.5699999636145205
-0.11357376983666428
-0.7013057901001454
-0.5652939653513617
-1.0658744406385416
0.9227373651377637
-0.5899268313678712
0.5757122607813102
0.1436511414632068
-0.6339207845988067
-0.8292552575871275
-1.009282918009287
-1.307507959811349
-0.22052812819537065
-0.2968663926460672
-0.21896396628917034
-0.13533890304916554
0.3766617478102432
-1.4361357701473532
0.04796877376266684
-0.1805784003361147
-0.022147603064175896
0.14410249488571014
-0.22828643706967844
-0.10509747206665473
-1.1110389889405456
-0.5559852867661589
-0.26014960654238456
-0.03326553723823489
-1.819904161761196
0.3107769839608884
-0.22853936765334265
-0.08746399992970247
-0.4295109746047278
0.7399341312730614
1.0362055406848478
0.7283902830576144
0.6422493395664151
-0.6488295964867008
-1.4298331759517175
-0.3350922267121087
0.565526040089428
-0.7345758609418047
-0.9238645041939189
-0.8415265590476152
-0.18292599875620486
-0.6338180809428564
0.40917001784961327
0.4556750664700743
-0.020741871806981838
-0.13704416576357165
-0.5729247665375784
0.13528676331755496
0.10812539961214862
-0.16564752305025476
-1.2958993927700053
-2.0925287996018405
-1.9661197853643047
-1.6450415798290483
0.3835572081714818
1.4700702562077796
-0.11691553985636405
-0.03439975260338593
0.487581560169594
1.0437849084575483
-0.5808017131528864
-0.953822018257453
0.3314613902296458
-0.4302043161617351
0.312600299894192
0.6269145174087049
-0.7556946953033902
-1.531066398145467
-0.4025214355580898
0.2308939172215656
-0.2868267575231267
0.10500063682660797
0.6275961353878232
-0.902526082381173
-0.5855650758735496
-0.7213032925699806
-0.1506576993065449
0.8531802259324234
0.6398162790796498
0.6072643587041147
-1.7900786026725306
-0.5677121981499325
-1.0246799157937403
-0.019744816683597177
-0.7955700200145513
-0.9143032255801731
-1.5895393652929215
-1.2240116883723204
0.08150501608830797
-0.8477637029030788
0.5118875678814376
0.586500430838403
-0.5304001492625211
0.034778122024297586
-0.9741460919105536
-1.7940169555720065
-2.2240873193799295
-1.1653071846231824
0.22497525483999586
0.6558006026909771
-0.7794548547434211
-0.3850082547760153
-0.9454395119594408
-0.01183140008040745
-1.0033021215700981
-0.5235238060049947
-0.09520512578914025
1.2937736735999716
-1.673242302033462
-0.19004831533943778
-0.18191721181129938
-1.1713068853672968
-0.3824533015847992
-1.2642522997151917
-0.13893155186232217
0.3437070437973732
-1.4062471954109887
-1.470464781785904
-0.6396650196668345
-1.3680933109125875
-0.5422134794890777
-0.7750639748801662
-1.3100865705049285
-0.8154052119115092
0.5241789381097101
-0.7580492251702448
-0.21538022678098356
-0.2807428910527556
-0.20492180064699317
-1.3622165107728699
0.046714831571422644
0.11023744892037954
-0.6951947832411527
0.5713258233383719
-1.3442031664682577
0.22398180648722346
1.0677473571235787
1.2357127002027222
-1.2001075795774185
-0.21305435571405645
-0.7139565568562284
0.8685900375449751
-0.29479889870405235
-1.8874912306981573
-0.5046070034353842
-0.8547929837527228
0.08731138251226905
0.6882908249025206
-0.2384143634561865
-0.7142840862900707
-0.6666314584242465
-0.0633463622043351
-1.5555426377444332
-0.9549891199176083
-2.009662986078057
-0.5462847040503369
-0.7382200356290213
0.053364720771661156
-0.40011266519378197
-1.2254069836713786
-0.14321761361612778
-0.12696991723907458
0.40760240781855517
-0.4684200536881924
0.7239500279104327
-0.49327218398958156
-0.369442646301538
-0.8125599790629792
-0.7050236969742393
-1.101792552505519
0.8483575972944473
0.007700785741412197
-0.46932142310001557
0.06670749925701808
-0.06509444417507237
-1.6398668649628796
-0.862571546201874
-0.132182397567026
0.4695660708713409
-0.5307599960291949
-0.7298208931289292
-1.1147514850953946
0.17646215462157752
-0.7725823663689575
-0.6422904561832298
-0.7850090546513783
0.3676334524488897
0.37583343251712875
-0.29469530178433145
0.8342612536422238
-0.6174719002197441
-1.5065966336681633
-1.954892620123092
-1.0324582629813301
-1.1349335739337332
0.26971530936666066
-0.34008535089570746
0.5028040520561509
0.5046654002835147
-0.25055628942538527
-1.0772900512872408
-1.614137005833193
-0.21796430440826903
0.2889993014719183
-0.7351589186407628
0.4196055082363832
0.268900918548833
1.0540996246966818
-0.56013503737179
-0.032787921735012784
-0.0818777203676096
-0.7203605305537715
0.36070102560819706
-0.7638767620397964
-0.13726346644317705
-0.9431045879437236
-0.32772162655233206
-1.064700408697584
0.11833202595663228
0.8090083701664488
-0.1961517389206069
0.7337982467972708
-0.07444912330604819
-0.33148483311448323
0.2227681550528438
-0.27660459902440454
0.5849805357972628
-0.14379221758611505
1.1314708184537188
-1.0006091831165307
-0.4046021202936831
-0.28650414303607913
-0.07472196985654345
-0.695991982656936
0.6181532136918233
-0.45025732663648765
0.3027994909029686
0.8604370206701202
-0.38872458385657205
0.41044986940306377
0.24680227114393627
-1.0609175385696927
-1.4701953005564443
-0.9919784835745515
-1.3953950895940204
0.2783673912742311
0.37736569232470935
-0.22672114387472642
-1.4088382472439789
-1.4677291348549466
-1.0994135882758354
0.3068961875843468
0.5604619563157751
-0.35958041793597123
1.0449840821256557
0.36269196133061427
-0.9702530826869984
-2.0085398405029036
-0.9791933958128163
-1.9896767261658848
0.6288425818494254
-0.5544257003585457
0.9349484628937716
-0.7076635203501436
-0.6928639674425165
-1.3381657580444943
-0.2652868898857059
-0.4958958367739213
0.12890650851527344
0.8082249921276151
0.32382899096335094
-0.01069637845639726
-0.13763020470135962
-0.7741238678581307
-1.5809891486707048
1.0773786915474994
0.9526476737604885
-0.19224101035514174
-0.823733115011845
-1.4459513304481804
-0.17444546110927445
-0.716085789603534
-0.7409906583734662
-1.2012354891695693
-1.1995930826097314
-0.7077593690066392
-1.1393512020334005
0.13082538772301577
-0.8634140972979578
-0.8301974507728175
-1.485519681878635
-1.1491091480176212
-0.5504475425785367
0.36684794854369607
0.8494316651001151
0.3161275680510858
-0.8271931510633422
-0.1351955626292957
-0.4098028895582963
0.38656057460262466
-0.8437668632749319
0.086395748994258
1.0833385336075247
-0.8498108464682306
-1.814882123768203
-1.346316946221516
-0.7567878789692735
0.49289588487856134
-0.541469868362761
0.8671884372757634
-0.4567548074733108
1.068457312868082
-0.48028297259651476
-0.16118705103322556
-1.2573267003359068
-1.2809142430584903
-0.07207274999499941
0.11713995326393323
-0.7795067722493552
-0.16544341236880655
-0.6504895387662599
-0.7795337318519606
-0.31263007514648117
0.01768654073751713
-0.9917873453622272
-1.8936948655114962
-0.8424812864529971
-0.33902898195191955
-1.8681153083165636
-0.07483246641178565
-0.5307690056431724
0.2595446447131001
-0.08938367445882567
-0.3237005352042603
-0.5717303413925277
-0.9178228169783397
-0.3937343561530631
0.10688721835907222
-0.31473002519909
0.18618075233571638
-0.06207613844339532
-1.0670830834429588
-1.028881158029179
-0.271358509774968
0.006590731873887992
-0.4104915813169672
0.44065828741839425
-1.8329047652590345
-0.8690871675680583
-1.115867290558993
-2.0865997461334365
-0.12524991619227238
0.08842924703048327
-1.711211318964296
-0.975265643879475
-0.6408470609907747
0.60104938352837
0.4066021655457351
0.044217411933154704
0.4055398568464915
0.0071578226421150914
-0.21456063438659112
0.7570854095985515
0.6442091211040792
0.6623877731807499
-0.1622599342781776
-1.129231899057347
0.0842282903646388
-0.9445083432748123
-0.7041071016369063
-1.506428522800191
-1.2104386067987336
-1.8431339263052904
0.1317033507843679
-0.12590416497454837
-1.5077754280764941
-0.6758855771351981
0.4694279848104076
-1.2781218201483733
-0.2645335669099914
-1.1490202849112585
0.5667401939691518
2.229173545863737
0.9872792485575803
0.9810005103867103
0.464720799766861
-0.14955268544097639
0.05658972860130538
0.505810011240938
-1.0101628257787798
-0.21181016941561875
-0.08798179518620008
-0.8765805498870021
0.3661499221965713
-0.9116015100296422
-0.7173536540317809
-1.0845637695839199
0.3980521972084058
-0.8809821520146247
-0.4603206173185077
-0.2900233657330929
-1.1086321177552605
0.21607313711811624
0.22665681648443325
-0.5545753160056066
0.5249309114910491
-0.9748978966787154
-1.1384285084109018
-1.038842573146991
0.2480349616503087
0.32627881840234985
-0.30432803105695
-0.003737488640187414
0.15089527667172173
-0.1677301892611482
0.43892310295922643
-1.5014100479519659
-0.6062757939467001
0.2103154268452866
0.48743164137609696
-0.6181674457181664
-0.21060888324176116
0.11725570349746867
-0.9365095609806542
-1.2293515243336202
-0.8222187715305809
-0.474871634354323
-0.00959340478158871
-1.1103295715737558
0.02005590892609821
-0.6709655229900539
-0.25058682713169445
1.41144148500113
-0.6363734417422998
-0.11552558370221348
0.06327391084075942
0.6960454053299506
0.5277743735682672
0.0018318749739467677
-0.6875125086855944
-0.8593037051933786
-0.22782228848889308
-0.7931678419752366
-0.19213170147572406
0.24244140562778693
-1.1957175830416236
-1.0048044916221321
-0.36188372520044276
-0.851238020447852
-1.6719059536562284
-0.1599125592135685
-0.5386941091373754
-0.5132993738864265
-0.8837256193987867
-1.309331984855248
-0.05032600899818246
-0.11593764817380342
0.860668374107143
0.8515892459729087
0.4162843391045369
1.4733913779949448
-0.41023985850678446
0.2903921361684067
-0.33342309698314476
0.3499265421340754
0.6097993188431107
-1.2674702622633673
-0.10134520966661387
-1.3528667362299147
-1.5181164825041362
-0.12411526485348279
0.11806103950347752
-0.2201192249085251
-0.4617368328540397
-0.5282634738612075
0.4231038747018081
-0.7629465297289828
-0.3084832733427736
-0.850665133025551
1.9707251456295776
0.8210252175720467
1.369166194630113
0.6182230986526552
-0.4837780564569061
0.11389120378334372
-0.6708768708013335
-0.3834780245714243
-0.7772609194978304
-1.2645274687471757
1.4302107836059545
0.12473093809446001
-0.19729793845369492
-0.1251419940403481
-0.7233818604889156
-0.8334641203798456
-1.8815527513471886
-2.941988405796966
-0.21029591479228354
-0.11437447508552884
-0.4305741947124495
-0.7302210139713181
-0.37910365077952235
-0.4933678109827002
-0.3313441501449284
1.8787426590696887
-0.967843897863876
-0.13690934605214056
0.7081997865496543
-0.4593754736813109
-0.5633936441674641
-0.7965725742010262
-1.6439437853096572
0.5563064877076789
-0.4580437581826473
-1.2045623148742233
-1.111243436581721
-0.851904238581198
-1.0318713474381564
0.8824545439529866
-1.1206831063789775
0.09164485802231795
0.10579998874452262
-1.489326002776786
-0.8662942122405953
-0.11101727049541377
-1.7368601229321368
-1.0291984180617488
-0.6983682840401388
0.5052162608400899
0.3119363747919985
0.34984214541999215
-1.3180339399630443
-0.816775116591542
0.06092037963147143
0.5903307255941279
0.6470762802217397
-0.8372100798416156
-0.5031359554412402
-0.8870383575168612
0.2901083387404854
0.33485777031130104
0.0924783180104064
-0.29384484242191017
-0.30013712398528136
-1.9507280509905245
-0.41820718308280563
-0.86501301041278
0.07250809856743452
1.167592313947304
1.1401308895298885
0.615265712633479
0.9971118416404494
0.9625391113674023
0.4703480968257334
-0.6776389132217648
-0.041429947743437556
0.2914122831186922
-0.2672638954303093
-2.3056982393963477
-0.2206896142480873
-0.48531514098698747
0.060690312898276116
-0.3627633706846774
-0.49266423774361745
-0.4046340970099564
0.7328434351546677
0.35494431306762697
-0.5957606603806904
-1.011791478099644
-0.9988522460469608
-1.701098668820836
-0.03739592299193606
-1.3818643402694943
-1.0882703963591212
-0.12557675488777775
0.31888096803563215
-0.6763884371161556
-0.19842133497219339
-0.0744636795800554
-0.0495565159088234
-0.9336991398138832
-0.560868569094917
0.15699381031355375
-0.1595263669196335
-1.0270106999646818
-0.18780076294107106
-0.9203924467006324
-0.16773785307190853
-1.3145905427564695
-0.10586915736183844
-1.3116246620131216
0.39607478315327915
0.28133869274985157
1.0721398224860148
-0.3978749980437294
-0.4242641661362735
-0.735650451972794
-0.48123582058920333
-1.5873845751348723
-0.48520584730025496
-1.7615655417211005
-1.7628178632552922
-1.617359564975416
-1.9635449943353165
-0.5152051880534197
-0.9491017789724433
0.20536894904104014
-0.3746727572137162
-0.4625849364029422
0.5600147410714466
-0.7121912851979104
0.007349160954928546
-1.112946729262113
0.4476154645978698
0.7363159511034996
0.15999214923081778
0.3519691299930262
0.07523519738388601
-1.305784987100671
-0.9229818589763701
-1.2978256601013856
-0.14837827806048054
-0.08251769817934905
-0.12393440504937386
-0.09348371139391602
0.4109829623386634
-1.6765155680706998
1.0837483788949502
1.1810592170233267
0.35406352623000026
-1.1903318819750868
-0.9284851079095389
-0.10092838820917738
-1.6595138566368746
0.4377260901854598
0.7480081798429612
-0.9557106574462615
0.9094575683517196
-0.34535428450244215
-0.00757602243744121
0.16161191667619346
-1.904993230673003
-0.529837179485151
-0.09833235835442944
-1.2228222363020715
-0.6409881060793128
-0.9114282005841049
-1.1042970097162712
0.4482420605776961
-0.4769446726151967
-0.036073031873695094
1.2965018970805429
0.6138537972121988
0.6190850451522336
-0.17796231748283498
-0.5017159665999049
-0.23953875289807136
-0.4084207050908504
-0.8259363170492816
-0.31446483729551844
-0.35827607179622556
0.19147585196934253
0.20304067479026833
0.34337755549558935
1.5114110901314237
0.8649355665683913
0.13401563046082765
-0.002950759870733677
-0.2860112172973019
0.3530674025003292
0.5850784101318565
-0.11836403883503212
0.18361663625661753
1.6634658399704993
-0.24011058891218023
-0.08094180172636886
0.4730962465937966
0.7177992087922985
-0.14693798041553743
0.9975966753874491
0.46423335440956565
0.30480834212876584
-1.0726219057145703
0.6948734860886536
0.40056408497739615
0.10888051620134248
0.07918321622126634
-1.5199873330607931
-1.7059349975262568
-0.8437621327179908
0.4887204209305342
-1.1875290081443248
-0.8896548331580917
-1.0026140040888474
-0.5413007588500358
0.6157059170253267
0.24602272192222552
-0.16789701493946216
-1.1304915836723242
-0.5782763709694769
-1.2038896927633145
0.4998934873727404
0.6813425962178201
-1.0030442104233317
0.04029732111169754
1.9017838702068237
1.4247410616668679
0.04213079293795241
-0.8632303169633677
-1.0139995528102785
0.731976212544676
-0.9739830622201099
0.2615812056422042
0.7543828614751713
-2.0915495254945844
-0.8272501098683401
-0.4505320961628786
0.6859331478641142
0.6998620453597342
-0.6279343684051611
-1.3522715725237002
-1.0740931525103203
-0.7569150547867769
-0.4906207466332701
-0.47741555481937126
-1.259984846341582
-0.2670924224973895
-1.2951577537774128
0.025266795002420406
1.1295786847022158
-0.4232093456547438
-1.196612592170535
-1.0786140525848937
0.22035696340997674
0.6820423885034748
0.11095863215563029
0.208424004821387
0.7991598309570502
0.3354109522569689
-0.07713255013460774
-0.003565701848505576
-0.35223703653242244
0.6953657202449761
-1.0143132458669393
0.20153754740481852
-0.13422733835144662
-0.5432170257239806
-0.3902641659105539
-1.723707399326221
-0.7642307507026892
-0.14973334539857389
-0.19518182005809598
-0.12144713731960233
0.5566480255373221
0.6546801147668071
1.5007479950318006
0.3684236988065088
0.9328352364092045
-1.279324987035474
0.008322152017547935
-0.8972712299593866
-0.12808390687829407
0.8054402544255965
-1.173191102600672
-0.6904247958199451
0.21701685755835143
-1.20805110216678
-0.29022969439480484
-0.7851173278282414
-0.5297273908475433
0.3279689990434274
-0.23636300622273243
-1.270848054669837
-0.0754411905888247
0.5630595577138464
0.38511099268659926
-0.08322023414054651
-1.287677556343313
0.2103236927836986
0.4921650849358342
-0.49086206602099586
-0.3132113291006301
-1.5968293093689596
-0.8296708887633347
-1.5555147030680163
-0.2686556791637208
0.49280608229620354
0.2390910395153998
-0.6670781553245203
0.32252994147071046
-0.48794128801005043
0.1197425669390022
0.2548526183842878
-0.6178678966357465
-0.30536539013581765
-0.32277813747500717
0.5724075296261377
-0.09567348451724894
-0.20927289868762652
-1.550634807664975
1.667833913875416
0.6907303114388604
0.0780960710724938
-0.20164020991984216
0.2737929627969649
-0.064819985106219
0.7006671918530678
0.17556476598711887
0.647299239996232
-0.25872388683007497
0.2106216795708997
-0.46553025345211363
-2.962891332727594
-1.0770546261502656
-0.34744114215261296
-0.42402542192815973
-0.7401859222244771
-0.435522916441176
-1.547292167967921
-1.2309249465509402
-1.4466144943878327
-1.0791007184246169
-2.2232851059901284
-0.5113732337339177
-0.008335710453324374
-0.84457816657943
0.07447170159845229
-1.6568194497349489
-1.1532793689777052
-0.5433559810840034
-0.11734656730018811
0.07371762801858739
-0.33480818354203895
-0.21995479958781328
-1.46085022865423
0.11857743165324841
-0.3554304022437329
0.4984987703348636
-0.8643862908690902
-0.608290845712819
1.3984972747610565
-0.15770444620433688
-0.9624334108531143
-0.3485742699151323
-1.1315831236276535
-1.1593910708033048
0.8343488841823777
-0.30286667575099835
-0.23527797885007812
-1.0688589166799298
-0.06393503214183527
-0.2737381814973925
0.11597396794614367
0.7469873018027557
-0.21591255635688056
0.5166491909826104
-0.8394951204852303
0.18870723168867293
0.056266146286358315
-0.5724950250216494
0.8572541727421521
0.05608933128578192
0.5180214808858342
-0.7696772665605482
-0.4241120792165397
-1.577829608787531
0.36520093934773656
0.547386042511351
-0.16421372901760178
-1.026442634967501
-1.841300132886837
-0.863763655710056
0.5478811191555684
-0.10047690568639656
-0.4279517056157991
-0.41088916171200507
-1.6171936774425286
-0.20534382912597743
-1.027465902210463
0.1736108909577493
0.6019933042051093
1.3795029196456081
0.51472949000954
-0.2670617087880379
-0.8727284738690185
0.11318922379453455
-0.0008415488240776578
0.5303440609164191
-0.5348256622262074
0.23768776586445217
0.46699380099917565
-1.2601231440996101
-0.16361278425255948
-0.7841513095689268
-0.24775468237234882
0.2056802499557587
-1.597005518936166
-0.31799050272408613
0.9730555322613286
-1.8492438602571206
-0.43345066438267854
-0.41048480764836487
-0.8971963183769949
0.06057430396955921
-0.7792102390287794
-0.9926072336415266
-1.7277155582014896
-0.11670794999565165
-0.9811532928820559
0.36575687879520125
0.581317974128466
0.8883615815289778
-0.10133960958203196
0.8029596270202237
-0.8791513982688747
0.3249309816462665
-0.2945408942716533
1.0409733030858486
-0.11524722643331553
-0.7844210240360954
0.18719979389948097
-0.06409066142206088
1.181127617588301
0.37135742037161845
0.058417286883095
-0.5985064318632216
-1.9946086624870867
-1.0657647765747456
-0.4515127980362701
0.21991546872032627
-0.551689837745581
0.6403674173543007
-0.20681405961846483
-0.45213898389629176
-0.8594643917750183
-1.4356355868499004
-1.3656435252537351
-0.3184851049232138
0.2573898046685047
0.5206960818731778
-1.596496869904919
-0.09286863602457884
-0.34418370288671096
0.1769328924948194
1.6226264649247288
0.3324763160407684
0.2905287079950259
-0.15295314547894956
0.09333541115529939
0.17360717331797038
0.06894015650637786
0.04914178233595823
-1.0709295070260196
-0.2375362415750505
-0.36448393217710917
-0.5221122726375709
-0.5523459867011241
-0.2936583058088341
-1.077776728684613
0.864675862825875
0.5055059599803251
-0.984127168939891
-0.6340090066247352
-1.5247781500115725
-0.4709635694614549
-0.14068307238003927
-0.06337284807594518
-1.281115911548183
-0.009420558015833913
-1.3269891210657667
-0.26493979257532657
1.0230242864820656
-1.7432321791492416
1.0261304113717156
-0.24483181791295838
0.0557103374321237
-0.3087537800698254
-0.8599288605934398
-0.1762384992891498
-0.548333969198539
0.3839736965039641
-0.4312381834276932
0.3708474117148429
0.26661196689707334
-0.8793713631184595
0.670475855120974
0.13262014514977627
1.6667840988000315
0.40795766123212707
-0.22551203277610682
-0.2129450757951713
0.8571317919743321
0.1598650677356446
0.0079405520631145
0.4509902839830612
0.8691721704259378
0.02730555504732768
0.7808398989605856
-0.9371348114111311
-0.06171394709663258
-1.4892021186156443
-1.8620033917113392
-1.0237625881432555
-0.2651684445057907
0.6777097960632752
0.9811010342926496
0.12622612647045567
0.49819188106815177
0.258550192109837
-0.05679469558572625
-0.6350569216605025
-0.4361457180202498
-1.271946072138348
-1.3249779585929065
-0.8888200525129415
-0.6046288394103495
0.04635203215442274
0.565681012947494
0.417910893204714
-0.3424443162223997
-0.22866138372004097
-0.402113840614997
0.7230729614146005
-1.8687323237246876
-1.6884970388912675
0.6290162040990919
0.6707204900251924
0.4753841255491116
1.5329137003228221
0.13909903016943473
-0.07865711672032982
0.8092401393636978
0.5182685685920521
-0.48962492285560194
-0.08774008152784019
-0.9612160442468909
-0.534094797693219
-1.983187567540066
-1.1858440882824657
-1.3619747424797728
-0.5252210989089161
-0.25576044569885337
-0.16429159282201505
-0.14144783378890713
-0.16035977996132567
-0.9764368655412748
-1.548285727622634
-0.4115843960100106
-1.4459004855971336
-0.30937923343358664
0.8806614275549948
-0.9870490901707933
0.3289753889098341
-0.5654769012399457
0.05262346997000106
-0.5180676962313174
-0.7615917184102983
-1.4694371768600631
-0.8340068196555627
-0.5899220787252858
-0.807585220369766
-1.1560214618895381
-0.7243974900959173
-0.12766797317803352
-1.293173242836775
-1.515458661078335
-0.2909806988813187
-0.6682478931189678
-1.7291991959875346
-1.406993032918786
-1.9624632668012842
-0.16026743814595457
0.8941189115523305
-0.29455093251105746
0.35626797707137026
-0.045815609445114425
0.47922414315717055
0.31454336659573734
-0.8089264675704207
-0.4558217316956321
-0.4530889384282789
0.08273433896982241
-1.0760778958594022
0.25654385769274274
-0.29501229950732544
-1.6956861979194549
-1.68492594915721
-1.2322454149222661
-0.030537081860581183
0.3422237997915457
-0.8050341331220399
-0.8879194252563212
-0.31400194710200247
0.1651362234020047
-0.3648511579019629
-0.28734441538422156
-0.25211858190637276
-1.24712674416946
1.0223502974068681
0.37577738589481535
0.4152364692770686
0.9085575221515174
-0.36670955568973285
-0.657715404730656
-0.7737099997444321
-1.2119326859989348
-0.02928089430270836
0.08653837179170498
-0.1355347773917544
-0.5548627094631682
1.4644545640128463
0.48064719831346503
-0.20744097520154403
-0.0011069970123304684
-1.511018336839102
-0.2733489166240465
-0.5546423865859804
-0.7217319202745291
0.07866547392484108
-1.65554108256045
-0.9208916797534645
-1.5692322018396703
0.5893379520376644
-0.46553122259676694
0.36740624498082475
-1.1187361685603274
-0.9490530395051691
-0.8043952127516845
-0.562160791961396
-0.773576910472281
0.0006646549042816918
-0.7244248120580923
-0.035736321483062605
1.0850168068967465
-1.6896772439470273
0.1280008794612597
-1.6959984633724814
0.4458164889617773
-0.09805514472342486
-0.5562565890775721
-0.21350277962881348
-1.2526571640011996
0.6485491513624453
-0.4131018549799444
-0.2945963641736466
-0.4294744454817392
-0.898206711213611
-0.029084980657863635
-0.8125314094637134
-0.1979768899380273
-0.19097317671254266
-0.5360811683266212
0.3060701461575218
-0.4877380217310294
-1.6234974069889079
-0.047721632355074886
-0.08514886471273186
-2.238391838632376
-0.19806555632891742
0.30711674522402677
-0.5327874064178506
0.2264702057829593
0.24431624346697806
-0.14073336721162655
-1.0761377834239223
-1.3578092021307104
-0.08129324615310773
0.03371592445468846
1.0100529928897821
0.7331322794952777
-0.19444647291839495
-0.06933205575129942
-1.0271087558415188
-0.7914695514631832
-1.107047515556033
-0.7769168217202811
-1.2775952067923828
-0.31574819986354613
-1.0149169532494924
0.09030120554270452
0.3187668383300518
-1.152376310125216
-0.5484950341136907
-1.0587053215588453
-0.45579064793549184
-1.6856913546397627
-0.41930686230767455
-0.5382449122443701
-0.3419025934466784
-0.5548619683619541
-1.7433719246097386
-0.690185783514291
-0.9604378389947413
-0.2538859865686651
0.841316834220459
0.08917333338435249
0.27582811619194636
1.5874343685227277
0.24456835683769684
2.002845374920865
-0.04007835173466823
0.7930687974480175
0.1434201145153865
0.27746677747013426
0.9509454721150221
-0.06988394698018971
0.9002794061835178
-0.37920283933229737
0.8166238141087538
-1.308958150406708
-0.9645408819603104
0.4773397227898103
0.1876238390637739
-0.4951450484318879
0.18828278367932272
-2.1853227871409557
-0.4717438978436744
-0.15783359394740176
-0.45382701106434753
-0.015714373752673066
-0.8823292819314015
0.16269549361712193
0.01161181927181848
1.2183240989506916
-0.3843369124462783
0.04822935365209041
1.4513455366677408
0.1778208125830521
1.7756518338865042
0.5619849251458392
-0.25090991890170067
-0.08523326357129024
-1.256701675482718
-0.2824167868813693
-1.1493849898560407
-1.4565263965475495
-0.4030798533732052
-1.1551744621874311
-0.4690238417125491
-1.6006347846591533
-0.12298019024490953
-0.12378378550824118
-0.9382164573147233
1.3717245358358316
1.006053019940869
0.55104184036099
-1.4556472890188417
-1.4709365686587514
-0.3259064666154093
-0.5140327561076984
-2.0616226606880454
-1.0313146918958553
-0.43661295205085554
-0.677902193671717
0.06353579469483511
-0.27993188407226244
-0.9158280090141443
-0.15233941803254897
-0.05301832749708152
-0.5727172923474244
0.8301356998972125
-0.19049107050578606
0.8191737330024436
-0.03808144790068996
-1.1416789564721217
-1.5759043431523896
-2.535450100131378
-1.5176815600729934
-0.5544214635092418
-0.6049369338834938
-0.9233607520431593
-0.7779845842327973
-0.11172783759304467
0.42921676275783466
0.016689606848577114
0.08916892527398496
0.26896745940636224
0.1938412023820627
-0.6935369470763674
0.11370131294027275
1.3506910469695494
-0.022951248424701864
-0.03471075355408243
0.08459701545859163
-0.6803965848506952
-0.12023642742689683
0.5840863658845034
-0.08024835466036451
-0.9885838953561349
-0.5509024396575029
-0.3535074994811776
0.25034753132346077
0.23455579187669778
0.5530196299653024
-0.012557744412137695
-1.1298244511545956
-0.8076846216492231
-1.0901082380377516
-0.7711656333941548
-1.2284314724839727
-0.6444408003907086
0.43416594328718916
-1.5767274366057629
-0.7537980258015428
-0.1579040957393575
-0.5842786717292495
-0.8073568186716684
-0.7151503832301378
-1.066016075282302
-1.3771813190146134
-0.19855283300267107
-1.0353874097369298
0.40227374283780326
0.0799747673613557
-0.0964680165446663
-0.6149036398232179
0.24883179573774747
0.10714067905839192
-0.4224292532428321
0.10472298488771042
-0.7645962443939601
-0.36964236889101854
-1.3574029531268827
0.6898744971644408
0.4510247985427076
0.5376022373092069
0.32623068929838406
1.274955859452834
-0.33249004442087715
-1.3151884731361219
-1.5782355931880954
-1.3777483239497736
-0.7162636361049273
-0.8655003314634362
-0.24378968453878236
-1.020697887444575
-1.3123389756566621
-0.2644531158936605
1.3364188138115654
1.1955467487686904
-1.3217864451466153
0.34241550230035145
0.29123742295640787
0.35550927213015776
0.2914401656493678
-0.49555452850342585
-0.1439565752137016
0.6766206477729515
-0.264339876662426
-0.35759836102960263
0.027026012526950277
-1.097953009300807
-1.4187020860481458
-1.0225014900421816
-0.4649907414172761
-1.1452353681185232
-0.14433844504547116
-0.5376549095597231
-0.2263634409829831
-0.25908887086930965
-0.2539292743165695
0.5082163440785894
-1.1202262902579472
-0.644974017852972
-1.115679978158676
-1.1144088190583004
-0.3785397047498664
-0.49657753959545514
1.306623209630717
-0.30411513068745516
-1.2776734834980095
-0.45860404640309643
-1.1401033393578588
0.34513771438772634
-0.7903221666315854
-0.8287285568065126
-0.2784174533148801
-1.3046812650873731
-0.5107452513312486
-1.5433967453241006
-0.2538980114343904
-0.8282547142695152
-0.07201809599888814
0.38535767158642786
0.20202939308273293
-0.4456546113810297
0.15954254755863229
0.5001450146133912
0.4713239563793076
-0.9731109568511996
-0.7263672045224497
-0.8629587682069726
-1.183753590011354
0.18651519147362777
-1.4721469401353882
-0.3609627036927333
-0.5257666803179456
-0.27028841715869656
0.5071247078291702
-0.1718790116650103
-0.029191112917495432
-1.0879825299797847
-1.57763297474125
-0.7301041367216317
0.7496049162040774
0.6679290807491007
-0.7035068874195162
0.45652902001385176
0.8256241348954816
-0.5438359062078595
-0.16844414802400998
-0.2237572209372568
-0.8349550582055767
-0.3139377851300335
-1.238166269248386
-0.24478751748172584
-0.20514889796018615
1.2235725607867005
-0.8748581491082118
0.9794539194725683
0.6588508528018271
-0.39831964254868235
0.299259477059692
-0.6444184985868877
-0.05842809935872573
-0.35159701514038133
-0.6697668463462834
-1.0278707680226433
-0.16463491907396877
-0.6103527993129981
0.07210883108022503
1.7136506930197062
0.8284275858680687
-0.47597086411653333
-0.5943404141520188
-0.2560859780805499
-0.09414896471167922
-0.19353043077898957
-0.7009632446771668
-1.1298286077540702
0.3188328805850116
-1.4739352125398666
-0.4209238497395854
0.7237694865131179
-0.04317671627271294
-0.12017848740883179
-0.6941871026070691
0.45174319451746964
0.3950385347513987
-0.30752651030426315
-0.5688371328229618
0.0693394519091356
-1.155062780837134
0.4181224520440934
0.21930493410169793
-1.5352361053639358
-1.5869128522005984
-1.0952903259752114
-0.22354484194442123
0.6856804996312749
-1.0424470185768107
-0.9074618446227762
-0.3166252961223086
-1.130038932765354
-0.6250683461660587
-0.39554917837713655
-0.3076557338848878
-0.6484309222243452
-1.8276144860335095
0.9273071000054516
0.3471809449290471
-0.04835059131130082
1.4888642820143028
-1.757315801895683
-1.0734392126167212
0.13142072158159496
-0.04011145846755367
0.12470812396070555
0.053448162589137455
0.6271640041518602
1.0028011677723505
0.6796076810130607
-0.5424189469134384
-0.9141499563874161
-0.5082813870031901
-0.3443218483406052
-0.5965291120570704
-1.6799192908259828
-0.029417119754578724
-0.9843334804608189
-0.5252600384310938
-1.0564856496327755
-1.2353665098573539
-0.4822096532660381
-0.7888828430054543
-0.08186726659536592
-1.3233690424966762
-0.12874007471231524
0.10653603638814735
0.012201139786951698
-1.9485870760352793
-0.6765909026466193
-0.7084410910541958
-0.6376753678333508
-0.3783255575535747
-0.2085166536592421
1.0210585352609538
-1.1449408900343603
-1.3976846574780364
-1.6238997702246962
0.16011776671406597
-0.060864691687237626
0.9181537890375013
0.21952344090317089
0.05279602637090042
-0.5321910205224138
-0.8610239390011127
-1.9743939505855148
-0.025832862066167417
-0.12885706894286372
0.40265002583884757
-0.6757018465041601
-0.5803507996101305
0.9513697614683476
-0.11230195289497452
0.05262158695013293
0.11266966513756677
0.2524582149190504
0.505798719603559
1.054588574861833
0.7508894423865143
-0.701392825419734
0.24423377043796235
-0.8054798582041823
-0.3607681369724249
0.05006856917349389
-1.3117141108504484
0.5244799290881592
0.6888914782145772
-0.18470721396477785
-0.38254477922514546
0.3789818369072666
-0.750286992168534
-1.356494456809574
-1.60658558385617
-1.451594264531569
-0.33847335484636654
0.34379737099755114
-1.1167835632192096
0.15083509234642206
-1.0830744077497176
-0.7394406880523772
0.25670301524432887
-0.3838748906028121
0.2287577660641118
-0.4598493918933153
-0.8868742575660414
-1.8147956673238541
0.13253209021655116
0.8578947272443055
-0.05527398890577584
-0.6782816777844609
-0.9532304164251711
-2.0256967091246048
-1.0078750277507433
-0.2637310204156628
0.19188468528245461
0.37450128949828365
0.6412310898978598
0.02812771810952197
0.8470719495763934
0.047495681644625226
-0.0727682372960971
0.08764471397492402
1.0415407747189196
-0.4536772245574845
0.0901246546973416
-0.3982132695794636
-0.5042473134275196
0.011407082178180705
-0.6433282426069801
-0.06342927452468525
-0.3284530190382599
-0.4680857945440573
-0.9453375799532636
-0.05250340728362535
-0.9562170964408766
-0.18971888562905126
-1.4082288538485324
-0.5037263169135295
0.06490047431588208
-0.7941054255054865
1.2131276462960914
0.11984001219299034
0.8175078324127816
0.1862141274346177
-0.30190966394786223
-0.003723633940362403
-1.2826268681284274
0.3577608704808357
0.5789486219620213
-0.20579842368297047
1.3308141853547608
0.15067578257354544
-1.0178705793333405
0.3317651051808908
0.8197083289191582
0.2939770587061205
-0.4655995696666438
-0.5190470332039924
-0.8224217723700923
-0.266144492842482
-1.2900332370829295
0.20664122151186423
-0.17007692771155247
0.011902458184467918
0.7712376535443849
0.14735917628703765
0.2653107518172785
-0.005770771195091395
0.010243209034562217
-0.9382674525660926
-1.6100423736285747
-0.9138588760637735
-0.31446868433191466
0.636018156341615
-0.14939715023064531
-0.8008007184298257
-0.34133681024981427
-0.7084110950509979
0.13422932573621293
0.28049178447380585
-1.3018219413979324
-0.6258049606324421
-0.3044704964445418
-0.030746666842148884
-0.6219098561305008
-0.058553385159329396
-0.15728653846930743
-1.1473249897882423
-1.437013662152037
-0.02220494932814382
-1.1247223744417885
-0.09931669614906641
-0.7124393003886185
-0.05140976338920232
-0.5722874669813217
-0.47449089137653394
0.8718104035075682
-0.5091823006988521
0.7125420648587482
-0.7240830801621702
-1.7074374175202858
-0.5746249190206725
1.2975364182005085
0.5765883705248664
0.5161549611099316
0.05393900448042538
-0.19903331143060488
0.3641314664599278
-1.0678482223673806
-0.9781953528508895
0.10320808015943883
0.16457207045742905
-1.0714837421836811
-0.17872712527702778
-1.3450032520434267
-0.27428060714738345
0.9199251720171473
0.13970835122791825
-0.8441407334685118
-1.9194745761330683
-1.4980760051748794
0.028536116529401245
-0.3107730831909749
0.049793271893321084
-0.6614264297234231
0.8872167288409007
-0.30183002437000517
-0.23766280860429773
-0.7094239624364678
0.5051327537772293
0.4357070313539594
1.7213886977417117
0.5290442993624473
-0.5158495917370968
0.6702671898802779
-0.3371931455651044
0.3558106423252174
0.1987803333473689
-0.8937652933055054
-2.0243241311722935
-0.0667740728229319
-0.1328495785191867
-0.566841291492566
0.3151321265163086
-0.5677951713534964
-0.17349372930620988
-0.0726203664657809
-1.2258780365444262
-0.256769577387578
0.00791180310537759
-1.3829068378375997
0.12962634669858086
0.0008593116765698849
0.33953106034859776
0.3727368040819248
-0.19020912831251172
-0.6874072071132258
-0.09778325388063591
-0.13997065222368582
0.6221976958863373
-1.438622317899177
-1.5002350836913725
-1.1458594230955848
-0.13631678258769203
-0.6528899132760163
0.29614033384507216
0.4581647467999118
-0.5070625765186477
0.35637717173406014
-1.4391633553678496
-0.06748996276044594
-1.0196853397936172
-0.9998917971805307
-0.1572461162758321
0.15688369637481114
0.959741955239916
-0.7636562259140655
-2.114612626931413
0.18510707760768635
-1.3271390819548958
0.28375951315747516
0.13029595374993413
0.22233898436273342
-0.16480842666021722
-0.9544588377967879
-1.3450938350412784
0.015008772169938733
-0.7950224934395939
0.4561838029230765
0.1903068672159695
0.09919437755683837
0.24211614246675303
0.21713058902734433
-0.5810878265641939
1.3282860656298994
0.9815217190612052
0.8659403274068489
0.5473224419052628
0.06174370505787058
-0.4434147021762831
-0.024479569019815572
-0.9939703428640273
-1.2758904693046635
-0.12586528562925808
-0.08914552157119016
-0.2556980105419688
0.2666096178742087
0.718927189958078
-0.4160642255561918
-0.24574557149353404
-0.30249380749680166
0.252464095916389
0.509115786685345
0.13764618499344766
0.19344105061609598
-0.47423279053098244
0.15780216144397596
0.321510010090744
-0.47933812401038256
-0.4050749962704374
-0.9290273411214447
-0.9543433931397056
-0.3162486799363734
0.8002488054197315
1.5509396364870964
0.28351025217467857
0.6830105874398992
-0.3132165145486697
0.17760606087388636
0.6369156874994606
-0.22843866819583797
0.08401636655614841
-0.4204413747567718
-1.2442359723530236
-1.74871485000078
-0.058704383622122824
-1.2680930753194994
-1.2335171202206254
-0.8249846758179153
-0.5386742860896698
-1.3580698975211456
-0.2993349707337457
-1.7258929501056972
-1.1308134123963416
-1.0721307123625747
-0.21494005668686755
0.11622453250368436
-0.7148978397667015
-0.46447075736954113
-0.47031223687478596
0.1877745858896663
-0.3097328504346236
-0.2319340598079675
-1.2016898483967575
-0.6879223968663778
-0.35108051921276123
-0.2564634203422276
-1.6255394124256204
-0.7537770005974279
0.2807874452873574
1.363315686939026
0.8906303958851807
-0.15451499548047984
-1.8868768378649716
0.009882500700438862
-0.28065359609963775
-0.27134094508102563
0.7226197368154139
0.4176099597239895
-0.9953002082807757
0.9894493584388473
0.4331099134678697
0.5174019118959468
0.03859607466221976
0.02685684466170707
0.17899331036250563
0.3533461000763701
-0.012583245189259351
0.8141891578659826
1.6376142138007634
-0.964954903501352
-0.653301421485941
0.3154569253090748
0.5867859056236052
-0.8536646370014981
-0.0897062437119403
-1.4449057377902643
0.029183643021944095
-0.7656504763089157
1.0355005348189987
-0.3876020783358058
0.6274981147677969
-0.4070446675177753
1.0258538137007651
-0.109564539119134
0.5754583248800742
0.2439348781433045
-1.642089811046493
0.2451126754509984
0.764953611670004
-0.3313145673152893
0.15133787264349619
-1.108999083702192
0.5660916005523134
-1.2857803277361355
-1.3245872432794872
-0.05081797736831489
-0.30712082897850723
1.68856638490395
0.8739138309115017
0.36351491754976906
-0.03040198426056484
-0.21274947711791994
0.5630007013170699
-1.4925226353920968
-0.020440400897106636
0.4309808455744642
0.013292947046795844
-0.9292828227097147
0.6147261760529783
-0.3451466034757588
-0.40011521047702286
-0.5275372673716673
-0.28956446202319597
-0.5427389410999561
1.1911791400948406
-0.2577768095593265
-0.3595038889254084
-1.24897147224213
-0.8014572479899914
0.06434523103657334
0.28389942924494727
-0.516680417196123
-0.7891459845136781
0.24516622152729864
-0.7371732676231186
1.3261756533514095
-0.3361019336180727
-0.9063092155333048
-1.4875606420079084
-0.49084484276022894
-0.23054712386443377
0.7290045049789934
-0.8817053105028592
0.8950869268302917
-1.7194872756676876
-0.9479122278388441
-1.1481218663295607
-0.7750090384506011
0.13017152474973231
-0.5259327974888313
0.39792722277740855
-0.4797964493637723
0.09003310785117763
1.053564666603677
-0.8046920801870312
0.08216875456612971
-1.5983405875031949
-0.4980457587496875
-0.731445241217195
-0.4131506305375666
-0.8943238403487307
-1.4244743237855246
-0.8504749817368136
-1.9694353007065477
-0.8118164134650258
-0.210117428751057
-0.7792722849846531
-0.1681446362154742
0.39618952825277887
0.08941678678729187
0.06289335520646794
-0.8347769873773181
-0.07569205810876478
0.4491656478238112
-0.16720956011885219
-0.8034310618537478
-0.9806276953593178
0.5872589642134896
0.5043334302705674
-0.5670462271808736
0.1646545104480632
-0.34525007136820374
1.3308574994396931
0.5130764787352549
-0.023757242118025823
-0.2897346515316159
-1.1127834020480982
-0.25189144645867817
0.05534582232062435
-0.2880433783838577
0.0551173160317614
-0.8959814849881819
-0.8608672377355627
0.5435329203826629
1.5771287823300222
-0.04368566886513167
-0.22247069973114164
0.29772710683668946
-0.9794214840866304
-0.015375321935911394
-0.0763810419359594
-0.7406227747992699
0.3316479493552078
-1.1764537472972174
-1.2520112957161083
-0.6200808429422097
0.08825591139707983
-0.7549680141586274
0.13793255842264873
-0.25058029683712923
0.7250803939455661
0.583334938815627
0.41199303346003713
-0.7507158573222068
-1.0716409981537953
-1.0976912101177263
0.019118199807328984
-0.5480494925801231
-0.5666680293226192
-0.6761780448298395
-0.5078344413108292
-0.40769483920588223
0.884678429093535
0.01990613407104669
-1.3924834873034042
-0.5387886667792022
-0.879802135460489
0.2111052506465566
-0.19503145439272795
-0.8775712916399184
-0.4780664875056656
-1.599125360995309
0.3415753197983104
-1.652201935103834
-2.1185964255321887
-0.5569834682882223
-1.0510775581202234
-0.37534982102151776
-2.6771470383494855
-0.525291227190196
0.3389895556571719
-1.1614766017543385
0.7029122002867308
0.760296199620483
-0.2242731894701835
-0.3589411256750601
-0.02174909650349699
-0.8148374769264831
-0.6365363166436925
0.060159811518418774
-0.84772129930253
0.11393323709666653
0.8630762239229257
1.5322692975396117
1.1291654114267207
-0.095871551732784
0.05359482573477603
0.022263988820631297
-0.020469839682199453
-0.3871866393767773
1.1073524367775711
-0.590361094413236
-1.0329900272059604
-0.026492669876234165
0.6262559372969284
0.5862193820308901
-0.663067398627215
-0.9195552171302366
0.03517311952238472
-0.6868938296970549
0.5995319567668519
-1.1574339024232259
-0.48045998611333507
0.6994676107631952
1.382520715921995
1.2258645069561473
1.186678681049236
0.7910089962814523
0.1369344827536519
0.13198409099482403
-0.5535192478646328
0.5198736235765965
-0.3370211170177121
0.2528425892906103
0.3910241994375314
0.5778093456212119
-1.4347289019677019
-2.4549658741771325
-0.8783043056392701
-0.2495942641040842
0.6469408842320826
-0.5049126153300522
0.9119136916614117
-0.8048298033207153
-0.8122223712105335
-0.24742598124726145
-2.095288044820303
-0.8524141544236689
-0.4688846668445765
-1.2014171344361422
-1.116885305318169
-0.46831251815541475
1.4261846346894411
0.7064956289306379
-0.46142931847792346
0.09130148768375573
-0.9143850095470091
0.5978392641776453
0.33491013963117416
0.1242403406903203
-0.7784692793534482
-1.0569961928768512
-0.5439068759924512
-1.0172369226312066
0.759805364169148
-1.0412235862087342
-0.64653287868486
-0.04046379873943544
0.5771580965416351
0.4410688445537936
-0.7678462951501432
-0.685027698849449
-1.2523034827655275
-1.6081078492098935
0.39079188653671104
-0.384895029566681
-1.6562926863741425
-1.2613408320366037
-0.677310278510022
-0.46715915495449034
0.2790143036939519
-0.9105974469709841
-0.9547035292206527
-0.13366589416833724
-0.11318046101708285
0.2620681172136534
-0.7127282352390885
-1.245933904494868
-0.22713367699291614
-0.5140250839194398
-0.15527478376221004
-0.9777187192785659
-0.8464880013937174
-0.7563006447091437
1.1434063938980807
-0.1531195952564516
-0.2590562322592029
-0.45536098481958664
-0.33034337429898786
0.7382311518759697
-0.37223821693066167
-0.35635471895399484
-0.9611099836467757
-0.8087375007164425
-1.6356439739316617
0.4352464037114269
0.4032194557803322
-0.00624061442314694
-0.41985975415821486
-0.49998534697101565
0.16290875040806665
-0.8151256764561501
-0.016395809648563547
-0.6616929709950663
0.09326534741481796
-0.11257415808535753
-1.8568992638184725
1.2653101771435118
0.12460702926163136
0.41231846864139826
0.7492397898420764
-0.5676502108738708
-0.6245664395120853
-1.0023899736250266
-1.2354414040920365
-1.5067659549727874
-0.4665964347689219
0.19959156649794862
-0.07399485510478543
0.06219995167466663
-0.8192836434366009
-0.4332545891719041
1.1390359460744741
-0.5368523585830829
0.07463053667591896
-0.8017636358849274
-1.2483947600011611
-0.9623843481775284
-1.3042890136044765
-0.24621753994166046
-0.7799957832563931
-0.5879255316207889
-0.09322602405268282
1.05429836113891
0.3855852424083669
0.31579849215293176
-0.34095702008136164
-0.15865362515121983
0.6182691162245628
0.9819996994743884
-0.9839480990243463
-0.9383475402085001
-1.3680137057230692
-1.3104660764020652
0.24560130597873497
-1.1870289635486682
-0.7674046886892893
-1.014903194696071
-0.7356566219321289
-0.6803315866493802
-0.8867523428026878
0.6455781083717939
1.121138896326827
0.7157884893786054
-0.9732813780244067
-0.4797190192353585
-1.8022775683564638
-0.804200640267763
-0.6413517135611134
-0.4588248330873701
0.1896116424462836
-0.5130299229191693
0.42380340304195874
-0.007734687191294387
-0.8310603671507513
-1.7627164783235023
0.4008399054127868
-0.1689059292913464
-0.14958019468962247
1.227932524327908
1.5056701774312207
0.6060024792160128
0.6136161188900614
0.5901662622652093
-1.2649414724540986
-0.3453565505772933
-1.4128619965002853
-0.24668398877383055
-0.35090651609494694
-0.592921344872862
0.4257591613504153
0.5218429826611624
-0.9970366934153557
-0.6293511556793523
-0.7565117347204933
-0.2941433622118928
-1.190038230254232
0.1260078975274145
0.8871997333964537
0.5938080347684762
-0.29337978438050816
-0.14152176975439063
-0.352330887338688
-0.42716027297870285
0.7595404438089957
1.1493582216092297
-0.9929361812814246
-0.7130243724560996
-0.833159151911634
-0.9829358136079562
-1.343705143574217
-0.44541335713828484
-0.49399673544961564
-0.95816987819083
-0.13298344459349537
-0.5781801954724052
-0.6017233426942392
-1.2123292365922156
-0.8196130594860893
-0.06025707167171218
0.04631439740850191
0.5944219397261878
0.4696319389477177
0.3247644140997998
1.1234306017370428
0.1026588095574103
0.5576473314697492
-1.4636298483195538
-1.3993708915244834
-0.2474189634672358
0.5683636724619638
0.1186536595228006
-1.0321060843111438
-1.7472217225490558
-0.390315649859907
0.2509507419445882
0.35022288611798713
-0.6722876196653136
0.01722894969890637
0.12594242679861986
0.4637383265942741
0.3105251884523158
0.06119464097918936
-0.09377981603265019
0.21990579985564807
0.42403221550592735
-0.7190959295585009
0.1103273775757444
-0.6294006846426095
-2.552719973079717
-0.926053697758475
-1.6423176341643004
-0.9960784666729894
-0.7285434747492169
0.7764029396135326
0.8611473614510188
-0.2515383298773683
0.10819220197199003
-0.5722288737194712
-0.9249232275582357
-1.0060185241428152
0.22253515137255503
-0.24259815213818525
-0.34282336552693454
0.26234879768523445
0.11563295054719816
0.20339407893141626
1.2903329823094698
0.05773570953388146
0.7214166426527282
-1.4329827157704633
0.33812183470204926
-0.7569977312960688
0.5377126566049646
0.18024937846134115
-0.4343654717117411
-0.5660707906196363
-1.376449617429755
-1.048586747552236
0.8357258382451943
-0.472382106484564
0.5567698457566059
0.39563817303770543
-0.6252723651404509
0.5981414479780272
-0.17511123918996455
0.2904555427377251
-0.6526106866587986
-0.43447751301446874
0.3428048954618152
0.19496265568105065
0.2917840310781038
-0.03546488378359747
0.720075313899581
-0.7078464485976959
0.38184223225631597
-0.061978983265851384
0.3823420857433259
-0.5048994027869791
-1.1322888665623652
0.47946095805080247
0.6930285148724393
-0.1669190789221109
0.46776317178816257
-0.025837451863916283
-0.7335574260956474
0.4393953151457672
0.07643416281240861
-0.6079868049413978
-0.6773217359771602
-1.5486331138245344
-2.178569255640495
-1.9039999402537782
-0.13669524374320596
-0.13780645739657083
0.8205439886799878
0.09317354337349923
-0.2838306346843994
0.15279710753856013
-0.30733759259868204
-0.49812905411218866
-0.6357036078672552
1.0550305339191095
0.03261164476695688
-0.7346439866309662
-1.7018292393970467
-1.5749130337054085
-0.7215330175142634
0.010363373822508626
0.42494388000401007
0.08952992773463979
0.17506800304711048
0.2749800003702144
0.008963257783392575
-0.8564931606933426
-1.3706800101756507
-1.6999991463958173
-1.699105805181591
-0.3609291936523745
-0.6874779198605961
-0.2678229206479062
-0.9112839347108793
-0.012728463770176777
-0.6850930501047595
-0.26474409498026213
-1.065806929888068
-1.0869373128143427
-0.5193902979398064
0.4459176466755303
0.7056281315956113
1.3340486895947274
0.5438558027972386
0.6501557317098103
-1.9511523191743154
-0.5907892648535304
-0.43327915887120866
-1.1058624920811166
-0.4392535301920976
-0.16009859284357575
0.7135778066938326
0.7858527120639621
-0.16046141007353548
0.2983000597134936
-0.16652086199434057
0.48100933189881995
0.8020744209978574
0.8504120657716594
0.607788168007918
0.91371279903775
-0.5112531553074753
0.6046234339419858
-2.0894941376123684
-0.519917004562747
-0.9570442966208051
-0.948957364023066
0.65463615679134
-1.0937299396585998
-1.8766629716225602
-0.7009003940082091
-0.3820967991440916
-0.5844745900754575
-0.20681344890324949
-0.10191678155577014
-1.611140606627364
-0.1756492102198361
0.014387283737070301
0.6647680109219727
-1.6140484713862098
-0.9880229873978816
0.25611896278675195
0.050074628906819435
-0.016177928938924363
-0.5202588760681046
-1.5194649447493727
0.17449470632325212
-0.3723561689289517
1.0598863074955531
0.1648571176976799
-0.06333928585426934
-0.779754207139069
-0.2828909330206265
0.8456247968605479
0.1962279398606776
-0.9695698748267765
-0.6584563081828684
-0.6840949625219016
0.9811783418744577
0.4576282052192374
-0.5155715446453721
0.06217483419779116
-1.251852996018329
-1.096957553100678
0.5899163786051885
-0.6114255213072657
-0.5506513402849442
-0.10268607548810432
0.009806899206954989
-1.1990945471880694
-0.34612718478627835
-0.7498373455509209
-0.6006016992068232
-1.0324742376917406
-0.24425213425507936
-1.328454768362109
-0.5022670283649568
-0.4128006768387731
-1.0206342128850863
-1.4305861939418156
-1.266958041180212
-2.390702233647154
-0.9923469475067999
-0.23511377374325465
-0.7074945726648229
-0.2944579802063431
0.8650202861064009
0.318392683682574
-0.13645250987752439
0.3266767648065066
0.7635293834085667
-0.0398731241218549
0.3954128010553068
0.3525052375305847
-1.2637229789527038
-0.47298035343938366
-1.4496364505639718
0.32983345180252427
0.4269377217511252
0.32816560366014036
-0.20596959567159873
-1.7561629940883812
-0.1592005648135013
0.3382354936570879
0.7321420250580524
-0.19525815481240005
-1.0179775772548139
-0.705842360989434
0.3416982691142265
-1.083192558452571
-0.08836026505314426
-0.960202597380342
-0.7209799583620473
-0.12335817126605941
0.9204452441311892
0.24220442048685475
-1.310715142365961
-0.8650587827328712
0.8111753872048985
-0.0755845537876666
-1.7447293683098541
-1.4465318195054737
-0.7849067483046637
-0.44008742974562187
0.026246084550754223
-1.011698957184923
-1.0760633190207254
-1.0821068778292742
0.24982308668231745
-0.11467003731049252
-0.800330423175556
-1.2046846741961945
-0.14572161629609948
-0.3107292963402931
0.2599741649781879
-0.8391977217115675
-0.5993266484396896
0.4600683097150768
-0.04930039738295866
1.1164903129484582
1.0403834837314805
0.5597468851337706
0.6234457372764577
0.7903590571323313
0.8959349477943124
-0.11097174849417069
-0.6304946285487348
0.4337193517127084
0.10083103550555605
0.5512489193239761
-1.2105350498843537
-0.29394389645295715
-0.3063525219920034
-0.7185668872907475
-0.8044579058963771
0.15847189674552664
-0.5572998738372288
0.22495848326535106
1.1101467173725141
-0.6780282369171367
-0.3166689897558264
0.6951918061393708
0.7610708468868641
0.4547989631532101
-0.21753011581643017
0.4865207225578543
-0.3997787102223984
-0.16130106923636367
0.5785343668773708
-0.8039544511931842
-0.6909149570027487
0.7961544232122095
0.32815632394599004
0.7047108311907007
1.047624613862908
-0.44883161246368825
-0.8676444772060238
-0.85535852955667
-0.3226290709135165
-0.05542744023814378
-1.2146784996987248
-0.3416705048199583
-1.0175949745468058
-0.4004781938942647
-0.5570044165869427
-1.8942754946098814
-0.4242246044682614
-0.7196614501310963
-1.5491126887433355
0.724595555758141
-1.5525604950022631
0.7398686586814076
-1.0656710804374911
-0.327246101030938
-0.4990019452138118
-0.05761684169730563
-0.7464516571313379
-1.05394251881413
-0.5934246912990987
-1.5890701787471988
-0.526399264009634
0.20650578955393095
0.15691787416527136
-0.09951140208215961
-0.14567072219382488
0.151955570277669
0.5496007028666337
0.34211131154832275
-0.7115145969483111
-0.3142736940574703
-0.3251696426916075
0.4428703890332492
-0.20934426313282528
-0.0032848634834636847
0.7689844072959479
-0.4226438849000476
-0.6200507182659658
-0.3070773500784842
-0.6472122589668561
-0.03769921860373249
0.03753915289022047
-0.14706517275331565
-0.36013768123516376
0.3396197566503365
-0.6376990370129385
0.5853996746419413
0.6153601825642322
0.8482370076092276
-0.2058561223803715
0.5737729102773926
-0.16351509476107212
-0.23017334244718995
0.7922813629217047
0.5683302053307986
0.08585299951340625
0.5021155165398598
0.4274831060711005
-0.5110450752191094
0.5188734978678805
-0.2649128657581726
-0.46811234733869617
-1.1786484628339287
0.38122031752044494
0.26636318463527786
-0.3405190235356103
-0.17592086954060623
-0.07205064835858394
0.012763008854725116
0.4489527454194543
0.6098374455227981
-0.3205555631385152
-0.2827056918168046
0.7341931353464239
0.24512053350272028
-0.43248670695754193
-0.41462169035715746
-0.6709010802052189
-0.7860277189532938
-1.8454913281389076
-1.139417349562472
-1.602350373073717
-0.9075776900574917
-1.3757519087462813
-1.3390709687116935
-0.674951606689143
0.046693792544601764
0.6136135979926969
0.30303527590686585
0.30031873262810804
-0.9866997399469076
0.013562107130236478
-0.09161905020464767
0.6003065364557505
0.23718737653730343
0.14158922857470496
1.0167377531595672
0.1075208763034613
-0.7793434491356617
-0.5799343234916715
-1.1957319397283896
-0.12433248900052563
-0.5883256053236781
0.31142823821859345
-1.1476760700337247
-1.988130417033986
-0.19509890930353552
-0.3117560639340772
0.6557802867359994
-0.2311945132174753
0.7447251276757259
0.046456709203998026
-0.26848023461282455
-0.44470340157012167
-0.8673281242773778
-1.3617680333923978
-0.8262138085553815
0.475729770341095
-1.363718462655647
0.1565732270151623
0.0024630395748541645
-1.216649338471853
1.1327845430225962
-1.05551800456734
-1.2285130804727435
-1.5273790286520847
-0.8780768478201887
-0.38960922136866566
0.06135329945951529
1.120392598579203
0.9831897661000266
-0.577799850508063
-0.036380434921390314
-1.3795429148144622
-0.9319189203826939
0.2786741365352881
-1.439836421389862
-0.26802839389738775
0.3260087707020285
-0.5686449114937098
0.27784803040519684
0.2083140446543316
-0.5467627731106031
-0.7088134766815468
-1.173756199153274
0.3917054286085162
-0.43437147274570015
-0.24846958549925988
-0.6776517589775805
-0.6110491749032071
1.266801184307031
-0.2838221195639679
0.6781339468524192
0.7474590429272079
-0.38509454351603606
-0.005915775089134434
0.6943818193491345
0.09492826556269329
-1.2710131562795368
-1.6393299547615825
-0.32390106334662006
-0.4142532033094325
-0.8796559239912902
-0.6220537004071585
-2.1351002038033244
-0.8826836889710048
-1.256434842372114
-0.1420340835343193
-0.004684474017921603
0.6659456507963211
-0.21237156037334293
-0.22934288551773774
-1.7316551911116371
-1.3915077392265833
0.9492687703959148
-0.6369852813537162
-1.5662585591961264
-0.6993096125678426
-1.0317733685831527
-0.031784382248320586
-0.6461647541544995
-0.26361203593067684
-0.7737623790298698
-0.7473433675153106
-0.17081867367240783
-0.4450760442529771
-0.7269303763144446
0.2914676238402019
-0.41106830887296847
-0.28925497600180883
0.12334257350326265
-0.0577982778396114
0.6402162564096896
0.3133295641963568
1.4803534867177306
-0.6235423524582515
0.8529131126396345
0.504310825007471
0.09586623396780036
-0.2516967574239102
0.009496416619009684
-0.8017377444220749
-1.0143889154030532
-0.022457018682292884
-0.5969915031831994
-0.7572032610119491
-1.0124469763123256
-0.30890327212363905
0.026663910245828204
-0.020321298980265273
0.45891802004399607
1.8403979468081482
1.2161557016868363
-0.2048139353741119
0.21705490710494552
-0.6857719743744063
0.24949011695548237
0.11041830919223447
-0.5272858932081436
-0.1405174595263835
-0.24263711563208137
-0.6697999991170044
-0.6175512933133116
-1.2289100464026317
-0.7184941882553411
-1.1993689644504761
-0.5108483693702239
-0.4405213260574894
-0.7152872066772521
-0.5448165308842943
-0.019673928325115136
0.8978788424298945
-0.6388572722429503
0.8555702039224353
0.777420219555786
0.8159323464853746
-0.2503929577737768
0.010651553708349915
-1.3033147772679337
-1.7535230690369359
-0.5197498197410569
1.0370959687311847
-0.22086162909574975
-0.45470674710290615
0.8689621421052358
0.6671716632027271
-0.6833655022739432
0.6348334130216399
-1.2812348065827017
-0.5847252836641121
-0.6594556600197283
-1.2033447905845562
-1.1111633269570096
-1.2583049732372207
-1.0349868825412534
-0.7956317119173043
-0.8296116773191767
-0.47862135677458334
-1.312273058071935
-1.11364265937766
0.4011435107858586
-0.424460265560068
-0.3191287147974324
-0.36491491282316346
-0.86001946885586
1.4561339387248524
0.6130055849897755
-0.5810005117531591
1.7582489167790867
-1.0089351299436826
-0.7461903146664248
-1.4850371669563034
-0.6824085274140966
-1.314377145163893
-1.8988300468141306
0.15163936088821067
-0.8479767401939018
0.1328497342745504
0.16429304677691192
-0.35582546854798397
0.6422896080036355
0.2948124914663112
-0.9896706187502258
0.2700012963120412
-0.18267935004669306
0.9722249056780591
0.022848362340040007
0.5838501871500513
0.19259600632846988
-0.7278489836714847
-0.23371056304900528
0.4832955628731089
0.5301739648108952
1.002714921882593
-0.046393604297295665
-0.6023376609456057
-1.4319124984364586
-1.0892469352178376
-1.1846774055976883
-0.04146317959458339
-0.914232351022529
0.7682052819937428
0.4212692558158977
-0.7605367081823989
0.10259719614802387
-1.2334522911275347
0.08957462207022598
-1.3389364010299372
-0.2945730778090223
-0.5557468767177699
-0.05229993634524127
-0.7530503339354693
0.41059011137414936
-1.4884492078990874
-0.40953559036153414
-0.5119483109966491
-0.14898628677463277
1.0047146507379225
0.09130551036520435
0.00496942635255504
-0.49926154336583645
1.5848849974657109
0.1645163811176179
0.8009748233654745
0.8655054411723457
-0.9872887993530381
-0.44134879387751036
-0.5385674487152794
-0.1845871147112892
-0.039652190923496755
-0.5364845178221709
0.7714476519996607
0.4147467677973956
0.44303394753016623
-0.5582501105171892
-0.3776746312769863
-0.6312122165372586
-0.20917532289317048
-0.7326030310360083
-0.072436020384361
0.48645692930021434
-0.38369818699801816
0.028763290057820523
-1.267825454808626
-0.3768323688656143
-0.08384576426136525
-0.4007956778852238
0.1497058165158506
-0.7563885623744959
-0.2764936744018153
-0.421659220668902
-0.3154164270533259
-0.020225804775536538
0.7410081364454222
0.4582156419740966
0.5553840879110903
-0.31553460465510735
-0.7112323056720915
1.1088936178727637
-0.2579387996492934
0.3506183940061469
0.6446528142910367
-0.6517670162740655
-1.1548823121684961
-0.8272909906063837
-0.18591399896050131
0.6576683368060666
-0.7583392984778354
-0.20471399443913568
0.7583440861166828
-0.8724274920792267
-0.9611806745916902
-1.615075290898351
-1.8977636954862844
-0.5753613976514672
-0.1323635119234044
-1.351169884412033
-0.1461066281106781
0.032243143984669265
-0.5370171470002992
-0.49739337681542933
-0.1830290036262011
0.161753533511991
0.6213513341670955
0.8231263972648737
-0.5109303443112516
0.2285179511388521
0.27405109332527217
0.7633965236969718
-0.5128544776105524
-0.8006635354704085
-1.1263161632774463
-1.9351710718172668
0.5424021774620824
-0.02577779425935678
-0.39682297105349085
-0.31951094477326447
-1.923078250244615
0.5244572322330513
-0.2531686893187096
0.19805835545504974
-1.114370544458966
0.2534994872326088
-0.06503913035435005
-0.512793655844315
1.3897795765233858
-0.32902679450372163
-0.3329176268528443
-0.3691093802567464
-1.1398613559629958
-0.45290102980215974
0.22718379622598445
-1.073542214427823
-0.7170257265202361
-0.023196790783403365
0.5141450184407882
-1.0283463493750868
-1.2180857989213418
-0.9323850624907651
-1.3532078969709327
-1.0906436218871078
-0.3715521317824607
-0.21860185035419916
-1.9293491734970662
-1.5683964491983464
-0.8794791051660148
-1.4589249101613748
-0.4174085586221813
-0.6742780406019913
0.5055592005618029
-0.23412081481554486
-1.0455295285032309
-0.20515120729039488
-1.4837061800694675
-0.8854587155258843
0.21114245401520182
-1.88776240481992
-0.5130406058778495
-1.329093555780571
0.1017403323237159
-0.02987726342532207
-1.0062822809994372
0.03623365697963499
0.6009575481105776
-0.5960413548715597
-0.5733815626795689
-0.38080977319305975
-0.20288234195836133
-0.59618109604806
-0.5953127432148395
-0.030037463753969984
1.0730471088038696
0.4550973399071955
-0.5151639933065206
0.6556894903141459
-0.6775415007431439
-0.12829084885392308
0.6533942876105973
-0.8832986000416954
-0.8393680269669719
-0.37784697123043787
0.09221853994261026
0.12816643196413458
-1.5040052955654197
0.48407680156699906
-0.2979977739000129
0.03820525247604173
0.7704480512645331
-0.0710868679104375
0.5317905136383019
0.38104615026269995
-1.3558181731060075
-0.8626105185232188
-1.2558025790586167
-0.6314421178484853
0.18948564986633504
-0.5550739171817358
-1.3542131648011744
-2.1614714841249794
-0.4229323501189022
-1.0333435016179686
-1.1942964405882501
-0.19083052482948115
-0.6508066302138333
-0.1760659864716183
0.2153520507508072
-0.41446579629962776
-1.4213822063229702
-2.336676874127564
-1.2489813573007196
-0.09363364183720241
0.713907580895677
0.5341136406906646
-0.41189677320428886
-1.310599001890389
-1.4033179891400693
-1.1907141321853263
-1.3125806706502425
-0.8239039346402359
0.8920194311551632
-0.7192725898611854
0.10354298148029768
1.2210541337851117
1.0212682696713802
0.5577510116770713
0.7399764199045429
-0.23311334259026467
-1.090323375706709
1.0237698646674305
-0.08325785767435612
1.0939985465939166
0.22423100404709603
0.835857277255789
-0.1881748697597818
-0.3668761377431799
-1.2914810572599458
-1.360735201312466
-0.3634320428276352
1.4897188599545736
0.2710990736691009
0.029471225661532985
0.9404563650249632
-0.4482524301416251
0.12048536095955184
-0.3551361826036162
-1.431472603995832
1.0134774899453816
-0.13335792345716824
-0.8213903375392736
-0.5365792911686446
-0.531281718597602
-0.20578621607587444
-0.7976805114867346
0.8304096144922117
-0.9818023384859134
-0.27765204170341456
0.3693349415583012
-0.7357487077274482
-0.6337170485437857
-0.611118406501898
-0.73895610224276
0.8735649267333094
0.03977244688042235
0.9104980908123895
0.5615512539116447
1.3677840431327903
-0.28691893146335573
-1.5748232832822748
-1.9568564947468954
0.2273591495414174
-0.8232827917069792
-0.10479763961566343
-0.040457039974535286
-0.5041458732993105
-0.512601933277004
-0.21043821194060605
-0.8361419456457013
-0.2899150090618206
-2.176667100872844
1.162002465753355
-0.9476899423805376
-0.15336540777948726
0.006754461922248656
0.16421266418010688
-0.8092769928608635
-0.435510020895576
-0.7568481389208458
0.46404845483898716
0.1725913577405783
-0.7280900624638317
2.035363171148141
0.4603988111680391
-1.0971581626630933
-0.6846284789677076
-0.25678612309324156
-0.05833585934991686
-0.4720994510857258
0.5020419231410358
-0.9754828632367565
-1.276300384575875
-2.2334220502650917
-2.059547808541052
-1.4611683285829176
-2.45298713030688
-0.3745841263588503
0.2906690114584351
-0.1913412010318813
-0.09803366776740002
0.549512287095107
0.8694425850923602
0.6929467375566027
0.6843242053471605
-0.2243537090905635
-1.6443577009162735
-1.1834049026872917
-0.6196862037290891
-0.6738227861269878
0.32442643595211923
-0.18667277903350135
-0.9017264895882303
-0.3041571354404122
-1.4236263083744185
-1.456365190534085
0.551022294875442
-0.6489357204308746
-0.292599254883823
-0.2122495887865226
-0.5069938671684129
-0.7172881739763032
0.08743374923742955
0.3562739487683856
-0.38571354951702247
0.3986540323840707
-0.19841823211057674
-0.33502962562191874
-1.1990675296157456
0.254070345903209
-0.845722033243414
-0.269467495012572
-0.3333957271986023
-1.1242684169311414
-0.9203897926446067
-0.6400845859444686
0.7513173395956758
0.40172936388278235
-1.7702529083533645
-1.247538498320489
0.13731513779893012
-0.1316039521515704
0.35059037155556017
-1.0915009817750243
-1.8499541179816854
-0.8530407052326995
-0.14223387718909253
-1.100142935002206
0.23318177397128692
-0.17980531503505642
-0.653316952213506
-0.479140304230806
-0.5849330579203463
-1.0135878266192178
-0.702738211599193
-0.14384872862107456
-0.4748590459462851
1.4096992239979438
0.3916334528096117
0.49736237413337586
-0.5167999748175707
0.9894040059757042
-0.14458650235088372
-1.121182006834698
0.25119449503263264
-0.23672412515185104
0.07619194169983823
-0.1909832797955149
-0.5650014602431901
0.2539780043021368
-0.9784921011037774
-0.5685381448168619
-0.962045320642382
0.8182150661978356
0.14780929055786965
-1.1178306190015936
0.3374436618225449
0.21723575910509296
0.10596047596925814
-0.07641674601499959
-2.0243356083058877
-0.5037165921969418
-0.6557235698635594
-0.6353774597681613
-1.2250879530309486
0.19586126783771646
0.3951554623146525
0.4979034433862839
0.12865572952390764
-0.027902597453319244
-0.4619730024957414
0.018916303758543918
-0.6021191934803869
0.3642401207421471
0.19786846911030934
-0.13161449720399182
0.7698580823206488
0.9327747791123435
0.5094918571268017
-0.010430276800387384
0.34134440281732636
-0.8327075153393667
-0.6049509253859093
0.15319908863866377
-1.0255407398628988
-0.6048616305845858
-1.0977948984244963
-0.8530172910579988
0.3359220124033057
-0.28886656215573037
-0.12849304064998407
-0.5155867682959819
-1.531471955425701
-1.5526338160396853
0.13216772555886308
0.3907584292762198
-1.2504271615984444
-1.045910213718653
-0.4655863983995018
-0.24654319047914885
0.236262804591818
-1.5562655903510387
0.08250774669039596
-0.7474695052977973
-0.30982535476573314
0.766319373305502
0.27244424843063264
0.3600562127948149
1.2458721374548163
-0.9299628796984643
-0.9978314939763002
-1.1633358128002704
-0.4933800859197781
-1.161065473798926
-1.0652885000752959
-0.9404763664380448
-1.2378412535200076
-1.029204204427975
1.0498798872664448
0.4593272843913517
1.2498594894803632
1.2277813990778763
-0.07268517860597526
-0.4532826063444852
-0.6901987488031236
-1.249167211999866
-0.8706206632589879
-0.16998551552708252
-1.6198682646755633
-0.3298339760895562
-0.20055867729026666
-2.129024259228877
-1.317005106142543
-0.40781801427337655
0.20983441977204814
0.13417482679461606
0.20925914809769175
-0.7739375050816124
-1.487509739867587
-0.2415186593035612
-0.6409710991961208
0.43818415937052635
-0.54978332077276
-0.8223183155135264
-2.2566475100599575
-1.485529023171837
-1.3707012899214592
0.4853473556020362
-0.40842545041405565
0.4754804220033376
0.9093422305225046
-1.1763429754322918
1.1849325537969715
0.5817150751309087
1.115798341423394
0.1692056351509481
1.5257203267989865
0.12468732805651239
0.9695887890464769
-0.22494696643985204
-0.2701250979090789
-0.4198250532829834
0.23728998151041691
0.03691979159919784
-0.3203312554766421
-0.03453113237856942
-1.2722785665827852
-0.9070394772774767
-0.5641838906148546
0.808698798879516
0.14091230975620456
-0.6214222263664329
-0.732539284684147
-0.8263027727612987
-0.24590847568931462
-0.5126589899118696
-0.5188942828430559
0.4666565528713179
0.4300477868589538
-0.5440146040982066
-0.3903691599607403
0.6696076730391414
-0.2290520472963672
0.6078429327699302
0.9661605274574296
0.05786028597589249
0.41829063962200824
0.04613241930601242
0.20689446625132604
-0.3038807213887274
-0.3688534187409091
-1.0002304594414588
0.012503030291227929
-1.4084148300619486
-1.3235312995668267
0.8014853260083292
0.6537549548758099
0.2929615981753384
-0.7552628295917403
-1.0749398178595133
-0.10167785465548307
0.957150311179083
-0.15032457751976336
0.2432646135499874
-0.0462556529689378
-0.5818801248082526
-1.1435647657311558
-1.4107752271583045
-0.725042683741842
0.16090003557338922
1.2372567710977194
0.6843831874246554
-0.12095792775457304
-0.6877319524566059
0.16843740825374945
-0.5725925590286116
0.2741263892802914
0.3779342847118545
0.2500893018421726
0.5281237186840875
-0.2711387330727976
-0.38128849334877746
-0.5592579157603621
-1.192231261193794
0.0894445753202733
0.02497834036672393
-0.12354547399192636
-0.5445122913162486
-0.38148152985124795
-0.8802142157802471
-0.24231096682264516
0.08496795893530192
0.16777758165518805
0.38305753671386544
-0.32817681852641456
-0.788863552906325
-1.1727459710924795
-0.5595802279493
-1.02252573170605
0.5256767183041197
-0.0065608196680198155
1.6364353200085846
-0.177921827494157
0.5299124969136764
-1.4092611805895479
-0.3046952024079419
-1.7026526287258037
-0.41672557284331235
-1.167772266125581
-1.0888490874356385
-1.0197367552389678
0.35907190458354815
-0.4212051981064366
-0.3834775143474299
-0.11075387751297397
0.011874337673398072
-0.15094616836269958
-0.500500784890679
-0.8310532180405777
-2.8823983563973057
0.15904924332331424
-0.9461060314774921
-1.2912489230880861
-0.4131292040543036
-0.15171328631406744
0.24535752227776897
0.3806696556019817
1.160782432540274
-0.5395282626689566
-2.6431508759369087
-1.5494959187292499
-0.28449404303705905
-0.7492377063924783
0.13543709744675164
-0.6661074140449811
-0.1612418109163673
-0.9650144603660205
0.4425575780489285
0.3668776034547503
0.4283406892707528
0.2491428005714833
-1.4809702090385848
-2.096089005803702
-1.689137370480676
-0.9326672459665477
-0.7102473341584097
-1.5609773776885718
-1.1463964201559405
-1.399586576848991
-0.2833424866749876
-0.1821565174984353
-0.7633617487054363
-0.38351698591248934
0.5565203674315067
-0.31436196683703144
0.3959328983182293
0.3985092487982702
-0.024149103689281984
-0.5294152788223244
0.7824884869381574
-0.6500716407104783
-0.49236852364335987
-0.05542075018482545
0.5759867512487588
-1.1253179579663095
-1.4883307917458088
-0.44059880773972837
0.8396503691801898
-0.23607602983864634
-1.5198400337434907
-1.0439854478254786
0.22738281810627656
-0.2912125499596322
-0.10007474236568703
-0.5773080222965832
-1.485984637514972
-1.2433604607478925
0.6455274450537569
-0.10921224291624906
1.062375649845022
0.8644004048356406
-0.35054311825141016
0.5116683323875377
-0.013202956523336251
0.4036222356115982
0.7091751932509726
-0.6243354542614501
-0.9472652657955558
0.5252392364323466
0.27313283429569146
-0.10000038797000596
0.45609330807095533
-0.7956619825183
-0.6673474352814546
-0.4713914563609271
0.927511443008738
-0.40091864924585974
-0.604992517356429
0.8969060943282603
-0.9076914822013854
0.1391727536009284
-0.20763755755248936
0.722643799849742
0.21963066649943674
-0.4304615419634793
-0.8077802657009214
-0.18872608746034486
-0.8381947463932172
-1.1932675747341683
0.08042363937317992
0.02347413765133788
0.9980730907771305
-0.18926351747965497
0.2874122275473764
-1.4523794384049848
-0.4541656729916085
1.741608854597179
-0.7430719846145575
0.7513505167084069
-1.6174648523984545
1.2349196004824938
0.6025233946374005
0.5989747041510249
-1.0272290022380626
0.6060941790258391
-0.006974250441258767
0.04742908324691453
-1.2010852039230995
-0.7821959080665132
-0.28822488844025257
-0.24382456928693036
1.6686465628345468
0.9236064272570192
1.0057074612528059
-1.2681729712472884
-0.9172191218030624
-0.7611520459467851
-0.2459502164633421
0.3448165093891283
-0.4076187575833743
-0.04603263480184697
-0.7575396587151034
0.7154032536451791
-0.12475637551542935
0.6986606542174096
0.010476450959650413
-0.36783435893062
0.3580135670337146
0.5825394079518648
-0.9412770814843308
-0.16657111265023128
0.15090561339490732
0.16867158163854595
-0.9212665323690876
-0.42049700746617924
-1.3753657431298654
-1.5168228221906144
-0.46574602047037983
-0.5859631478521896
0.06858967125492005
0.005300696315569231
0.07367074570272159
-0.9642059900238434
0.3745890864713578
-0.33006355428010703
-0.33112886388915896
-1.3314853246394291
-2.2356291944695084
-0.26101446030169934
0.5445706939344597
0.5137809247171445
-0.5085058448568346
-0.8521859079011019
-1.6421292453815532
0.714483896283232
-0.7707593052116102
-0.36051027004185454
-0.44002642330690384
0.39343082503407845
-0.0734964927896905
0.3907149513284118
-1.4515810488332566
-1.6556247102320023
-1.2718071106644666
0.2646990378755748
-0.26216720712371544
0.10028060177631248
0.28078767189100906
0.43364285874051295
-0.0902129474844694
-0.865398229663259
-0.9855987650669724
-0.9835213339508678
-0.33964988948806346
0.0926591836581383
-0.08362205861904076
0.03892201051602828
-0.876143946395894
-0.5457038388358522
-0.33450971384107536
-0.8792302465940189
-0.5138538755124548
0.08537655883412892
-0.5072726739665384
-0.1472012350244507
-0.4182378941809518
-1.6450211559576864
0.24576274799255773
-0.843184792781551
0.15095262241791596
0.15775795365107897
-1.2157761596210914
-1.4088467327192478
0.12769985985097088
-0.6889189499183354
-0.21510351775471753
-2.279023719132165
-0.7299232830511422
0.18622514110075042
1.0914769527357784
0.2465417882303722
0.007146302480671746
-0.024831987764691837
0.513341888031602
-0.8828271647582489
-0.6265383720162537
-0.7715453066874368
0.47018050457962357
0.9440760915381231
0.5535082695545723
0.9077907113848448
0.12925406881647727
-0.8553972226080455
0.6765432966893081
-0.4807294476156071
0.049189958204114925
-1.241420388251362
-0.4092350586602612
-0.5405604700444713
-1.7512473395239123
-0.9725239907603265
-1.6271091336767696
-0.4578255357246833
-0.46791021133496
-1.0099374755041457
0.0360584618794339
0.8314051390907802
-0.21479731223310544
0.19257117760887152
-0.7713627957542751
-0.2574170144129181
-0.39014362761207827
-0.709639866072601
-0.5481351707048223
-0.6554304910340745
-0.2862466565207676
-1.0807969896670424
-0.8176392297871689
-0.6346156360891246
0.3304628106798988
-0.47882155304469776
-1.203249870027433
-0.7996379941403018
-1.3519303112318848
-0.5195520209723934
0.5186041643778614
-0.5319676329551304
-0.021284382367428467
-0.031520378410413406
0.13804534441743188
-1.2279724778946421
-1.1310291541702537
0.054279609941076445
-0.5775323408775249
-1.0014027584553409
-0.5607409408896153
-0.7627565027132137
-0.9962898772521191
1.0283043364656668
-0.4125194250884137
-1.093991912922158
-0.9465483591771533
0.13598973996628014
-0.5264127884848276
-1.2412051297537998
0.06135238071153504
-0.9840026209516632
-0.6914751568960394
-0.73335329966301
0.6324970998289501
0.24127768573003275
-0.025424810168087286
-1.1549920768672153
-0.5841374987914806
-0.9411576770673543
-0.0839989611651693
-0.12811962081837436
-0.4004092559551298
-0.0826086485502624
-0.7320812625180928
0.23588864938892593
-1.5459498117026282
0.2462831341514886
-1.0084808263577139
0.0709502612800939
-0.7222054467081565
-1.293322827693943
-1.1810584859373952
0.9455046091060908
-0.24916622708804276
-0.5666400835936192
-0.6602565069044651
-1.030723866688961
0.018132949553334415
0.13285442788874396
-0.9226947348444325
-1.3035255117915596
-0.831423652733736
-0.636400551365957
-1.1096400157522153
-0.4587782834739796
-0.4159038890358256
0.06238148928656728
-0.9954487724545432
1.3727940735715953
-0.0052129047280755625
-1.3178766645850994
-2.067395517279458
-1.6216137104206636
-0.22255703910713337
0.07373776262438303
0.13277276765244778
-0.5935922409954377
-1.0340340505335264
-0.5434769818668712
0.8487784777923503
-0.7881836314319888
0.43127384326197304
0.10166327052534702
-0.6168838943218016
-0.8149937176164398
0.24223386761466414
-0.7154353781392199
0.30399506236944285
-0.4281076967301646
-0.8379704207268824
-1.3445698158704147
-1.4223757188374393
-0.9989919327553313
-0.557543459577825
0.254966353844325
0.12821611615934533
0.576574778665752
1.6158661856396985
-0.7907361329355824
-0.5147477985762845
-0.15838864605573777
0.14175212899633827
0.8746114715854921
-0.6818478835874359
0.8564158913526569
0.08583522725776549
0.07591095229375577
-0.6767741710675687
0.14716489943095024
-0.26399361131325094
-0.2540026685063185
0.09117403301471799
-1.0589037193453459
-0.11546053956132257
-0.012642419148190476
-0.32642112812362595
-0.871232992874623
-0.20288571988076787
-0.9796408217825101
0.3799418981923034
-0.15139915197630194
-0.7677577617770828
0.2078683629568333
-0.19986939393408654
-0.639692166646171
-2.563139719405405
-0.953571585846035
-0.6415688616408959
-0.026398486229682216
-0.06215835107149542
0.5537955824377685
-0.1478911493328247
-0.4643423904352042
0.6029583090892783
-0.6973607183941463
0.08671124461884636
-1.0968601234025672
0.24441403746688484
-1.2947383012947207
-0.14964954262769184
-0.2115150543922139
0.5256414002275972
0.6996864922251813
1.3496053370925303
-0.4482666339899448
-0.6298834901489294
-0.5504033856870041
0.04855751848611821
0.32715100529247965
0.47534260545995316
0.7362682430252374
0.16782795167231068
0.04170550797728978
0.06442471189431576
-0.5115663486427575
-0.2030798926302888
0.08513844356482209
0.3767918936046111
-0.28106087522996365
0.176296276413784
0.033155672219989385
0.4978781774520904
0.06300769697600084
0.752936193825663
-1.6808550099852357
-0.4902765780222449
-0.29742917041677047
-1.509021639539681
-0.40593520718653214
-2.285944450875634
-0.8364946719521762
-1.289469488828013
-1.521784703548564
-1.2709920978053384
-0.890973142749212
0.19591105374956325
0.696795910420859
0.8353413186458705
-1.4474188494619302
-0.1517596535146689
-1.095835730895524
-1.6634066680271933
0.2879961840532925
0.5443909365177371
0.13848088700826042
-0.41521221878011244
0.5608205167965992
-0.5783313990175141
-0.11140194832201056
-0.8812049671678548
0.1882084913090335
0.2213700168436009
-0.26220062817316026
1.2972817599992936
-0.21597720729785652
-0.8082636116153512
-1.56884131060102
-1.4611824114080083
0.9305750413192494
0.4782710407813476
0.11946949063219958
-0.905750090605072
-1.4885894351732785
-1.832254756119185
-0.6636342522370864
0.24238658388978662
-0.35637386607854715
-0.3265958013913306
-1.4912119833051034
0.21420531090199976
-0.2939189547601925
-1.7440896713615213
-0.5915953972324991
-1.3136958295811416
-0.6425147995719462
1.0748440753981727
-0.5413470402834409
-0.08900340069272233
-0.38717361713232185
-0.43140940127574234
-0.09043151130646832
-0.48723455637067425
0.17802895822534645
-0.1088244960026209
-0.013328567371614974
1.5223088961660223
0.07738107337685562
-1.2664228251674627
-0.8101407846933514
0.031386719496147075
0.513432200918288
0.3696105038361923
0.7240488809628707
-0.595411543656271
-0.6668919361720053
0.9952121786676691
-0.28578756336967465
-0.42026988968651474
-0.2651456735361239
-1.5831016122882322
-0.6559121616669524
-0.4606926289068238
-0.3923627720995806
0.06646930006180723
-0.6197997810274725
-0.6996547063626382
-1.506564059540579
-1.2068887841530584
-1.180485283926908
-1.3450766849378482
-0.3574253374311826
-0.2257137446892016
-0.4008689764686739
0.7706527066141509
-0.6013703783444375
-0.27758760494500756
-1.0369510940369313
0.10353432399282668
0.05694740916839591
-0.6190798715093543
0.09107635787444968
-0.6749170496130729
-1.4562995678708743
-1.8664908502492215
-0.5959914031702778
-0.03709185521538416
0.9600146262199959
-0.31003406424430086
-0.24200058057465895
-0.3655682185047006
-0.5681458631154943
-0.9239806968181276
-1.975135490197258
-0.7556448709743044
0.7019693579047865
0.8303167056767586
0.8562934789288573
-0.14898278309245888
-0.23307658539637266
-0.6379818747167848
-0.14529374802371176
-0.6658837891556122
-0.025246292292800565
0.09819919637785685
0.5037451286677419
0.6600760992152495
-0.05354375141736567
0.2622491275004617
-0.9746910681850516
-0.052001163683827345
-0.17127424533807503
0.7119211062452625
-0.7979076259092153
1.082936156966323
-0.29801871088253606
0.8520944120189421
-0.9035867112980371
-0.8035212582049533
-1.2234964092812315
0.17404156559273587
0.22301082038854514
0.60157352986112
-0.7037838343574974
-1.6177278362405898
0.20296826831606773
-0.8829517766868792
-1.0814103711850922
1.0834362095664907
-1.006932855905196
0.5216307006847973
0.252678112387273
0.5932660664968487
0.6868804326398277
0.16386117407653172
-1.1354913717536972
-0.4533410823253158
-1.4555799451556923
-0.633779143012284
0.46138577311740336
0.03842015623494094
0.6124933649681725
-0.7952210745599604
-1.0487954299685636
-1.1637407955849117
0.05148200859183816
-1.133849797456791
1.4032052196744025
0.10434608668211631
-0.2149168396457986
-0.017358323168477297
-1.135924881084832
-0.5365103790131144
-0.652182536153517
-1.4551737382508965
-0.9122364903795441
-0.4483524958685973
-0.6759499265116944
-0.37441201894911763
-1.3093883749970343
0.6900059269068323
0.8859363103525999
0.7850271975638563
0.6680610371628598
-0.4562161502611948
-0.7381585500797923
-0.1785174411849838
-0.5501793085183189
-1.296936284309183
-2.7477658767744724
-1.6500132850251599
-0.5704801605514841
-1.3261877389979353
-0.7874470506703735
-1.8563016263575818
-1.1166308419574555
-0.39577344357860805
-0.46493671718427565
-1.0570094733322848
-0.5504473063794356
0.6419651366308943
0.8207550410280495
0.18007148514648372
0.025980796947138785
0.16959498570313475
-1.0739315471528101
-0.6273877648107736
0.16796993780361658
-0.6842241243664738
-0.7295830353245082
-0.6100666154893108
1.1396137363462373
1.1959759155664271
0.7963635354282866
-0.35674110576132684
0.3630769999111584
-0.039498606009876494
-0.228752411146466
0.1606155604544284
0.4889481827411425
-1.3629002586370098
-0.4012555200056517
-0.08321136367027687
0.7609088516943234
0.21669130330204978
-0.3185035934764189
-0.3408654908366725
-0.5317772504075674
0.0662400476237176
-0.27304962456428367
-0.3358050873278504
-0.27819224748323806
-0.053030665994721116
-1.511105014355706
-0.8620233069308922
-0.34409534266265746
-0.45458924675069584
-1.070839973010203
-0.4265276045483084
0.0632752512670896
-0.8810857004682854
-0.49495683070516544
0.023073042278750525
0.25604961855826314
-0.01067705705365174
0.6458020120200474
0.18514210055362612
0.3587807993038411
-0.043785337660595725
-0.36966327159926493
-0.8422779798321358
0.20409099362759173
0.012091223342772406
-0.013170036631688198
0.5227136917997502
-0.4611471205059006
-0.08025580923404801
-0.06621717044236997
0.23072469610859547
0.0584869746916446
-0.2981360786368656
-0.15494556491059014
0.24748760713245818
-0.1968579886408126
0.7391374624672904
0.663017603820569
-0.5266471523127946
-0.04283204385715446
-1.3520598501182381
0.7451281713791988
-0.7413125581095551
-1.1039464665243124
-2.3577035907749146
-0.533677228347406
-1.3905138376420783
0.46896812172729563
0.08743041845160884
0.23963024762976326
0.2550737672385023
0.09744096600836283
-1.1765429008938626
-0.8019435078754243
-0.4130636226125905
0.14327992828938324
-0.21954777980671306
0.6100575140967928
0.20429859862343624
0.09336430818994901
0.753610493684181
0.7468186367050551
-0.28208399405365786
-0.9693139722072524
0.23606147265957503
-0.3792143044894894
-0.5734990330479826
0.17990269511933077
-1.5930294990744078
0.8410833676071797
-0.4610300076010508
-1.016418032108888
-0.2296902307870029
-1.104123977970962
-0.1916968595563725
-0.3573221952849621
0.5712799748559356
-0.1293827036736352
0.05794410946148859
-0.4658375781739751
-0.26692606730139773
0.4232184757497167
-0.8224400524361786
0.2407434402009001
-0.06941007336059687
-1.4948986187142843
0.45596954707134013
-0.6108068572857834
-0.3255658210623543
-0.7895223570748869
-1.00134176410399
-0.8674798123196618
-0.9432054038673351
-0.6621120157682372
-1.0427940940691092
-1.2990952064308612
0.5692053423727621
0.5620098479745365
0.6176846656616695
-0.8368290870449381
-1.2522070183270886
-0.6436972867423298
-1.7376937887880755
-0.6328836314096679
-2.1295888221211015
0.5113622229855507
0.5574784173331953
1.1044807437829656
0.07755033632868247
1.0565543661521057
-0.021599359981633426
0.360885653673632
-1.3625772034185126
-1.7736244104303938
-0.922585067712405
-0.8004962375046821
-0.003953558394620055
-0.47913360551160944
-0.09721021273374243
-0.023151144700858717
-0.6915147170049113
-0.04123787822396635
-0.5572469146962441
-0.03803325297511563
0.2585015590685379
0.3362246208849794
0.6361732575918143
0.030679467024728735
-0.980522876735952
-1.2746050107953573
-0.9089759443203727
-0.5251008565051822
-0.26013740792192264
-0.7493220411776438
-0.7094309049545799
-0.7839238205875827
0.5592037674089586
0.16363021621711515
-0.3481958700580616
-0.37400955718911
-1.8727504403976953
-0.6996466335746361
-0.6075128103467206
0.09251497280964188
0.517823772957152
0.3171144273882859
0.2656064820790751
-1.6057644298822764
-0.681024470712994
0.6141948461178025
0.5658222415795524
1.1017539294897518
0.322736838509727
1.143318851734075
-0.14201400542382525
-1.5116449102085407
0.8146691923454937
0.41695370998598413
0.6134777477091579
-1.4339152467146692
-0.907367589156657
0.05617242421548613
0.4432281369773164
-0.00571762596363265
0.5849236223249765
0.09164273523551626
0.30238761080389
0.08527675846547744
0.258412885263881
0.14952746683376048
0.3453750997598994
0.4106714607901005
1.6094612310994851
-0.5008310358491638
-0.9555635635547428
-0.40836660286391463
-0.520388561586844
-0.123320733051203
1.1221260417760321
0.5820144968642538
-0.05774535498598021
-1.1629671898535305
-1.770427325849098
-1.0089576982217776
-0.8451767921127689
0.9824799878894215
-0.37438366077652596
-0.4572790525567715
0.1473775357097229
-1.0783233935779437
-0.9551980558373533
0.030734434783125347
-0.7489421454140135
0.8546917447325596
0.923666880805293
1.0570255334326546
-0.7980704922733246
0.41966806061271705
-1.485031307356143
-0.8656897532009826
0.5103924279782275
0.4608932563709266
1.1834024584900296
-0.37150683860581596
-0.7351029020280813
-0.5933942387045504
-0.31292038699693675
-0.26012652653883506
-0.2711580424887713
-0.5083043529118214
-0.4310506863413962
0.3342130299545304
-0.5973251613779921
-0.2932049900770436
0.21845176832964722
0.49464239469649524
0.28911905892247813
0.15461737367406023
-0.5232241969531034
-1.2745688155164991
-0.5492454491745029
0.050307808165924506
-0.8201236329766826
-1.650120636233838
-1.056785817460332
0.4512522617761895
-0.18819726020795813
-0.7746519418553474
-1.3505469674101354
-0.6013592148759135
-0.36644286999221665
-0.6380744125591812
0.012367987182859308
-0.3094811493863149
0.48220337807368246
-1.7279559761985488
-0.18665499663558466
0.06783806307160162
-0.06553375411493301
-0.7552788730709146
-1.4087795213093475
-0.10630149105688946
-0.35546688448246466
-1.4772305073778407
0.028358286126885346
-0.6647803960800749
-0.07737988347149033
0.014513282355969603
-0.38356011468311724
-0.4063068162963931
-1.2023733323263672
-0.3876498568848324
0.18596141233923358
-0.8364694724729517
-1.045675049906051
-0.4589271538383795
-0.8056298861198206
0.256203731517189
-0.9577193351127086
-0.7484374302548875
0.8071330660378417
1.5939758404462296
0.8352776067252091
-1.2210497018895035
-0.5724770085612656
-0.39223961434243587
0.5441666099876343
-0.065267533118115
0.3619732309521231
0.9828500759990753
0.1264445490843807
0.39576309849068647
0.47300533883128604
-0.8019867644173873
-0.33312890767450876
-1.6273369021539654
-1.9731878630702067
-2.022462734390373
-1.3260434144448583
-0.23884479352968555
-0.9407869355835528
-0.26078516593915896
0.676385472727495
0.8531933199047561
0.49064988640719365
-0.5606662972078741
0.28983154806632594
-0.46803728067141254
0.07932194849666452
0.29481699730508026
0.1151594549233873
-1.2128689362285692
-1.0415047749635826
-0.5657971982658333
1.394999535037782
1.5469652057276517
0.3051894156328815
-1.3602127289790538
-1.501554921184356
0.5306147727206106
0.3275183062665069
-0.07504121997865043
0.6473422538230117
0.10449302657269943
0.26564795697998966
-1.2927431926092277
-0.5782885673888245
-0.5552414027887097
-0.8403287461068503
-0.7841620947263102
-1.2607488618237237
-1.262071481559865
-0.4730140753170116
0.2065483833426557
0.13608451547380537
-0.5439044681607635
-1.2197170277537894
-2.262626749460929
0.8939944065771681
0.14044122956310046
1.2222774345270162
-0.17624533259811836
1.1234464342629846
0.0915347356070056
0.1471822290758772
1.538599446181656
-0.19989137313809707
1.2331495260317735
-0.3882934500659748
0.43569776205648414
0.27453337493410424
0.3601489813214377
0.3743662334984013
-0.122616322502685
0.4204226650040373
-0.13007236521186705
0.631350366896012
-1.2991744140082622
0.19047801389918884
-0.6855734492412633
-0.07792200773338298
-0.15478312272361308
0.08040372480141414
-0.9950953660235063
0.5316621393127464
1.4913337919552454
1.6941058584510262
0.2994176212020949
-0.163137945111256
-1.3919022944741875
-1.2656681510656684
0.09154979006737701
0.23930324809127484
0.38351259983674624
0.5732209391044477
-0.6807948351301019
-0.8974630958501905
-1.60930413305146
-0.9487741403443604
-0.29705110818038083
-0.7264855715048976
-0.9511768313483601
-1.4064036144963625
0.5558718518823393
-0.9446392238699225
0.8634537910613511
-0.5308095127734113
0.8957765390177848
-1.0016802193403311
-0.24897630917894742
-1.4827010694865945
0.34010124715478857
0.43478013684435923
-0.452702214817134
-0.16410075923769965
-0.1824502130059581
-1.6854910526550335
-2.4029606129861003
-1.3631662169908227
-0.3775378321024766
0.011412096478713218
-0.628883053058997
0.46351129456066487
-0.8642889148300588
-0.7836259466317288
-0.5254265387304303
-0.4737061598287029
1.055665482822803
-0.00021423189185226788
1.020437806842495
0.9514485021896972
-0.6070213032634109
-0.3132637937640993
-0.2936841548153439
-0.9163866381029572
-1.3287889433579916
-0.0981199156235878
0.2097376620359435
-0.9631611121306016
-1.2238762051091405
-1.5926658657151072
-1.7482909071052564
-0.5268556112265641
0.049202606518047365
-0.7121724068563291
-1.2008717362266874
-0.36903254375373495
0.7443076494016667
0.3968931142750699
-0.11476022460298374
-0.08232979582355218
0.23236597686236837
-0.643422676293967
-0.9932934715518714
1.1602880784892762
-0.5543969252427857
-0.1955497064001076
-1.446616855172628
0.5497930477694102
-0.015458353086551135
-0.04039740377675824
-0.7068366253514433
-1.0615361363471068
-0.536234951472757
0.0834058690889439
-0.38636132089126757
-0.5413344251627186
-1.0431543424016898
0.24879948941677021
2.0138860131241803
0.5231315668137605
0.05065489465779793
-0.7879526739954499
-0.6206497891855256
-1.1736429667318313
-1.005944185105758
-1.4067678221917619
0.12575549535572658
0.9558055154592237
-0.7021569531581517
-0.4591898373763771
-1.9233151079644886
-1.6240689554010765
0.7432793577906484
-0.4713456781057186
0.6674749885220285
1.3283370620283153
0.28874607144849196
-0.27329734204213396
0.07767947041173001
-0.0774955968611436
-0.5377504115836641
-0.5424722976041908
-1.1257809762452258
-0.6563708086047453
0.8175940653736552
0.0390754886180808
0.47258814860346726
1.2235397817376341
0.6148442454869143
-0.262992349054677
-0.03221575526123466
0.5279749324443409
0.0267780850166284
-0.8514310707108073
-0.8557806344345528
-0.10034857290740262
-1.3520824203951076
-0.7522239492475501
-0.9905618762655685
0.698219211643998
-0.6848318591453071
0.6304487734316513
0.9777632726389416
0.9505007145560456
1.5697296528472087
0.9267804402821624
0.48302277381265224
1.245886197008316
0.24211173034299677
1.0401463503839854
0.2513346014521764
-0.04289351855383716
-0.033595443398169
0.622525666565446
0.7821620226654604
0.21230934003576984
1.0655330911068912
0.027936148838462904
1.0250767031928751
-0.9155340770495507
-0.18095273717533922
-1.2412981547384987
-1.335132306147047
-1.0620991936644368
0.13264998262680788
-0.9353816464293925
-0.6680880869257744
-0.9025201283917824
1.331977301719221
0.4179575573603751
-0.5503624557002955
-0.24075112296845502
0.2625029304140212
-1.5289431001358036
-0.3370316733539672
-1.201951615029266
-1.0661912746175948
-0.6688697591115051
0.5871276124668906
1.3883225655741147
-0.6880242967303642
-0.45664889105454154
-0.389336008227265
0.6365279796543906
1.2689890141342723
-0.2521278956184746
0.3731607315359715
0.18071915180690018
-0.19520967815743293
0.8696600845963223
-0.13125151760970988
0.09608689114082793
-0.2832954455479112
-0.5053629181927972
-0.2787251666235921
-0.08343318158169617
0.0065269500247679135
0.2350063145201713
-0.3712890426207268
0.5563317643510066
-0.9245884282778304
0.9716132418330949
-0.964206269068358
-0.9073266731241991
-1.6206166913168571
-1.3638559568596769
-0.15344732351916746
-1.8696494080223869
-0.4510203145746722
-0.7343202002948069
-0.16951559156488938
-1.4775697299347579
-1.6062817151611355
0.09492725984440531
-0.34002457569726885
0.080342382185802
-1.6480104798714164
-0.7562925799329422
-0.36891830235046275
0.04883471195692518
-0.4434522314940773
-0.9383770783440297
-0.15696880174434963
0.04085666082537481
0.9390108549434488
0.454586925428629
0.6814879142073005
-0.8761165231082688
-0.9635605404051947
-0.7292826796666538
0.06547568087127292
0.58119558372104
-0.5829707188839445
-0.41453870094668305
-0.0637061137312301
-1.0404402747349555
-0.5280471670984015
0.756225203417966
-1.093733531207245
-0.18549854307516284
-0.08491862392856464
-0.7288812456177031
0.9163998018661276
-0.5888561671135769
-0.7101010437664788
-0.03431371473085665
-1.4071141398700313
-1.3159581142127237
-0.1953714509624082
-0.38849289451169633
0.1969040857551106
0.7735188324263381
1.4771770268036046
0.5436754538244774
0.23419671062292505
0.9030498887015082
-0.62217215021656
-1.2139699058165714
-0.16501513932418777
-0.7982447146003597
0.7543171680796671
0.5533882056484483
0.35844671647452475
-0.44744559232131376
-1.4359065396897714
-0.7832171445025186
-0.8090940558839459
1.1013338394810481
-0.7326224446550622
-0.058164728255304415
-0.8931110831858232
-0.20378727903422944
0.9600786150619799
0.6071073278302054
0.17344706775649493
-0.755969979801268
-0.12816815330422512
0.5538020268372734
0.36857451970284705
-0.4321591109256489
-0.9672691578661772
-0.6949813636494082
-1.1782039944152385
-1.007629754131366
-0.5229051431233609
0.7604803764990304
0.02649164748954358
-1.4641290405339105
-1.6294918713057256
-0.8056248903867801
0.6709633721661529
0.3200028838595348
0.22542048671411224
-0.3260802421621376
-0.11059352876506806
-1.2916185830347187
-0.49068807075624354
-0.46758150302980783
0.20608138399591797
0.22214334991719933
-0.5758347211011229
-0.8095139455916458
-0.22727418687744946
0.4746216808003405
0.11120418244848995
-0.18555505434779107
-1.202030127705534
-1.5156915524584234
-2.0908895741775373
-0.24599859926346807
-1.3281904658346446
-0.27635889830830807
-0.8193833347090586
-0.2477874784944496
0.08732731244567168
-1.7847541299110268
-0.6429046326400664
-0.09033759327204494
-1.4176334251501697
-0.6532237505606364
-1.062899519076475
-0.4187733871299979
0.5370662621670519
1.5020369016800648
0.2736674818417222
-0.3809317938711576
-0.43858663342254467
-0.6746444297945269
-0.805871823282261
0.259930869917347
0.9353501586749837
0.7600482399230888
-0.07480889680628816
-0.12477199560377839
1.007330533391502
0.16949627433252845
-0.40966321487602964
0.5785363311186746
-0.6985022828781677
0.6027212795437978
0.33663095506016183
0.661327300847075
-0.4045394700653747
-1.5740527912922149
-0.6663832269880653
0.5351204998156114
-1.1159304766483353
-1.1842502629827654
-1.9260204682749298
-0.5838708393189243
-0.04313528215847638
0.17033927371293356
0.3879353049282525
0.08530416743042618
-1.3322348636889718
-0.40619283887205426
-0.7157501734208498
-0.03525216086118979
-0.39427566008544596
0.3272921807604817
-1.1986329574644197
0.3099130085530346
0.6805891584418824
0.20216363300193563
0.30167032415574135
1.0546359184599374
-0.9882817756910448
0.20357645698570503
-1.9305355807166347
-0.6046072873766377
-0.11001287807592997
-1.2839511121147165
-0.512275313706584
-1.2741260027023809
-1.018318202997376
-0.8020793310926845
-0.13499729527251964
-0.1494215752549372
-1.593180507281854
-1.3090606066352284
-1.0198492482076622
-0.06550390869598793
0.05668406229547757
-0.7254953083564561
-0.33454741849054814
0.9289511531571591
1.1642098200568665
-0.5451995619568186
-0.5696378845770041
-1.7202724453543363
-1.277519521965051
-1.2369953815681178
-0.6534707850021011
-0.77598379529704
-1.0723119551422067
-0.2882652374501329
0.1509645737177434
0.9943035166385449
-0.9463393171571457
-0.16067162074297447
-0.592063845479381
-0.6379948512577793
0.33832226480065025
0.9467422064455453
-0.3603376118780795
-0.4422903356381103
-0.48769389000370933
-0.9722009387410191
0.3614607311506539
-0.5018278880193463
-0.3287379513506695
-0.8638366937450582
-1.389923618540878
-0.11198590863975594
0.051686494956599174
0.42330479626705175
0.9951900218629803
-0.39732647259751364
0.2117616313511069
-1.4505721285601263
-1.155022107480773
-0.6442876452097313
0.41228186053293153
-0.0769721314816324
-0.0026533664466322215
-0.775124538328472
-0.06474228532955953
-0.12405165686487174
-0.15341323901045634
0.2783109122823366
0.7198432778933979
1.207313866163862
2.722833287093601
0.09534163320712091
-0.8254013195151473
-0.6716730902351907
0.04706956897810044
0.21786693127036416
-0.07334385283170819
0.004926584848288784
-2.215807903861897
-1.3279235056652139
-1.4095343823778694
-2.6004917072525844
-0.638531243212705
-1.0007053874689766
-0.7433883356260873
0.3678244973709598
-0.16824148888278573
-0.6339463940153923
-0.3024865761656454
-0.2656885974931106
0.6190357557355524
-0.08623164467838856
0.2829711046036954
-0.08915600723070066
-0.5131784931944181
-0.769968708374027
-0.0686675798128041
0.6974162151356957
-0.5873912782961009
-0.0996290696017389
-0.95835430848683
-0.8264197136455614
-1.6774413664073433
-1.167081895462661
-0.9070520950302237
-0.7580161093353366
-0.3775630754565823
0.0348378093723718
-1.4751422823119669
-0.26695128491875214
-0.04808718691477043
-0.5699394645188203
0.31280683734614123
0.6145643939800601
0.06879531387539345
-0.12524598166622958
-0.873926935882991
0.1972915737223058
-0.10368552340983372
1.2065044577858641
-0.030567545574363697
0.19102057614004825
0.06766291171778904
-1.0905725697697042
0.24168389984294775
-0.3646494971524497
0.7995985392033211
1.7934404422447903
0.3556252117360889
-0.408628534299471
-0.2719970450620917
-0.42580251716418266
0.017607526495030335
0.758273525977378
-1.0415379192952705
0.10808536888513987
-1.5076601855543008
-1.4300971045473312
-1.3006268347958843
-0.6434228444854255
0.9449242241465915
0.26602876042558643
-1.0290716093318162
-0.802901080566126
-0.5853477642940532
-0.831552976702723
-1.427863633968346
-0.9509333796606805
0.3604136621272285
-0.11624187278228748
-0.04788287726463658
-0.3970865458051496
-0.9308744280057022
-1.7154834652621613
-0.15511822946588474
-0.49482579722930653
0.47314941001196903
-0.34855012148991
0.7922418764256516
-0.1724209216216761
-1.0556964369244364
-0.5336933256325527
-1.1139006549202923
-0.21694804701294612
-1.6110605670804303
-0.04360382777553262
-1.0062114623289182
-1.5858507278699139
0.02286035417330951
-0.7001174883042888
0.5015969431602332
-0.8289243413145513
-1.073432324818661
-0.5168892764417841
-0.10767711033914507
-0.9091886502145118
-0.2234543504791658
-0.6109891630826186
-0.2440522141228597
-1.5094379523101464
-0.46200548210249415
-0.30866685668811167
1.0709959440468337
-0.06588200438865083
-0.11907321677505553
-1.16950768900827
-0.8064756584660365
-0.0003378131082075464
-0.6237586884976429
0.002060913142758636
-0.03379503819951635
-1.497083206903805
-1.8265834358570379
-0.9123256580386478
0.5865863867443692
-0.7679608879684421
-0.03043161617692136
-0.7399129127515524
0.424768471267339
-0.4306933749147097
-0.21309076769305113
-0.6680468769549337
-1.821960085570209
-1.565799510862874
-0.7790792090309098
-1.3865947793625235
-2.0840846055106326
-0.5944880619107934
-1.1761157034513194
-1.0885565247950955
0.022353259105879875
-0.410817978922653
0.7492103689061389
0.41573106887662215
-0.39694052056459506
0.3507313484172599
-0.6018239848103224
-0.6573942366143519
1.3655520625002207
1.0655921573314537
-0.8438736817971836
-0.6418837174046104
-0.4907845458880994
0.17908905100769698
0.1536155156044013
0.6701161766316739
0.3367237437502189
1.8761336921005372
0.47285399517524895
-1.198446641861886
-0.6304088408090898
-0.7152462525907171
0.07068161147514224
-0.15073159635961125
-0.5541965009116226
0.04040765846250016
-0.1125650382152924
-0.20986326330694505
-0.5466282134618492
-2.1481673636482315
-0.5511949808777126
-1.274150008434404
-1.013268193807224
-0.8684332058645242
-0.5663654416191142
-0.26383312938416653
-1.1079796716604773
-1.526907665787937
-1.3504447563243902
-1.1046255275703223
-0.30776895207992117
0.14184353639842018
-0.3251144788203837
-0.7575674053158601
-1.3851092210191625
-0.7562562869349514
-0.03796897869533422
0.09907900596938707
0.1017236490575727
-0.8496029784481501
-0.6701094839920428
0.06664989384156489
-0.8011268909130621
-1.0822715723984864
-2.4048263123811755
-1.0567194138132028
-0.3826146326292805
-1.4907909481801451
-0.05478558536286393
-0.43361403663104137
0.06557177291004004
-0.3513984886326288
-0.5628425113357092
0.2391795572569505
-0.24302705009670011
-0.5017126866928977
-0.7050539373306269
-0.8918042854718973
-0.6590852661544316
-0.29543100994983157
-0.6818977223673365
-0.9385712418998642
0.05967275881106615
-0.1230904944208267
-0.5233676595846347
-0.6980585848269607
0.4772569097308762
0.3979518085552729
0.12668232680691482
-0.1389304374899206
-1.1038688160895447
-0.4170792370673506
0.33827421698733057
1.144677400233838
-0.38151814968421166
-0.35813281727341345
-1.7573009523725063
-1.808917106436236
-0.3091525103438235
0.11586065805998025
-0.939199483585188
-1.0083470111249697
-0.5091117018823864
-0.48845428101212846
-0.31826609552532487
-0.9958744455960302
-0.9790176696245743
-0.856436148123911
-1.7484498388277154
-0.7345473352800325
-0.7192112753628648
-0.45386194548476044
0.5828774878014283
-1.136495062086608
0.41448286306315585
-0.8893971029933835
0.5326939781889365
1.1793883371449438
1.4855020412703752
-0.43744629433533755
-0.1802130063148736
-0.5952256843666727
0.20532082867846474
-0.40501880163814113
-0.9744107344156252
0.3177166789812047
-0.15249881100997842
-0.8693908704197887
0.568467645621029
-0.5780163324597908
0.007194174634144235
1.1753859241269056
1.0495281474289904
-1.0197687759025225
-0.8726975364089234
-0.4675419289619637
-1.1440148366535843
0.7131552673005823
-0.5073905856268448
-1.2168720641940025
-1.341598022541869
-0.580217217250711
0.6001169781180673
0.6557366264343801
-1.2116121153528394
-1.811168913964721
-1.526222257511723
0.0859757679049173
0.10818027786148432
1.131321415508871
0.12994094103501125
-0.2689093448125065
-0.5410794129707078
-1.695051519455347
-0.8580516196252089
-0.5000909057399003
-1.0453179888702397
-0.23114591337576884
-0.5522798664468267
-0.5829702611071612
-1.2547759814334625
-0.5857427516800598
-0.44825848721343786
0.047446747114304966
-0.6973851502468082
0.7867687549707962
-1.3455005855367335
0.029688369994681774
0.02039813931702128
0.3244591704651554
0.024315246798195633
0.0984071412628299
0.5976771188110397
0.09903340506355074
-0.7718264134376499
-0.5067299415385407
-1.6313632114515764
0.6739798280715761
-0.971061327029411
0.5569406271104282
0.32636863471557337
0.2555620179205581
0.611341648254332
-0.6296393238244749
-0.7972165863893926
-0.49621330185811374
-1.4690622710044121
-0.9654642777367507
-1.2558222936026917
-0.09815678181967005
-0.9077310164100572
0.7735182202046801
-0.3720197272406038
2.3478239927534035
0.3418576136655757
0.9207418965161903
0.4819813039512562
-1.0764044970802684
0.3078959837610897
-1.33306037150399
-1.188824022360053
0.054591134309025145
-0.9061219472348524
0.02433992712530849
-0.17544762499205324
0.9928289516228475
0.3653351256553775
0.6324035400437761
-0.7342789949170287
-2.289989378202963
-0.47916531974482274
-1.4480371223791668
-0.38390344298690376
0.5815549134114588
0.8379797955273592
-0.10694600717496816
1.0989607716876264
-1.0808689316204825
-0.05949482656532201
-0.737775936072367
0.3480442940148664
-0.4758809239992693
-0.8376435891274863
-0.1714204497725893
0.45314992781301683
-1.5266399594064812
-0.5206084011558679
0.6157905767629107
0.6721082254770243
-0.32884717633922145
-2.3613412026936436
-0.1364023479410893
-0.6067738928145575
0.46154202177113873
0.5620718139392362
0.365292679243343
-1.0882496607912417
-0.2173596003494659
-0.6704697703917609
0.10863604354152674
-0.5451034864911357
-0.5858390172343366
0.5362911539905952
-0.9561674861984525
-1.2367576088731214
-1.0268080531480193
-2.106702995376152
-0.5766008452131428
0.14040964291302993
0.25628273343732166
-0.28751537517105313
0.4624156536109223
-0.46652378273206
-0.032637591437217284
-1.6350668183323127
-0.44152005516035275
0.30301336318671745
0.21176835428207264
-0.17128129659006797
-0.10877633245582877
-1.4693836044083648
-0.8224440810390783
-0.22222782406748387
-0.3601388286274259
-0.93981403401706
0.8975908440893083
0.8588798302043361
0.07540869368782777
0.1917767064377222
-0.6666586454945406
-0.3734133403105133
-0.6644718614285445
-0.4568527495525482
-0.9070978941095859
-0.510106456636733
-0.8054526359532288
0.6055924823749023
-0.7052158426222699
-0.38527658688027866
-0.3367639290311831
0.27403068391615526
-0.24500198630013859
-0.1772900392278532
-2.037945401397791
-2.188497793162383
-1.2355746302642407
-1.4319871255683085
-1.1465803161299868
-0.7467655345925067
0.3338938914372555
-0.32194696550664303
-1.2739704454648728
-0.3797092732007527
0.6744861672600959
0.35254176001053666
0.5820788871864659
0.6813037355745852
-0.37251970400272005
0.5053609194538826
-1.2866130233958821
-0.4489272893996271
-0.3682601971507546
-0.19714098571871322
0.22562452225239324
-1.6171119000296632
0.4957225966748844
-0.7444502358736482
-0.33082997589061347
-1.3105698337480272
-1.506827544994401
-0.2555719765788538
-0.6594451100384637
-1.49173884726286
-0.41840711908187606
0.7804360533207644
0.2571987899524203
0.6670494701367335
-1.148512496612636
0.23917921849529838
-0.14357321379827492
0.7253028048991581
0.2032814978824396
0.3254027696175535
0.8374456741374114
0.47139145649706665
0.2177812407659498
0.6159964373092588
-0.335967060607672
0.000752498616035358
0.563469125895379
0.9567539045302971
0.6413374361569752
0.4373913887606835
-2.6654953455913684
-1.5406712695564113
-1.138087793998972
-1.9952773907073165
-0.3405123491279787
0.5784350349519547
-0.10371923653948578
1.2922160349898004
0.2752425050371977
0.1030812331824641
-1.3257846078747395
0.5498947467538486
-0.6244458249044584
-0.022139499758819615
-0.28051855969649636
-1.3072397506880296
0.38281568489238116
-0.28326369636058385
0.7397800397942215
-0.9640284203618152
0.5031436162981309
-0.35274052927632304
-0.3594402529636148
0.3219172225900014
0.724163966219877
0.07267753562264481
0.5412021599726451
-0.8437320150798678
-0.5672016472985069
-0.8032965151297735
-0.9688581434011059
-1.2709428312081479
-0.7335487137964463
-0.5834405522960872
-0.3826492401576377
-0.3801791665296266
0.8908146727202346
0.5936483017731995
-0.26550380411603636
0.6465527848709989
-0.154236903614538
-0.1515684421417648
-0.09291133578870985
-0.1474092436409602
-0.9608069788139009
-0.06848327807910425
-0.3572309564545646
-1.0345952059125096
-0.17407509095851537
-0.46526275496903874
0.9055494974046774
-0.40792900851777075
-0.9245915847705529
-0.532147942577185
0.2989636314777441
0.8332212391958396
0.6176969585711052
2.6129484828506824
1.0431813235360452
0.6281318497437337
-1.1082717527394301
0.32364768338772676
-0.1396248773729012
-0.4929586840059838
-0.7916875132655374
-1.7443427734991384
-0.24982346092793914
0.34594212167062666
-0.43221832577285646
-0.2527209523033212
-1.3385326725863855
-1.148691107576238
0.7098393842009276
-0.029933575799613032
0.5150081366423687
-1.1031991624617565
0.3666043464140326
0.20115963196307096
-0.00446808611359179
-0.40772173475791507
-0.6434961797934262
-0.036050867383717156
0.8779968308874135
0.7741241315466648
-0.21038435034587288
-1.479325322706338
-1.2474694858991424
1.3290855522876752
0.2950070787517515
-0.53979560344419
-0.10446583957829947
-0.8114492489094398
-0.08028935280137665
-0.8536311592604886
0.9514967754675587
0.25142633475892473
1.0965203855668655
1.0337197349621499
-0.2035791431502627
0.40378234298339355
-0.08001517477248454
-0.36559361005415936
0.019399481291912435
-2.0404400159990987
-1.1067454003569948
-1.2602043971047552
-1.1414849352547176
0.37926818261228323
-0.624884220677038
-0.12694933971960992
0.3155751728367808
-0.4049144986816801
0.2081766168797396
-0.14905209963817911
1.2178390778813148
-0.27431586602501623
0.2064305665455728
-1.6440355103526305
-0.41854075937126767
-1.0449001176681085
-0.5764360617398349
0.7910417708531459
0.26070639951168234
1.3072947312203063
1.6703296894875304
-1.024655045472719
0.6565501633374724
-1.3926517125905216
-0.3782472998923791
-0.7598272926512053
-1.3985573229233217
-1.8458002263903766
0.5814427848034378
-1.110088669053399
-1.4026289608587001
-0.8176374617032818
1.3266968842951006
0.7188761937447985
1.123567987962772
-0.03736689295724338
-0.535925717690497
0.16454779178745632
-0.9849583317944552
0.5474935392195466
0.0008181853828600483
0.16271801421841384
-0.5202342651316223
-1.451554153816841
-1.5951458854510314
-0.9030398259147534
-1.189362754399335
-0.31208625618144825
-0.3820063690802523
0.04764413594315331
-0.6635493680862209
-0.9645051565661165
0.4257750490433435
0.3646206673579479
1.0829988425621444
0.920641871485318
0.727649029767555
0.168774321986355
0.4584349370340522
-0.6637675328712979
0.8811584202726247
-0.888193609740384
-0.28388786339918726
-0.6911669808316905
-2.2304394657056807
-1.3112149885618434
-1.1418836794728002
-0.8103855347838399
-0.12273683326187805
-0.7368264258419726
-0.8224310227138024
0.27098390026828156
0.7482185833161754
-0.2645948853244693
-0.5461696877678086
-0.547762375403112
-1.075738576152588
-0.4058641515186448
-0.14265505078710913
0.3238407225854052
0.46142039663228246
0.29000238060548766
0.49634304091362225
-0.33745826629591047
0.6004381891698428
-1.4669362501845884
0.5612969936049637
-0.528783094000968
-0.3113868899274572
-0.9802541346596353
-0.9885790570640758
-0.7200680592297253
0.6331326207736641
1.2007558768408795
-0.03248021148965133
-0.25210115690704016
-0.5543575204617014
-0.08974034216735534
-0.08970907747910734
-0.6154506337631449
-0.2671922693381973
-0.5489957863658449
0.09882904547678487
0.5374185740636789
-0.19868755274601047
-0.32660680707174167
0.40850771418557996
-0.6132309515690184
0.4180978969106898
-0.4542241754455533
-0.7458456399191693
-0.9549093041349224
-1.0782235177752078
1.1422613198395035
0.8262465731146142
-0.02838950472445073
-0.5727867845135757
-0.8764090712621788
-1.1083147998414442
-0.45914961301834073
-0.8337140293658294
-0.8064458878658249
-0.16292770894735326
0.20864430850748644
-0.3713322534546408
-0.6925087659148342
-0.18921780793658377
-0.3659971347327699
0.4589046969458391
-0.22228121777088716
0.033864189150238755
-0.10965448985433818
-0.0020300517730137413
0.5140502829257843
1.0288194452541475
0.7627177522472754
-0.9286170354361618
-0.10447971587333017
-0.21267904422806833
1.3147113321110402
0.44049129824431715
0.27801768186594683
-1.2346400637082882
-1.835216003984982
-1.3120023004954309
-0.8612114365855448
-1.0913437982148668
0.01423089146879708
-0.7689853347191086
-1.3402518161957155
0.17141898632264668
-0.13424720922513622
-0.22388284812825493
0.1457445597066397
-1.2763095195105592
1.1535800809435028
1.4416578322616078
-0.15775521582108176
-0.1571266830233017
0.7289824273225989
-0.11723997839941291
-0.16690523512423178
0.0860362195747747
-1.335836704924308
-0.2164262500179862
0.4620156995212312
-0.5563873536112562
-0.618067805535663
-2.4208781136592425
-1.3845288560464848
-0.5459946112962308
-0.47890772454191366
1.2653327123110154
0.1008853158724739
0.4985061480118356
-1.1404842957599552
-0.6835893709421034
-0.7065464403487609
-0.4419855706962579
-0.49697573457408833
0.10935996977379853
-1.6121416117343383
0.508437511436846
0.20470546160634684
0.40817303854742837
0.0079316606116549
-0.3852358283886742
0.6365624580360113
-0.37601151539484734
-0.8292037061300381
-1.0211854185173044
-0.5377621140197849
-0.24541963278909734
0.6853192800647021
1.8351618374358178
-0.027131346154440406
0.004922276244245016
-0.19966779596007556
-0.47806950526992165
-1.339199294037605
-0.31104668450316025
-0.3574673451326928
-1.4561326670892707
-1.7390977510479677
0.3508632502135508
-0.9800428677126705
0.07012984969216435
-0.3688400058245499
0.5383329737626911
0.4635753236586076
-0.2835899390209674
0.06967861364285075
1.3000448872832977
-0.021639200306939665
-0.4746235640788386
0.7371254042784111
-0.5541228993689165
-0.25231200699797734
-0.8987885258335303
-0.8739741811656118
-0.09822698105321237
-0.6282111560450327
-1.358747525400685
-1.4134042219667642
-1.5394253413124896
0.20581715981494372
1.2733920016332327
0.8027788819273389
0.2696871538515918
-1.0901595610901218
0.7833736911961396
-0.2245149478746653
0.41499701884672563
0.26147222956336913
0.5855774340157963
0.480280630521296
0.24523475548443513
0.5547237275158101
-0.15535282920470578
-0.7597759297884314
-0.30699230870214567
0.3664022846393597
-1.1235757344106867
-0.07304176051463418
-1.1804746820204246
-1.551273928376489
-0.6145210693251252
0.2316680542347904
0.6622056967749335
0.06631048477342413
-0.06498185999060907
0.4832045795065773
0.8230798021400056
-0.1976946679088493
0.30811790525396476
1.0022028560543705
-0.06019124291449929
0.17638031155320244
0.29004102327007114
0.2863893484615744
0.9953089561489311
-0.05496470278928767
-0.7070610662541228
-1.5233781637811687
-0.8861920596071593
-1.0765118824821618
0.16127037380294268
-0.632380865518015
-0.8299679417465358
-0.7461071236934304
-0.1656764749896632
-0.040810670999432475
0.4699102546343131
-0.26815109079776606
-0.7753995804506189
0.4259410583389442
-0.637413698020963
0.08697409235877518
-0.007886772047979496
-1.6879869961137959
-0.5133728392143526
0.2539882493306919
-0.4697438160607292
0.8022225874990184
0.014514791274120364
-0.20643748880991786
1.486097818154618
-0.23453368762221255
-0.998141818995175
-0.06760457882639231
-0.1957537417726244
-0.8097747024611972
0.7317483393659493
-0.46246858964379656
-0.021081312903183325
-0.6379179500770249
-0.28082842519216855
-0.7455816466792863
-1.318409644826147
-0.7949998846487489
-0.29334135777220877
-0.09758973023105308
0.40013872121442784
-0.3964086815733241
-0.13577775021753846
-0.1697672200673373
0.5610565939863559
-1.2655184414349918
-1.2212800584810983
-1.7376527731538463
0.42561451866407085
-0.007686799665241828
0.23144918607015388
-0.3073748761521109
-1.1220347147152383
0.3565249122238525
-0.7005530925149749
-1.2641029459070563
0.6924590960138145
-0.46167568282622395
-0.1303953774767057
-0.20265263948507317
-1.286423332636088
-1.2587065960073778
-0.13328424939542685
1.0880333762503454
-0.6062985199197648
-0.7589386577252788
1.3506116725226172
-0.2714094544322191
-0.40111052222900206
-0.3498283454358344
0.1327415038959795
0.276983282806241
1.4327861068144805
-0.8636738621615141
0.5353704244303772
0.29340458659923563
-1.5109539722389886
-1.168577550729796
-0.6274599555256705
-0.28052333365724447
0.560584264058786
-0.26123000945872016
0.37313738490003423
0.2124199960572894
0.49872624879898725
1.164887878740445
-0.37084337002515155
0.2722221040220939
0.013249082354425679
-0.8749038351421216
0.07716388923071937
-0.2629947502649165
-0.7997517791706974
-0.863242943597008
-0.42178190543972804
-0.5602341111971529
-0.24790652297289267
-0.47311381138675457
-0.044066450735794585
1.3753804071584916
0.31063476403421997
-0.1671777320687428
-0.3991148953563149
-0.44814269037257515
-0.07925348918863229
-0.40327467340767875
-0.6832648450620105
-2.351488102964912
-0.9452791208516652
-1.124564698027164
-1.2357725059744922
-0.4125078951323521
0.43652682742693394
0.7294107186212035
-0.2805369283842252
-0.5459330093766519
-0.4945601581971443
-0.6197877480587649
-0.6172567968474174
-0.8164061267123521
0.005298516035528333
-0.4716732916437738
0.16542253345441327
1.3377635909636596
-0.0901151609608794
0.38366649631585514
-0.7593503454755208
0.10934617098273944
-0.9078795217035005
0.20586804361676814
-0.4696935968182633
-0.324697558295694
-0.3656896170334394
-1.3263316019678557
-0.8635662094868799
0.8726723097698859
0.39943915360581905
-0.4893096791797983
-0.6645568512496689
-1.090578817746629
-0.6943912383870386
-0.027610721515444636
-1.5476510284500553
-1.0077986571120103
-0.21375231899929847
-1.3231379174382143
1.1244406729715923
-0.007345476483860969
0.5053317674193307
-0.2781620109198575
-0.7131080136535628
-0.6805402776583304
-0.12678757062094873
-0.7962128576999042
-0.1708546252057071
0.7040066717390097
-1.3675819740262094
-1.1833011569391576
0.5662994281780513
-2.28851993225495
-0.93470449720524
-0.1428810025180718
-0.8354715417469123
-0.2993836316729349
-1.1544865634921473
0.23732984009265054
0.15155989581770746
0.5758435102809136
0.9027395856024003
-1.4610380919735935
-0.9349341457068243
-1.928026441715203
0.7282504856320016
0.20825659594231596
1.1041193937234832
1.2439110552792005
0.6481042012842415
0.13511720610509514
0.2824735979909265
0.27105903630552547
-0.46811052322931856
0.09175401654522641
-0.3767224104339541
0.4595246444596125
-1.451284745865779
-1.3817131126802535
0.24349249519247568
0.37899635702620765
-0.11574715281170811
0.26995829500511265
0.3255976524173677
-0.19081844440134899
-2.3925190190733754
-0.4708251571442683
-0.02039923356939699
-1.7919113099118418
-0.2963441816516973
-0.4868218185465679
-1.0036984920447836
0.07722829165454397
1.2877199206580698
-1.717546442226898
-0.6873617601201512
-0.6458341808001671
-0.288800756595457
0.6214358977390906
0.21459172926947434
-1.4861865446189275
-0.21282766832944533
-1.5691274015007792
0.5956896222635176
-0.7273653701559374
-0.39467978272348797
0.2081483550727634
-0.8436132484787248
0.31108977729247045
-0.6289796866436933
-1.7875346579028684
-1.3076670940353081
-1.520950918789178
-1.6238786884095922
-0.05832456980469958
0.07215032461001891
-0.24858607266377225
-0.4449895337933085
-1.406139817548413
0.03052828799923224
-1.7318442696756253
-1.3335626278667418
-0.4065609876945064
0.411901153895898
-0.7159040168815924
-0.3617914758697677
0.5419339948931915
-0.5234644910356027
-0.8550142823597731
-0.9314584354775919
-0.21877382227069028
-0.45489895448081585
0.29552924816868037
0.6533102740902206
-0.770621098302156
-1.3519616833002908
0.039099439642911626
-0.4955214741344686
0.5856303246153917
-0.0033609531115520452
0.8753319751559243
1.1431797825852532
-0.46316302332828596
-0.22932182802843087
0.7330740298190208
-1.3274172368467934
-0.6410548928630941
-1.5823030162823295
-1.2765847942460027
0.1941371940295316
-0.8220169801843651
0.25052860178890973
1.4108062638629955
0.737390084589769
-0.47368311494779397
-0.2673511131494628
-0.8039459839832063
-1.8974738965235556
0.5066813488077448
0.7263767391444091
0.030264486225894414
0.30503345132952864
-1.0911796252129007
-1.1995144718868758
0.3105900088027625
-1.004126107593742
0.4793808381221218
0.43989541483543804
-0.253193680526805
0.592815921632893
0.44234955699778966
-0.23615217059037974
-1.5846658203530766
-0.7400441776917539
-0.3943290377882956
0.17838463125145715
-0.6787735096486031
-2.1402686808595486
0.4575076259086169
0.08627403284701524
-0.017624506542961993
0.4034384050742771
-0.052821656455271704
0.22021551260871663
0.3186148125396062
-0.0304106638243365
0.4764840718343292
0.5822127406659443
0.0713522208413186
-0.8292453944724032
-1.691148329369561
-1.0560327227782926
-0.8296855129748628
-0.8723523721021511
-0.43687346184718273
0.4074618939466244
-0.676533333414639
0.12179422950152896
-0.8715854468600202
-1.4067757641106216
-0.9916915397541177
-0.5372541609438038
-0.8445225944771689
-1.3404632104951582
-0.005008783132507522
-0.14357628014501134
0.31120659403491896
0.04207758524075733
-0.4608389964478625
-0.013359748640583535
-1.4438018418983947
-0.8814031154984037
0.27287843619039553
-0.27536139388767145
1.7459004912575073
-0.4520827732398015
-1.2341803712053645
0.503758588633892
-0.18870424810499287
0.3284667384429664
0.17589541936941913
-0.4235206613062519
-1.1069546076808399
0.2713876759670315
-0.7479858133016065
-0.37703475005306375
0.30325097878847174
0.38154117738335347
-0.8379636403188295
-0.31872241068344703
-0.4455446460128673
-0.17219174992725578
-0.6061185448156534
-0.4228891342987805
-0.7382676202806538
-0.8279796725900651
0.29118226015004894
-2.1455309961329276
0.06405208448851879
-0.34811646450150513
-2.049451165403439
-0.4651728820784319
-1.3666223560699482
-0.6185445029198928
-0.6375249072896157
0.09098358592269151
-0.13460377890645414
0.23181621878048836
-0.7724335019302976
-0.40908765569144023
0.3802175464769258
0.47974163256571734
-0.6234759530620397
-0.4267795016329793
1.5227495287176045
0.2751635738688028
-0.06072083282491053
0.9898504403675048
-0.09043244925973741
1.6195577954464833
0.7394957060148506
0.35639627942799823
-0.882222490202148
-0.1088455022680665
-0.5819625844939759
-0.3279408672072962
0.22092559555142108
-0.5780927542684269
-1.1177110427331924
-0.39016160351542545
-0.9299239407879109
-1.1517850296201186
-1.2132201511407295
-0.6678122349291524
1.4492772620907992
0.034167733283629764
-0.29321931266089246
-1.8079974404065677
-1.3423731198102749
-0.5041658769059727
-0.16285102397508444
-0.5558381064720369
0.018660911129183444
0.4131107798814697
-0.5351813532625604
-0.349003723716165
-0.14073980801141403
-0.17446668797032577
-0.8014978281505412
-0.41150955208956574
-0.1438895879386436
1.582863806719848
-0.23385828414201032
-0.25437089967303894
-0.6086550880836193
-0.8226527973169423
-1.5973828790390412
-0.10384064552140579
-0.022356723340666296
-0.4588756593995117
0.06301563553882689
0.04667524837530165
-1.2878587381404343
-0.24357257288003653
-0.2529259810318875
0.6400143992304589
0.6985708013524005
-0.5202482661803169
1.0246086949531912
1.3299946485041847
-0.7544271019191954
-1.378326629584747
-0.632490506263407
-0.004755595580079708
-0.27898756802351493
-1.603882469899336
-0.3452454567118889
-0.530085878321259
0.3275182706917955
0.5756603043107787
-0.4812447459017514
0.043122184580214384
-0.13480497576117295
1.0937499760184686
-0.2931815294355082
1.0154531201643684
-0.3857891338620415
0.26975141710684747
-0.7208184141911392
0.125050203540709
0.1870053857922944
-0.38980823132202735
0.8998060256357948
-1.5578738151668807
-0.7738118011159603
-0.9998354005179
-0.7964439924942128
-1.179125903311603
-0.48784289590937235
-0.6980152587425517
0.5425229540479146
-0.7418441400778446
-0.5373470770827387
-1.5901070070242198
0.4155500454816887
-0.30488016006455726
-1.4336116090746154
-0.92908604397894
-0.19541379604270814
-1.100502050783683
-0.13252060879115968
-0.566922928460676
-3.3874322323404438
-1.499316552937552
-0.04063558176119986
0.4771602649497492
0.7491060342604068
-0.1548299308783675
-0.847748769291902
-0.973108183094292
0.007992905222975577
0.275063830448787
-1.02186284290182
-1.0442561991838886
-1.1263171757907469
-1.811929024445653
0.5595547611766284
0.18196460082239943
-0.5613278398346818
-0.13628830921595958
-1.4012076248109389
0.35899099478280505
1.4553914161659798
1.062992315677719
0.7482166726211679
0.05781074497491334
-1.0483932840812031
-1.7053591262133951
-1.2402515386139563
-0.8562291618439537
-0.0038050396918094115
0.6336664361460409
-0.9077637553506954
0.05659402179338624
0.7726817523121174
-0.09479230087677255
-0.4697998709289266
0.43295535425073534
0.7021754500090452
1.420414926017108
-0.4688213518756188
-0.8550366673982966
-2.586506634127441
-0.7399583226648808
0.9023204334615331
-0.2401693575671917
-0.7064755700197742
-0.5969794246575998
-0.9852892652550311
0.2883756785899945
-0.1520615855861893
0.26833853464880186
-0.20763087796041763
-0.7103026039102869
0.46154094415363045
-1.254158701675487
0.5206943873982262
0.542720302055159
0.502873744009447
0.7156758714856245
-0.05519632224850579
0.8832332966045283
-1.166363740256526
-1.0771852132464097
-0.6952857650087991
0.1918344697316442
1.1744327482279397
0.13395256308898426
0.28404056930500765
0.002195502262223703
-1.1604759944809415
-0.2529064327679916
0.44826841772369064
-0.3177713411600235
-0.5917746437821597
-0.21113196915050436
-0.8112141207413264
-0.10088083388194799
0.26599743227091793
-0.4747579754017409
-0.30935428489812994
0.2164894934457193
-0.7522025813752553
-0.940732267841746
-0.8654071732838018
-0.41404955482790967
0.27523949619901183
0.48691993361213726
-0.25730445998281093
-0.020567601982613093
-0.2535210189285301
0.0823845745903351
-0.8826231105972852
-1.0960073444948208
0.5237121671974732
-1.4171069957886164
-1.4158545551744912
0.35884826851235374
0.0873309487527888
1.3110907097657651
0.18475775496444571
0.7831585246840459
-0.42542644469810664
0.22265469817273317
0.0023045104402641403
0.38100276282971857
0.31313185355607653
-0.24289739159244644
-0.5284727120456424
0.5703314704459921
-1.107546436526267
-0.9875166238139539
-0.06837876836263466
0.1995531381936677
0.8997587202217183
1.2722076858060234
0.4368261128230382
-0.4248417145968628
0.3652747828285281
-0.19516865091831953
0.9050686815608098
-0.05992865716253992
0.28902027009864933
-1.4113249899112137
0.0936873755737693
0.8725725373413009
-0.4005661490811303
-0.524780003514874
-0.4402106625699308
0.7679688419445398
-0.3961681501580584
-0.059787046530051846
0.1769326868254774
-0.9150169461399804
0.26656917964181615
0.5144853972665258
-0.05848870077028201
-0.6646489186692419
-0.5940658900879958
-1.5228218000485216
-1.376992016776259
-0.4066476212031699
-0.007230934881482132
-0.2390781988237001
0.656641640717261
-1.054121225134994
1.3773631683673844
-0.15617094896864472
-0.30891585931248294
0.4601297427764628
-1.115331846224575
-0.897956500165942
-1.7644991404748778
-0.7364841615529552
-2.0481000742480626
-0.17171602406212974
-0.86161403582268
1.054695637156311
0.9745601517278153
1.242285063718009
-1.3408038815942793
-0.426515117485129
-0.3374995228342404
0.9959168385175413
1.0485995736058091
-0.2810513896190599
-0.7101409841294083
-0.4581136942173456
-0.17338084252408933
0.21892448078226506
0.01665773651152247
0.6962218459211543
0.7662211863800821
-0.5386210203080828
0.11067763183575406
-0.7814596820265788
-2.361334018808345
0.45745440568610674
0.10599713538713162
0.2504575997499407
-1.4308281731011507
-0.2815341646515176
0.5661674417032093
0.23854472312933075
0.5381618060833705
-0.32599104856202493
-0.8285406477950445
-1.3874662941477467
-0.6245256312552975
0.008844610579936886
-0.18520752272309926
0.06158233282514025
1.0395034023621843
0.2542301440069127
0.09942560453088123
-0.9502323073339651
-0.19614002571726985
-0.36849529745638154
-0.8628749622020174
1.0197278498944917
-1.0178169996046271
0.07102993454213463
-0.4066902082507855
0.3116678752920214
-0.8243428894734827
-0.8828600056819166
-1.1413837695955595
0.3560458975839298
1.0937441863080564
-0.06094141412002013
-0.18944120530165126
-0.12981263227189643
0.05763086607772777
-0.5329034352674872
-0.33415541711032853
-1.0365104806227208
0.6665085121620699
-1.8304747541863056
-0.5414978386950307
-1.3286935283949501
-0.4385099081684866
1.192395532848216
-1.4183339220942646
-1.2155781388698472
0.4713396852298253
0.38643560390290066
-0.5346588505151595
-0.2098252325512156
-0.39722979074402764
-1.1084400766366573
-0.3927039595421995
-1.4855585835315648
-1.4133400653044683
-1.4110034989522995
-0.6110877232504346
-0.9456653636100499
-0.8554074481172874
-1.4672098304078816
0.05696982732803879
1.3026035578235793
0.025891118151562698
-1.742703270349172
-2.844639623745008
-0.9938348174262475
-1.14563945141303
-0.2904687906224334
-0.7399457447657242
-1.3373136124957066
0.2916805418497035
0.1038037615263939
-0.20235247859475175
-0.3474979529757164
0.6348882466778227
-0.4192577441835517
-1.7401588618407007
-0.6371094138049811
-0.6433595350432394
1.1960061102881436
0.18568999932039743
1.1179512285283542
-1.0731361326965432
-1.1712675371746348
-0.7042000664702225
-0.5684911293923054
-0.4661401245475333
0.36094850196314
0.4521652658819285
-1.3579457144608376
0.030186693720902064
-0.07534756178567352
-0.6648842156161314
-0.27584673451851327
0.4026791381776608
0.23072357331269258
0.43702014952421403
-0.38788078077728894
-0.37584002624698615
0.4534044013220678
-0.7950396985674035
-0.5430180485764553
-0.7109224440095899
-0.6177538636379756
0.2849890990526827
0.7206004658541287
-0.3224968222679256
-0.8976104830504574
-1.0566085837973755
-1.19256893564679
-0.8575467315955059
-1.116027784892744
-1.3170056839327158
0.25542507462755554
-0.39066192672793765
-0.18257271732178743
-1.5048633063494565
-0.5180043183442921
-0.35258980307452004
0.7850798721794632
-0.33647178835068575
0.08118808723042259
-1.9253749393784068
-0.845955048369007
0.4445673292231179
-0.9121572752929581
-0.6322852222529802
0.5473864533779992
0.1970431210505729
-0.36807623048533344
-0.009043406163953667
0.010367747756610923
0.3482560216694808
0.31215267288868387
1.2886940373615738
-0.5895917215379894
0.24498577849698944
-0.9276190095162917
-1.7673929190153943
0.15851865803551082
-0.8917761969788573
0.3464974414289227
0.7990134705344142
-0.46586944650766704
-1.2808623460307944
-0.7909602119453453
0.3809571259196648
-0.674589878737209
-0.5841626701388898
-0.8852650896496582
-2.5000856792328463
-1.340616127263115
-0.9830981720051106
-0.7299354923614996
-1.1625764187991985
-0.6851890664221142
-1.7038795984548172
-1.3219555493357482
-1.588158326691136
-0.5207891778127688
-0.2978273571226422
-1.1928384016698776
-1.33801209685567
-0.2722256711810329
-1.6363179874074758
-1.5685124874220222
-2.4131406916293727
0.980998203261471
1.0949858654766365
-0.44951309253653843
-0.33189039838375556
-0.23434093624921004
-1.2990409479027465
0.035249115047603974
0.2199243823299094
-1.3778610666251212
-0.6571723799342803
0.03820195850624919
-1.957155104351897
-1.206422794517006
0.18561017016006726
-0.49102875070905533
-0.11278889475828718
-0.4152506025694189
0.03232753545371175
1.1460630679460075
0.7784545261304885
0.14760422995230615
-0.46965385358048384
-0.6843888546632043
0.5453043419111513
0.5679665758295448
0.7654241640272225
0.5668874202466225
-0.2785921043468858
0.11171808192391108
0.549413753214512
-0.9981066736757362
-0.27088075528723443
-0.00013164068059778877
0.06613725449532938
0.6434438124908299
-0.10255792029752314
-1.42008899027162
0.06938155602707874
-1.234841115791206
-0.45126205161052474
-1.7411759524725823
0.6895829223102342
1.4263238089474628
-0.34798990255503437
-1.588917882557036
-1.4562943718922494
-1.1776764556392063
-0.37049653927393816
0.6054431106058765
0.0995899128748226
-0.07124754105989536
0.07228562062115951
0.4144923931374724
1.091935922976436
2.2924913391192385
0.6366809642608804
0.13845637029407443
1.0917975021845776
0.7560098304801619
-0.10460628334604316
-0.7323450242815446
-2.116779340965264
-0.9500975120390529
-1.3578265126804587
-1.8544972579503907
-0.530869102892464
-0.5117055435589635
-0.1714469844842078
-0.9769927468309005
-0.1913244502981899
-0.0415646957475026
-0.32146743272453804
-1.1956468075799769
-1.081548888204677
-0.9692094340470677
0.34286680787972634
-0.5699266155247062
0.18600470605628616
-0.9270297989180266
-0.893967406081657
-2.0599862311481694
-1.419470020483339
-1.1217575406256914
-1.9113802052008606
-1.8376630064297785
0.0026577707376449072
-1.2811563351185806
0.37907441859812785
0.46645090287791086
-0.3415109659366772
0.38714036649084377
-0.44619957017900547
-0.46736053312598674
-0.8960664402594151
0.6189335842648662
0.06190493508428374
-0.6897443470752582
-0.16224404380014434
-1.1279805605272193
-0.4021692862108261
-0.5459774761696781
-1.2994914745178114
-1.1077926207400073
-0.909531484211477
-0.4973673272642186
0.3095643494300297
-0.6413257975819646
-0.8308078154824587
-2.3196063249450245
-0.6957826789500771
-0.4586195327597379
-1.1964462015076927
-0.3580854161654312
-0.9996706510317799
0.298938086963535
-0.7366780648039637
0.7254792673630409
-0.3947590208598605
-0.3832860106574361
-0.24436097979573435
-0.12850030216219538
-0.5123675373700743
-1.4606714887309304
-0.018081875847728298
0.48496357591597794
1.0612344030844714
-0.48237604418216484
-0.7530407990633428
-0.21892669826328487
0.3085874465104326
-0.16828341728504065
-0.10977733530381667
0.14671787469445471
-0.7509296510247
1.0640357040689572
-0.6842317005004162
-0.4429726361300582
-0.14005823031636433
-0.6364118202263858
-0.6573929850488796
-0.6531033930991591
-0.568058912478659
-0.8516933205378454
-0.0959236519142953
-0.37775239399462107
-0.8081596457339839
-1.0906088845033044
-1.3452885452976635
-0.8335250904780179
-0.6901866372455548
-0.4736089770380724
-0.04097340630679552
0.1868641884041885
-0.14288550859949734
-0.5802756091695274
-2.2819004540359242
0.4858135788957947
0.5869497511024941
-0.3697493639205984
0.2635238778839238
-0.2803718975886383
-0.870725559854338
0.10580128332424865
-1.0369709557912943
0.19299722854344242
0.37888372953411253
-0.45540675168616174
-0.13500076838472624
-0.3496714640141498
0.401670631438011
1.2420643333853674
0.7664286639994929
0.8009146239278238
-1.2952972369908822
-0.9529460960784966
-0.3554063994358736
0.03891177378772341
0.7362427280052612
-0.4600074249835449
1.4571799075718461
-0.28829829654007577
-0.563854228758584
-0.2786003746617033
-0.9216556194437242
-0.36473076061966325
-0.6270489477539418
-2.1875491300892507
-0.9771087584831195
-1.7274018002113964
-1.4098146408799503
-0.2728441530337812
-0.1517333853781973
0.20383906272147473
0.04047972545440559
1.1173208881057213
0.88539479673964
-2.266979975550158
-1.19809987134429
-0.8816883522656046
0.48728618355077513
-1.4025591483478208
-1.345178671257511
-0.9840540518784331
-0.3302329911312504
0.12578754487079702
-1.421829567740697
-0.3320228997251212
-1.0388803826364434
-0.3206516511833284
-0.6094900203722676
-0.5698368220229122
-0.8448531268077164
0.15996495941528083
0.036985748830584225
-0.5347343234655489
0.7763952766356469
0.9260290539877847
-0.15628048248460832
-0.2930988996462458
-0.08485036914680588
0.03243978373129508
0.08482522427722483
-1.468331349255338
-0.4633516157626108
-1.0369348577607478
-0.3333153540620646
-1.1578333479981062
0.11891886463938195
-0.02614261723724376
-0.26256710487970236
-0.2240786145922331
-2.1403337292204516
-1.1772151379525426
-1.6449624250041703
-0.13755460400648806
-0.9467672778658365
-0.7979252337980681
-0.4477271015972738
-1.3300740299496863
-1.6678437173585063
-0.5709720636838543
-0.8388405495093825
-0.9761007377995389
-1.6453148382214937
-1.1183158974724199
-0.21607993184439606
-0.4865040252702689
-0.606719685710962
-0.9954759599755222
-0.8498668672213272
-0.5975129230592947
-1.1603005383146363
-0.9536244804415017
-0.41275296004260775
0.5087770615437107
-0.25024038203372134
-1.1357542391072522
-1.5527712508832094
-0.7437953831804434
0.21244147571930064
-1.0298093455198043
-0.22532784999028577
-0.7976283296151297
-0.5566464685786413
0.1583761631848635
0.21636367756407088
-0.581682454830192
0.5585941921798492
1.4166584263430773
-0.05512226872383874
-1.050967781488211
0.43714716461094744
-1.0849074552580484
-0.4925718858728762
0.2679655623269305
0.356024472994131
1.6622677751165134
0.5046893393253894
-0.3791861124075602
-1.2027499087742757
-0.42185256230269147
0.9665866496112043
0.9929112490140775
0.48200777642985354
1.301073514940649
-0.7829343909469986
-0.316851236958711
-0.30511444879685135
-1.334469996347273
-1.0267852640546642
-1.5230757089867715
-0.9773774997044702
-0.10604238904869695
-0.2054730817592254
-0.42682014859503775
0.8893758095769227
-0.602828477749587
-0.40920543349785454
-1.2111559600863449
-0.8596281818507312
0.5175968701908175
0.14772194792297505
-0.21302466134383297
-0.45233964355076783
-1.3056320167092317
-2.0395427494681986
-0.531111023187348
0.6856075586036781
-0.07925711806436403
0.09829577408871282
-0.5764100277151797
-0.612461121335276
0.31823710892834733
-0.325895248805809
-0.7034068349776221
-0.19419807666511374
1.23911291799902
0.22303545802218616
1.7197414458880596
0.09957752614690796
0.457738134440552
-0.4258917787808153
-0.6447626884711419
-0.3071739742650647
-0.6391100153235622
-0.3162223724105112
-0.6638652504318051
0.2645737925065001
0.6971041034783035
0.15140584444543043
-0.6597633253018764
-0.05147677799377948
-0.07690767285777422
1.3009659760787047
-0.6663693152390506
-1.105325480824172
-0.8394049845783799
-0.3756081484330127
-0.6297755153770277
-1.635739949035496
-0.5572082746197277
-1.5679141471846068
-0.15594996682223317
0.4948020118944566
-0.6806985700473812
-0.21923449129181025
-0.8087894556196271
-0.6181069010885899
0.6575848567567839
-0.8523967929905013
-0.2620584480661001
-1.6624563330982467
0.3152296636347015
-1.8765850391990397
0.3889976611542746
-0.1891406629937586
-0.3504751939500533
-1.4404612025329526
0.23703839161550977
-0.44275116756941846
-0.7600042527183208
-0.5850988951549151
0.4625230033383516
0.6199412148242718
-0.7324795746594155
-0.2675767520415542
-1.5744609031057428
0.16349243506859937
0.48263418951892595
-0.0077566892872553694
0.3218817798588908
-0.13688501475215764
-0.1830103147870407
-1.0645293056436136
0.6073206506600612
0.5162617019223107
0.4680247243753554
-0.07564469657034867
0.25898670469010365
-0.48442878389758487
-1.1928152030114563
-2.133378083256404
-1.2042320184174509
0.8330517681026268
0.9304232014539372
-0.9904171438767376
-1.2819322655266199
-1.528202622583855
0.16974545699480986
-0.4930224408893379
-0.5293150885478153
-0.18025923689470363
0.9640876894858696
-0.24136113529373038
-0.7727281078779553
-0.36694749215231215
0.32754206416047704
0.10359508290806752
-0.11238373098849164
0.5095579479125886
-0.16562463191659704
0.7571761836181439
0.08204881532170205
-0.8523829921025039
-1.900616513885409
-0.6431308369338644
-0.14921931351396794
0.6203057232417098
-0.03898184538417948
-0.26555099574323215
-0.73788019267757
-1.1227771577939454
0.09447579251774457
0.13936058170806892
-1.6968648923636747
-1.3911866582951995
-1.1197017801771358
0.3322349574620881
0.176579058901429
-0.10985319076615441
0.8534061358679701
-0.6397942673523023
-0.43679176308102896
-0.5389877623422786
-0.4716077835959611
0.5775872044759722
-1.3994167238505777
-0.1473225096305557
-0.8079425304947743
0.15879721418586054
0.5135329120643558
0.2504006783262899
0.605115938475142
0.22273578596637394
0.05597536450611429
-1.5772612315966272
-1.3475335078669317
-0.8252322563336827
-1.1717426829099096
-1.7570511580831718
-0.5190050593895292
-1.027425842444235
-1.067115997841836
0.35597418736108044
0.43054301686034546
0.7193451003335605
-1.1364891772807901
-0.0732940153935644
-0.6231091053369598
-1.6571952726329515
-1.779590297628949
-0.6289417941768063
-0.2753806620773605
0.4610601800896823
-0.9881105785169791
1.3085833240056548
-0.4644803405744322
0.45827577913164086
-0.8225785728439641
-0.6066053129077117
-1.3837595078639537
-0.4646575811786184
-0.15973658282626446
-0.5537337389741299
1.005670094381276
0.38406272330768965
0.5650609011072831
0.10705990134886822
0.48196945869890273
1.3068746104554636
1.0226197746306394
0.23532749760361646
-0.8777076612874288
-0.7254189546842362
-1.596361631069744
-0.7065788024562838
-0.8705717562066673
-0.46633891174764597
-2.118229032471149
0.039971138840993736
-0.6431006145715841
-0.1480983855361134
-0.017832531137493557
0.15641181745021754
-0.23457527112522572
1.0821465846422569
-0.3547554042380645
1.7545874116563223
-0.46754387155591215
0.35807364027739635
-1.623912465646899
-1.321343212614594
-0.9937887126192909
-0.6356422316794731
0.3993695711099579
1.2034396052291063
1.4385086417727841
0.4452640911450405
1.0479565767849663
-0.809186064281956
0.044087809844422586
0.6985306525911774
1.2953184923040544
0.4497266329055985
-0.9117406958712614
-0.4364283957984365
-1.107368343132097
-0.02351530313548833
-0.11683229115018134
-0.7574086572171145
-0.28744062408485543
-0.7547774591534041
0.5754142811051386
-0.4283187393696302
-0.7976047252860269
-0.2103371584938835
0.3136169300883855
-0.4929120138144998
0.3060937894975574
0.6199407097018722
0.6815410789982631
0.7517171554917688
1.242719507831703
0.8983900146941914
0.6069062653662337
-0.4410787762406758
-0.18097816713318826
-1.358786352110485
-2.0882938468518537
-0.259759717880769
-0.5294605759467135
-0.07597147701884138
0.9044540900718734
0.33802940003683896
-0.19929258853319642
-1.31289618515887
-0.21984885745147487
-0.2514065865155716
-0.14328804967134312
-0.24195064723863613
-0.9494705817831913
0.21738420493679045
-0.5415489416575313
-0.8551719455833613
-0.2600697889171184
-1.0092138180480514
-0.44147002558651904
-0.5009665427334334
0.29117996823306613
-0.44953399731980037
0.9425621016743658
0.030262622855379617
1.0180420272137312
-0.6565375331091391
-0.9567107940485208
-0.8092686710607015
-0.6236365006881295
-0.1649327983592625
0.011332650002372435
-1.9139209654721383
-0.5903388080105256
-0.29590606420006826
-0.15519263022789362
0.19482028062687426
-0.14764821113490856
-0.9666472276520525
-1.650051239064438
-1.6060257853917792
-0.7071121601908162
-0.7664013781589208
1.4963710143477527
0.7871515399582771
0.944649971260605
0.2757130182511376
1.3471443592442378
0.837820706303532
0.04249389278074894
-0.12570351581768036
-0.16036124109699368
0.0019701402279879987
0.42808035166359637
0.8972269067229022
-0.18651419532705044
-0.792378030896514
-1.0206703338467913
0.5516843648339329
0.7326297551453251
0.03687030816852299
-1.123446048859637
-0.3388931671576052
-0.5676969347400637
1.710187076261142
1.497925789338398
0.7638082811676405
0.3979184315389419
0.8216408921944536
0.37889996006531146
-0.33719103384248533
-0.8893741967296148
-0.7449894940742942
-1.0857703365282876
-0.015232802669295414
-2.3935426371727746
0.1487031444346567
-0.06819560037992689
0.11041290811185309
0.3951490995917718
0.5411342162736438
0.06730327142660768
1.2657133181215898
1.2030911041368735
0.5060541314649936
0.43030049520381247
-0.8825041714195765
-1.1994238402693282
0.034403151588889735
0.8820334006193471
-0.12145652982954136
-0.48895073137641365
-0.4594221397793404
0.2332698494285196
-0.4200677686387322
-0.108032415943082
0.6869946291161934
-0.19575338026900935
0.32861984816198514
-1.2921767469211716
-0.26178951003302653
-0.6514119520538735
-0.6306816104236499
-0.3812945459797286
0.37972393949612604
1.2024590482055806
0.5365159767074021
-0.34280690196996355
-0.557160353325858
-0.8180754023403815
-0.4550478219825424
-0.46506106009936515
-0.7666571181824552
-0.10607778266462808
0.06333844896117469
0.23805294073313052
0.0783042043708525
-0.34456890259253353
0.4657817404925847
-0.5374394727786211
-0.7510138462780338
-0.15707917278508332
0.6177955223327933
-0.4569527359932079
-0.542338383592543
-2.413875494112583
-1.4456554643489885
0.10048909202621076
-0.30015284223694855
-0.5474916630149893
0.126257685279427
-0.451855770882272
0.3782121613808154
1.1945210011717053
-0.9006364319915258
-0.9564610818595282
-0.40520115139529267
-0.7442417746429153
-1.3119667357236653
-1.8121278822549107
-1.326750075293464
-1.4695834315892202
-0.31105697789663433
-0.40354097566329017
0.385524812899655
-0.5424015382130201
0.2696115715300254
0.09363664585201102
0.826121611727606
-0.5759485050706368
-0.30279646107486613
-0.6309108698690667
-1.2768993436279994
-1.3466800410367867
-1.291557696485977
-1.6428279649313515
-2.1586534495211964
-2.213156254991728
-0.7951484210241013
-0.37747032059672536
-0.43623002972178276
-1.1982482918012283
-0.8165033612446877
0.3265867166894365
1.5566133440417564
-0.3150291863877949
-0.5383514218602541
-0.5742559629416571
-0.0623223622933648
-0.5959454873093384
0.5611395100534017
0.38534913610750504
0.689390286590386
0.8051947263526686
0.16059072935780422
0.005491121468936282
-0.8102444239986997
-1.332803178067487
1.0129253153331268
0.42622251422755053
-1.259565054146411
-0.5313952669974449
0.5168130931263715
-0.6577467149908668
-0.6753959216359501
-1.1825312511739494
0.05211752049548452
-0.713053065667531
1.1193717644964696
0.8754908563802375
0.8005651035252898
-0.7333598261442815
0.4318006502966474
-0.16687321215316558
-0.9003656749631804
-0.6700234627082611
-0.9199447426028597
-0.14830481652901933
0.17945723450075074
0.45276418577828265
-1.8358989576735516
-0.9239624330996123
-1.7644667166059071
-0.05792904157802323
0.883461961786374
-0.9178572697782118
-0.4049688354286888
0.025899907253170595
-0.7477699850532089
-0.04426489404412737
-0.4494866410400033
-0.7685270984686546
-0.6272802798474013
-0.7049680178947451
-1.2454712305057098
0.04394172634394992
0.09680629950687664
-0.16239902221437175
0.43644950695469603
-0.08855900595393801
-0.5082219861661336
0.1607383974820167
1.024326362762063
0.9867040922131358
0.2007695808144616
0.517594516359055
0.5002908207738131
1.1391990913731598
0.43128300579310774
1.0800538523453624
-0.6011692406660758
-0.24524711407352773
-0.25521377098665754
-0.7910988853020215
1.059356652439635
-0.11305335318073809
1.4270818375031518
0.9246655589960229
2.1822501823980525
1.1908342467409732
0.31806605282851463
-0.25004782786710916
0.7407145007578314
0.7524316730464489
-0.5345738477403028
0.07271472250554536
0.578785796410363
-0.5911752132689696
-1.3073451005103853
-2.2994007767637683
-2.887649874263755
-1.2669238644745033
0.8487788025365783
0.8853503762434755
0.46435609065404837
0.5398192955294288
-1.2515826994207593
1.1033795865201947
-0.509190219290563
-0.996246283411786
-1.2425832062152273
-0.19367010124056983
0.14743024692829299
0.6121793705646319
0.7389355292687521
0.1489716523695331
-0.4306513962070704
0.19654195225164695
-0.5076214421701717
-0.6993233131457829
0.23552237258173647
-0.7505710733820226
0.5144773362405153
0.7695089107638021
0.5370018801738573
-0.2785707129248488
0.1822419280344208
-0.4222320536840731
0.34246893783812443
-1.1648317798733194
0.4455181857315955
0.5361264480847633
-0.7246314678461009
0.9243772722224823
-0.8268773556791927
0.574643863170468
-1.0526498619249163
0.36659375221623375
-0.40585085930217657
0.7063782597796884
-1.7271581859483716
-0.12677042542579864
-1.234419553254205
-1.1272504628817652
-0.16124328557177903
-0.19073446629248336
0.02508549227845913
-0.4602533359439818
-0.9606210239058248
-1.4028533545577073
0.24430922257014331
-0.3594574588458929
-1.7003271729272995
-0.6391773115861225
-0.39414466679815485
0.662084425183056
1.179075000040017
0.3180780400199295
-0.6031123635764924
0.3362005425945995
-0.3483596937582812
-0.4389062623009256
-0.5498628343586716
-1.1444376325367196
-0.6791843336944645
-0.3378456122620933
-0.5223498467496954
-0.4364175519647962
-0.012365649460111622
0.18646382566191366
-0.28059137739915696
0.5007037228548624
0.1212978885455136
-0.10437229087906613
-1.3485799960299936
0.18804830951105778
-0.8097195626257288
-0.32600875062631635
-0.653551332733585
1.7620257481189001
0.22023464999184172
0.2783864730428892
-0.6902955174477501
-1.4188474323508304
0.0026620508028640244
-0.01694986011540356
-0.16096828572045274
-0.9037572012987918
-1.3984191065830327
-0.611728577570202
0.884435349439451
-0.06150628594295526
0.02530499809308559
-0.2832005795149778
-0.7310876904427852
-1.2828016534853988
0.28729849547025127
-0.05815766767774949
-0.9053916160082823
0.0011887451222421797
0.2392353765182798
0.8260523479740065
0.4653537187607662
0.16859323174720608
0.3382994395342819
-1.384284521219901
0.11804441602226251
0.32865040452922495
1.6642018373421283
0.9468438431616129
-0.6708550967689981
0.3038652957744372
0.6653376647645348
0.3920526303626186
1.0644743268818733
0.24951831324529505
-0.13853288951482826
-0.45965186273228453
-0.5810987682010909
-0.6825118680754556
-0.6998546134420114
-0.9528624279393803
-0.18471254746416033
0.21407633221667094
0.507194291110828
-0.5913204311582627
1.0234223223255636
-0.2822430656016784
-0.3495235983158521
-0.562677625863974
-1.0368517160416877
-1.6332098707863532
0.5028592391810197
-0.6973152021311019
-0.2780785490852853
0.7403718362304947
0.44263726007471893
0.011038431316518646
1.1342319652408217
-0.9829302283745447
0.6647866106021567
-0.8056384286677233
-0.3904499614484536
-1.3943965354482122
-0.4346305920250839
-0.6574067532896721
-1.5824457882271
-0.46172951394813966
0.042624926678539454
-0.7559970280490973
-1.6877373031630947
-0.6035070796606072
-0.08201282319449262
1.0057314442306815
0.9523839075294325
-0.06047880472152931
-0.6405074763980901
0.15593240841540443
-0.21952589581223686
-0.07983579506931382
-1.2150367154433164
-0.5954261978272662
-0.03201864471007604
0.027566123100091433
-0.8659400516284605
-0.9797316445250185
-0.71644649344312
-0.2758300659410253
-0.7482799040974281
-0.15049749166567883
-0.5933321384891502
0.3568735302375705
-0.395317579986619
-1.3353716658431638
-0.06249655138344562
0.0589183978303225
0.4745268777681058
0.11164555464010822
0.36758044294678305
-0.2421271568203387
0.8219568747808628
0.7376637337772827
0.6169678233928811
0.14598292136343743
0.9514114568947389
0.24455421045418174
0.3244934645795137
-0.842138681684012
-2.354835676836668
-0.18395798218670603
-0.6025062538965846
0.920477298245536
1.3132707814405242
0.40406018673964234
-0.8526607679377527
0.6313366953123876
0.30433100453677847
-0.5517917818993413
-1.6392695098420853
-1.2644963777084768
-0.8334847982122808
-0.6351312140649221
0.16282399249820476
0.18838671242272925
-0.3722918153459508
-0.49814281297367796
0.06573461601648972
0.39719702988671224
-1.1810334919817882
0.0006107069606869076
-0.6215529021380751
-1.016987160819992
-1.1004839079827575
0.1821233411520673
0.821655569232794
-0.147839710435199
-0.9955065496791363
-0.9239370648436726
-1.3024720973409987
-2.727451345444188
-0.7755287860117877
-0.9787196334991812
-0.6796160748608822
-0.8206980728027127
0.005793206218127123
-0.6363025012930298
-0.4570119519228565
-0.3480466572595058
0.08172339032072129
-0.2056831324357966
0.14657199316187755
-0.6419919496674535
-0.958551977350851
-0.2518685592800978
-0.7786018223367647
-0.8167112439880531
-0.3632036095358845
0.00433442959162314
-0.15018019853550563
-0.1784143321409038
-0.7118095503601234
-0.31877118589742903
1.3744091418370439
-0.7536202738357515
0.1519509109298266
0.32758345550364676
0.11403566501720391
0.217688318211383
-0.13733341974268437
-0.3301551178812697
-0.24916145082876345
-0.017761747326944688
-0.7368488512476012
0.4514404873418587
0.5472406001295156
-0.37494563750406573
-0.15748607967581674
-0.05787253401733605
-1.3788101817095089
-0.9637815500005061
-0.8839841212014831
-2.427744689566666
-0.004497770346652205
0.30943286936400244
-0.7151368027603174
0.14578647626497715
-1.0458843671214886
-0.4522264984585169
-0.610912826561363
0.36479453751336566
-1.5693041347267125
0.21932867091897468
-0.5728871696285722
-0.7699385254656316
-1.0879537362752956
0.08119639488398028
-0.006575616437772325
1.0278048889296278
0.01218774467656375
-0.7423570040734215
-2.058640451148657
-0.03060165899750822
-0.6743289252228991
0.6368716853518741
0.37392793912269295
-0.9092518985532688
0.14291020942224547
-0.15753155762491838
0.15213692136233056
-0.792941373921763
-0.2989298034538408
0.5448928338949738
0.5439918586346487
0.13073725265597463
-1.8965373696909495
0.8613602665897067
-1.1320197437470796
-0.07208867244269224
-1.9697428647884014
0.345972510744624
-1.3213902131073552
0.041566018559665685
-0.0321186747562364
0.9059123451198461
0.3997261839570756
-0.9262122889045357
-0.946545721273511
-1.2023552380821818
-1.287936145064049
-1.862159246707927
-2.065387752466478
-1.1022126146240028
-0.23536240528241498
-1.0930940458051408
-0.6554716685394104
-0.6724230377515892
-1.2233249243588533
-1.7075451729186373
-0.3314288638898043
-0.30805897580800234
0.5895488249923428
-1.115269720314266
-0.11617891685152026
-0.6550606202399687
-0.33697422379040354
-0.42990030794130135
-0.1712415196936249
-1.8957403538034834
-1.4367552282410276
-0.26123377512000046
0.6785548481067227
0.1886950849566113
-0.5211792535755241
-0.38947244375031653
-0.013126583918388002
0.029054350173117027
-0.7739043657107338
0.28208141454112445
-0.07213113072351501
0.03177867126797107
-0.15560972432374143
-0.8706692263586309
-0.24495256733773108
-0.8042748521998437
-0.03432723537441515
-0.021995277009094538
-1.8950848689687647
-0.5785474422893877
0.10245799994533686
0.05700773196516484
0.6283592093818873
-0.29358672913381145
-0.10150385072065071
-0.9331853500887355
-0.16550969765909695
1.1462151895199717
-0.9761571990497103
-1.0615116171948347
-0.6119422297363406
-0.6805302158890594
0.25051917467252505
1.01828416023289
1.3444758081178232
0.03870583384156817
-1.0946476405984642
-0.466335120266842
-0.07876080100712735
-0.09747256228860374
-0.8470998331088427
-1.4438605577202692
-1.6470700277348942
-2.035163981734191
-0.4612339508720586
-1.5040039067853206
0.03459049520949886
0.38417125056362217
0.9949855631817818
0.5163408543067112
0.3777801038772764
-1.0688801438563953
-1.0284766793778184
-0.4656317247393238
-0.12689128301532948
-0.649969513677809
-0.370892425865303
-0.2742138103198337
0.16837765062728738
-0.21157124859445375
-1.3102296105466107
-1.1836765879493565
-0.49006767046752303
-1.1420076243998498
-0.750579540910681
0.7390577140672949
-0.28760362052156174
-0.9301780272198907
-0.4560829372430898
-1.8393046583578356
-0.48370615953705665
-0.6164378980050988
0.07731507016980149
0.1708248883782263
0.5277959948296724
1.0369284766420896
-1.0665166812894202
-1.7948275982930562
-1.6475085611501337
-0.13819746720636367
0.4052267970477015
-0.35850956880877494
-0.20910759734922058
-0.3526873935918219
-0.835274281612585
-0.7740545437742967
-0.26075041299323143
-0.312168929679891
-0.8981557248942105
0.8922304537285721
-0.6534367544763389
0.3978262818683892
0.7471672410214915
0.9028546991909854
-0.2950814908155286
-0.3612075059087341
-0.7008923565956213
0.49363868417297174
0.006251177306194622
0.08503918700259838
-0.5403082605778583
-0.22753596685304067
-0.737566903611535
-0.5743764147777455
-0.033573025612927576
-0.6390039635966005
0.31138956960164943
-1.1962856680164393
-0.6848410690805848
-1.7663760507302986
-0.12300636111773244
0.23830947748854547
-0.607338093800053
-0.19188188872713807
0.09999162802892897
0.4835879510917136
-0.20293982642414077
0.5625976556334524
0.0031115921109355904
0.6768699307693081
-0.1600381725519721
0.48615596556526053
-0.36741115388863155
-0.04853778943265519
-1.5529988129707197
0.8007009956533109
0.2719112575994708
-1.2516085031486335
-0.7798014370259183
0.4152556456916653
0.6350802376862069
0.513235414583188
-1.3004402323098005
-0.21907228067152162
-0.6025851000525941
-0.035776405328449
0.5882770930639224
0.4422155645096346
-1.088664884640232
-0.520764110161336
-0.3526798414843494
0.22540816865745406
-0.9348531199278236
0.6699406591811633
0.08079641231306045
-0.4587745777467746
-0.28167793054100027
1.0641372115342393
-1.0674422778063986
-0.6016987053706977
-0.2567833973698412
0.17412326750408536
-0.07681425691381238
-1.9769413076991067
0.6185928318408983
-1.1044889967198797
-1.604873972179999
-1.0144302643414473
-0.7708659276829591
-0.8836012087535414
-1.6231848431427531
-1.2241451081941876
-0.12867105082619978
-0.4264293231122254
-0.29419882767988564
-1.792336782918701
-1.6725212548258641
-1.6543293791557891
-1.9879972836808217
-1.1905623378307433
-1.5396524813605186
-0.7937939240091845
-0.7009304026155248
-0.6508542736977387
0.6521369115505538
-0.04157537454870283
-1.0999078530469806
-0.5285165226480046
0.43403273177808643
0.5949256192389749
-0.5380882018350489
-0.011180074941984808
-0.12452044341126348
0.10219738763244454
-0.2472465300539227
-0.7297429968722388
-1.5034431610089745
-0.8150416510607326
-1.6517344117111514
-1.253805300348356
-1.0903578065153496
-1.5818599728650176
-1.6250341438442613
-0.25112583220169515
-0.41521253957235205
-0.18459536134174664
-1.1354639154145227
-0.8765175405510026
-0.7214003673778397
-0.09218387470169126
-0.8904135981173541
0.11321694966858104
-0.11450593464534123
0.08850952551743832
0.5275764440027151
-1.0922742887292365
-0.9309814589833415
1.0142319661817714
-0.4424206462654693
0.15215787418311189
-1.1343106349850163
-0.3674606923343709
-0.5329886892327338
0.6473078073814198
0.8841809562927063
-1.2729724198532697
-0.6241150370791531
-0.11462844324040578
-0.4654828565566901
0.7874290328225544
-0.26338905891437797
-1.0739803727163246
-0.8130068412390381
-1.154985525843451
-0.48828228257245976
-0.1425744654190469
-0.007673208167896517
0.1433229276079886
0.13484312651587604
0.3979127369870641
0.45494160391221505
-0.9021900693859815
-0.9024940428495168
0.387180293676107
-0.9667230454153218
-1.6532928418900639
-0.9612598800635479
0.20700957490938898
0.2064819081339594
-0.3226140587374516
-0.3800628090877555
0.501212817091398
-1.293311296268065
0.001410337154506336
-0.08711450415916065
-0.004964011649972622
0.12603263044249835
0.058144271051184304
-0.29992445730237977
-0.23605855845972293
0.6095704861607161
0.16612776102503604
-0.7489430495943129
-0.7375441478383865
-0.7887145212046447
0.6066123064517407
0.41158431368013165
0.2729109296470217
-0.799953010357658
-0.5131610496766731
-0.10646410780529864
0.7027980460476373
-1.4404114940978185
-0.4737901622595675
-0.30768059111303614
0.3344904485109984
0.08105761418804885
0.32959053526487786
0.22797076132932662
0.0631645869364951
-0.4302595853656249
0.16963543958363
1.4430529422841551
-0.025933570938875383
0.8898336608391948
-0.26859658712500595
0.21942119560112672
-0.7556000431925928
-0.3262269692466472
-0.8915536441943321
-0.9000352261086759
-1.080522941711975
-0.20856444407851643
-0.4713427825109503
0.183399332818815
0.41145501278037844
-0.12022840658820211
0.03840593991554525
0.12307322023269698
-0.6037431832329632
-0.413590047926071
0.16505120328876016
-0.02858150051856667
-0.10345011235044399
-0.8134919826403786
-0.11985782582665716
0.1519691982553525
-0.5189261578194976
-1.9303333099477693
-0.8816922182707303
-1.4405339614184978
-0.33575785023522503
-0.301917618291888
0.6332457834180677
1.0423877746105417
0.8248853716787945
0.445892485714216
-0.3214933569357194
0.4648652523152939
-1.5607284526690683
-0.8625895842283479
0.7441843755616396
0.6485680054563712
0.46261847333445727
-0.19656945709890006
0.3615408122850743
1.0601875886571093
-0.09314797529372132
0.759932742946065
-0.7238909848290511
-1.4487232301079023
-2.043451352301071
-1.817196408424226
-0.5188933385783713
-0.13792022163597803
-0.4529850320234772
-0.2539010945080904
-0.33413596401827916
1.3245614578797498
0.9044175170822999
-0.21150910634577605
-0.28214770249749244
0.22066878144320123
-0.5409465049479404
0.29941495711491595
-0.3335309229825825
-1.074976063771139
0.08177487876639988
-1.3212851914247286
-0.09226382530185595
-1.6480817616334802
0.10410201534028396
-1.0076111553139961
0.14328806004549163
0.6521479371386715
-0.05038188378583591
0.2773636416774934
0.4319692066231448
-0.6094192330003835
-1.363756589283606
-0.33004270488846954
-1.2886619452396286
-1.276532887250352
-1.269279412987488
-0.6351086488884043
-0.34679458878933433
-0.09933884644500823
0.1787923536067676
-0.0009964320666596693
-0.4172807111463231
-1.0524746512185743
0.24946431943464226
-1.7648258705782558
-0.6111840492986615
-0.2309221631927298
-0.7496103889693089
-1.0888195120228257
-0.7783901257360176
0.6287332544688554
0.4365522319328174
0.3127345064594089
1.9636842145112645
-0.7672418434506465
0.5232534141261336
-0.48444332459231976
-0.6530845536261163
-1.0478808550103544
-1.7430140184874399
1.0365858828455403
-0.051142599600477345
0.34081722172548723
-0.7132802046998995
0.060950045727390115
0.7898066864773972
0.3703994729639981
0.2633537222495672
-0.0332691407016526
-0.3808730241033893
-0.17345800666478356
0.5834582702510928
-0.08066216814804239
0.22966430018722533
-0.8414650011922702
-0.24353141181788984
-0.13442504392412713
-0.9409571396216949
-1.8227282140983323
-1.0619277661406632
-1.7454918015557241
-0.5983406309403438
-1.4038061730532716
0.2301111180692728
0.5267934329468554
1.2883992770236319
0.18417870309382384
1.4312649939610989
-0.34070851453230455
-0.6239732319291825
0.6770606235720774
1.0364952255500213
1.218025660865309
-0.9270933757982965
0.06558938378347767
-1.4823268784711516
-1.3865486399637694
-0.9181436836292989
-1.2814306675220046
-0.36205171847381096
-1.3969759531391175
-1.036146673657188
0.10539592985724638
0.07673101725466618
-0.25089104311141985
0.5143965987590404
-0.859403851617418
-0.17844980001281846
-0.9860258408275447
0.20343496329131017
0.5036576277001418
0.6088340902310683
0.004279838311734119
-0.10863905786809513
-1.3462467863331706
-1.4005220803855853
-1.8322677581958087
-0.8738296722438907
-1.1727522618201354
-2.495980201815621
-0.440545125022417
-1.508757764291477
-0.8567356109503523
0.36406383441561485
0.08988559883698022
0.7877807931175616
-0.6541253170940401
-0.2104842228663446
-0.6545585738809488
0.010746700814448007
-0.6649343874574111
-0.1534881599324996
0.16438346076483723
1.0048042325427784
0.07615104249498658
0.7113268288249963
0.20488465908941406
0.6190223820963668
-1.221289697128428
-0.2782957941220692
-1.0360259392920577
-0.42196768225852305
0.5167638467075847
0.3360170802503185
0.06118621951495429
0.21197107028969403
-1.4256311064092748
-1.121718495924817
-1.041358973560373
0.27590672965118457
0.6138078217588994
1.4947463169485897
0.40997073114059623
0.2681923481999641
-0.2548765125208672
-0.6013230439537963
0.08968509220480611
-0.32782650005414027
-1.1599444508587546
-0.51987764976472
-0.38013991349389703
0.8090817625016187
1.2964767619215276
1.2637663758663042
-0.6554085707250111
-0.03130664623960444
-1.0471354572792593
0.2164625399878488
-0.02187011184560983
-1.8480054379430182
-0.20806447431839784
-1.5582838956999983
-0.5075369026435202
0.3487842001555528
-0.7042904097096875
0.0839731530456781
0.5989882887209454
-0.4897941860459707
-1.7850121002800197
-1.1486564414166527
-0.26682876540104095
0.5290474966650975
-0.12924331626204907
0.2724486272115024
-0.026730666228727384
-0.21597465229875623
-0.4780146936554143
-0.07260060987855343
-0.8112787809676627
-0.4281023791792333
-0.7001999250394485
-1.0425042095958128
-0.13306886124531697
-0.22551251674683304
0.5934479162859068
0.309786196577339
0.054954084388024294
-1.2461512384118796
-0.21119758427525642
-0.0850467019559889
1.0365099991882862
1.0495263432477089
-1.8249523119779778
-0.7160289044492789
-0.9706081185607383
0.5233912373537365
0.3989057862537133
0.025536234400142854
-0.7185582700467809
0.15680301314218908
-1.6887821983540259
-0.730514972549471
0.03628650730131383
0.011763988977969708
0.5144091785213225
-0.43376615186030565
-1.3932978727450858
-0.6636799641828393
-0.6963016715462632
0.948656821072575
-0.4048216256896383
-0.28913190341214223
0.050369523770839864
-0.2100750951139747
-0.031243073412244145
0.2101010484367642
0.3085497453565824
0.2984962782354733
-0.8321856629010533
-0.14678663016298021
-0.4722895681869332
0.3961423593040273
0.8227705376608725
0.7709521409462028
0.0026682787465567293
0.4875495598212758
-0.22833409706193436
1.0083588975848827
-0.42790180669116573
0.3310587908588013
-0.36623550662602933
-1.160377724320167
-0.8497145399542727
1.0460600463566037
0.3857775426516697
0.21932887408525514
-0.17747941117184454
0.5859930729215651
1.608704623647926
-0.07298229269013834
0.13884792824149728
0.6197506289061765
-0.7091305967365572
-0.9801762806342632
-0.7329343674599181
0.45773685864334407
1.69226090426963
0.12811822253854915
0.008527156930300255
0.1071850602022938
-0.9448006057814436
0.007975881675118923
-1.085948022770332
0.059776405699205726
-0.2352922835314571
0.7905489012024007
-0.3683779793456704
-0.6200152292124261
-0.049071931402097785
0.00901620308635051
0.10410239025281576
-1.0270259540439577
0.004742256372519182
-0.23894152867469987
-0.9682348077146371
-0.7395423406157938
-0.7656206202241107
-0.4579043397781166
0.4828253726769842
0.13383726002469304
-0.6240597716897881
-0.40332755738356774
-0.9011963593181116
-1.0699158270993216
-1.395199969304259
-0.9584039226461329
-0.5227527977363224
0.69540815395865
0.6133836654436725
0.7623981969787481
0.46313967007156454
-0.32560162294614015
-0.6402676971954904
-0.5552852106942814
-0.9697185223661028
-0.6165961990682626
-0.2885564298347513
0.5721928122634758
0.6243652035064848
-0.2971005809061218
0.010128892345100421
0.7971785939039717
-0.9950678586233459
0.6347185867348282
0.1334901412929799
-0.7122173080997983
-0.3125237400030981
-1.1716132896666687
-0.5711505677742991
0.19452534873293365
-0.7214212993595595
1.3214585885082237
-0.9649205962439638
0.6027372091265308
-0.7359363142546533
-0.2148488945695899
-1.4614469964279975
-1.1108461160367218
-1.2955648246370821
0.4577629435982603
-0.15793495876429514
0.428596534280308
-0.45684261239974217
-1.4868403238452257
-1.8190829652148321
-0.47542885762719994
0.31625807299127084
0.12728091715069595
-0.30306297852006103
-0.3210335890725132
-0.37651484088334986
0.018091274120538237
-1.0685130810777999
-0.5326021170609283
0.577809410012045
0.9475195478911207
-0.5845707759299565
-0.32097689676613206
-0.8015431191862544
0.4059852434033583
-0.9828781427489882
-0.7704399618745374
-0.28520394651042746
1.2466170426670056
0.42040332917516554
0.5167272750930136
-0.3720287929522385
-0.2058754640625483
0.4716058146725089
0.9900391922894327
-0.04646054591950599
-1.1634712764565243
-2.1167028778416577
-2.6927551601846074
-0.5222580852669366
0.2325921646711473
0.18647358879536377
-0.28420692502966793
-0.4212792136579101
-0.432043042301016
0.2013630759400893
-0.07938193366367718
-0.9436616051781954
-1.133752852009891
-0.7846402857893005
0.03339610382612329
-0.6352265793572485
-0.9261399876700179
-1.2963147390482914
-0.792817108785673
0.8076539252823515
-0.5797815755004133
-1.914941626333555
-0.3993019398038349
-1.295743849027914
0.028156211480374727
-0.1651305789472503
-0.9717038896548369
-0.20998511206352724
-0.46550915133688314
-0.38501398078671684
0.9168706393259807
0.798892094932927
-0.30840304010410535
0.38587150163541967
-0.35242770586037403
1.0188151957198026
0.46916707390719675
0.3991172289126692
0.8638601997060101
1.2158535286296308
0.3109371075511895
-0.7958162578747222
1.1372657217413422
-0.2992155858821517
0.2750928093764495
-0.6503979947908896
-0.07077778491714101
0.3389387177709887
0.04060757390289016
-0.8455515247996845
-2.217494890999831
-1.8085041508079
0.14762658435074036
0.12741791553425513
0.397869974973221
-0.5176795683164219
-0.7778282752945781
-1.807575288158236
-0.22795806404579685
-1.3956820802239756
-0.8550925447057731
0.5818710823940655
0.14967571884112485
0.6269193492634257
-0.2857015127289571
1.812551649149724
-0.07628331301640029
1.3605374926196032
-0.6947298759619412
0.38694798525623453
-0.3255016961713552
-0.06875016715971044
-0.44680862581378594
-1.4466454560498894
-0.1201159145228693
-0.3441067710534803
-1.6823390978447155
-0.33766194352791834
-1.5166093181125277
0.6633289459744417
0.42637208647882213
-0.25715814677367865
1.0589784935795998
0.0052111677067688544
0.08807466787285484
0.2863206264012912
0.6044734065055208
-0.5594108982087196
0.15260996737975108
-1.0236544511102688
-0.05299060127487559
-0.586696056930942
-0.6470178312572412
-0.3525995995945004
-1.1977755202301013
-1.769478948139017
-2.015224234598753
-1.8762157085564732
-0.3314768450006078
-0.49744591707659913
0.3110488114923628
-0.16348685555815867
-0.42562692741180175
-0.6535724834599886
-0.9845332712246009
-1.1290137482284075
-0.05535158876483515
0.15134252612791332
0.2795080862576111
-1.1127316502152107
-0.5660021804152489
0.703422003470589
-1.082597622452427
0.2787851750291775
-0.6870260414983738
-0.3660842592905123
-0.39570444034171587
-0.9612577699434356
-0.7863569380619442
0.28134950859051705
1.0854528577704525
0.7485151522717693
1.583316544222633
-0.057902706699499935
-0.010875528736573048
-1.2151553738101633
-1.8517846140013126
-0.46363693388965765
0.2724383673146724
0.8679543165545622
-0.5334545114467998
-0.7633169953617587
-0.721070541506746
-0.3765941664635988
-0.19743661863979212
-1.1906092848993235
-0.9176934289765838
0.3827587414149184
0.3079590773104632
0.7948725187302845
0.19506658313741454
-0.4554433423531516
0.20267953668650604
-0.601243933991354
-0.14033613075187645
-1.0112596267905443
-0.0043296985987475445
-0.9537567605101533
-0.007020888984688944
0.38716750651399967
-0.19701859804454702
-1.2967422091922443
-1.7295583162866794
-0.9990155764344026
-0.876288254590169
0.45266891625873845
-0.9511178985802153
0.057704362903117756
0.3693894892914105
-0.15976346414165826
-0.0370151215722707
0.593319461072417
-0.6221654416296397
1.944468010486697
1.0071924904152154
0.229931066826056
-0.514688263265697
-0.6928150278469541
-0.21410255632386005
-1.012216965196761
-0.11972859990064089
-0.8472436601956713
0.9988193685395121
-0.1572265955161946
0.44168213810792695
-1.2078829424705013
-1.7262566597485645
-0.13808739714753382
0.17509315462711747
1.2473930454616653
0.27877613100995957
0.5994406397603687
0.9026103257373431
-0.1869286992021572
-0.09837607917599533
-0.47653862446484885
0.09342256579162705
-0.49154568271699994
0.22501750915328939
0.0725873300949973
0.20261278452617798
0.19367513039878703
0.7450247131587421
0.43868063337852675
0.18195385195345043
-0.0025210680840477284
0.0727766146048181
-0.941603753431266
-1.1940984689903087
-0.3150104324339205
0.633589118460504
-0.4085001249478683
0.7216588730620227
-0.9008482048108298
0.8111331606488509
0.27191009253331494
0.7690217410355412
0.05286327895156895
-0.4655849524294031
-0.6604337753252971
-1.2364465362887933
-1.0681266512344465
-0.29688128954361004
0.012332865759897005
-0.7977665141277559
-0.5737342750251031
-0.5914866092816178
0.08745039484848993
-0.35499352316807903
0.18385340227678254
0.8229264596233752
-0.04529866706085375
-0.2850092006183938
0.4100453990526222
0.20261621919676018
0.19604369078644607
-0.8620386552641239
-1.6335032341311861
-1.3009393680005037
-1.2297103541597267
-0.9657110046916793
0.17535797396682623
0.23615411735737257
0.11638483937686417
-0.33833680416140277
0.4148649746524753
-0.024591016326997506
0.1425338245541869
0.4801854356337235
0.38741706394125286
0.3004974454048112
1.0542101985472474
0.513368171256924
0.3700639121110444
0.31685473310696577
0.31146649158342604
0.26943589801724155
-1.445951422487342
-1.1471203019343006
-0.6248677589261321
0.08457876292860761
0.10657519697252087
0.33387343806327807
-0.729608792582058
1.4446501077481013
0.7448461020587984
-0.6706575845626307
-0.13524606479783652
0.3237878948986366
-1.294589116292781
0.14943117222044144
-0.4831502949100245
0.23216273966205786
-1.1797697879977525
-1.2241037165864077
-1.1989239062566597
0.20585332622139763
-0.606710422447556
-0.17299535110316017
-1.3277771431429404
-0.3976468100009445
-2.0327482334804645
0.1177698699199059
-1.1886311635259184
0.2721558811229301
-0.45845928544123055
-0.7843853291828397
-0.33148607743123476
0.11058184333404114
0.024863605549613366
1.2618993112023171
-0.2913033475225158
-0.5311195675484817
-0.39521134095405597
-1.2876441663295919
0.3986759725025083
-0.6427812452920839
-0.04244999806167349
1.2428616957148004
-0.053996657682932145
-1.120827843204318
-0.3411546038495318
-0.6674771003483027
0.04398110502773861
0.43645013081263434
-0.0450328960116656
0.1888202309395735
0.33910167790291157
-0.07567794038085573
-1.1667534482011497
0.3272408629042852
-0.738139686753716
0.4004936914151483
0.5557830778845495
-0.40066521714638414
1.212128041808522
1.2200626444907259
1.3883750475311483
-0.2918551211136161
-0.44438177391199607
-0.5680592706823202
-1.4241926857122478
-1.2743910740645148
-0.5527154281549749
-0.88416579615508
-0.10708286576461501
-0.006675578902974488
-0.7389235152008805
-0.7714567830205701
-1.1767569816503416
-0.126338714550535
-0.6947013686058882
-0.32444934881468535
-0.02694917319430573
-0.8176374063121769
-0.7822168732638592
-0.6520991546781577
0.15292367898083079
-0.41214152349764016
1.226451789347991
-0.37074583700694974
-1.0279656325470303
0.7604022690428945
-0.22198453941324703
-0.4669946472397578
0.6472347421499108
0.5288149047888215
0.8735669280780954
-0.7631516186571723
-0.6568712531073511
-0.8521937180977471
0.7177981983864414
-1.3106954095673622
-0.7623336396978788
-0.46591795567177585
-0.8773399954208866
-0.39137566102881566
-1.156760922033654
-0.4694075482792439
-0.7651435168910843
-0.45410585092830563
0.2208936905834803
0.5926470755463992
-0.4194670784384866
0.2520726173426701
-0.7214809032284644
0.17523116820129842
0.08942794160077988
0.3302742043882882
0.5203380399124178
-1.4482364518991777
-0.7698836599503227
-0.16236727038004828
-0.724986689206568
0.4173758502728364
-1.0447350085901943
-0.5301448192630186
-1.2788809785224684
-1.5033670063287163
-0.26257028203638294
-1.2444617150139694
1.0526168767628155
-0.2309708939575903
0.5414804367722679
-1.1912440428171815
0.3288482974397663
-0.08040991028458938
-1.3011481857718814
-1.6733742968621175
-1.0340949493416722
-0.7371719234653198
-1.6427012727236798
0.2738416138410811
-1.3542725966805704
-0.30386238670910926
0.6500720097203202
0.6443791880590146
1.2477559760729329
-1.1558110827659616
-0.5395870202090147
-0.9703256509125255
0.3802568415550008
0.9891744317562421
-0.0004895486569600205
-0.5386398812757378
-0.39111238278547633
-0.2342426168889601
-0.005986815080111674
-1.8954086802347845
0.014920002116431852
-1.1548884159770363
0.5449488320977824
0.4882892085287762
0.29341243929911953
-0.8694898292584254
-0.9061348708663809
-0.6841444410987944
0.20380045502530297
0.16805540955643233
-0.8644354485832724
-0.975602225961889
-0.7024765957075587
-0.23474595763765704
-0.6430812362705933
-1.3594432617671994
-0.41879884412126533
-0.9386482755568161
-0.1388788367564191
-0.11568949437252332
-0.34856140984415224
-0.266489337314714
0.9334062203275683
-0.39315786203696973
-0.6444416780580146
-0.5237663094948024
-0.22404710630558108
-1.2800773296637167
-1.5736799509451305
-1.1566364046492668
-1.6300911527800792
-0.5770078708432836
0.25236950761290877
-0.3818359490395599
-0.05845854731241129
0.8814324131525495
0.7639869667722405
0.055335335534229646
-0.7836046458970174
-0.6833367705577345
-0.2623217316111758
0.2505841842345319
-0.18698227181009683
0.19108067282189314
0.2496830011794679
0.20076309937775208
-0.6560768858098747
-0.643903017909044
0.36851051163315185
-0.8739645119808198
-0.45103040877346706
-1.6339849510725828
-1.0021161955967235
-0.7676317758959588
-0.5033826711330402
-0.5366114848667524
-1.9149986438903854
-1.118390547065722
-0.18487869251690803
-1.0047300327225648
-0.2589967505008216
-0.1460732058505685
-0.07446497209081737
1.12617750940147
-1.0957653255779007
-2.2312854815881167
-1.6728988906382654
-1.1494116089292117
-0.9656737417086376
-0.0841729646454693
-0.7301225777580131
-0.015486181226781998
0.3404424151238107
0.20480015110776134
-0.3357103977223185
-0.386943351148709
-0.18090541138814809
-0.07827452738321868
0.9529458748614013
0.7607765102328178
-0.18047905958909904
0.399358559676865
0.7259853747716718
0.9724208270895561
1.106121419464214
0.6137080573891571
-0.7764937700759714
0.6210602040452569
-0.08523146455115066
0.20563683051175577
1.3693885411490752
0.5720067363770334
-0.01774457528302109
-1.3805288586718019
-1.0115811711346632
-0.1902161221105969
-0.4192584656453838
-0.026644096261766226
0.6657512654933261
-0.2937739689940517
-0.14034237927319185
0.2018149262245491
0.34406828242421356
0.008696153265084189
0.31458770021160165
-0.12114685833151201
-1.1662580261745779
0.5229710475393695
0.14846779307394048
0.4951849372311493
-0.26728481892981937
1.3610298693707485
0.36916709988645835
0.92003585381221
0.18908973467822143
-0.851163707270934
0.6553419594571754
-0.07178420727798834
-0.07869553088281972
0.4583155866305497
0.2497445373272033
-0.3355293538042667
-1.3659171439301852
-1.640308318380703
-1.421176892276028
-0.029427788555784762
-0.015794668946300272
-0.2000898346329217
-0.16980417783385932
-0.47681496330603623
0.8297282612762895
0.4185604310789449
-0.6535453104550035
-0.27596550929556496
-1.3037593841990716
-0.11927679391075902
0.26010829677922453
0.9650451871602636
0.49306160072853655
0.47166203795863804
0.23965138862621752
-0.970311293036588
0.09937957615979831
-0.2625269398490414
-0.13108837768720488
-0.5970442423715412
0.23270634676616872
0.06798119114990628
0.16804574562769356
-0.7318262083568624
-0.24625320204533158
-1.8293335115021452
-2.0443774221594473
-0.518602376998651
-0.5476761948691372
0.06510292023436803
-0.38046322083213846
-1.0950184757985093
-1.062584969054922
-0.14459609875753826
1.2827280190813006
0.47768989913116994
0.2660117101990261
-0.5134885668480507
-0.8387230763899067
-0.32262680926707266
0.036968066088306065
-0.015138008496727029
-1.3319003234845723
-0.1427264000169564
-0.5419639700701953
-0.8543243627839896
-0.9261348585370017
-0.1939829292328873
-1.1587774196344975
-1.210948284165302
-1.7267503674310671
0.09571404245822168
-0.8900383995882181
0.12167177684708369
-1.5106837957250037
-1.0200264611624663
-1.0757830986947945
0.5801010350811464
0.25268457080378615
0.6246114115232926
-1.0510361160712625
-0.7455482934117714
0.6683160490399291
-0.9133299490585527
-0.5772925175219507
-0.20882349811561624
-1.8515968890316818
0.443980598583682
-0.6218567118673786
-0.20853795468253977
0.1751234690078804
-0.20163326385474967
-0.6371079532538254
-0.7812215154559149
-0.7212406626421669
-0.8290961793679608
0.24959491630306024
0.35250760724064256
0.2620224191320165
-1.1708949417439034
0.35437279297140456
-0.36129876912261716
1.320999345200237
0.13300864181558522
0.27987692237370443
-1.0392787388325033
0.0699241410340728
-0.43937262323192483
0.16251381892055417
-0.23634913909191269
-0.018786240945907307
-1.197481617454823
-0.6792804429425122
-1.9788530010798986
-0.7220556748114022
-0.610394432222925
0.8081460755485625
0.08174965383830643
-0.5327322687838365
0.8847332819656522
-0.6917627642283442
-0.12953016885185908
-0.5962039259377049
-0.2513175821484037
0.01343841505081858
-1.164673522525868
-1.4269238462041114
-1.4829183740384826
0.9625443030070143
0.5535455290982995
-0.419626584365713
-0.9730538263527359
-1.306874822602198
-1.0409016328615235
-2.183422288105501
-0.3895260570214332
-0.18913094270459385
-0.5761709101632161
0.35508451416631676
-1.2297891945016375
-0.5027354643275084
-1.1065577453285842
0.007519197369844521
0.483645713036272
1.3190202260944495
-0.16111697680129522
-1.0666219951848506
0.017443528170340894
0.2965350512114491
0.6261517672505721
-0.14165832748651253
-1.0186883248378327
-1.012539232524814
-1.1058632850587866
-1.122744844216703
0.02307636831043547
-0.11828240882344364
0.4455720574612176
-1.0243072676118719
0.08386471578252341
0.03154555869305997
1.569861501980419
-0.9596136614629113
0.485475728848466
-1.0171449531053227
0.018821704083451407
-0.3459052967823962
-1.5562421185001412
-1.3546001298548287
-0.5844142298749724
-0.4834274053198979
0.19667141329311996
0.38346369295048854
1.0813491132111723
0.15473501429686715
-0.11015299689220137
-1.5212662899514546
0.047726428166022405
-1.640663833629429
-0.39601867374324956
-0.25545547130566354
0.1034932400403076
-0.1852028974813517
-0.7016486839186921
-0.3421851496452286
-1.459371796134608
-1.8070362322306839
-2.003963618748656
-0.8453734705725167
-0.3172398241433127
-0.3006093303831742
0.9212314069620402
0.612268957455756
-0.930101433224788
-0.655975693529071
-1.147251906721306
0.3226687375480596
0.0852556149242319
-0.8006812487887369
0.27572663760429816
0.39934757066044335
-0.5298284782882887
-0.44612301875858384
-0.40435402973653956
-0.36239051322890664
0.05895712333911168
-0.6254996038661694
0.733917956405252
-0.06432285922835046
1.623474690983286
0.338825526628611
-0.6477846105407619
-1.036067030514368
-1.29718503907249
0.543249739937954
0.3549479158097784
-1.2783084370145483
0.5092810345575645
0.6733174022709483
1.2033661284543868
-0.4392895175696465
0.21594601993217505
0.42031165620264654
0.5965609601841348
0.5625482881377817
1.0347288928190677
-0.7813073089592226
0.49712209873959107
0.1701077762887051
-0.7205335094678998
-1.0809938800137207
-2.021200935763605
-1.5493150306434882
-0.9226723930439009
-0.7399168225878311
0.08275998300723508
-0.39863448306347427
-0.4759456738983262
-1.8935510551465455
-0.7232866208788283
0.06783514002528017
-0.7032756785189392
-0.17939890399731784
0.2766137240827636
-0.7351867144048204
-0.48470236684339774
-0.7967626009423917
-0.0716151987149779
-0.3259780082037298
0.11613870403165445
-0.3072635945380047
-0.7653197444790825
-0.8375066836955076
-0.4026899618649418
-0.5164524202168963
-0.21307047737719959
1.0781130314200937
0.7898687700122375
0.23593902931025057
0.6183578563925186
-0.5431152839290256
1.1523814669447534
-0.08793982250964749
1.2030795822695073
-0.1303485876533896
1.253603514102589
-0.5039414313670925
-1.1092901540413638
-0.7201247505619591
-1.1725230420690715
0.4788261063911969
0.13720513284597874
-0.22908991756894911
-0.18551855463753966
-0.8521700393485578
-0.046751807264403256
-0.4747941068923194
0.6588725656516179
-0.698907318770282
-0.170548854081988
0.11798092173374636
-0.23830883220273524
-0.534853863112977
-0.25905826535791787
-0.6965986640929507
0.005514099724322041
-1.4432647338836482
-0.6580874601589348
-1.1519395654200133
-0.5888275002496782
1.4147210598129494
0.567558733452982
-0.2809762588603949
-0.470290962948054
0.19049068008779424
-0.021575403639457397
-0.18083812602551175
-0.015142488866242199
-0.3594319892461235
-0.7444428552582297
-0.08650367890166305
-0.12100844381821435
-0.14843918091171965
-0.42283734516331817
-0.7183367001904384
0.8011876725339517
0.2251385944846161
1.0041048417987462
-1.3313742907189114
-0.9209663129424328
-0.41320280835147544
-0.6841503140050751
-0.36281194567450203
-1.7189181073798914
-0.8924549816997348
-0.47231679437357216
0.05488184307098073
0.10562587413476843
0.6725683912611143
0.18204072164928697
-1.3276150368797572
-0.7951390560078088
-0.2149519943331355
-0.7408071489249289
0.04490168002828765
0.2908153653585022
0.20663750815412935
-1.3421566357854904
-0.4192829396383091
0.014458801249462083
0.027788666894967586
0.5461058309171997
-1.2273641384069676
-1.02660696301828
-0.6048063701871698
0.2908748538619571
-1.210295085965084
-0.37603825341040975
-1.1560843256356201
-0.35467449128060624
0.1240175415070709
-2.5499067172285597
0.0005786402360428156
-0.3886289542561465
0.9715075012659563
-0.08703092419407399
-0.0823343460189379
-0.30085419864581386
-0.29008628664146024
-0.5709806696678967
-0.8475729547375057
-0.5892016797728663
0.009835305218099832
-1.024709926869427
0.08106687208325176
0.5077819540194866
-1.4039033899596238
-0.3480113151710078
-0.149327653732794
-0.3591241881192657
-0.21674434696772205
-1.3130952887337335
-1.1225371941679623
-2.217218583771303
-1.1237183703324651
-0.2199579453877184
-0.038371658209980564
0.7396384721295892
-0.1324276677491349
-1.3721912285236813
-0.17046170128748994
-1.1967116619540403
0.9693946713478034
-0.1612127733077921
0.3602251273665203
-0.9825494631965997
-2.126335787670304
-1.5202139495261269
-0.07436360003887932
1.1622764613455296
1.2046692120496094
0.6117838339518347
-0.04535453434929004
0.04554973385308386
-0.3703998713520507
0.24865253341229548
0.48821397563760116
-0.8492371990950958
-1.3892111761420707
-0.15111984978469267
-1.0930106923786995
-0.25306379161417525
-1.1690645948552032
0.7172269223630663
0.7372412177107011
-0.10029909501017506
-0.5449686132896315
-1.149656191131411
-0.7064629307567329
-0.42392337447065964
0.024634773093522744
-0.5530993479931884
0.7486783420243487
-0.705699580007618
-0.10943831180243135
-0.25878663008099745
-0.4101683372804811
0.3680737496420652
0.8368204572455575
-1.1047777147179694
0.7807411542320566
-1.1258465526897377
-0.11076724639666513
-0.9170401406029912
-0.6640362857839385
-0.8061316597518089
-1.5575408936252262
0.12653825315992984
-0.10226527306468489
0.3488483780685042
-0.8959726212602398
-0.16665550837657184
-0.103073532602521
-1.673903810740501
0.3544914226782346
-1.4734188363856218
-0.44317407508844325
-0.7205197906666289
-1.9749012799663954
-2.014409247790731
-0.45717793238251614
-0.6692786313001545
-0.7622413162908004
-1.547172696114449
-0.44005291263669155
-0.19216991385108234
-0.7321726162116328
0.25652712931568167
-0.157093434719895
-0.7450923362643249
-0.6455703398028089
-0.7674606731025285
-0.3656782399528063
0.47319855104808123
-0.3344279540315226
-0.20331391791778786
1.0637244057534418
0.1352690355249026
-0.9090292043740222
-0.6136076748658501
0.3752921515958425
-1.7099750335870318
0.41746432070766637
0.4307963847235944
0.38262821810300196
0.5702349665082612
-1.256784314526671
-0.3448488821280522
-0.6475339163207118
1.1157824155999403
0.5524447931798496
2.4487265361361947
0.8256256986584698
0.3481545322183427
0.02314845821514866
-0.11539099666577723
-1.3165494236331872
0.638122274400627
-1.1266438065488216
-0.8961224618157235
0.08364004668714986
-0.13558556677205222
1.3483313755740678
-1.0834643658072922
-2.0116227452453077
1.0294932486029285
-0.2678354392259331
1.3193928898485963
-0.9026462937857012
0.9327954483962853
-0.9098700196606971
-0.3745830849753675
0.2041393151923705
0.3951094453624021
0.027995973632437554
0.3253151871763534
-0.55542295992531
-0.9645139445183681
-0.7123581987481372
-0.8750740726058899
-1.021923131273436
-2.254631163551572
-1.6975931142583702
-0.7857371598528444
-1.2766661563893333
0.1351758119987097
-1.479058690857368
-1.5005089204744164
-0.264726357201414
-0.3272200924720524
0.2711995098513461
-1.842376675059389
-0.4364750861687494
-0.7199697011166487
0.4805193120623918
0.11011999683833051
-0.08295768744802745
-0.4592522807238443
-0.6484336242057014
-1.0663968418635608
-0.5985651798785434
-0.16130048333965818
-1.9178765544773502
-1.1306431238048436
-0.982630733695465
-1.074653092029585
-0.25351748476129615
0.30785762250838
-0.7083020644967166
-0.07681357944224329
-0.1579950022741211
-0.11048523651788633
-0.7446517803041567
-0.4243799349639779
-0.23374554771239447
-1.0874795876416363
-0.08065455274222694
-0.8025900390880653
-0.43437090156083186
-0.7079794474062016
-0.7597911464126087
-0.1663866065110265
-0.5717338489157006
-0.5160974899160614
-1.3014681830262682
-0.11660666111449453
-1.1931345175531396
-0.7798761878792471
0.7339917360313287
0.525956796000884
-0.612759317136544
-0.08259161231528211
-1.2488096908443396
0.5029590208109005
-1.3327363735397713
-1.1407805236645798
-1.0414821126432765
-0.2367307503876328
0.010155937833748907
0.36984676531147553
-2.7701166260153256
0.0052371393112171025
-0.6926841048892209
-0.21460691830758738
0.35215760231104554
0.28199459245330377
-0.633265836782783
-0.23801751860623116
-0.053699816356968855
-1.1757374184113776
-0.02797680526052687
0.5130603409688261
0.592645038175092
-0.1198634227730574
-0.11274636323659543
0.3906255398522756
0.45238638716931456
0.5003175958128879
-0.6994056075010056
-1.8859011095972704
-1.6394808551470366
-1.2507964380232899
-0.1874527182915362
-0.9223161721967115
-1.2001703400351933
-1.20603394994681
-1.3008659185931877
-0.2534436206913064
-0.2738864331670504
-0.5219528827535769
-0.11558408876605325
-0.8522955288680052
-0.633892558935043
-0.051988181484037284
-0.4801058623659396
-1.0893912314172258
0.2869145770547016
-1.3132570029683097
-0.6690757131692793
-0.08272193476942857
-0.5606030893033429
-0.08031809176515703
-0.854067582874998
-1.1456962799902362
-0.9163131667187161
-0.4320380370779301
-1.275995893464299
0.28268775212823616
-0.8606157440020693
-0.6704171819112812
0.6195646667736999
-1.1309112843530578
1.8373897963675745
0.21581961916215564
-0.5684168198537667
-0.13740585985535783
0.12023150301935631
0.7250234897338821
-0.5212228432423216
0.6068377487215918
-0.7491910911112751
-1.2037548758848333
-1.5648645330177777
-0.15678549184911705
-0.4608764829682582
0.21571452648448508
0.9472729676952972
-0.310475172110915
-0.11942585490099866
0.21414690054970711
0.4857456555668739
-0.41538676108334316
0.27380388344976797
1.0616368007284196
-0.7933682293973436
-0.21956606719478863
0.2562963268039371
-0.43458347058468705
-0.8703147122101699
-0.756915555587459
-0.8073878724748148
-0.16652714026407173
-0.21589120303585335
0.09306695251070377
0.3681623895236762
0.05800636554874117
-1.7241932133208935
-0.8872600622931803
1.1613671125690426
0.3820983246900129
-1.6163919572834624
-1.2596371422836938
-0.8406585943631888
-0.2812494483121084
1.2499565921229168
1.0961621517983562
0.8637772354987165
0.735482001022778
0.09789000948921933
-0.12826753809797786
-0.5535082978481908
-0.46970131925577996
-1.9453880597604054
-0.5002187397148135
-0.05958269629038021
0.14510390734282796
0.21466270600694026
-0.49055714282517787
-0.0756169295532752
-1.4482140732309634
-0.8434309584221238
-0.6034883512766444
0.49230124701850764
2.0261479191936065
0.3606752673130452
0.871647988301224
-0.26963763631010146
-0.8824201673632119
0.7272971715323393
-0.3342993188004827
-0.508724480639048
-1.1943647416076484
-0.22196921169501443
-1.0086179645041047
-1.4371356846951184
-1.919134965120561
0.3705824997517696
-0.03362899623127397
-0.31884503968164124
-1.140099354440108
-0.574004702000375
-1.2874128446874011
1.25927178078669
-0.30710752957727083
0.27257354282024926
-1.00328996526626
0.3250081081982418
-1.5189885449321998
-0.3347723043193646
-0.8041167824369768
-0.41248682094861616
-0.5348042353788265
-0.18489017375512226
-0.36951960271334283
0.005129470702417316
-0.22850740595220892
0.0770920236055585
-0.297047694668434
0.5436508951199932
-0.811374130438908
-0.9582000803382281
-0.5722258058733614
0.10987621414381443
0.0914197768519931
-0.5306618826623009
0.5841499117523246
0.3827166653863203
0.42266491809492535
0.5143083038358764
-1.0009512996450398
0.008144165527969038
0.5729554964909332
-0.41595170597176023
-0.36567815038638823
0.5531332627095944
0.09121065345228069
-0.2687818183864735
0.7240752645823868
-0.6347401336602466
1.017541217317361
-0.8489723341936168
-0.4269953305375981
0.93710923271161
-0.0019577541799842106
0.06265483785117129
0.2063055377086607
0.5176108821284662
0.26044438820787696
0.5133349508186734
-0.6900713495081556
0.8416067151376623
-1.2568911233804656
-0.6178852484970343
-0.3066464394960381
-1.2016644736666153
-0.3949337860124099
-0.8006846594495036
0.5938947945766165
-0.3157704110885835
-1.0051072047458183
0.009053312910553002
0.412553064209839
-0.458610672165606
-0.41533047621402597
-1.7528621802602362
-1.2050055805154203
-0.8820451023361813
-0.3116672725400121
-0.08494057725177895
-0.8296008738770855
0.20584982883828262
-0.7089525480854769
-1.8960914167936647
0.18317524503486332
0.13762488785067095
-0.3975304366951823
-0.06541951468346158
-0.2002966866137168
-0.14443130449234437
0.4346557368718514
0.9128168860775496
0.18335368876623206
0.9091362864805022
0.6621390666696765
-0.3078633921708455
-1.0082418088669542
0.8435353680108046
-0.23306947975502046
0.21418568480582806
-0.20186661082176455
-1.526897507728379
-1.488701641342865
-0.3546031378257267
-0.8485031415908574
-1.2662346516669243
-0.5546627632586576
-1.300829786459743
-0.7045934247783397
-0.299878065918036
-1.1169774579438623
0.30077474978041807
0.5369415305231888
0.5827714966337711
-0.14370853669378247
-1.2694649019465318
-1.102062630286795
-0.24614801252045987
-0.02715658261120768
0.47722525398445886
-1.1162622279590841
0.1442507341630505
-0.4089489459079526
-0.16296420475827983
0.3265161068626241
-1.1488539057533227
-1.4517694062819682
-0.03984555880897811
-0.3281238293378092
-0.14481376758555511
0.6278684255774066
0.2468136057012575
1.846558063072502
-0.5368082304262267
-0.32225804429582594
0.8162549241280496
0.5021464980617004
0.435954909716099
-0.27961347634142897
-1.3894930399182832
0.08947903418071712
-0.32505872242507516
-1.262483623424658
-1.372759763670429
-1.1253775292504302
-0.5409336493085924
1.0481022625535084
0.7225645559549398
0.7609534607713154
-0.6516383056255195
0.20203448280778513
0.24772237946847497
0.2892627516179256
-0.1787722412782619
-0.3460895777602778
-1.0552837483969162
-1.463364022015862
-1.2082986453125335
-0.681973595494896
-0.18853113441108565
0.6743494615384663
0.1599816250164203
-1.0948005681310788
0.2629250036535029
1.3993694839294395
-0.4864785554080312
0.2681343472000684
0.28239431056644515
-0.6246882415990083
0.6431118145215121
-0.7790665623723676
-0.9940414419370804
-0.4458529589899466
-0.8617295679821197
-0.2965388047196988
0.24565011639554052
-1.093123290079209
-0.4942608907872601
-0.5349025663190308
-0.8408827095276906
0.786844641059874
-0.001043395154045279
-1.0971957830833303
0.1793426475195587
0.8781819185532226
0.4537248224931572
0.4198840302890645
-1.4113812804008974
-0.056421326056069476
0.31614822657343533
-1.1314192947289592
0.7592354831411863
-0.703850048703418
-0.8121640175223418
-1.7633811763755736
-1.5202892935075296
-0.001318320467126377
-1.2320953641993888
0.8024166238742397
-0.9636997366716205
-2.2910228770293215
-0.3050877052822021
-0.48445476531211795
0.7801314576070447
-0.9064898495824261
0.6959184242700813
-0.11707955128876607
1.0318557293746187
0.20144906060655615
-0.4380745066904823
-0.41690549289476714
0.05243307614199827
0.9938162971299901
-0.03279209632513279
-0.7822580621800178
0.04467013736558595
0.2235093625713294
0.059720351924910375
-0.009977601941645431
-0.26436964500198756
-1.5493665396332557
-0.7248548633620513
-1.7981547208992672
-0.34887737481485126
-0.1287711756665601
-1.1240321317403386
-0.28333000804442415
0.40964771541650347
0.9439133559282464
-0.3676614959612293
0.7946205059496075
0.6757219386067361
-1.3986549185471562
-0.705965616177092
-0.8945112275179404
-0.4592046287770237
-0.7700217127884659
-0.47321093812893994
-0.759295320765943
1.256752062398435
0.8059045406550052
-0.7877886320192664
-1.0964731161721604
-0.4894657322706544
-0.33369678246518175
0.1778760872837118
0.19858274270922605
-1.1280167606341172
0.6072348107710729
-0.4374589345751737
-0.726197890876584
-1.7241861252629154
-0.39488254277405266
-0.6918821679899928
0.37477697360654644
-1.2077190903022
-0.9272100455501208
0.4664848889581942
0.691550233432501
-0.34119817496289295
0.7244507856663385
0.3880635125884653
-0.08032862261652657
-0.6027157346010578
-0.36304998073157674
0.3776707514512051
0.79875611936309
0.597544399010061
0.7463345676352946
-1.0362073716316123
0.15511282502915552
0.5938084300989458
0.9561005476141045
-0.21205986077079875
0.5619323555486994
0.758324369703222
0.45565807047172413
0.11659897545494785
-0.061719062519619616
0.2355616725767624
-0.39347635489524324
-0.25359385263333223
0.21831720581574976
-1.2993779555253988
-0.7541947149119489
-0.6443196277095762
0.35195770023632705
0.6134928057260054
-0.24351482438410446
-0.7575399986042434
0.572482670384385
2.528151317546472
1.3255349032372679
0.5871690456024824
0.9453687409586362
-0.8182557212284767
-0.1690975708099577
-0.7653595392835986
0.6603227615706697
1.4298769284480484
0.741169875149766
-0.5955696952347271
-1.8034725497122799
0.12470632565945944
-0.491070672267138
-0.14160217945219877
-2.0048674812362863
-1.417837016098785
-0.15539281977480324
-0.40265425403497757
0.4487508140116153
-0.18519132837196728
-1.2264375243466639
-0.4072006170898755
-0.4169725968686644
-2.0093710464792225
-0.798268567576796
-0.8646409209062009
-1.6002263853241985
-1.2597638300322727
-1.441240783719303
0.00034974691627043253
0.07835442536227538
-0.685069313073057
-1.4895843078562971
-1.8030352121243474
-0.27591055214485943
-0.4149211058676103
0.31599498265989123
0.38047415410696883
-0.17438399030715931
-0.19141476724552584
0.8033644494429292
0.632724425246119
0.6265929435419446
-0.3063316287958763
0.040882043827934145
0.16962344209760655
0.013827339457692489
-0.5872714489452343
-0.039105187359822435
0.039392863475578244
-0.10554477046775164
0.06710173373230183
-0.8289623894982757
1.1632527499579006
0.5974057926429636
-0.16265916215676873
-0.22017460522550664
-1.2763857898879882
-1.3557390141055152
0.359552766850696
0.41096158642080527
0.15556766632697494
-0.33643637639180934
0.9368773624521246
-0.5996546239429908
0.2610976576727581
-0.2001807680063058
0.3271125981006414
-0.882658134108433
-0.9327012355789658
-1.0197953183680648
-1.3092299512271244
-0.3034289509346437
-1.9970578279931879
-1.348847324859808
0.47926009768169614
0.0802361522449076
1.1108060706071505
0.00325415455264344
-0.8268392338561616
-1.389098972735097
-1.3965450886002377
-1.118643658246123
-0.4552517230858336
0.29492666387448097
-1.219958479828305
-0.5528048758239584
0.912333422598655
-0.9880740320827881
-0.5918373111734214
-0.4713092640942434
-0.903655773535275
-0.9870963439150418
0.08412601169332379
-1.4539858360420919
-0.37828240256741497
-0.2046691678958617
0.690653219509908
0.9053119888559222
0.1778041621951703
-0.8844516502543863
-0.8273543140132883
0.10776374932862454
0.18365163477841467
-0.1904255664574982
-1.200553308534959
-0.48686263357137893
-0.8991065691191656
-0.39473211039408324
-0.7459932594858958
-0.7704985727769259
-0.4605115945454695
-1.2343777659258324
-0.5568412963000908
-1.5093442712743292
-1.4889674056344364
-1.154660643043039
-0.016056145831177093
-1.275850902118254
-0.852282028815726
0.593305581106418
1.163511706947712
1.1623807348021962
0.9234215787640696
1.5366056493698481
-0.5292582610685415
0.002985284434019655
0.016966367294061868
-1.3122601748186942
0.7572467803489744
0.28643494467383196
-0.19029685923632644
0.4787760707620693
-0.7404846096757888
-1.1686381382611106
-0.3069771823167071
-0.32011814166323144
-0.18502311078982858
-1.4016225277221697
-0.6092439486053951
-0.5774995215290476
-0.3282644961291476
0.43888825670884546
0.6188892727751116
0.37682641230483266
-0.5636592751439811
0.4167281707589821
-1.2188273418107105
-1.2210041004145176
-0.04222758776962157
-0.746985308630818
-0.10442062668508878
-1.4146543334113373
-1.7984306361415507
-1.848387185239941
-0.8134355171927966
-1.293476474292241
0.2212456093565076
0.2095497785864534
0.41042028257137453
-1.2220836751896391
-1.5697931639169749
-0.26189651675473846
-0.6271146152881102
0.541817345745696
-0.2566736150233352
0.28675064917315785
0.27338259423104777
0.34779762906889417
0.03604264826395304
0.09200420208108681
0.4362957205958376
0.4266261502435721
1.0360995770062176
0.4194709859590879
-1.0395991140963718
-0.07686717528949161
-0.5482910193785526
-1.1736828275944202
-1.43161940090051
-1.1936387678823643
1.3362864926691242
-0.4126763650081105
-1.0004967978491992
-0.07647938256474457
-0.9486985943953268
-0.04422312909510362
-0.8339965159586054
0.04087959434490318
0.678188980952747
-0.8638987302911336
-0.8710249380812516
-1.4178876373357976
-0.6501029114510151
-0.7481316125650389
-0.8186342080821983
-0.2859379299186019
-0.207208567626521
-0.7799112738433873
0.13092996682015792
-0.14120152410434367
-0.9408138065886371
-0.024468310546663763
-0.9215315081452663
-0.9863822659818399
-0.6731022653567663
-0.24927064620841144
-0.6146596149276292
-1.2442522316864502
0.6118402561336187
-0.9236157199608931
-0.4485190547405525
-1.174615552103159
-1.8393184380569583
1.226227177238055
-0.9927299936613223
-1.732925409810628
-0.7134023037305086
0.32191322172277576
-0.10494255395838531
1.7775283217478135
0.8009874560149296
1.4233410426598874
1.0941370133404538
-0.6110247773020953
-1.0744471082818023
-1.231999175801653
-1.4679068210382724
-1.1758034950469982
-0.9448353047867077
-0.59664871016975
0.5146727755958294
0.5619240479486753
0.34163490420805054
-1.1108364505320645
-0.9946345775541692
0.41851244881149174
0.970306255200855
0.15131437145367513
-0.9244809313611435
-1.0060421777956337
-1.0002057327733467
0.5549206547179013
0.42269027545241766
0.17041089982441227
0.4404908487422521
-1.6691177141704057
-0.26527758847976934
0.21078686287354603
-0.06776787310363885
0.16539728937295872
0.137620427680621
-0.0934994375749375
-1.3053020230937937
-0.5761770061410127
-1.240610700476466
-0.4824721728093378
0.17056049346450253
-0.7291929932665955
-0.9929713261608996
0.06464511044045268
-1.2380013577576314
0.24075835835778542
-1.955155279507978
-1.5034236328974688
-0.6794938967432769
0.0003941127486816187
-1.3690837252905115
-1.3100322728413911
-0.7535598636262733
-0.45281818213169056
1.0993628736798384
-0.058565947845761857
-0.7449117556385706
0.5421871007196649
-0.39719891215646963
0.19945155976743928
-0.7292803742093126
-0.8740187582403911
-0.38675284569169277
0.639994047945299
-0.5922336298069487
0.032535753248683574
-0.4769224923898039
-1.3906640053001023
-1.2671393495019365
-1.274620758121857
-0.17970197418424688
-0.13685695160873468
0.21184187656729847
0.1147662788277597
-0.68566578218875
0.7124352188951151
1.3902413437079195
0.4288472229344558
0.5086859814088827
-0.8067806160529656
-0.038778283282071835
0.18220400891442706
-0.8091392505976266
-2.064331243221847
0.2829575460020167
-1.3571795324130624
0.15215181788113147
-0.2577787828612558
-1.2329612964506733
0.3901019373667606
-0.25091806968752134
1.361275721226676
0.6518783608300048
-0.33310508915189363
0.8991588909807777
-0.4447739044176621
0.2849179575640689
-0.2523312753379312
-1.6177236848312795
-0.7569334129246877
-1.4882532757426676
-0.4327904836473211
-1.6909422495582236
-0.0070226355888846625
-0.27511332177547587
-0.8571718755401885
0.9331068319618634
-0.4339408758614374
0.5274264097281692
-1.0246567930469963
-1.1692151050633994
-0.47543586761100953
-1.2782454687638243
0.46230960930184345
-1.1644876105051183
-1.7478012798012497
-0.4702711989823938
-0.5469942092627711
0.5543800593272408
-1.3228852538901639
-0.5733355988035386
-1.249687148709571
0.18310288764545507
-0.020278328903635456
-0.19708474970645
1.3368311433000004
-1.238930192387998
0.9119205093312981
0.26280164155276736
-1.5727854026377976
-0.6034525364709298
0.48978533630692767
1.0755271294795707
0.6126420248142942
-1.328071982252509
-1.0156350788929998
-1.2692125022468366
-0.0237150384819914
0.5508414122412444
1.1223302862365312
-0.1904408558416641
0.6801494136755102
0.6955787190865339
0.9431868030743105
-1.181854067397733
-1.928329621086479
-0.5640704221349357
0.32582607545111714
-0.8867671282917082
-0.15192523792682894
-0.2599471438060534
-0.9986017958193294
-1.6670672188212614
0.2780712395371549
-0.7014095073421791
-0.28762455223497085
-0.151763248995516
-0.8695442043676483
-0.738028470003316
0.9595097953898493
-0.5144189437360743
0.8338629045978992
-0.9717400583527154
-0.9025256370256574
-1.0553289743240972
-0.14083316179084882
-2.4595313141572728
-0.967587007461992
-1.2790948256583001
-1.4167434011983964
0.07833787108865536
-1.1974298639209493
0.1785891424030799
1.71828257324641
0.7693330646363958
1.1801698138011287
-0.2102455975205137
0.6243349499711528
0.08334006656190628
-0.06958292552697054
-0.9297554675945421
-0.5119779906472626
0.33907721320992906
0.03446254353383832
0.3709117393423399
0.6154420041885427
-0.4710674434855616
0.7777417676551344
-0.7087889107037444
-1.350382985039694
-0.5697657831136478
-0.45738523421475574
-0.4469101968026538
0.8442804728153601
-0.07494643612725513
0.6285737710116526
-0.7239105801387654
-0.5024133284208241
-0.2866910838630069
0.7117142054867946
0.2051931485678627
-0.11730429804148562
-0.9817478648373543
1.477123270388061
-0.3754171282834618
-0.40021038483727134
-0.6252046437636557
-0.5353832173875763
-1.61980214291755
-1.4728437218842447
-1.1789219968990838
1.1400302401176934
0.10975020602524421
-0.44021069261101864
0.2886943282037251
-0.5942703378183776
-1.4368674066463574
-0.6563820526801716
1.2423021535537155
-0.39811824097812537
0.11372818210725741
-0.10695414224265043
0.7939757412766202
-0.8814683168469708
-0.8258182631488982
-0.7259992213547384
-0.6659553332984278
0.5484809738841416
-0.9525890420181025
-0.20083910165095398
-1.01601237388325
-0.1649484446798647
-0.6816100531892971
-0.1275471773906842
-0.8469063463480003
-0.8910076861271927
0.556005417167027
1.0996867664209242
-0.1407316501486334
-0.26347128907082207
-0.7038058640763144
1.1712086703099045
0.21688128849564747
0.24463672162263594
-1.7706597635503618
-0.7538069353758318
-0.6855454365450856
0.05906947706599683
0.2801605613176909
-0.37961272935154944
0.7596915663653927
-0.5909080952343675
1.08675746107206
1.342664885795869
-0.7880248199588948
1.0177306220332367
-1.0562328017811846
-0.7745298239009741
-0.18787510229491128
-0.0887901794208783
-1.5039473189158703
-1.0691599870358461
-0.8229053763227353
-0.4668766583029187
-0.22934386435185655
-2.1592207013153244
-0.26535564193152883
-0.14916990844334832
0.7761591492393847
0.44719654662519015
-0.5436323108919123
-0.8485200568037985
-0.7094625451267326
0.6042133252479107
0.6274716017528943
-0.6397996535192808
-0.7577487410045481
0.6713717678212274
-0.19470044154748448
-0.8422106074388864
-0.5529045709007134
0.019898592708216825
-0.3677885316288704
0.726346656002652
-0.1686287700760521
-0.7379339105593451
0.044776548038437114
-0.5163890945236991
0.71496529779318
-0.022282935687435224
-1.6216188085124432
-1.1777729596648494
-0.9549219765247654
0.33580889054582197
-0.7099137818471306
-1.0239392854457297
-1.0965164920851365
-1.0682275772528116
0.10086928074748445
-0.7719764833944578
-0.9116886787934365
-0.13427393929835635
-0.3738274130667483
-0.96164947936658
-1.5675603865186618
-0.3104696562004409
0.2554137641138318
-0.4874914550444958
-0.6990002288768425
0.427979111472835
-0.5346734576902954
-0.5976736630437799
-0.04395107557302583
0.22320448509552343
0.09266585160876847
0.12462876135898582
-0.07168276820482983
0.07437563178057371
0.32840270453590775
-1.4939962948386873
-1.681649176487637
-0.5781399529165068
-1.335707600796265
0.7294519547166607
0.3859182938925666
-0.1532960219859546
-0.6903465207566638
-0.3235215229599785
0.2768265901536217
-0.3320665545753866
-0.6310462526253225
-0.8416758640161073
-1.5172258271719252
-0.44582592814579247
-0.7437752942702397
-0.8550612631993042
-0.6359530039955976
-0.3829108429183538
-0.6088692569563277
-0.43468419601041286
-0.6401156613988446
-0.6626392713397399
1.8762723154577277
-0.6831096436250764
-1.2149289822366351
-1.1073699402981891
-0.28691483644615845
-0.11602043516530092
-0.758642631418232
0.16954664880839915
-0.3457238987137517
0.2404153806833366
-0.5338221126258973
-0.8813499166814518
-0.6637115924603059
-0.4560705480161126
-0.39410626949186134
0.21978024963731613
-0.8605350529344696
0.2904339869422284
-0.8583448466453172
1.3441272041112926
0.010729520459966377
-1.2630493253492823
0.22705162287964464
0.3430632624644204
1.279783722373446
0.7176875671580197
-0.2498571708364899
0.15060641824145155
0.11272769393952758
-0.34574019206871165
-0.9747224179088605
-0.921574810986294
-0.6997139817066321
0.24066617346830507
0.7205807053070755
0.1214387666885012
1.1611939803472944
0.24066586178331978
0.5282544540141191
-0.500785355498681
-0.1628702349577409
0.9947496166712863
-0.6337314494845049
0.42001468944485626
-0.9243335312541923
-1.0288539541788557
-1.0913116755092753
-0.12922413676741318
-0.1743822793909937
0.6526794698218313
-0.747438903674738
0.5828840976236553
0.7175373119001138
-0.014898639724569895
-0.03887068936850735
-0.3852777647389132
-1.4156146596206118
-0.6978374482610156
-0.054009590527263396
0.24176071170416288
0.041524153111844486
-1.3130031316212805
-0.24915195799105666
-0.9723408884785495
-0.9817925706866503
0.784365630673945
0.4466211819246409
-0.5691116412621156
-0.45029712842894565
0.5260834422039566
0.7052364422319404
-0.2820537724127219
-0.3193149338085584
-0.7194952941219678
-0.30640907995707556
-0.028009549983227133
-2.297416874197576
-0.9056849506980975
-1.4526371062460437
-0.9883796919138856
-1.053221245865566
-0.5363278980019084
-1.336595323301263
-0.8987673942479473
-1.0800340824895813
-0.8726892665023909
0.43270804205141655
0.4029424137261748
0.40274485063972476
-0.09209933079947878
0.9871461794876846
0.18282190762655148
-0.22769010613688817
-1.0628019620119105
-0.3005025030402368
-0.6256986079772133
-0.3684792598182725
-0.9157078930631846
-0.9714520151382408
-0.4908353014803365
-1.0414852039201206
1.3151481872263036
-0.3188466751805157
-0.20642605392325042
-1.5416452982393705
-1.2096319679485252
1.1978170716233438
0.1514340400815376
-0.4801935386874115
-0.07107393086819846
-0.0459810148542773
0.1304239851527224
-0.5001401386142386
-0.5403686971212238
-1.0674670625866154
-1.213575208371812
-0.6370126502673353
-0.36142379116967216
-0.8024489907815789
-0.024890387850100115
-0.6783306227478534
-0.011858434381705085
0.8934469800081103
-0.18210130226616683
-0.47301157525466464
-0.46706248087906727
-0.8571907138557601
-0.40402826286543686
-0.775901778268486
-1.1675989182065876
-0.8859770782191037
0.09483329473828894
-0.8227414797437651
0.2406494355813893
0.25525520635252497
-1.7653015760177593
-2.1476955656517953
-0.9169169527071874
0.5822188999692681
0.35507385577730266
0.3389105517395875
-1.1014912214760886
0.01728081696093675
-1.0104366743679842
-0.5332075579119938
0.05202635741967543
-1.0347979390987456
0.9133213551679115
-1.9927675282056243
-0.3143474870961903
-1.611750834411775
-1.3880709753174914
0.14954762352959944
0.3936861522397913
-0.8609541753751461
-0.22407025062541575
-1.7490785803204265
1.029072050679226
0.009874078638890282
-0.15089609781230517
-1.3799538322531006
-0.45314747001727584
0.426716944972621
-0.7121624813079531
0.6451481557317642
-1.1446368578390254
0.609673902010987
-1.8560972768045443
0.15582761694801298
-0.3028587719520255
0.030634974096188983
-0.04035409065043166
-0.3634912903640364
-0.25717871364668454
-1.318201706360882
-0.07704120112623247
-1.0137698739129595
-1.1838227488250812
-0.9622379004820243
1.1837013235680183
-0.08923605999845963
-1.2272648294632593
0.19555599148586744
-0.9768890704635449
-0.3330375612854751
-1.1236191656567431
-1.5945673412732035
-0.42977984811091124
-0.0032252374089306035
0.4919139517821972
-0.1722535779352765
-0.6242218553736314
-0.010384513760370806
1.4621835793720763
-0.09101550042103043
-0.6277378784512757
-1.5106127353506034
-0.9029438641461555
0.6395378950305804
-0.5450047211540491
0.7804836934302692
-1.2676809888531966
-0.7274543582696404
0.23298305507864406
0.0064800688261135286
0.5128089352024334
-0.8632035906318593
0.08979866098857385
-0.1112907274187494
-0.12063037548609112
-1.2792882749507308
-0.6326820480673777
-1.1970601422759586
-0.41895856409716975
0.5684609743760651
0.43358015730240124
-0.28345902181333793
-0.024602362679275513
-0.21674833900134605
-0.7632805911350364
-0.714002152523135
0.3716991671028885
0.269289391179501
0.6130496448513806
0.44822933894858497
0.8110401832718178
-0.6233426241850282
-1.4646880070341848
-1.0018297725322594
-0.3179479382472753
0.3933776630891064
-0.6267481098322756
-1.004457842525214
-0.7287635930152974
1.2968611136046326
-0.4059962348678812
0.9620578971091212
1.0093571463547206
0.2235693987330016
0.42646014333199983
-0.7496204378141217
-0.8110073913724505
-1.043553263808392
-0.2208517665016333
-0.036440886386240434
0.8479919561577844
-1.3153478819459279
-0.5915377738514352
-1.2755194617861567
0.402567277172394
-0.14413217253497024
-0.8542574765256573
0.6388997546867925
-1.208596739075277
-1.3826128004140992
-1.8790383187349555
-1.60359195261517
-1.4407651030546715
0.19574455852354272
-0.7772142358529999
-1.0534983962062197
0.09268440033239189
-0.4815187639043003
-1.1824824668951943
-1.026562097865929
-0.3229513134373099
0.45469718242942436
0.7837751265910493
-0.346833910993247
-0.15800671217063333
-0.5543777513994234
-1.1656649726144213
0.16932200286467336
-0.08293704030760762
-0.738849076939804
-0.6259203136958513
-1.2341497163887323
0.88322243582563
-0.07681989417595109
-1.2348649465724604
-0.49325572280878804
-0.9037278633915355
0.942327932330828
0.5752935642243502
-1.3330631832581086
0.5928707375214683
1.0546887944611987
0.9145102857346625
0.23270217104496208
0.7917001434172328
0.1672775532151824
0.7481780803283655
0.08570367230032583
0.6829530804878958
0.5456332923359531
-1.3035880493009722
-1.008154737964814
-0.4179044369023717
-0.7882699999497436
-0.7984278750790293
-0.6900622003145978
-0.6141391973636868
0.14279317735881725
0.22967063744172184
-0.03243950099769821
-0.24118116027361158
-1.297890909422193
-1.2569804870837276
-2.2779721697228164
-0.46848158133844553
-1.2663188842750956
-1.327632702413742
-0.7972311668256904
-1.194048261798737
-0.37328840700361426
0.1423244970199286
-0.9923760728946887
-1.200156159051363
-0.6872935273858611
-1.6561536114861337
-1.3818563336375569
-0.6524808576825606
0.5657684053232522
0.8551273389248109
-0.09304915503912792
0.01025911110329275
-0.31251182581313086
-0.47442468731626153
0.8916844829197157
0.4413929796842712
0.5249906985952385
-1.3968201938676812
0.24141240189375102
0.11136893277465748
-0.10596272268612261
0.45504714202091745
-0.49866721005276715
0.5209955729760405
1.3596171078500403
-0.38342280489643943
-0.4982040391321285
-0.5942106594289114
-0.4538814407459692
-1.425869906817391
-2.272170843943496
-0.33087654683047474
-0.6275328306909232
-0.4737707523445342
-0.6875135004383729
0.04802347185557054
0.9124014495814182
-0.6596374794494629
-0.14298169827770613
-1.0981103162042158
-0.8323601493864132
-0.8239180703822566
-1.9624193628861777
-0.18485408059378355
0.7621874169198277
1.0151719413336313
-0.01290533311816866
-0.5063442012449519
-0.49795423582539977
0.35455013145404257
0.33939560205749036
-1.5875787068414047
-1.4346498159075092
-0.26221293644254684
0.3337646304863513
-0.6905542127529826
-0.5075069588265724
-0.8154255657122571
0.708437355037423
-0.01403352105609279
0.23165893405406113
-0.8801087926075991
0.052228871296624735
-0.012687698035745737
0.2997729104845718
1.4819149918602235
-0.2669563063547465
-0.23553519358554015
-0.14406685434268807
-0.49055688899951205
-0.3838572567589809
-0.6484622782060284
-0.1810127555274546
0.07413054472186426
0.6729033902948383
-1.3494935547605351
-1.5702363670429555
-0.5441970603412738
-0.01766756867664293
-0.8578500690704441
-0.05265631421406891
0.4897614822664781
0.9562094487859172
0.08157286634895589
-1.6712539746495274
-1.5145503620877843
-0.860739670307456
-1.9593719868017785
-0.28973262821663487
-1.1739512736312077
-0.23522690013624403
-0.031282057130403385
-0.5260252784249869
0.7263114582962169
-1.3082128673301252
-1.4888391538794932
1.369931456913553
-0.28690138660713493
-0.025076019350462664
0.09556978691259732
-0.1992180688766475
0.17272503415896254
-0.4131499729039952
0.41895912173194416
-0.034231143043715107
0.4832976357930512
-0.49779800306337374
-1.3868914392304976
-1.1228610422760594
-1.635584901990112
-0.6248762809341551
-2.521066794313747
-1.4458788599498886
0.43763751545884666
1.611413057653444
0.30186309554971036
0.6964546019903324
0.3859778340310863
-0.6968360950653953
0.1294591341551839
-0.8219360451988976
0.022620235173034464
-0.4138752036111789
1.0372236422786798
-1.4192596520770144
-0.8248232357478993
-0.5542599175131332
0.19662941919114946
1.2503633886931067
-0.15981319025498447
-1.0201229990457545
-0.904948441214663
0.9689733929106513
0.08739415777804527
0.08888480632063306
-0.6350600659459517
-0.8069266886258646
-1.2116310139634179
-0.9539119864706485
-0.2188129633483808
0.24935449473692842
-0.3201079914875743
-0.3523684568530473
-0.5929633058129933
-0.3367898361397977
0.14831191457238674
0.6459005220319954
-0.18587617955807778
0.2791366515617322
-0.1805530139357283
0.03610303989775854
-0.699013980655592
-0.24705402420505385
-1.277126814645793
-1.2685227529620133
-0.0845371516115651
1.0717330590221188
1.5566367830216619
0.1443000253786058
-0.09051242778502143
-0.2625023252119907
1.084870870886073
0.6824937940501669
-0.3475172043203389
-0.48272201763547173
0.1621812277089085
0.14048523046415173
-0.99697180123326
1.17541842381787
-0.016297861719182793
-0.22712617885241443
-0.7250812304003436
-0.5637443818589245
0.26760778910141025
0.6643362881821846
0.13787661705323795
0.7755055378762221
0.001110912872974601
-0.25105893503940263
-1.7363689889064364
-0.47516461036854807
-0.7132223333262804
-0.6802189722150547
0.3217649135982469
0.5067305340747228
-0.6687952201955425
-0.1256592984825719
-0.5672546065196142
0.21414183397660597
0.9502230069386826
-0.8870120034129273
-0.6573981175952959
-0.9133856081365932
0.3403855746007868
-0.1472210854106083
0.35897585721597625
-0.4171719949744962
0.20761029737738068
0.4386696782770619
-0.3153463946794792
-0.9343902254274813
-0.17600793013648453
-0.4650254002246273
-0.025735925901747447
-1.9244586107263575
-0.790448767008963
-0.6232849844089499
-0.4059249765762575
0.018524113458868702
-0.2829740969602559
-0.0929591313540713
-0.40468655095939654
-0.3185477762693623
1.340678700006793
-0.25235690652266274
0.07284263901010318
-0.3228322580641879
-0.39938670858384157
-0.9152414745545785
-1.2062013064078139
-0.1628394562153957
-0.2450353766395702
-0.5436069739216534
-0.6843172935709169
-0.32943989699720355
-1.376888919439319
0.4041282319454246
-0.8700521355589038
-0.5666577212369941
0.6896095388831582
0.34877713099733854
-0.6323965044727198
-0.0037395229365331795
0.12808482104347985
-0.2839139815808484
-0.5875562917239693
-0.7117285954023467
-1.091127566766303
0.1938111364076966
-1.2085815589408497
-0.5434369242551028
-0.44834118931077815
-0.9569505612929132
-0.5170173075236062
-0.2502483846967316
-0.42505877643997014
-0.3889993060758068
0.2515932052694322
0.25612814994784894
0.04797024872594746
0.21507792240882784
-0.690150573588354
-1.1987101553432662
-1.235874767513975
-1.3246733479123884
-0.5038622221428977
-0.02936153078187198
-1.4512635856468818
-0.660387601191989
-0.2843287105985298
-0.07556960881361269
0.08776348226035402
-0.8682567033979891
-1.2884063665846908
-2.0621436502726986
0.4613556147170593
-0.39883984715806825
0.19968202575430494
-0.283507755055594
-0.4853672906131218
-0.536454688338843
0.18566034520188684
1.0268290111313738
0.2038822960410212
0.5123416222262192
-0.2956505165029731
-0.0629908155881731
-0.4644171616809271
-1.2142757944478486
-0.023904205574016846
-1.5369082715088276
-0.8915792807808731
-0.15421374082810008
-0.9041395566725601
0.18601705260753154
-1.274494898249242
0.7279026060654457
-0.9290543301385461
-0.3410069573509542
-0.24051148769130754
0.07876067170349499
-0.5899809880013422
0.25007848462876453
-0.9724200943491623
-0.5558788559424681
-1.0891754018080138
0.39242358555090817
-0.2551594513199429
0.252151622486008
-0.322207497767995
-0.8233348257426594
-0.46801099322964124
-0.43236746204930976
1.0731318530042084
-0.7827560846356514
-0.7215246061398586
-0.5636666617807022
0.4406697508290066
-0.7954954766277635
-1.4272532284221835
-0.5985427834243068
0.21485811888534817
0.17415240222307277
0.22729279421124404
1.7518076843015005
-0.21234935170778707
-0.23244135991321166
-0.2878527417856827
0.6282984811571604
0.7175021320281278
-0.6919764574340023
-1.000488372591502
-0.1976238156668983
-0.10351587231475212
0.8895078785136463
1.9470931554878241
1.3613260521308312
0.6621463342541855
0.510650891760145
-1.3410713902529439
-1.6590356342193044
-1.7312549194429585
-0.2435723762842091
0.4872550621964137
-0.1278652998488383
1.3851158175847968
-0.8912101370277333
0.28180305073889644
-0.8178145232383333
-0.37958561128780405
0.10835256234824642
-0.32705189414361113
0.6549803463544188
0.48597516138029867
-0.305043878197529
-0.4593950015082076
0.493978962546359
1.2366927172126858
0.5089643170989007
-0.9944944039232738
-0.10203743251624897
0.8769524552073918
0.3692299635982499
0.026664872497988434
0.31399752078211707
-0.7162311370216297
-1.1385271479049188
-0.004149336686871091
0.1422764087358454
0.2111049063793426
-1.3296670063275529
-1.1862869215435612
-0.803113760388296
-0.5755151132166741
-2.100804107350158
-1.734222844246722
-0.5404779879419679
-0.2286031339336942
0.5464859458267551
-0.9830724188595366
-0.5500134320647194
0.863565251338563
1.4388848577170161
-0.5289998262409874
1.1035292368748413
0.805522598672614
0.17766231954585202
0.18769625107767293
0.14493458322449226
-0.0323560173959605
-0.4608297390517159
0.8377428123771057
-0.7144305520303047
0.7230188136425302
-0.047745378489564644
-0.1444890189865604
0.7994342601661062
0.7900284909950921
-0.47251005996586976
0.12407478877639172
0.3235732466367107
0.7385093442610042
-0.46663160667203313
-0.4967913657694714
-0.9095376826106043
-0.2141639897874706
0.3236867202768224
-0.6913662195991797
-0.7293353990473388
-0.46152899540995496
-0.9369944587007246
-0.766284874798906
-1.3987137761015027
-0.4655627136663818
0.47796297426085266
-0.8120814381145098
0.6698289005786402
0.27464835419237776
-0.25676620785812565
0.2836336630470992
0.7834279519205045
-0.4303176035558787
0.3508835309297704
0.36284843846419446
0.20355850807383707
0.06222214650402466
-0.6445298445959088
-0.4539234414598996
-0.9889957303146026
0.4407893971604636
-0.13558419694741602
-0.8016728354450263
-0.7410998700681037
-0.28797814541759964
-0.33053400320568943
-0.36167183955454885
0.25358765976266506
0.2377509848494921
-0.46825500552362276
-1.3624871705670025
1.2602581873368686
0.7386796335941327
0.8680681049829283
-0.5766526968345864
0.7998757803820415
0.7616320200376532
0.6786401865367406
0.09185372211187354
0.2323887197221633
0.26245829955387157
0.6925387842261376
0.25011206320961693
0.23456934788323813
-1.9144014157639488
-1.295074755737595
-1.2447423216961964
0.8077767580100192
0.32714764342706265
0.0843414232828312
0.8670921755110939
-0.26938892802615844
0.22153380757064747
-0.33013423658052676
0.9017804723045342
-1.2401069963075888
0.08670876411304221
-0.31325732958202646
-0.4501423442754925
0.06360843681673384
-0.6385422741035462
0.12594595258470292
-0.19646398714270458
0.10817402986443825
-0.036364617476074834
-0.6433086079972689
-1.033639309213954
-0.6961340398705298
-0.8332661087798335
-0.07208995660754514
-1.281770245976905
-0.2028706200681598
1.1885216681448227
0.4924618222246313
0.43177329016237015
-0.012287460667336547
-0.18670472231733815
0.4474997126334525
-1.0975889290777054
0.11494934440144366
-0.8737765226119092
-0.7208642906152012
-0.8471461924473827
-0.4592272902259784
-0.02553090192101687
-1.0067786538258794
-2.3682352785142005
-0.6310383181872596
-0.17916537570467278
0.13547650207020998
-0.7272787808370927
-0.5969527866803015
-1.7095957701695197
-0.5037468530726951
0.08869092316938484
0.6221926438614619
0.14942073315879562
0.9680151880324441
0.7948453278288273
-0.39645441118235314
-0.3313762956722612
-0.7746963738986387
-0.33644784757702484
-0.057370437546409137
-0.8104072842970887
-0.21910982745834
0.9913695473445363
0.5112987574553801
-0.17314691796855486
0.24997131834362019
-0.7851856776214883
-0.9364318753976765
0.3234814839135378
0.02442851762586451
-0.3692811408985658
0.014425224261751954
-1.148596371418501
0.4663480068381492
-0.5588686767112188
0.5247578316080777
-1.0431657015564526
-0.7239986427196942
-1.0175518159410313
0.25182354656427824
0.20830239543118453
-0.3360368162818257
-2.409647701570984
-0.7516545174052465
-0.5162177138748427
-0.37072464524025467
-0.14331214893277222
-1.1647956110395914
-0.6864915213609859
-1.530934993529392
0.4066560833070994
1.1290096784268013
-0.10240655029221196
0.4213288894711552
-0.2356084627040711
-0.7786967330648702
-0.7777735275869243
0.5839300733369142
-0.35199665717266254
-0.39367599045046797
-0.7419002919368267
0.6596156908605743
0.36928961274404093
-0.5254540931746039
-0.1726850989387224
-0.0563088163019342
-0.1634722448252143
0.3379397326875434
0.5570426806311644
1.3425855750428959
-0.6147957385421068
0.1496351348229456
-0.5221162107640247
0.08788726232761085
-0.42172943410963104
0.5423959838203958
0.18758930338371174
0.12483854927862309
0.3370407923764171
-0.7803367303176194
-0.5212308833502705
-0.6415679577688467
0.01650455384904842
-0.5902672090700734
-0.124569064964631
-0.3160672979617516
-0.009067738940805644
-0.39851063596915365
-0.6105059552288465
0.6988985339326127
-0.6894059513831793
-1.02149369216104
-1.1481179785515596
0.026238531374161267
-1.1997451643781378
-1.2410424774963857
-0.8670837153556946
0.7030653619163099
-0.044748508514102864
-0.05248460363425894
0.7193855013070867
-0.14406788743016605
1.5613971388717316
1.1716794123842578
0.08696033723717145
-0.16319302993411822
-0.9033109239350607
-1.3395225763190912
-1.6955786354719078
-0.13790439966677903
-1.4951013346351227
-0.3462229700148764
-0.43281335979609353
-0.7316710890169364
-1.1960102571567508
-1.6854736918841837
-0.977783036477872
-0.019460042160336893
0.48839986181386297
-0.06729613248031396
0.45731690628459243
-0.6912280493201729
-1.0432311873838407
-0.8574659644065741
-1.5362309894075876
-0.6189769749218978
-0.8214391384436233
0.7120301745052913
0.49471117621019356
0.4333307935604843
1.3400212269429788
-0.8543217573383977
-0.32727695953524844
-1.302351407460273
0.6784390099407934
-0.38018211298062066
0.6489682431223749
0.5521694128286185
1.2521271120429016
0.2649203069241371
-0.2512564398820937
0.19572668418868167
-1.0253761764798164
-0.5723507217934088
-0.4817069029113147
-0.896147277977351
0.494311971498874
-1.5049219543148795
-2.185352126181153
-0.585659715449762
-1.2371095526202622
-0.41725213410264916
-1.2311304122380224
-0.3712051780033927
-1.0245304968321831
-0.2477979994629535
1.299132842868214
-0.4254509618071916
-0.1912318274843306
-0.7571448892068776
-0.42872130212296244
-0.024592081370331587
-0.5639566865852803
-0.39582406643160134
0.7228832792121056
0.3964745000382472
0.990871606831667
-0.08419592029079372
0.8971468179581211
1.2406520760350428
-1.0365288067111667
-0.10196990831801711
-2.003516453118237
-0.6910702526298317
0.41855632170319496
-0.5730820996015056
-0.4283854370060327
0.173492368025639
0.5959050820430245
1.2916901324230614
0.14522893498047248
1.0291928916306423
0.8645051897070055
0.5988810263856155
-0.262799119240031
-1.019419373367681
-2.065113511467293
0.030426386981630416
-1.0214497290089533
-0.8864600478567841
-1.5854945950759993
-1.9138515921533563
-1.3593505813303748
-0.2053697203140259
0.027748390845967575
1.4928146875356827
-0.6037442604370094
0.5933396983074316
-0.6768042862665298
-1.2109858244693485
-0.1306534289415322
-0.11377418176199156
0.5343201822711388
0.775540544549195
1.1335590151435488
1.0534546705146814
1.0410387193607125
0.4231728417234681
-0.565078576770037
-0.043170383470008344
-0.906821774044452
0.318206567754859
-0.5778558279273212
0.20031603932162412
1.321470048237035
0.1390549502081621
-0.8904638110662606
-0.6929346079710219
-0.40666881995040716
-0.38463650887016576
-0.31868912558020807
-0.40375158643125175
-2.0347208980341986
-0.030341839837548373
-0.7250854605790263
-0.01719949462216208
-0.8219256172004863
-0.42089474031576457
-0.7938872843733243
-0.5613512644707163
-0.14231005372362926
-0.8232446245497494
0.4328076827236971
0.30120192540933377
-1.221371279390734
0.003370198793619772
-0.14733793696981168
-0.2738373896880065
-0.08035888962868207
-0.9853678287944735
-0.6604442473067352
0.3621173892086173
0.5437713606121235
1.4254045820740635
-0.023651881211697312
-0.13164997625863628
0.8598651478975249
0.8773306831975365
-0.6799592870611173
0.4675075694913804
-0.17417527027718843
1.2606734214951647
0.5503758528539187
0.04736323171479215
-0.049998979238234154
0.3234874350917736
0.6745039271214374
0.5417801123652715
0.009930732557575428
-0.9946815244607308
-1.0819773891582634
0.32873574421066487
-0.5830625457716759
-0.11622054133519077
-0.2632417914351703
0.2673483255297444
-0.13213317478293737
-0.06539883588226614
-0.3054100495304695
0.969980646491275
-0.6014822252965611
0.8893013011785703
0.4003547007827106
-0.3211384135247455
-0.7208491582184758
-1.3311864747882098
0.343115233146253
0.12429139317547666
0.6046675686814417
0.44789684042540534
0.7618594003843723
0.9343240888549279
0.47810913850401315
1.540201188015831
-0.4959218676361512
-1.0383629105024357
0.7509454874583428
0.3905566597407789
-0.6904141033077406
-1.2124716375323834
-0.9148074729861629
0.6242278184340087
-1.2787906556851827
-0.6936002137889764
-0.7324422920468385
-0.061925880918331344
-0.7378700798370803
-0.632986148884449
-0.10363578508730457
-0.4002002740254396
-1.1954263949386659
0.17666875558930656
-0.3994947042596738
0.29139819662168887
1.0336560364575869
1.3212344189216076
-0.6342478912882545
-0.3983447000220296
-0.870623108746549
-0.4069757652966387
-0.3284060017385217
-0.41667826644566963
-0.4146941325682597
-0.910314223742632
-2.1249996713330894
0.14389768724868252
-0.6984520827156094
0.5055436229949688
-0.37122696543247413
0.4610329430985701
0.5734272973836338
-0.664291466620486
0.08628284028213762
-0.3736356847955014
-0.6236701254683619
-0.20946344535869676
-1.6219602750569801
1.8917540201879572
-0.0779723000340625
0.014494658214102146
-0.3488107927641522
-0.7473374239256196
-0.8510004481216258
-0.6206622298085241
-1.0152449485594086
-0.2844537208862842
-0.3389655886686423
-0.8911154433714957
-0.20753540044704044
0.13565310067145714
0.16165016580412117
-0.449075744075246
-1.2879501394975394
-2.0331018812967114
-1.07330365165427
-0.29588688607595537
0.6937243590243694
0.065629135127314
-0.9530334303552039
-1.8143813177846249
-1.1928230547613907
-0.9899998075914511
-0.2518027120534979
-0.23810448555550606
0.1397929655899261
0.15056990169601375
0.1930936667458341
0.11827192492446498
-1.1281073122574394
-1.4520860670367308
-1.4100706267762086
-1.0792854776660576
-0.9164203766594091
-0.3310131976367807
-0.6218195166568683
-0.3488601560733622
-1.7136423703099894
0.044909583390953495
-0.6025684439181526
-0.4760767763113639
0.4219538136346356
0.7893315962677676
-0.5697754487528179
-0.8502051210384924
0.17275472616840348
-0.9556892410146247
-0.5307533411678863
-1.865556777623261
-0.8903929007216173
-0.17105725275122036
-0.8187271357900752
0.5815839361914353
0.06070238914960324
-1.006686532615172
-1.0289854985978373
-1.6558345333281432
-0.16212615337756264
0.1856605488134846
0.2788194518856253
-1.2863338214682083
-0.955214268544808
-1.241353826747957
-1.1636194863975278
-0.5743866725621649
-0.12704364109164612
0.9001867747851674
-0.4747573130014032
-1.4788601808401718
-1.4924500407032975
1.028688615591279
-0.34495923296781905
-0.7079280245520464
-2.215090317107236
-1.731245874660593
0.26110671423994825
-0.09832292499047368
-0.4740004623915218
-0.06342207791397908
0.006094540531703607
-0.2671744881768985
0.5291337911535048
0.8010138615357252
-0.9896057685833525
-0.7716487176892731
0.05025635806811912
0.13789721360202123
0.1529926603827077
-1.093500653176564
-0.5682604455222636
-0.8748566125038
-0.3778836158579228
0.42055003020590315
0.048651806787587404
-1.2822368533981108
-0.5055759088723595
-0.7035789393800492
0.11933002884055438
0.6028286117905071
-0.12714016321692195
0.5926480985986822
-0.9203454282152224
0.3586350655395384
0.5006244528338271
-0.6850908394770936
-1.08158219477281
-1.6408776789358162
-2.293411846738695
-1.0876774710539219
-1.734028225355555
-0.6141715360129428
0.33245793407620594
0.7985988436407535
-0.8322600572261364
-0.2434967016600731
-2.1905332233396737
-0.15498754515482976
-1.4915870113071221
-0.06736308188713042
-1.3916758891114396
-0.8625891478763941
-0.9806970404523352
-0.9263198236806464
0.3053594568576887
-0.759648725997814
-0.17269104239821387
0.9246102798119078
-1.3221653912772935
-1.0759377338379434
-0.2724135160385587
-0.769960503135645
0.06388532473623032
-1.164845074954679
-0.8450746476781508
-1.7115957711306173
-1.1410386178413985
-0.2072680197406639
0.5488951874294496
-0.42128622551228356
-0.6479400050166394
-1.1663215182073274
0.25354164459754674
1.1216613079023232
1.470111656041122
0.023345783849096524
-1.1546222457065842
-0.5303827346631121
-0.5289670993305775
-1.0932392531015924
-0.06208074980395517
-0.357307742266969
-1.0392652833262022
0.3456503754770236
-0.12110429069542472
0.6000535259659779
-0.30934168858912914
0.16127276821351288
-0.26815305308501663
-0.33192228196239026
-1.2855064369450617
-0.2742552422828508
-0.33077726148916975
-0.43634436000183074
0.3092166136424835
0.03667217520791838
-1.021890050195063
-0.11892710156842057
-0.23420059376070074
0.44050377427464804
1.4310130799300256
1.2942509942533165
-0.23032326237189443
-0.05433490063480961
-0.936871661028791
-0.22630117342899791
-0.8707764707343377
-1.1222658617034156
-0.8755090043340682
0.8766405170816606
-0.2967408096055027
0.8270793007131727
-0.7661810762337626
0.29455400188984365
-0.41376046282857515
-1.851096721857744
-0.370866071724345
-1.9308951606437075
-0.877996608906721
-0.5988394603225035
-0.2347308914121366
0.02443189351639119
-0.22615056445253856
-1.0946784312889672
-0.11252605641590796
-1.9909452872501734
-0.20432917132869394
-1.2183903720333868
0.716663914217247
0.6960948327923113
-0.2757315796585239
0.6691714046066258
0.5854670070632104
-0.47977856562103116
0.3446586353043323
-1.0048285900348572
-0.3515816045069713
-1.3877407428730273
-0.5980214922543159
-0.12940525667283892
0.5441223430744431
0.7891049218281156
-0.795947949455614
-0.531019096670322
-0.6732441220841886
-0.1443793817259299
1.1844260974581602
-0.22446489755772164
-0.7027769092530814
-0.9585703106830732
-0.5917542882641953
-0.06105658402631764
-0.1505536826873382
0.11390875947258647
-0.16395132744375612
0.17733155533226133
0.27533092638716594
-0.5748747667280045
-0.24849667834527484
-0.3488749657389746
-1.3475853570340697
-1.1410792866442991
-0.8820185898728488
-1.0227924324340625
-0.3039995349223167
-0.3603427470787373
-1.4114776089755046
-0.7897682259932378
-2.3861519876293067
-0.27911339603711194
0.1716767436243859
-0.7031641885376545
0.9061588639280752
-0.12129271876375192
-0.3747190712573747
-1.1704254058081087
-0.8662768072829559
-0.20174405596749345
0.8320784954982147
0.4678919501757668
-1.104836870248127
-1.3008053589321995
-0.7596733117809608
0.5617926248908454
-0.4697220763540657
-0.15319392558592104
-1.1194711926852854
0.05267360003319299
-1.2898071589559148
-0.9206892210642195
-0.8676762937194787
-1.1614529209451698
0.5926793764094235
-0.2949390933712881
-0.3946320566489342
-0.8046283364395049
0.15306372107726185
0.5712899788082946
0.3012473735404718
1.7815471584351767
-0.4862035515527289
-1.1358675262675169
-0.3901368944510575
-0.9625513969410517
-0.2683312223711135
1.1384547146061073
-0.17365973001637186
0.606219079698792
0.5077699822311933
0.6997067063573249
-0.31954402599620835
-0.42954978136190214
-1.106094940544198
-1.0428835098880609
-0.9502886558504713
-0.00878530055571719
-0.14071002030379437
-0.1289284716349806
0.1531241152382094
-0.17715538194605424
-0.21251200558913402
0.49600659974843575
0.2498431731592808
-0.29916211193991726
-1.048530023593815
0.5226778814711679
0.48309340108495763
0.32548230656376087
0.6119225347648994
-0.7385368081402145
0.2589779414622473
-0.49149942202606106
-1.2717468860497676
0.0529152842782582
-0.4295829166229847
-0.024994919359682705
-0.1458078976147772
-0.8106874766144396
-0.5121963345277051
-1.4187690694456887
-1.8889773861726242
-0.4774619372654164
-1.2754888597840974
-1.2426142217547265
-1.2237437765806392
-1.7341913851763409
-1.1210447625105722
-0.801690170375558
-0.3034688999517685
-0.9203619377747588
-1.1844857095812884
-0.945876556668044
-0.2993878714866741
0.27709002432855073
-0.3542566476023672
0.6129945209942851
-0.5720375591224937
-1.041978449080965
-0.6536892664898489
0.19054928804030655
-1.1093038448711685
-0.29589122730007267
-0.8319823547132297
0.1618515459147743
0.371536310853469
-0.8613619643707513
-1.37373933046124
-0.8578438320471977
0.0032785245563879406
-0.9375710217447998
-0.5325211444326383
-0.16799962549419728
-1.8876926992022218
0.24716111852189948
-0.4966719191808921
0.1744375911897556
0.1822923880265263
-0.4895655766475184
-1.8424413300687523
-0.414193641270415
-1.2864032966050851
0.044997799282097906
-1.3045506149418076
0.6561476116378729
-0.8348148469765788
-0.9947221053830632
0.5804350212920024
-0.6913170167627455
-0.9104571948767362
-1.4214666546356896
-0.9789641012825352
-0.728914452522886
0.37659067952817854
0.521027690231526
0.8067179436094583
0.06340259741812326
0.175028635010941
1.0447184743399378
0.6554880171961552
-0.9934340016223774
-0.24852070923891673
0.18546077750078288
0.21626628264353803
0.8992575704881005
0.12165087524530283
0.7860461972656454
-1.0084688793279726
-0.7186510244358615
-2.064266486882376
-0.8783428810341751
0.18738331766592314
-0.416759905968883
0.27607322723701355
1.0651798527067942
0.1524785316984733
0.6735401010795388
-1.4060049458197743
-0.3081717960098104
-1.3531188971200627
-1.932204738995441
-0.27606719456588263
-0.409793880115815
0.3450656584211392
0.6685573524901962
0.4607307717725834
-0.5683058554242482
-1.1072496793928663
-0.08641097487898097
-1.3382978488629955
0.0906019524243718
-0.2219322250158396
-0.667870621975748
-0.582337660023392
-0.443434339967955
-0.3924868413489437
-0.12606075389343824
0.8898187181069412
-0.3830074682510553
0.2624233675085794
-1.1138260012882617
-0.6167705039159314
0.4957510327007524
-0.4503030746293418
-0.502595576964475
-1.2741513726903522
0.8715743658732445
0.8068733688087975
0.2498109322918181
-0.3533164785874626
0.05515217431125796
-1.1561919529628464
-1.2066599751707687
-0.4521096805931888
-0.31308309620798214
-1.0146735517335927
0.23832949753213734
-0.6042930654042067
-1.3308014296768185
0.5173852659304531
0.3029190694734336
0.45999123235245737
-0.7535903282900558
-0.2977378307219025
-0.6353749545964034
0.3918565255713299
-0.680221812259534
0.2320089161093167
-0.7217306189449014
-0.24862986755349392
-0.7837234047681015
-0.45186754823557146
0.08384911936449554
0.2040537909050925
-0.7922441268154005
-0.15653408594472673
-0.8281731689578522
0.16323509529569363
-0.3637198557037016
0.5112457155748448
1.1707771533771711
0.6588788478419372
0.3319275366436675
-1.0947262630081775
-1.20246869507358
-0.8769460712537746
-1.5714447504908973
-0.04833205357179737
-1.243824177987297
-0.11623857228548803
0.25949301101918015
-0.26567836271623624
-0.7011282524107256
-0.5243387471257471
-1.0712872829401388
-0.6841969508220258
-0.09736529192166976
-1.1103197139949874
0.2877758689750543
0.4339552487923075
0.6975490836504753
-0.7358445198511878
-1.4557320943242458
-1.4450462728099414
-0.8012455379296037
0.3697041294761076
-0.28356007681158235
0.6451609995296785
-0.4636803998655751
-0.20548909847753377
-1.1605507221399687
-0.27658792706818436
-0.6751174401660606
-1.497111200804418
-0.9222765138678365
1.0913569192207304
-0.7174116976545967
0.44491324885569083
-0.40952355144879443
-0.6445228487206629
-0.837657501925132
-0.2903725628110646
0.19146986516129194
1.3228077359918613
0.16104229224995886
0.5220873108107601
-0.7801318580691181
-1.330663344224046
0.04302518711632375
0.2097171907465359
-0.6161148983453325
-1.5280879736447852
-0.6738845880137783
-1.7221605589335667
-2.17805786723229
-0.2760856917361886
-0.19643184591958532
0.5033791557159868
1.0176109235721522
-0.7507662304343253
-0.8100202765415333
0.48122159138867804
-0.4447810113636758
-0.5217891195258942
-0.46771387821454435
0.7108187683148623
-0.211100298057963
-0.8644874892703374
-1.39658227532115
-0.8972708852082214
-0.7379066118086645
1.390744143722251
0.9442743381873712
0.1412573895110224
0.13259991585965986
0.23880346304446043
0.4191249407678466
-0.43714444811811765
0.7200386135077717
-0.40674514632068787
0.14877336907665545
-0.06429569540856805
-0.6881053037775362
-0.5116093237606676
0.9035449076647636
0.2845017815655588
-0.19123525464106958
1.2088045052166916
0.2890069213778269
0.46807403771665657
-1.1549568908009282
-0.15338108779885623
-0.7338945988166097
0.01267149315735494
0.21241413979758156
-0.27817743356745367
-0.5441134931211754
-0.1787015662809699
0.48523867537391063
-0.1219192351888124
1.6957664772617944
0.7304503007342948
0.7250014390155961
-0.9810336749489075
-0.4827699909966078
-0.7623269252770425
-0.6905334339189718
-0.6653178722433309
-0.018603118696371157
-0.374282856065144
-0.06813844697883784
0.2942899920924234
1.5059691234569936
-0.22681658491783432
-0.23067491602416573
-0.6560754288384372
-0.6440895356685346
0.6408696331282495
-1.0264055769466625
-0.6276159856461858
-0.24992750553916987
0.4489917979686161
0.20984084780807175
0.9148534828873118
-0.6204391246481495
-0.8797267578544882
-1.7784722057738906
0.24288053951385596
-0.14277613619577853
-0.8042842903511342
-1.5184281007504876
-0.3576463403755606
0.5013045842435486
0.02883221666103429
1.2235403290592402
0.3568374373396904
-0.4254058815697335
-0.31248550208883435
-0.5319326529394488
-2.241985049840563
-0.9157522247557457
-1.3726723098886509
-0.3823714083324169
-0.17294211723962072
-0.6717453057521003
-1.8182900458390687
-0.6796777313888438
-0.09760053095203147
0.7681276630491262
-0.06662123761864015
0.7799026822232751
-1.3439807767594996
-0.650268544908162
-0.8105233285711588
-0.5867257264146023
0.44533920320781784
-1.0918008383468496
-1.285479955533807
0.0521682450641983
-0.48821712099470066
0.4642745508923787
0.1693632507695984
1.271307794774926
-0.4670056812020852
-0.4174868942393586
-0.45578915523274766
-0.6050800946509968
0.16642585832238518
0.8900620458131292
0.368795260617714
-0.5730478992695778
-1.3782647072528786
0.04336507634934966
1.1418375947992239
-0.01738240069831895
-0.35581901175065644
1.3386737191763751
0.772653419846483
-1.5038538098520198
-0.07156049841729867
-0.07906875417056813
0.41165750593312184
0.7619922086334512
0.7165386767469203
-0.3054780960899011
-0.6271774542882789
-0.3351918892866875
0.3115164496426497
0.45582087200546334
0.41110838604034633
-0.26318284789437474
-1.471138403638327
-0.47404010516139633
-0.16028175517477444
-0.0026362100888121243
0.9719370637812185
0.3197458044100001
0.10871329359488979
-1.1169137206592727
-0.42380655514100496
-2.0111691513338767
-0.35673026611401654
-1.9590413383244274
-0.6699052775464174
-1.8466705193107633
-1.6216174990106798
-0.660688800101267
-1.2857329080418127
0.5419259023420271
1.035967049484905
-0.12634057515606006
0.06680807124483146
-0.9240019790133174
-1.7635846850191466
-0.928165806350169
-0.4473741620887488
-0.32102732267695794
0.35582954632653996
-0.22991378976788907
0.552129876555945
0.1273763894646624
-0.7472964271555098
-0.18939481566159444
-0.6240325390045163
-0.10051561441302803
0.09444329777183914
-0.4480603389265802
-0.1753667103497723
0.5496080842325899
-0.06866667570965329
-0.18212516469548656
-0.6851906628908914
-0.8018688788392052
-0.24734082715876088
-0.977127330956955
0.64868896470821
-0.948382682169275
-0.3222554861131679
-0.26735827690218417
0.16729008552048352
-1.3461234093354646
-0.45604186160536103
-0.38271667668575815
-1.2399479999646463
0.6733916632415781
0.8821767537110783
1.5129387265912277
-0.2666053972875667
-1.4288454092536471
-0.3957619013827781
0.7198866567574217
1.6213068526510066
1.5502113408423035
-0.15200286938859575
-0.24924412678680488
-0.5809947301737449
0.2827584317703675
0.3194561301431294
1.8047015688194903
0.921997546759899
0.14617649025408608
-1.5545851341886086
0.16923675803208016
-0.14602135099992486
-0.3142017189923615
1.2351045818742548
-1.2205043030405192
-0.6470824086873658
1.0461444376710214
-0.5876378323787679
0.5053171998018706
-0.8127465943830174
-0.0805392890693084
0.19086187554854528
0.7530153066953201
-0.25200591591943194
0.2252305832091923
0.3871710909492686
0.009185437288655507
-1.0854002093459647
0.39153349351113553
-0.43450439261599144
0.5041574305877623
-0.44173148951000524
0.5968569586771163
-0.13805378710208288
-1.8661742714020435
-1.4736443240873633
0.27668590080756134
0.20258688218411314
0.6321575228087677
0.2303589402080345
0.8596207952639805
0.5954569797934253
-1.0130036129092554
-0.946165474662537
-1.496227164880402
-0.46472719332451934
0.3185046877790944
-0.09779095643074953
0.32006451824860055
-0.3736396929930647
-0.0015025574473175318
-0.4099397885455369
-0.11884931096145629
-0.8218334312535868
0.2534655659399823
-0.10230875051175391
-1.0623265093280185
-1.0071224492160706
0.061178110223505944
-0.12858439381056247
-0.8746775509400252
-0.09358880215026733
-0.5028968332867395
-0.6292625714135842
-0.29581041638167177
-0.48537367097153855
-0.79553390620578
-0.13790953449705326
0.2130569009261491
-1.4724160555669608
-1.3879221685714465
-0.2575139395157944
-0.6333245734366149
0.7120582852009354
0.6923088758815281
0.17538364119488736
0.06601247488219275
-1.4886466376537633
-1.2622329700922812
-1.0686569895437241
0.13130872469541682
0.2810991699923034
-0.582430000283557
-1.2759337983564176
-0.1216665369866351
-1.151104674115952
0.08729033585252943
-0.358314463117175
-0.04695204582636714
-1.3774529896451089
-1.055280753061862
-0.5715747335208043
-0.9909834870153439
0.08277334763173078
-0.603406351946605
-0.5360415314992405
-0.9961360797184086
-0.32627416497590256
0.06338666291142814
0.8663596003101685
1.9336403907466342
-0.45141139536979824
0.11440001433215019
-0.8860541707346207
-0.05577071886653173
-0.6418128763983022
0.9065468893484372
-0.11294302836164816
0.5987606988902172
-1.1872579548784252
0.06290612084529873
-1.5272920363710667
-0.8870151928081162
-1.8124456660823725
1.9420948801691948
-0.5811500855015354
0.639628431071804
-0.8533795536689583
-0.23222805835383464
-1.2366821900189582
-0.7231370388054903
0.7315387224709937
0.338186558499958
0.6997972923443091
0.5299687597279961
0.24970780441792956
0.5634060304270702
0.7914018476932769
0.13926124939985549
1.1765893369695157
-0.4386988465963766
-0.03304263765886344
-0.754338438729669
0.2838445528693057
-0.28754781737788876
-1.275468888366198
-0.6801233893450523
0.7618504675686069
1.2250597047950964
0.7022385816648264
0.6718627863438167
0.13577064141909226
-1.4979663569836537
0.7633849864844113
-1.1884290827825688
-0.09724187923212252
-0.6873155741803728
-0.32038252515151666
-0.4707171764968456
-1.0987633142686706
-0.44396530916503396
-1.4139896683525168
-0.09971102037675306
-0.6461216030221313
-1.0055110333089827
-0.10475929767734515
-0.03763090926823859
-0.19116792624905116
-1.230901141851861
-0.33470894234411114
0.6280533195226178
0.75870887426855
-0.3441089188853945
0.14382891741022247
-0.13361138460803157
1.0411627226135196
0.09033640543005145
1.162287840414915
-0.2296444457926192
-0.3311866781586351
-0.07105816735171039
0.35836519671446987
0.04603450646021834
-0.6961227143277605
-0.49818059815923865
-0.5771748822108221
-2.3339145432717205
-0.2545540623586263
-0.887722717630217
-0.415207458228134
-0.8787154271094283
-0.6845036640449824
0.17661222783603045
-0.2932876738097081
0.43128312330849866
0.5068214049727722
2.3164175201108077
-0.8105717243280988
1.0072928036149245
1.3791500940419428
-0.7208835416197842
-0.3446993137124523
-1.9781983040692153
-0.9179359602483379
-0.6952128250568583
-0.030023134926155465
1.084810269283682
0.6589351543429325
0.5417106979192123
-0.2406351198034707
-0.9044525481368132
0.21006496468297742
-1.3601705057338747
-1.5514354040535538
-1.3457882609166987
-0.7495861820179175
-1.0820030627053767
-0.13506166220420573
-2.5621333318039445
-0.5836182769432572
-1.2388235436718575
0.13167221253562156
-0.8319567261000154
-0.6648570296331799
-1.1678498196423943
-0.9925587761214452
-0.6510494799641562
0.04708748945533697
0.429739362590722
-0.5572547349120089
-1.893389045588223
-0.7830847174203339
-1.546156435451977
0.691642913117817
-0.16920418246424584
0.14777078128021057
0.028850396079023982
0.05498939483891052
-1.4277568118104513
-0.27570759140711587
-0.48818783718485836
-0.7168267842665151
-1.8456972667983762
-1.0463581299473614
-1.0911489958714564
-0.6083657470092732
0.07232874829282432
-0.6527996707101014
-0.9503275933227303
-1.1986527807007485
-1.2536140322622666
-0.6069337095006296
-1.1410936630520077
-0.8345386295747987
0.3249882148996084
0.15194805239571546
0.3156978681266154
-0.28423630264360733
-0.12377881385976555
-0.8065476772245259
-1.3970873473957426
0.28953377998721375
0.6883400613304742
0.6260376894980053
0.35322100851060345
-0.8522340980594731
-0.6485428608578062
0.796848763424417
-0.114351746447506
-0.28063835861192576
-0.9400521365403213
-0.12373943734683676
0.9750530884979043
1.5493054138355902
0.9465114688232595
1.0525743239860885
-1.0347670545024437
-0.5424795087449702
0.6234047399146503
-1.0499699013244024
0.19922225343763655
0.4157108796807443
-0.18134146276835134
-0.12851124263621883
-0.08032343170253245
-0.6112694918562234
0.24707965512261792
-0.8976244373786126
0.21464958607075244
0.042623355324159506
-0.487075215086781
-1.647804330435221
-1.3305271286711322
-0.27320393409732785
0.10614664998333898
-1.1591962925381898
-1.3945105757968408
-0.11103290078936673
0.2926694205845132
0.12502559200343702
1.0192461937312502
0.3443436230806594
-0.0534884827290045
-0.5599218420831301
-0.24444609890790156
-0.07971305664916875
0.013243494583371734
0.635102887891113
1.2753101295184508
0.6440730014602578
-0.1672674253124703
-1.4112021594831192
0.49643452900551044
-0.9075542257376078
0.5730067757100924
-0.8133295309198645
-1.8718633295570388
-0.30763514156190164
-0.07804926560165262
0.1631045045002544
-0.37595219216824216
-0.03411813039487105
0.08604286820186063
0.3891300257615441
-1.0476998574363565
-1.323990875998576
-1.3497511881839213
-1.5838269595093213
-0.3930464126060451
0.2887751761476136
-0.8970565864437678
-0.6296794659013423
-1.2262770955348883
-1.256487766101873
0.8147452494327573
-1.160357377480197
0.2502273083202676
-0.8423887077680834
-1.1115231849082607
-0.37188196816723074
-1.7142876392427608
-0.540328715594347
-0.37618668154454116
-0.03959888650299015
0.7814380104466554
-0.4312180880471859
0.3762753030922509
-0.1264478007189218
0.23768979022902698
0.5426392770901246
-0.5147108823976032
0.08436224224895272
-0.3178261442790665
-0.9182573235093708
-1.0245129375993165
-0.5940886062394841
-0.4443794402202574
0.7751519456300011
-1.0501237469882039
-0.5578038684416612
-1.767520987184584
-1.185264387822301
-1.2344778159989536
0.07956639469112342
-0.2777307973694111
-0.10143542054319808
-0.23537694779714063
0.44198512067174645
0.0145909296812895
-0.7521656662923977
0.25232234838129275
-0.8149920759366904
-1.5572532583072962
-0.3253441255549937
1.7076032038451283
1.1173376830236585
0.3587558690495266
-1.282900571140497
0.104093146915675
0.17827591862207223
0.16130377845347976
-0.44690953324274163
-0.5722572479116244
-0.5982531574465222
-0.4858418658452745
0.12993569318679687
0.40994589415249716
-1.642157231103803
-0.45745312668665994
-0.5907219459641069
0.8453097295513412
0.8972419786163507
0.38080015269333334
-0.5416801719978585
0.18762673991647066
-1.4404434818079497
0.13288592835536284
0.022456351744015224
-1.2626396939090871
-0.227699976780452
0.16731157397302193
0.18432356519147497
1.0375384098190632
0.46545458808494133
-1.081618089451334
-0.6306138882268237
-1.7831189515452288
-0.4160677343487164
0.884643662198368
0.6083183334279763
1.0610964418243616
-0.3895419828323171
-1.5040921023106288
-0.4411784175326302
-0.7276194264624498
-0.34776997317528335
-1.1934698977839842
-1.0508195875225388
-0.9779359555261551
-0.3829766893574021
-0.3002258218011941
0.08666223266546969
-0.9534226347501741
0.9997127896445541
0.4518589303729053
0.6427995161227642
-0.309045190856027
-1.2365014419438598
0.7817474040906852
-0.5949933136336297
0.08160007854308202
-0.669614637143994
-0.48736029092290145
0.1413070934565406
-0.23629066528677004
0.490423516864829
0.4010114749886512
0.7420308214485362
1.4229687763652912
0.5410201395372495
0.02334637093609887
-1.0320215773976948
-0.348203804856131
-0.40415066915784487
-0.84599681140697
0.2702990346229312
-0.007430804521382228
-1.034915966481448
0.6798505896891684
-0.794425518278169
-0.3340511312227221
-0.6845233956342858
0.11509659146246198
0.23758473297436244
-0.3244332904394248
-0.9864639840241705
-0.3062770720485323
-0.124013197335553
-0.22708199645903504
-0.46106084318099627
-1.3787746153167197
0.314449627660999
0.25540152978610864
-1.3594083675244444
0.6326857289990524
-0.09590146186831416
-0.5469339929664906
1.1346108878130305
-0.05195783410192534
0.39435179254043434
0.02836026566508754
-0.12308308476749288
-0.028650961984635126
-0.22758382733179025
0.7778955147682394
-0.8467031533184288
-0.1076548584883697
-0.6052755491256454
-0.5380323751179132
0.1829828247884544
-0.6072375087427089
-1.054616607698011
-0.7295071495303931
-0.6442254770680573
0.39287111536994546
0.5404636792592468
0.24275717862533178
1.5531291977698294
0.08299762355984924
0.8866104775327526
-0.5937958759024234
-0.9000679362619711
-0.22005153626161233
-0.875513562093078
-0.7973166961513414
-1.0107291397697038
-0.5906325993777513
0.1495551657259745
0.09923291109931387
0.5319869525927978
-0.529360580697444
-0.3659481395038121
-1.7341625498115911
-0.849550011001964
0.9323383317143925
0.9571373809249187
1.1826485385123988
-0.4920388954942703
0.903708217990092
-0.8804496534337393
-0.40195770974665945
-0.27571414789890647
0.887508603258231
0.238137367938986
0.2276383109173671
-1.0736298866661833
-0.7232869862177715
-0.4884091706788606
0.3204105671529782
-0.920981759956732
-0.6115731264551174
-1.9263561472069095
-0.04962252201631573
-1.8462162904726864
0.8136891667002488
-0.4583529560556311
-0.8783712927879421
-1.215677279691727
-1.4978606208052325
-0.7324602047143017
0.6229794230278628
0.7138344110947328
0.19993435013194893
-0.7069800762704144
-1.9433650308380472
0.8782439716695116
0.5678593087456556
0.06198155566206083
0.45974871019619856
-0.7707733814940063
0.05873564189151391
0.8178649352263958
-0.32212909402187717
-0.40922822291746497
-0.27854744373777285
-1.104579349411737
-1.1117981358645062
-0.6047001970984387
-0.31909381120682834
-0.3003270482216291
-0.3256320963493634
-0.3744689310900512
-0.985507931607474
-0.04032483101589096
-1.2353817903273239
0.4571246466875962
0.19073487035935838
-0.6469026093393273
-0.2202934178875996
-0.6804026796286443
-0.5435101317770039
-0.31335698683402413
0.287513074394795
0.5026483214799832
-1.5569116564011443
-0.10526584760913599
-1.436336481975141
-0.05008805278147785
0.42343769516416285
-0.4769942994554852
0.9869804782047807
-1.5569733828292316
0.5259203956382867
-0.13782975240372985
-1.2305741954146112
-0.8000132104495746
-0.6760058258151111
-0.4396421806084757
0.35534527457318404
0.10354293691744854
-0.18540269567484213
-0.1818771821156449
-0.6301210160858001
-1.3783785169474574
-0.8958110916988082
-1.1016641852557743
-0.4832272144495217
-0.5938944008629022
-0.4328551312613105
0.6181990743113764
-0.7560807875892287
-0.4799052073691879
-0.551389144006849
-1.434839510065439
0.20084746612026053
0.07382002895517345
-1.644239936700752
-0.24674796012171854
0.38660910511241553
0.8326553833417718
2.024486957207531
0.9956576113904959
-0.1814389205140503
0.7952650530880698
0.7011080811700376
-0.3010601857460754
-1.3056707135295706
-0.2602743653030423
0.0326729939076853
0.568409184506657
0.3996271064237925
-0.8508998177575162
-0.5635516750709882
-1.2340985823425334
0.7871731609248311
0.2783525259724301
0.6362130447760959
0.5961266816874362
-1.281461324252637
-0.419639978386401
-0.6087434237305214
0.17809164257735377
-0.0341170474780067
-1.3835631410469158
-0.8977404069514328
-1.0797156440012408
-0.2642627628874699
-0.11055943855476313
1.1073648132396792
1.121186653014754
-0.9045364706611059
-0.5852839931310932
-0.5034966151992829
-0.044243680747775405
-0.5758134975337199
0.3657218747711364
0.004942873074426313
-0.014203676926388353
0.5662688492926562
-0.1479244297744704
-0.14006639422031208
-0.48565880058556615
-0.6146574845227293
-0.7658330473178259
-0.21636431572976245
-0.15116931212660756
-0.5788228510131291
-0.9148212277607837
-1.6500739855550086
0.5806262095182476
-1.1338340208493887
0.5107063615875104
-1.149315299678082
-0.9711660340377537
-0.18366738886115788
0.5711707893531002
-1.694506817838681
-0.3784024527087003
-0.9575507649531825
-1.2143699684299103
-1.2192032768451053
-1.1741092707464584
-1.8334682053465092
-0.12487711455969958
-1.0656544791707536
0.1382662008174773
-0.7319855936328334
-1.1467537265910932
0.27635819481839796
0.3410061675931215
0.9495883403860177
1.0475540946641837
0.8771966458521228
0.14384414634522413
0.4506829385154197
0.1496026824023951
0.3546522924465696
0.5504585277892277
-0.15141609174539006
-1.5074113581780888
0.1644131128672356
0.41412645925594294
-0.3610677003812147
-0.26282906316206445
-1.3325928310044437
-1.4250915518375542
0.002018499783865896
-0.6940435407823311
-0.8323138652073065
-0.556434979528384
-0.08549309905317493
-1.4366019013568039
-1.712188445720582
-0.8263630013498873
-1.007295672104361
0.4257039185902597
-0.06670039925464116
0.37694203714670405
0.12705019984367064
0.790612953458042
1.2185496740751713
1.009999138470972
0.22899447360001318
1.3070018015228795
-0.8405471797719055
-0.6421756376664196
-1.0362719799194713
-1.0993016758882117
-0.5351363499421237
-0.4483273854619922
-0.5922009153202106
1.6711862335320147
0.395483993355682
-0.591345875961081
0.01685098177540334
-0.502300285648545
0.7718515547953853
-0.28690051900092145
-0.5425317690180568
0.4752865540203447
-0.0035143719262250295
-1.0503044617017245
0.20439104338452113
-0.2439383001557889
-0.4831655513822065
1.5289549654124608
0.16956677537262416
0.001520126938308164
-1.2632784693413888
-0.22787373814291123
-0.24668177468269448
0.3964652837151885
0.653361334092643
-0.6553075929075389
0.7644894938732993
-1.1736854377899912
-0.6514594813283525
-1.0511718003937784
-0.22375830997019397
-0.46242566414873887
-0.014688546708753691
-0.7207109862312697
-0.7102049371815033
0.019699401377751058
0.20420574994371538
0.13974457270956686
0.27733166671670717
1.1609427612654066
-0.7721086821695885
0.7430494180463534
-1.0367325054631906
0.5866978718396064
-0.10152352963823774
-0.7285862623793532
-1.4026669341447144
-0.7771684837051548
0.10567269304768068
0.7032182340074964
-0.11335716199998022
0.19755248199432915
-0.26587633357629303
-0.22752801035927384
1.1415869797737312
0.17439641776694445
-1.3125047490132733
-1.1721790203773237
0.4346944819668717
-1.0723622759970646
0.010796541537936799
0.7393624508494547
0.49881381851782874
-0.6299639461439746
-1.053786300613775
-0.9389512988821191
-0.46244147017836734
-0.601783194153648
0.7155631541527376
-0.0803124970363277
-0.1363887737430071
-0.19331010379250368
0.020076928843162922
-0.35503460138287113
1.3914629546301287
0.0402921024249
-0.784667149870197
-1.055688270329229
-2.1307017709046123
-1.1293562008075153
-0.6675864979779431
-0.38961359873732804
-0.6165798362955119
-0.7632530130899545
-1.1202064350286562
0.17054320029560682
-0.9868916190256486
-0.8468073041694107
0.4269901397497209
-1.1942113208091487
0.23700019393437674
0.04672592788937058
0.5715001462057512
0.5955358953001144
-0.15197555802768486
-0.20126738366783026
-0.9360714475512493
0.43078374488310955
-1.2785618803020586
-0.19669658986521024
-0.1253319487193455
0.22168723214240096
-0.46055518297180587
0.23831043274096375
-0.8769764295908071
-0.38683044003855677
-0.8099218412496654
-1.2057121294468793
-0.8275968358028101
-0.631155725464376
-0.41312356443753095
-1.1734521691514053
0.8816144761532227
-0.5144365691079101
-0.3552684147106112
0.7797248427689601
-0.36334699556969663
-0.10586385083593197
-0.8380146980786647
-1.0600987248890343
-0.7081597191939316
-0.6206685809375895
0.07045351291294626
-0.373707192734772
-0.8426961175279027
0.14976917057285138
0.16062180072994137
1.004456771581179
0.4639019335091907
-0.2160249769346251
0.1461834746206091
0.16748969645854722
0.4671395846054558
0.433284584743634
0.4105038241144859
-1.1201133161833303
-0.40407681887202795
-1.0852429330469286
-0.5903776809818799
-1.4427437256527145
-1.2357812460641997
-0.4323360901631681
-1.0543720400657888
-0.46828189727330516
-0.10976306196826874
0.5997508233029849
-0.9557403968617506
1.0018558281932366
0.1858294340612826
0.4266914511417278
-0.31753033603847247
-0.9061234129867561
-1.3215073029754583
-0.9286342889920085
0.47317929424410654
-1.1861374702054832
0.3010928178590033
-0.37648346567316515
-0.1289168166408267
-0.398101948179181
-0.5872876273610903
-0.4473326749902572
-0.8765795592624047
0.11778577590120307
-0.7620488763269777
-1.1200574661977176
-1.8190171066034702
-0.7682510231922403
-0.9495282525392718
-1.2940246044074526
-0.7144875288928648
-0.45594400950134756
1.0727723547329873
-0.5190639373197099
-0.09360993826489789
-1.6753591638373833
-1.2671034962218921
-1.7204394833364298
-2.0046991407891324
-0.38600058939830423
-0.6217378345627348
-0.7886282638430221
-0.13607547771340928
-1.5987096996631533
0.33472809950019305
-1.1077681576833038
-0.277542677795915
-0.3633333859528817
-0.642861669427729
-0.5534624447109726
-0.4785756029343769
0.5836317280363778
0.04720696956608758
0.6543546553974879
-0.22135132015960507
-0.3965756095808416
-0.49634970226696934
-0.7355821909911769
-0.5718597139757674
-0.48588205095828035
0.0026745481052922737
-1.0718360812784409
0.5236752720480089
-1.3828231788231178
-0.6537143031837149
-0.5078897683254855
-0.6638222890310882
-0.1905188404559085
-0.7406839194858993
-0.9475807386203311
-1.2062640649073852
-1.3489473466000077
-0.7857834854668382
0.07060416059847865
-0.23933599711482478
0.21298958873197424
-0.28819801692632224
-0.5895899262930621
-0.20182489943778165
-0.32531343744441865
-1.3280790659767518
-0.7699238498289763
-0.0746805905871823
-1.34308855170647
-0.31153373217690705
-0.32403154093207526
-0.2867166479956946
-0.9782032693211682
0.6454631978142115
-1.561805013493361
1.2083633091184827
0.2852639939177884
-0.2870502343849193
-0.10640005396108311
0.20658988937397935
-0.792883842384861
-0.7401075212621238
-0.7710729282360791
-0.12442756230920865
0.07448155721170358
1.4787732793791628
-0.544989519721165
0.039558407382743244
-0.37624988679654936
-0.7592557934734582
0.5996173097973649
0.06632371365173312
0.495255126821165
-0.3200702236299215
-0.4860229548973776
-1.1734765229666169
0.05978194896553446
-0.381966171484253
0.6119068096328422
-1.3885578446751017
-0.26246452768786716
-0.5680346188945558
-0.41011909503136035
0.7017187919845516
0.1685656639200992
-0.2790193144088653
-0.15313943303314875
-0.04915973443665722
-0.6096040085902681
-0.6729492321969317
-0.563226618604543
-1.4129658787971315
-1.5683565728278162
-0.3612780226178176
-1.333362721843404
-0.998086011157241
-1.2355706622502707
-0.29229096359626466
0.5986844439096979
0.05078306861472806
0.2307723202864791
-0.6080696728400807
-2.2248683542914454
-0.4213684741297741
-0.953303791210025
-0.7001503247943189
-0.13755166295951388
-0.405227108222201
-0.4673136609858858
-0.48233805405047603
-1.089241193746259
-1.7234709939391042
-1.2448898542878304
0.6768743955165972
0.36593293578316044
1.1140358620265522
-1.8051167727839794
-0.4504550260071011
-0.8469522305226924
0.7275961565123061
-0.04603583420395718
-0.4872681950438277
0.48139970575595536
-1.2165804346799052
0.044637632910004985
-0.44088822107072984
1.0987698060669167
0.6351749817538519
0.7419532056453065
0.326680222564647
0.3141746273263305
-0.195013605627387
-0.5230516538370723
-0.7918993173009782
0.5252673321269669
-0.3114536768394326
-0.542934356293137
-0.5567771243836905
-0.6902319872822277
-1.196409820734769
-0.02556920330219395
0.26322739980326615
-0.260869680106741
-0.761285106858862
-0.30322070217003316
0.5391656104199614
-0.6109457016392243
-1.2249999097216775
-1.2563803128641906
0.33616486547174096
-0.29322135163427837
-0.4617631717631915
-0.29760462407388916
-1.4894255405465895
0.008174427894042158
-0.010141507557257387
-0.22501680927839296
0.6713641640810082
0.1421478258236436
-1.4423718137727448
-1.1409429708574654
-1.2122095975333596
1.128901331560741
0.25401392286962277
0.9965343176508017
0.15457840261686906
-1.5849779383127265
0.1803091362418153
0.44630991592131875
-0.28546645703074575
0.3124096937686862
-0.5443378305164772
-1.3579139480505433
-0.09778140947279257
0.13468175212090833
-1.0336009404295112
-2.67124941668558
-1.4405958360243702
0.9031099855058713
0.10020955876060322
0.9335955294928375
-0.8178138294323807
-0.3135200566236849
-0.4563131067791371
-1.6165520402729068
-0.17885639708455525
0.0298161943971052
0.4207776374249278
-0.47842498275958273
-0.8144599880380621
1.0804453849443114
-0.5740703202512926
0.17879847268953136
-0.4982784403013305
0.028072878905809284
0.8923981608086383
-2.4690717942599902
-0.49468071820066417
-1.03221935180169
0.07600128524324054
0.030509276733712898
0.6102717419589992
0.3603041764656648
0.8081994619048047
-0.608355977041625
-0.7642288205076215
-1.8968592566119042
-0.7828191122320343
0.0715603253743766
-0.0539682142272464
0.5608187493835779
0.21848838877941465
0.17043862533272858
-0.7679734693447983
-0.3575025434928148
-0.3153489036604701
-0.12306146647481603
0.662754378616468
-1.7379397007205146
-0.33071939043419873
-0.1129799900751231
0.10408081827299714
0.2888550122598505
0.5339032385116382
-0.48913926519414686
-0.33133096732940925
0.43462559801872047
-0.4285451491494875
-0.1932352237131938
-0.5370530028928676
0.1335421071704037
-0.8731536504115165
-0.8284881535141873
0.16658976841765477
-0.6027277246954481
-0.4012345343416532
-0.40986713063603025
0.382331190189955
0.43735747420838916
1.1654999692656514
0.5133887479104562
0.3117306969854666
-1.0250946327378836
0.798725009290952
-0.04944567247191889
-1.693994109042433
-0.9827569258751631
-0.29356186369489073
-0.32460009971449605
-0.011247195022429324
-0.4663288714624593
-1.0486943264347452
0.9134737361694474
0.6614225403794234
0.9443849027289818
0.43643168599604776
0.22297886524772592
-0.5639681477077004
-1.6551738414464952
-0.1210631236867225
-0.8608609138312577
-1.1394890220084501
-0.8382208417625596
-1.3622433855493092
-0.3978529490509274
0.03862016642460253
-0.7279554068452693
0.8217263671589364
-0.2287411905100873
1.5593660099646731
-0.62293009948979
0.10577714557519624
-1.3685847443188868
-0.4364499268180132
-0.44004987689028774
0.7466444185939966
0.29677920651577205
-0.6749163608750727
-1.4791260600675868
-0.9169284898660741
0.4716699223880698
-0.6896490127796431
-0.3060565886735686
0.33767883061584886
-0.2090944320227346
0.04866219357982271
-0.42486855938794765
0.20833677992023536
-0.10050777273450578
-1.1115161004757361
-0.9760602357324428
-0.34064778180003424
-0.16906838764361276
-0.7753772575059047
-0.5171602533358142
0.5323407509221765
-0.6489538339997774
-0.6343754061253546
-0.35206410128975213
-0.39143775876408504
-1.1879009219353203
-0.047233171599931234
-1.01900004244078
-0.2959965470085464
0.7399706506701886
0.17452395673253848
-0.5003106014634493
-0.6929422888492882
1.6094413980905962
-0.42603024089223157
-0.07603024056409927
-0.7287234434675747
-0.21920926017770803
-0.9668476533876845
-0.9859871389587814
0.4766427959596611
-0.3283873770451826
0.42741032158862285
-0.9873683430656668
-1.7611031027137847
-0.724339609642851
-0.578980057216218
0.4618958652900763
0.27907482841360476
-1.5959417839103764
-0.2914177426931742
0.3957019811534579
0.2444942471618854
0.9962403979920637
-0.1504576605861903
-0.8932018068097929
0.11955199747129691
-0.49795829045714707
0.08286827586044165
0.0852700710069409
-0.3614897475124489
-1.4773955560473626
-1.886585442954805
-0.8930586115152932
-0.5240054569183772
0.42209672292938744
-1.0519905246195007
-1.156697921944892
-1.2430900182722964
-0.7999213903980713
0.6030001877676006
-1.1790767330425282
0.330475434340203
-0.946180104732713
-1.138109192567337
-1.250866983194178
-0.22258313033538374
-0.37792027957781293
-0.12921578711174228
0.1587704934166955
0.4275792749174856
0.06210799021520769
-0.7333935770726892
-0.3636412020133255
-0.8210931234757837
-0.9633086111311939
-0.5460540962019982
-0.3895700306827153
-0.5792217875338255
-1.3908211057803432
-0.23146618451344092
-0.41983602422798105
-0.015177639926314379
-0.40557873200191397
-1.3769707851190032
-0.5086470717030711
-0.5178261174790371
-0.15491567799048123
0.2142140257589347
-0.5710895154077025
-1.439736223708599
0.20218306911730238
1.5573540666937609
0.4886739374210183
0.5908349045659556
0.24212850891711685
-0.862279082812177
-1.3881666214184372
-0.03968950526543291
-0.2722186877482163
-0.4840421391999462
-0.8547920958694113
0.7519765317789864
-0.13669033753042814
1.7455046833257932
-0.5661197770773437
-0.27134288830225367
-0.1706726695033728
0.17931226150735735
0.1569968308868942
0.0575327787571632
-1.3465248882531748
-0.12110976570546639
-0.05584592179236125
0.8044910433230089
0.6366820886812172
0.08666309969305935
0.043287528247417786
0.20815754674755343
-0.6662710018683831
-0.48109109581946174
-0.1530548957578879
0.8069069247645249
0.2155939727065764
0.10841810010277553
0.49719029132083953
-0.4212728951732503
-1.6448003372360573
-0.8458001904623815
-0.47962058092346416
0.9944910102877683
-0.94491999456196
-1.3848979665376115
-0.6283885702995451
0.12982393882275586
0.6869622149576489
-0.23418648025627053
0.6404543277216164
0.8600824208218965
-0.5425441189099718
0.36906509779116914
0.29963520994400766
-1.2351796169212326
-0.008837028639502253
-0.6097996079676031
-1.1120329372772386
-0.6146105407190425
1.4936432888129823
0.667542435164781
-0.923540718017155
-0.590216942889171
0.9392294996424576
-0.04643718087434434
-0.9319235609052695
-0.6150247603021589
-0.3702665080532411
0.24310385559735978
-0.8662653707864202
0.08765483534784091
-0.7521586715002881
-0.649563708437468
-1.1454750940489216
-0.8010507522733296
-0.28453129785404285
-0.38037718146740934
-0.8959834535340474
-2.0667605434529186
-0.8339630807736306
0.4276436481149494
-0.17800847529821573
0.4388982898265536
-0.4877481079256384
0.5825791914579694
-0.49519310553564205
0.4348333942570319
-0.8152686687356069
0.7522280276378279
-0.12016398565250738
0.1243078718379867
0.1397576502837444
0.458540599571471
-0.6720728729416874
-0.7633858605361112
-0.6769422265103431
-0.5236498479155389
0.36163558108099725
-1.023263626943311
-0.5637745641778705
0.3493166580956396
0.359838239730676
0.6020568610491875
0.6324947100773486
0.8217382283725229
0.3322210507135234
-0.2840169577404365
0.8982922367816482
0.986200208342987
-0.5836654700272983
0.16783142418718167
-0.8980670812689996
-0.49310575170882065
-0.669963395768568
-0.021881808785421675
0.1497489680425907
0.3481842075990117
0.19998449189262135
-0.14498330809105503
-1.6577942325228727
-0.468379372133495
-0.251558697813384
-0.4203242913710151
0.5595348497982373
0.2014555757878401
0.7706105702399507
-0.9833707443496709
-0.25102799307937596
1.4440245593786463
1.3553522722790747
-0.819655803206087
-0.34860148514979966
-0.4785655157885881
-0.2753862630265722
0.7651694567659355
0.14498793040286448
-1.3803320622151285
-0.820359067728265
0.41880256722997433
0.4104446502790954
-0.8072452389549325
-0.6754115302678678
-0.5037338375394289
-0.09181308239226893
-0.05278204334510145
0.0880634116191879
-0.7808229953039046
-0.621490074264027
-1.3509426402411293
0.5826935377722695
0.308415777626719
-0.8118104809433071
-1.7419096360728599
-1.4439349508812647
-0.2718741639551486
-1.3564108547324225
-0.27873141296678144
-0.91018810218416
0.7621081965278785
0.3717791082024462
1.2217737425152106
-0.3771629695273886
-0.5661076890211527
-0.7365015762543714
0.03654325370039174
0.13578002927508903
-0.09904609783871643
-0.14674975334077273
-0.7031298076346866
-0.3918176613649138
-1.0942147437854266
0.5024239375026658
0.5447018772499257
-0.600485522474285
-1.323134081839575
-1.2321314110653359
-0.9214347981369201
1.1118182781450372
0.38386614686256837
-0.5312560793079756
0.46553290685549353
-0.006788427602845759
0.23410560527732874
1.3900174047544227
0.5284712857608358
-1.1660670131016608
-0.6687944840213152
-0.13666083715639016
1.7836077330544113
0.46017487453834705
0.5153474893543774
-1.996064148442052
-1.2362197518414364
-0.2997212988551517
-0.7718261809410912
-0.05750263803498687
-0.6788683503924784
0.7041664635399872
0.25888175451061
-0.6114292951838386
1.0350093502434579
-0.9134375084612978
-1.2441427618201564
-2.625869993621406
-1.7761832057842462
-0.9745114717561886
-1.1690614039766012
0.28150156926087755
0.52317980440054
-0.6625293334026991
-0.2983367830618153
0.43630497484630526
-0.12806036291678735
0.1218257931097067
-0.39173661450897423
-0.42301528325926124
-0.24759270299066227
-0.6877629954247498
-0.12733125863511435
-0.37984413051083143
-0.19376890788840362
-1.012535347116724
-0.8035380022387731
-1.4996878568123126
-0.8900631751682013
0.83475540192192
0.7068960756859968
-0.18997838620463853
-0.47426359937993673
-0.905493495746851
0.9932405372861848
-1.436180596127803
1.164218194931076
-1.1696975791929962
-1.061882094543047
-1.7241900893563755
-1.4268858235802573
-1.1809187271754806
-0.6686289025204516
-0.04484417134398383
0.6508447766197362
-0.7029083076979874
0.598696582239218
0.5776190701911392
-0.4937746538805076
-0.7283114033110221
-1.013458233252374
0.2488148620822636
-0.8873593196722829
-1.454384431855101
-0.6337156640063661
-0.39937269465105185
-0.1771292094063296
-0.5956788736896504
-0.5926863469016544
-1.7805872276134271
-0.3319359803419889
-0.8073386915664219
0.6415171263121036
-0.3040499861436143
-1.5449708274325034
-0.690699513890495
0.5184947191925812
-0.3889379997257386
-1.028590481630658
-1.2956469516781013
-1.9533264434009936
-0.8681827886863392
0.6593130104073572
1.2951418449726166
0.27575605777308376
-0.08181866603751752
-0.18182766008704376
-0.8504774650327473
1.481796432519436
0.7678934242668627
-0.014633052714021405
0.5514089989343096
0.5471812942870959
-0.7255762644566126
-1.357791056397271
-1.0118831901812564
-1.193380968585532
0.43509977197263966
0.5951954173284209
0.7891503262874591
0.13961070943117043
-0.38943506765978086
-0.04549282756246764
-0.8146291636363139
-0.8260975016637037
-0.6122808516108639
-0.48501278059869946
0.17154492591048304
0.5272020927207749
-0.9594557352064759
-1.350598516752138
-2.172184271581575
-0.8423123506654979
-0.5657994540832055
0.10793770133351577
0.31020389326816555
-0.18328989784325528
-1.1979515538729066
-0.20947434229462814
0.1201104109393033
-0.26892249084275655
0.2299355482406118
0.599394462909055
-1.0922846435423914
-1.4420113074031866
-0.6385413502959043
-0.9398717724766336
0.34153468197294845
-0.02000941958209468
0.06125990102973833
-0.6151480805673377
0.47540248853395073
-0.7284783496012488
-0.23578553912389963
-0.9612059792169689
0.3727651417226527
0.02111950256066425
-0.11893711817384561
-0.6338622024811037
-0.6781601952144698
-0.4344882898448737
-0.8315815203580321
-0.8166333784142426
0.1523797238698938
-0.44542743081171765
0.2319714220016622
0.1725959510531994
-0.9437587367465882
-0.4068052224208535
-0.48316449539835676
-1.1041230983603576
-1.9722550293899295
-1.7282771863905775
-2.0361375117154594
-1.6807539411392924
-0.3972073767104978
0.6387027158159243
-0.41544158567538286
-0.19762737113743795
-0.8072976004592735
-0.7690246483102557
-1.2613878457998995
-0.14019596578659005
-0.9646693601876313
0.1778309467573125
-1.0913460345442438
-0.9090176452193933
0.5335871125401555
0.15412401601116482
0.5347448722152834
-1.2485502510949538
-1.040641953525826
-1.172880650283938
-0.6601302970346437
-0.30719014128135086
0.40685031495333046
0.8315916482799807
0.9753467956774289
-0.48317344488456654
0.1374165990858519
-0.3892328707469529
-0.805640489179692
0.13117314814803777
-0.828407943276981
0.8814215820205785
-0.27017292314796365
-0.7537726750590806
-0.35781439102556367
-0.18586277762914072
0.2985018009923245
-0.21362080715871778
-0.8992154580970222
0.08047052223849654
-0.49635328400097495
0.14404130705070112
-0.11482104820549577
-0.07771048555840188
0.041112225800857605
-1.2634098227613988
-0.23285547691627848
1.170538386968515
0.16512859342707864
-2.048239734204141
-0.6688348165304598
-1.2196026577053583
0.114533070961641
0.4830370417980958
-0.6211306394735827
-1.3383110049651517
-1.1420185681143225
-0.1851643807509413
-0.28377729535530466
0.2543906792737748
1.411720131306688
0.8060568483074638
0.3066485505063712
-0.7362462823114981
-0.7815331053739341
-0.09926296134443367
0.15429536720436737
-0.5284663043508442
0.3679725596555552
0.8037644217954103
-0.09497600505603565
-0.9112163590543085
-1.7580033246206899
-0.478087651658887
-0.8334488361957373
0.5942085126036499
-0.7806292928382808
-0.034306524096474805
-0.507013572770522
0.6246780092518365
-0.7983551489233879
0.0792128691247877
-1.2343708282035712
-0.8062569548639945
-1.7322608663220849
-0.09173810546508232
-0.2176383794819113
0.08114418020766584
-0.34474710927563934
-0.43035828439377416
1.1332010896312317
-0.5115152752345186
-0.0929274258174477
0.4386902622089346
-0.4865960040337047
-1.112774397113516
0.6050616955772196
-0.6260194188478596
-0.9473474913459992
-1.061859149156677
-1.509170142694614
-1.4391856698521959
0.7338420344887869
0.5479103258012094
-0.28808532095879497
-1.268225054790233
0.41249131106701953
-0.23177282791025033
-0.017494776734061253
0.5123787447923406
-0.5166780420266569
0.9962316795972624
0.3637787244992194
-0.8978043673651938
-0.7771667237370625
-0.3185673943848638
-0.7016207727331064
-0.4178356196510455
0.46145240411802146
1.579966295834841
0.9930045284315688
-0.7721653467925618
-2.102623958807499
0.05342776645572472
0.04557749689613344
-0.37260115305456304
-0.5212624393143815
-0.08276716317573127
-0.6945243692574536
-1.7907936404555502
0.1481455979447176
-0.5068790038483122
-0.6221312286622833
-1.2748450164457668
-0.10796631255570976
0.10272750960580507
0.1689682195555558
-0.9608275265463948
-0.938917902589164
0.4815679316455037
-0.6692519047118514
-0.2683003125211003
0.25663004462600075
0.3159882990298846
1.290987877694867
-0.45996113636156305
-0.5210200748090681
0.3122127947979129
-0.5831153376168661
-1.1333298528946232
-1.7589432267588538
-0.6901973038905619
-0.07921363193906455
0.18569332369049057
0.3541394663206369
-2.0137646106434786
-1.3188270697555042
-0.6478543537392436
-1.0394766543598943
-0.9016634814886899
-1.3139115987647887
0.5348719305400957
-0.6486488264864816
-0.6453083175968837
-0.40554161666266225
0.9505248584888495
-0.20881800624602023
-1.3136830524184968
0.3301782892612442
-0.1445282407375229
0.6050671093329889
0.03643646609224038
1.1325698832833013
-0.88459741987206
-0.8997940395153415
-0.42310389798197623
0.028903125441125943
1.0076825972766514
-0.43037555507065456
-1.582537681912679
-0.8474547876018338
-0.21628974974309778
0.7414602959886507
0.3150656530668857
-0.9646391352927122
-1.2497193918223475
-0.4213183734027236
-0.06733086088977801
0.40895030075984684
-1.070051141769147
-0.5343436459733811
-0.7617892261541255
0.349637879579415
0.05445861865414195
-0.07089434190882088
0.0467470413588017
0.523702043057164
0.6071746090215233
-0.5803488492163802
-0.9625864255899145
-0.1497766184388435
-0.6318144787082287
-1.371861242077736
-0.28042055533248555
-1.5868565799050396
-1.1364500200235634
-1.611248561750983
-0.383867463702279
-0.3672242208408098
-0.6481400456260166
-0.4483428760781327
-1.4235254285332235
-1.51418563282678
-0.5629621860723552
-0.8631787199799046
0.6094416743084852
-0.3914982658377566
1.543902683440027
0.43935002734469825
0.40554988732027253
0.4125059077189634
-0.935312891011738
-1.6935662628876649
0.30430448439427027
0.1705258259845991
-0.21972529966230353
0.6676145004367163
0.45561408917977536
-0.7128975157069473
-0.8525789586247123
0.45761816112846015
0.11507292583462381
0.1505421961006349
-0.06626072471232214
-0.2979985719893792
-1.3059641316243753
0.7970245605926376
0.26856980930017027
-0.3456486895171542
-0.4596238354041496
-1.1373392807933935
-0.28519797887836545
-0.280316654358702
-0.04768362396739684
0.7858444434227607
-0.09361906297684548
-0.7000406103292554
0.3495818611152618
1.0459037612059292
0.94469554862193
0.39958930413761573
0.7809838436128098
-0.5542245076118931
-0.6104717081388769
-0.2739940865703572
-0.15181434491892737
-0.6152787865921798
-0.3357214678894766
0.3149227668456872
-0.16493388936230988
0.004515006118571516
-0.09963816983473961
0.420844597023981
-0.45401412178312317
0.49226088354245756
-0.1990291216972732
0.39066926250340855
0.6073405124531263
-0.2956065589467398
0.8511953987758929
-0.5841070021385224
-0.036694163695085755
-0.004408134609919581
-0.6405196445223433
1.3440047681433065
0.4174586657972016
0.40137560700339125
0.5781558973315243
0.34883136090536143
0.3067557502885535
-0.38001970812962765
1.1699893128307817
0.8827496613014602
0.12087225186151568
0.07103333315451184
0.2283523163994639
-0.0375495908143488
1.1490686888155661
1.0484904695210615
0.8531833819548559
0.3144478162312405
0.43528246350715866
1.056806487786332
0.47651458775765043
0.5335796814831567
0.6073776185560694
1.1792976152593697
0.8801701179776857
-0.46337334746602277
-0.4662949065806111
-0.2837618094715708
0.1741414811449623
-0.5230226329473127
-0.41311074470490705
-0.7004044433846275
0.6472579865390266
0.558530947410217
0.17244881741304732
0.08957186791479729
0.3836328809918661
0.3546986568255338
1.4491237789983953
0.36949330060080465
-0.262344555636851
-0.47421078837067643
-0.37149858699196114
-0.06619006240829695
0.09609882569346526
1.3812111337594069
0.6122550259077432
0.7173376427453059
0.4148986718769271
0.45099386290572985
-0.05994242829981737
-0.19628268069287014
0.38602001893711385
1.1470279174703863
1.2620849657017081
1.576663774185919
0.267374546776082
0.5381258341491642
-0.3505107087015351
0.06941878212924031
0.6016519879517381
1.105715957488536
0.85262154743866
0.3540525650303662
1.9414049922622716
0.16719780383669233
0.6424751346091686
0.39388584360628603
0.7689435344856004
1.5395678634959105
1.5938950426356622
0.8663071245193279
0.6096102966556229
-1.4395957585294996
-0.04065520720362996
1.6461968773285949
-0.033576278328461426
0.2858941349157619
-0.04032771283262433
-0.7664098682071271
-0.3600448720029776
1.139841408283089
0.5582176288621301
0.8044102393393774
0.625852295981119
0.33346345574331226
0.5777861460838547
-0.29998569377309275
0.7235153266042094
-0.3615040006200744
1.495025998975114
2.3552362820626063
0.3802323255317401
1.8889498974449732
0.1414632637521718
0.5125035208544108
0.1454076875404901
0.9639684649869547
0.4151591814770553
1.317460462224997
1.350976321856973
1.5160294016649647
1.9528057918172714
2.1159579419789867
1.2201936422782493
2.1344348102679023
1.8796448408604853
2.185239859751009
1.914813587304854
1.61448000397476
2.0973652638938756
1.539055410346145
2.229352567398497
1.464611914390442
0.628262519342001
1.0366742584153892
2.203859486891278
1.4109332645184272
1.7068287579033994
1.9522894699107367
2.0178202099526086
2.375005510296509
1.429863548114305
1.982096501287538
2.4109869291616244
1.7364075601476863
1.3307634681459402
1.1336405947671893
1.3633122509608966
1.5831809056580266
1.6262368808730374
1.1410753992688405
2.005806424595531
2.171244926606958
2.026256391673305
1.3424512045585297
0.8190379456697119
1.649423254226659
1.508485786485001
1.8903389062551295
-0.15615352737190724
0.6497857151627606
1.5825067883181707
0.6365979018540683
0.6812304069850981
1.7144826417305348
2.1934720242299726
1.971481677035827
1.5054592337670059
1.1830686776435306
2.1315813526178613
0.8962456203070397
0.8619028640773755
1.7518061553433495
2.1725711931777063
1.8388657149290495
2.2492066062995275
3.044865013542715
0.9868855640453973
1.2943997337740403
1.9103890799993941
1.6043541259795298
1.6621815950968397
1.3370171849895716
0.42214650062351056
1.0839873229366608
1.1693291659150407
2.107096296299975
1.78227457589432
1.7291491127411356
1.8306601060014243
0.44855571300691705
0.6245711005132357
0.9490377044559385
0.7541866404747183
0.7793963348102695
0.7629483151521028
2.1238998088711827
0.9177305742870263
0.8832173761763201
1.7721110289814397
1.1652574192378007
0.41190177555450963
0.7168702383339869
1.5803546453725406
2.1458998341315416
1.2284143122956293
0.2527861870429407
2.202043713159057
1.0823161539147212
0.9917704393842639
1.68153350693252
0.7904882938107998
0.5747193795488904
1.5826199052547298
2.2397013533369727
1.7727100359621832
1.311860906499641
1.5277141078671255
1.8194591684184498
2.054370631738
1.1549365596104844
2.133228968428835
1.5841305729230986
1.3433364594505914
1.7138593650966372
1.5780930294392503
0.9393139898601551
1.4655542276004387
1.2285311100905876
1.5993014047378706
2.086239963310291
1.878553439301101
2.1954108067191487
1.3853619383963218
1.3619403412612683
0.8445823878400222
1.788985708255073
0.6819804877393958
0.2869186704135929
0.3593772285134569
1.4778566888595321
1.7959556931776781
0.6562790771027025
1.3231553568043208
0.9688729672906895
